"geneSet","description","NES","FDR","Function","Datatype"
"R-HSA-1428517","The citric acid (TCA) cycle and respiratory electron transport",-2.22679816215974,0,"Reactome","FP_CTCDT"
"R-HSA-71291","Metabolism of amino acids and derivatives",-2.23912775910153,0,"Reactome","FP_CTCDT"
"R-HSA-163200","Respiratory electron transport",NA,-2.2574289327515,"Reactome","FP_CTCDT"
"R-HSA-611105","Respiratory electron transport",-2.32788677286857,0,"Reactome","FP_CTCDT"
"R-HSA-198725","Nuclear Events (kinase and transcription factor activation)",-2.41184302627661,0,"Reactome","FP_CTCDT"
"R-HSA-6783783","Interleukin-10 signaling",-2.45327202049387,0,"Reactome","FP_CTCDT"
"R-HSA-9031628","NGF-stimulated transcription",-2.46091329757281,0,"Reactome","FP_CTCDT"
"R-HSA-376176","Signaling by ROBO receptors",-2.49167147242717,0,"Reactome","FP_CTCDT"
"R-HSA-6785807","Interleukin-4 and Interleukin-13 signaling",-2.5074891754513,0,"Reactome","FP_CTCDT"
"R-HSA-9735869","SARS-CoV-1 modulates host translation machinery",-2.56186913894623,0,"Reactome","FP_CTCDT"
"R-HSA-9754678","SARS-CoV-2 modulates host translation machinery",-2.57708168398262,0,"Reactome","FP_CTCDT"
"R-HSA-72649","Translation initiation complex formation",-2.60108794190264,0,"Reactome","FP_CTCDT"
"R-HSA-72702","Ribosomal scanning and start codon recognition",-2.62723746132285,0,"Reactome","FP_CTCDT"
"R-HSA-72662","Activation of the mRNA upon binding of the cap-binding complex and eIFs",-0.755024658461157,0,"Reactome","FP_CTCDT"
"R-HSA-72695","Formation of the ternary complex",NA,-2.64031769117094,"Reactome","FP_CTCDT"
"R-HSA-72312","rRNA processing",-2.74027548629053,0,"Reactome","FP_CTCDT"
"R-HSA-8868773","rRNA processing in the nucleus and cytosol",-2.74413469586369,0,"Reactome","FP_CTCDT"
"R-HSA-6791226","Major pathway of rRNA processing in the nucleolus and cytosol",-2.75349475910482,0,"Reactome","FP_CTCDT"
"R-HSA-9711097","Cellular response to starvation",-2.79582320555461,0,"Reactome","FP_CTCDT"
"R-HSA-9010553","Regulation of expression of SLITs and ROBOs",-2.80501142794023,0,"Reactome","FP_CTCDT"
"R-HSA-72766","Translation",-2.80660528365392,0,"Reactome","FP_CTCDT"
"R-HSA-927802","Nonsense-Mediated Decay (NMD)",-2.87413446747176,0,"Reactome","FP_CTCDT"
"R-HSA-975957","Nonsense Mediated Decay (NMD) enhanced by the Exon Junction Complex (EJC)",-2.87413446747176,0,"Reactome","FP_CTCDT"
"R-HSA-168255","Influenza Infection",-2.87525810565759,0,"Reactome","FP_CTCDT"
"R-HSA-168273","Influenza Viral RNA Transcription and Replication",-2.88915275957012,0,"Reactome","FP_CTCDT"
"R-HSA-2408522","Selenoamino acid metabolism",-2.94722902728021,0,"Reactome","FP_CTCDT"
"R-HSA-975956","Nonsense Mediated Decay (NMD) independent of the Exon Junction Complex (EJC)",-2.96958564034615,0,"Reactome","FP_CTCDT"
"R-HSA-2408557","Selenocysteine synthesis",-2.97897975784348,0,"Reactome","FP_CTCDT"
"R-HSA-72613","Eukaryotic Translation Initiation",-2.9876916579565,0,"Reactome","FP_CTCDT"
"R-HSA-72737","Cap-dependent Translation Initiation",-2.9876916579565,0,"Reactome","FP_CTCDT"
"R-HSA-156827","L13a-mediated translational silencing of Ceruloplasmin expression",-2.99249234875257,0,"Reactome","FP_CTCDT"
"R-HSA-72706","GTP hydrolysis and joining of the 60S ribosomal subunit",-3.00120367085115,0,"Reactome","FP_CTCDT"
"R-HSA-1799339","SRP-dependent cotranslational protein targeting to membrane",-3.00151108294924,0,"Reactome","FP_CTCDT"
"R-HSA-72764","Eukaryotic Translation Termination",-3.00449219733598,0,"Reactome","FP_CTCDT"
"R-HSA-72689","Formation of a pool of free 40S subunits",-3.03573399502624,0,"Reactome","FP_CTCDT"
"R-HSA-192823","Viral mRNA Translation",-3.05302694943631,0,"Reactome","FP_CTCDT"
"R-HSA-156842","Eukaryotic Translation Elongation",-3.05437782733017,0,"Reactome","FP_CTCDT"
"R-HSA-9633012","Response of EIF2AK4 (GCN2) to amino acid deficiency",-3.05991129025881,0,"Reactome","FP_CTCDT"
"R-HSA-156902","Peptide chain elongation",-3.06965443126574,0,"Reactome","FP_CTCDT"
"R-HSA-6799198","Complex I biogenesis",-2.20132003295064,2.81023716231583e-05,"Reactome","FP_CTCDT"
"R-HSA-1236975","Antigen processing-Cross presentation",-2.18760314855378,8.22508437750973e-05,"Reactome","FP_CTCDT"
"R-HSA-187037","Signaling by NTRK1 (TRKA)",-2.16079060340129,0.000214113307605015,"Reactome","FP_CTCDT"
"R-HSA-8953897","Cellular responses to stimuli",-2.1479510693038,0.000313700892537581,"Reactome","FP_CTCDT"
"R-HSA-1236974","ER-Phagosome pathway",-2.13545258235841,0.000434309379630628,"Reactome","FP_CTCDT"
"R-HSA-166520","Signaling by NTRKs",-2.127111644924,0.000524577603632288,"Reactome","FP_CTCDT"
"R-HSA-5668599","RHO GTPases Activate NADPH Oxidases",-2.11906584585671,0.000526172064433602,"Reactome","FP_CTCDT"
"R-HSA-9707564","Cytoprotection by HMOX1",-2.11956408907227,0.000537610587573462,"Reactome","FP_CTCDT"
"R-HSA-2262752","Cellular responses to stress",-2.1128364542712,0.000585466075482464,"Reactome","FP_CTCDT"
"R-HSA-8953854","Metabolism of RNA",-2.09506075717162,0.000825865615047916,"Reactome","FP_CTCDT"
"R-HSA-9692914","SARS-CoV-1-host interactions",-2.07624425268215,0.00116905865952338,"Reactome","FP_CTCDT"
"R-HSA-446652","Interleukin-1 family signaling",-2.06282364931243,0.00147675207745224,"Reactome","FP_CTCDT"
"R-HSA-5419276","Mitochondrial translation termination",-2.06058584665941,0.00149158741692148,"Reactome","FP_CTCDT"
"R-HSA-449147","Signaling by Interleukins",-2.0582318266792,0.0015058629322598,"Reactome","FP_CTCDT"
"R-HSA-112409","RAF-independent MAPK1/3 activation",-2.05675870296752,0.00154042629638053,"Reactome","FP_CTCDT"
"R-HSA-5368286","Mitochondrial translation initiation",-2.03338419959184,0.00216643737603984,"Reactome","FP_CTCDT"
"R-HSA-5389840","Mitochondrial translation elongation",-2.03194995644344,0.00216789723950078,"Reactome","FP_CTCDT"
"R-HSA-3299685","Detoxification of Reactive Oxygen Species",-2.02698656322788,0.00242567839273577,"Reactome","FP_CTCDT"
"R-HSA-5368287","Mitochondrial translation",-1.99938129156267,0.00377928445966611,"Reactome","FP_CTCDT"
"R-HSA-2559582","Senescence-Associated Secretory Phenotype (SASP)",-1.96994448153247,0.00598247097604861,"Reactome","FP_CTCDT"
"R-HSA-68867","Assembly of the pre-replicative complex",-1.96778038738837,0.00607011227060219,"Reactome","FP_CTCDT"
"R-HSA-9674555","Signaling by CSF3 (G-CSF)",-1.960687663913,0.0065234357735069,"Reactome","FP_CTCDT"
"R-HSA-9711123","Cellular response to chemical stress",-1.95973510582395,0.00654513300384525,"Reactome","FP_CTCDT"
"R-HSA-180585","Vif-mediated degradation of APOBEC3G",-1.92484637139801,0.0112760766137923,"Reactome","FP_CTCDT"
"R-HSA-1237044","Erythrocytes take up carbon dioxide and release oxygen",-1.92062876816661,0.0112905410697748,"Reactome","FP_CTCDT"
"R-HSA-1480926","O2/CO2 exchange in erythrocytes",-1.92062876816661,0.0112905410697748,"Reactome","FP_CTCDT"
"R-HSA-5603041","IRAK4 deficiency (TLR2/4)",-1.91949303625893,0.0113061135689692,"Reactome","FP_CTCDT"
"R-HSA-73772","RNA Polymerase I Promoter Escape",-1.9230576014264,0.011309075610774,"Reactome","FP_CTCDT"
"R-HSA-9670095","Inhibition of DNA recombination at telomere",-1.91533801525469,0.0113814605073791,"Reactome","FP_CTCDT"
"R-HSA-166786","Creation of C4 and C2 activators",-1.92516915931932,0.0114015336299671,"Reactome","FP_CTCDT"
"R-HSA-6798695","Neutrophil degranulation",-1.92312083388407,0.0114830613894013,"Reactome","FP_CTCDT"
"R-HSA-5602498","MyD88 deficiency (TLR2/4)",-1.91544535886567,0.0115259304460052,"Reactome","FP_CTCDT"
"R-HSA-8852276","The role of GTSE1 in G2/M progression after G2 checkpoint",-1.91358896210264,0.0115489198451335,"Reactome","FP_CTCDT"
"R-HSA-380994","ATF4 activates genes in response to endoplasmic reticulum  stress",-1.91560191396539,0.0116905865952338,"Reactome","FP_CTCDT"
"R-HSA-69002","DNA Replication Pre-Initiation",-1.89772857220448,0.0141271381673174,"Reactome","FP_CTCDT"
"R-HSA-5686938","Regulation of TLR by endogenous ligand",-1.89567542291867,0.0142385349557335,"Reactome","FP_CTCDT"
"R-HSA-9678108","SARS-CoV-1 Infection",-1.89377330476359,0.0144209538592523,"Reactome","FP_CTCDT"
"R-HSA-75205","Dissolution of Fibrin Clot",-1.88852914121271,0.0154599540513894,"Reactome","FP_CTCDT"
"R-HSA-8939236","RUNX1 regulates transcription of genes involved in differentiation of HSCs",-1.88595197489851,0.0156940936910869,"Reactome","FP_CTCDT"
"R-HSA-375276","Peptide ligand-binding receptors",-1.88368355396803,0.0158075840380265,"Reactome","FP_CTCDT"
"R-HSA-380108","Chemokine receptors bind chemokines",-1.88381403606191,0.0159792219406616,"Reactome","FP_CTCDT"
"R-HSA-9705462","Inactivation of CSF3 (G-CSF) signaling",-1.88182821780507,0.0160565155397502,"Reactome","FP_CTCDT"
"R-HSA-381042","PERK regulates gene expression",-1.88035675984728,0.0163679179112444,"Reactome","FP_CTCDT"
"R-HSA-174154","APC/C:Cdc20 mediated degradation of Securin",-1.87568413335173,0.0173489821924172,"Reactome","FP_CTCDT"
"R-HSA-73929","Base-Excision Repair",-0.571027571136843,0,"Reactome","FP_CTCDT"
"R-HSA-176409","APC/C:Cdc20 mediated degradation of mitotic proteins",-1.86819008228627,0.0186731994032468,"Reactome","FP_CTCDT"
"R-HSA-176814","Activation of APC/C and APC/C:Cdc20 mediated degradation of mitotic proteins",-1.86503438869986,0.0191749670563596,"Reactome","FP_CTCDT"
"R-HSA-75815","Ubiquitin-dependent degradation of Cyclin D",-1.85734719207844,0.0208147004202089,"Reactome","FP_CTCDT"
"R-HSA-349425","Autodegradation of the E3 ubiquitin ligase COP1",-1.85851554572593,0.0209055803615035,"Reactome","FP_CTCDT"
"R-HSA-9615710","Late endosomal microautophagy",-1.85742227284484,0.0210512311068022,"Reactome","FP_CTCDT"
"R-HSA-110330","Recognition and association of DNA glycosylase with site containing an affected purine",-1.85284289365226,0.0211256524071481,"Reactome","FP_CTCDT"
"R-HSA-110331","Cleavage of the damaged purine",-1.85284289365226,0.0211256524071481,"Reactome","FP_CTCDT"
"R-HSA-73927","Depurination",-1.85284289365226,0.0211256524071481,"Reactome","FP_CTCDT"
"R-HSA-9824446","Viral Infection Pathways",-1.85018660168299,0.02138171934562,"Reactome","FP_CTCDT"
"R-HSA-174178","APC/C:Cdh1 mediated degradation of Cdc20 and other APC/C:Cdh1 targeted proteins in late mitosis/early G1",-1.85019232387972,0.0216116303063256,"Reactome","FP_CTCDT"
"R-HSA-8939242","RUNX1 regulates transcription of genes involved in differentiation of keratinocytes",-1.84783375336163,0.0219139335773007,"Reactome","FP_CTCDT"
"R-HSA-179419","APC:Cdc20 mediated degradation of cell cycle proteins prior to satisfation of the cell cycle checkpoint",-1.84044866536169,0.0221468305599428,"Reactome","FP_CTCDT"
"R-HSA-171306","Packaging Of Telomere Ends",-1.84565232903654,0.0223080681957029,"Reactome","FP_CTCDT"
"R-HSA-1247673","Erythrocytes take up oxygen and release carbon dioxide",-1.84056838925311,0.0223509347899915,"Reactome","FP_CTCDT"
"R-HSA-9604323","Negative regulation of NOTCH4 signaling",-1.84611877720756,0.0223999320479591,"Reactome","FP_CTCDT"
"R-HSA-110328","Recognition and association of DNA glycosylase with site containing an affected pyrimidine",-1.84115279631239,0.0224818972985266,"Reactome","FP_CTCDT"
"R-HSA-110329","Cleavage of the damaged pyrimidine",-1.84115279631239,0.0224818972985266,"Reactome","FP_CTCDT"
"R-HSA-73928","Depyrimidination",-1.84115279631239,0.0224818972985266,"Reactome","FP_CTCDT"
"R-HSA-9020702","Interleukin-1 signaling",-1.84264454106252,0.0226976326766438,"Reactome","FP_CTCDT"
"R-HSA-174084","Autodegradation of Cdh1 by Cdh1:APC/C",-1.84269841620384,0.0229177708175797,"Reactome","FP_CTCDT"
"R-HSA-187577","SCF(Skp2)-mediated degradation of p27/p21",-1.83542534065799,0.0230707088944404,"Reactome","FP_CTCDT"
"R-HSA-163210","Formation of ATP by chemiosmotic coupling",-1.83391241276915,0.0232348287646565,"Reactome","FP_CTCDT"
"R-HSA-6790901","rRNA modification in the nucleus and cytosol",-1.83285319667579,0.0232593087004383,"Reactome","FP_CTCDT"
"R-HSA-5362768","Hh mutants are degraded by ERAD",-1.83021798577619,0.0238557910223255,"Reactome","FP_CTCDT"
"R-HSA-1236978","Cross-presentation of soluble exogenous antigens (endosomes)",-1.82120374719136,0.0264420113180836,"Reactome","FP_CTCDT"
"R-HSA-9821993","Replacement of protamines by nucleosomes in the male pronucleus",-1.82019543628296,0.0265797340333944,"Reactome","FP_CTCDT"
"R-HSA-8854050","FBXL7 down-regulates AURKA during mitotic entry and in early mitosis",-1.81601058550626,0.0273496295261094,"Reactome","FP_CTCDT"
"R-HSA-174184","Cdc20:Phospho-APC/C mediated degradation of Cyclin A",-1.81611526551447,0.0275858956041381,"Reactome","FP_CTCDT"
"R-HSA-69306","DNA Replication",-1.81146508893044,0.0285102290520253,"Reactome","FP_CTCDT"
"R-HSA-8949613","Cristae formation",-1.80898589990704,0.0291278616753718,"Reactome","FP_CTCDT"
"R-HSA-877312","Regulation of IFNG signaling",-1.80654199927425,0.0295881317924522,"Reactome","FP_CTCDT"
"R-HSA-5387390","Hh mutants abrogate ligand secretion",-1.8050939454258,0.0299047995962298,"Reactome","FP_CTCDT"
"R-HSA-174143","APC/C-mediated degradation of cell cycle proteins",-1.8016992031264,0.0304362974020307,"Reactome","FP_CTCDT"
"R-HSA-453276","Regulation of mitotic cell cycle",-1.8016992031264,0.0304362974020307,"Reactome","FP_CTCDT"
"R-HSA-5661231","Metallothioneins bind metals",-1.79089406420966,0.0328979053614327,"Reactome","FP_CTCDT"
"R-HSA-379716","Cytosolic tRNA aminoacylation",-1.79094359987357,0.0331562290240059,"Reactome","FP_CTCDT"
"R-HSA-606279","Deposition of new CENPA-containing nucleosomes at the centromere",-1.79114840098966,0.0333635041467069,"Reactome","FP_CTCDT"
"R-HSA-774815","Nucleosome assembly",-1.79114840098966,0.0333635041467069,"Reactome","FP_CTCDT"
"R-HSA-173623","Classical antibody-mediated complement activation",-1.79240329667478,0.0337322921231254,"Reactome","FP_CTCDT"
"R-HSA-4641258","Degradation of DVL",-1.78440999666115,0.0337751294298795,"Reactome","FP_CTCDT"
"R-HSA-389957","Prefoldin mediated transfer of substrate  to CCT/TriC",-1.79133242477531,0.0338914601775289,"Reactome","FP_CTCDT"
"R-HSA-9762114","GSK3B and BTRC:CUL1-mediated-degradation of NFE2L2",-1.78475250830044,0.0339775236906248,"Reactome","FP_CTCDT"
"R-HSA-211733","Regulation of activated PAK-2p34 by proteasome mediated degradation",-1.78619146583907,0.0340440159091974,"Reactome","FP_CTCDT"
"R-HSA-3785653","Myoclonic epilepsy of Lafora",-1.78523286182895,0.0340857427152071,"Reactome","FP_CTCDT"
"R-HSA-912446","Meiotic recombination",-1.78658651209092,0.0342084549294381,"Reactome","FP_CTCDT"
"R-HSA-2168880","Scavenging of heme from plasma",-1.77918833370002,0.0351301097481557,"Reactome","FP_CTCDT"
"R-HSA-169911","Regulation of Apoptosis",-1.77922026978533,0.0354003413616031,"Reactome","FP_CTCDT"
"R-HSA-1280215","Cytokine Signaling in Immune system",-1.77761201527835,0.0355537580383896,"Reactome","FP_CTCDT"
"R-HSA-1059683","Interleukin-6 signaling",-1.77512823378135,0.0362245909103327,"Reactome","FP_CTCDT"
"R-HSA-9648895","Response of EIF2AK1 (HRI) to heme deficiency",-1.76589158311122,0.039896978937236,"Reactome","FP_CTCDT"
"R-HSA-1234176","Oxygen-dependent proline hydroxylation of Hypoxia-inducible Factor Alpha",-1.76406222757748,0.040375822222428,"Reactome","FP_CTCDT"
"R-HSA-69481","G2/M Checkpoints",-1.7600771909189,0.041599715074281,"Reactome","FP_CTCDT"
"R-HSA-68949","Orc1 removal from chromatin",-1.75912744680292,0.0417136942267228,"Reactome","FP_CTCDT"
"R-HSA-9707616","Heme signaling",-1.76022239419014,0.0418477375082501,"Reactome","FP_CTCDT"
"R-HSA-389958","Cooperation of Prefoldin and TriC/CCT  in actin and tubulin folding",-1.75660708598681,0.0423112541963638,"Reactome","FP_CTCDT"
"R-HSA-9702518","STAT5 activation downstream of FLT3 ITD mutants",-1.75381130375702,0.0428185149604685,"Reactome","FP_CTCDT"
"R-HSA-68616","Assembly of the ORC complex at the origin of replication",-1.75317256606629,0.0428256561127178,"Reactome","FP_CTCDT"
"R-HSA-69541","Stabilization of p53",-1.75401435661051,0.0430504416354765,"Reactome","FP_CTCDT"
"R-HSA-176408","Regulation of APC/C activators between G1/S and early anaphase",-1.75427255119929,0.043205389058347,"Reactome","FP_CTCDT"
"R-HSA-5676590","NIK-->noncanonical NF-kB signaling",-1.75082838563434,0.0434650014438181,"Reactome","FP_CTCDT"
"R-HSA-180534","Vpu mediated degradation of CD4",-1.74583364279377,0.0442848111215944,"Reactome","FP_CTCDT"
"R-HSA-450408","AUF1 (hnRNP D0) binds and destabilizes mRNA",-1.74593930563213,0.0445460566404928,"Reactome","FP_CTCDT"
"R-HSA-9637628","Modulation by Mtb of host immune system",-1.74446849212233,0.0447089997610033,"Reactome","FP_CTCDT"
"R-HSA-879415","Advanced glycosylation endproduct receptor signaling",-1.74618844040467,0.044711446770233,"Reactome","FP_CTCDT"
"R-HSA-9703465","Signaling by FLT3 fusion proteins",-1.74625587032191,0.0449868924367435,"Reactome","FP_CTCDT"
"R-HSA-5620971","Pyroptosis",-1.74683796221356,0.0450180612457048,"Reactome","FP_CTCDT"
"R-HSA-381119","Unfolded Protein Response (UPR)",-1.74282366411247,0.0451722360289601,"Reactome","FP_CTCDT"
"R-HSA-9818027","NFE2L2 regulating anti-oxidant/detoxification enzymes",-1.73980340320524,0.0463319363734438,"Reactome","FP_CTCDT"
"R-HSA-168179","Toll Like Receptor TLR1:TLR2 Cascade",-1.73817698209594,0.0465769437213956,"Reactome","FP_CTCDT"
"R-HSA-181438","Toll Like Receptor 2 (TLR2) Cascade",-1.73817698209594,0.0465769437213956,"Reactome","FP_CTCDT"
"R-HSA-69052","Switching of origins to a post-replicative state",-1.73629335114441,0.0471104531778158,"Reactome","FP_CTCDT"
"R-HSA-174113","SCF-beta-TrCP mediated degradation of Emi1",-1.73240173546634,0.0478765435552271,"Reactome","FP_CTCDT"
"R-HSA-9610379","HCMV Late Events",-1.73255775598708,0.0481155289335239,"Reactome","FP_CTCDT"
"R-HSA-4641257","Degradation of AXIN",-1.7308315687824,0.0483852583421727,"Reactome","FP_CTCDT"
"R-HSA-168249","Innate Immune System",-1.73257005296124,0.0484219972706801,"Reactome","FP_CTCDT"
"R-HSA-157579","Telomere Maintenance",-1.73271848296028,0.0486315143806911,"Reactome","FP_CTCDT"
"R-HSA-73728","RNA Polymerase I Promoter Opening",-1.72932003928357,0.0489923830260128,"Reactome","FP_CTCDT"
"R-HSA-5658442","Regulation of RAS by GAPs",-1.72868333493579,0.0490785369112589,"Reactome","FP_CTCDT"
"R-HSA-9660826","Purinergic signaling in leishmaniasis infection",-1.72368528905313,0.0503526372525485,"Reactome","FP_CTCDT"
"R-HSA-9664424","Cell recruitment (pro-inflammatory response)",-1.72368528905313,0.0503526372525485,"Reactome","FP_CTCDT"
"R-HSA-350562","Regulation of ornithine decarboxylase (ODC)",-1.72236735052249,0.0504294534612459,"Reactome","FP_CTCDT"
"R-HSA-9725371","Nuclear events stimulated by ALK signaling in cancer",-1.72093082806147,0.0505643145749702,"Reactome","FP_CTCDT"
"R-HSA-5678895","Defective CFTR causes cystic fibrosis",-1.7200898523387,0.0506900660854426,"Reactome","FP_CTCDT"
"R-HSA-917937","Iron uptake and transport",-1.71856630220508,0.0508652926379165,"Reactome","FP_CTCDT"
"R-HSA-1234174","Cellular response to hypoxia",-1.71780587535695,0.0508896588560868,"Reactome","FP_CTCDT"
"R-HSA-69017","CDK-mediated phosphorylation and removal of Cdc6",-1.71869500787997,0.0510707193310682,"Reactome","FP_CTCDT"
"R-HSA-9022702","MECP2 regulates transcription of neuronal ligands",-1.71574992165258,0.0516049987415605,"Reactome","FP_CTCDT"
"R-HSA-166058","MyD88:MAL(TIRAP) cascade initiated on plasma membrane",-1.71302268689484,0.0521021145302577,"Reactome","FP_CTCDT"
"R-HSA-168188","Toll Like Receptor TLR6:TLR2 Cascade",-1.71302268689484,0.0521021145302577,"Reactome","FP_CTCDT"
"R-HSA-5260271","Diseases of Immune System",-1.71135250592935,0.0523112303063482,"Reactome","FP_CTCDT"
"R-HSA-5602358","Diseases associated with the TLR signaling cascade",-1.71135250592935,0.0523112303063482,"Reactome","FP_CTCDT"
"R-HSA-5607761","Dectin-1 mediated noncanonical NF-kB signaling",-1.70286155125506,0.0552272694507284,"Reactome","FP_CTCDT"
"R-HSA-5663205","Infectious disease",-1.70320771192615,0.0553632077463444,"Reactome","FP_CTCDT"
"R-HSA-9708530","Regulation of BACH1 activity",-1.69741813616683,0.0577216669618892,"Reactome","FP_CTCDT"
"R-HSA-69601","Ubiquitin Mediated Degradation of Phosphorylated Cdc25A",-1.69363210555833,0.0588930547751351,"Reactome","FP_CTCDT"
"R-HSA-69610","p53-Independent DNA Damage Response",-1.69363210555833,0.0588930547751351,"Reactome","FP_CTCDT"
"R-HSA-69613","p53-Independent G1/S DNA damage checkpoint",-1.69363210555833,0.0588930547751351,"Reactome","FP_CTCDT"
"R-HSA-179409","APC-Cdc20 mediated degradation of Nek2A",-1.69242889290322,0.0589061021101971,"Reactome","FP_CTCDT"
"R-HSA-8957275","Post-translational protein phosphorylation",-1.68630863243915,0.0619824743655234,"Reactome","FP_CTCDT"
"R-HSA-2173782","Binding and Uptake of Ligands by Scavenger Receptors",-1.67635635302786,0.065596555842776,"Reactome","FP_CTCDT"
"R-HSA-909733","Interferon alpha/beta signaling",-1.67912337494461,0.0656817276460032,"Reactome","FP_CTCDT"
"R-HSA-209952","Peptide hormone biosynthesis",-1.67645819092872,0.0658753483154315,"Reactome","FP_CTCDT"
"R-HSA-381183","ATF6 (ATF6-alpha) activates chaperone genes",-1.67544809199316,0.0659021586482183,"Reactome","FP_CTCDT"
"R-HSA-9609523","Insertion of tail-anchored proteins into the endoplasmic reticulum membrane",-1.67484304787054,0.06598214264075,"Reactome","FP_CTCDT"
"R-HSA-9705683","SARS-CoV-2-host interactions",-1.67776572557563,0.0660463084923042,"Reactome","FP_CTCDT"
"R-HSA-110320","Translesion Synthesis by POLH",-1.67154946447455,0.0666653736155582,"Reactome","FP_CTCDT"
"R-HSA-351202","Metabolism of polyamines",-1.67021492924407,0.0669539003921746,"Reactome","FP_CTCDT"
"R-HSA-5610785","GLI3 is processed to GLI3R by the proteasome",-1.67158457784517,0.0669576702225143,"Reactome","FP_CTCDT"
"R-HSA-110312","Translesion synthesis by REV1",-1.66924673209937,0.0671767696790903,"Reactome","FP_CTCDT"
"R-HSA-9609507","Protein localization",-1.66735941286622,0.0682593224644789,"Reactome","FP_CTCDT"
"R-HSA-5205685","PINK1-PRKN Mediated Mitophagy",-1.66668700891306,0.0682821037145061,"Reactome","FP_CTCDT"
"R-HSA-166016","Toll Like Receptor 4 (TLR4) Cascade",-1.66412580050889,0.0693508479812062,"Reactome","FP_CTCDT"
"R-HSA-447115","Interleukin-12 family signaling",-1.65998774266185,0.0705796890996371,"Reactome","FP_CTCDT"
"R-HSA-114608","Platelet degranulation",-1.66021992304818,0.0707867516329998,"Reactome","FP_CTCDT"
"R-HSA-5655862","Translesion synthesis by POLK",-1.66029027326833,0.071053252159762,"Reactome","FP_CTCDT"
"R-HSA-76005","Response to elevated platelet cytosolic Ca2+",-1.65775485913466,0.0716378438459702,"Reactome","FP_CTCDT"
"R-HSA-5656121","Translesion synthesis by POLI",-1.65347356383411,0.0724890639458073,"Reactome","FP_CTCDT"
"R-HSA-69202","Cyclin E associated events during G1/S transition",-1.65371856452014,0.0729598329221779,"Reactome","FP_CTCDT"
"R-HSA-9613829","Chaperone Mediated Autophagy",-1.65457722625357,0.073142809051911,"Reactome","FP_CTCDT"
"R-HSA-73884","Base Excision Repair",-1.64978503707026,0.0745899392593338,"Reactome","FP_CTCDT"
"R-HSA-1268020","Mitochondrial protein import",-1.64848784026894,0.0750656623958769,"Reactome","FP_CTCDT"
"R-HSA-381426","Regulation of Insulin-like Growth Factor (IGF) transport and uptake by Insulin-like Growth Factor Binding Proteins (IGFBPs)",-1.64767733141724,0.0752252206744312,"Reactome","FP_CTCDT"
"R-HSA-381033","ATF6 (ATF6-alpha) activates chaperones",-1.64310077676755,0.0777294418607356,"Reactome","FP_CTCDT"
"R-HSA-5675221","Negative regulation of MAPK pathway",-1.64080599946386,0.07831840257185,"Reactome","FP_CTCDT"
"R-HSA-5610783","Degradation of GLI2 by the proteasome",-1.63433234005336,0.0810107185356191,"Reactome","FP_CTCDT"
"R-HSA-9020591","Interleukin-12 signaling",-1.63437064796076,0.0813396949506227,"Reactome","FP_CTCDT"
"R-HSA-69563","p53-Dependent G1 DNA Damage Response",-1.62725835934424,0.085201707032812,"Reactome","FP_CTCDT"
"R-HSA-69580","p53-Dependent G1/S DNA damage checkpoint",-1.62725835934424,0.085201707032812,"Reactome","FP_CTCDT"
"R-HSA-69656","Cyclin A:Cdk2-associated events at S phase entry",-1.62537072541098,0.0863034327208792,"Reactome","FP_CTCDT"
"R-HSA-71406","Pyruvate metabolism and Citric Acid (TCA) cycle",-1.62244889223589,0.0872022326644483,"Reactome","FP_CTCDT"
"R-HSA-72172","mRNA Splicing",-1.61801958711114,0.0897455495398674,"Reactome","FP_CTCDT"
"R-HSA-5358346","Hedgehog ligand biogenesis",-1.61680263488245,0.0901814170668318,"Reactome","FP_CTCDT"
"R-HSA-5610780","Degradation of GLI1 by the proteasome",-1.61513306901267,0.091128429491578,"Reactome","FP_CTCDT"
"R-HSA-72163","mRNA Splicing - Major Pathway",-1.61160290321914,0.092995338128268,"Reactome","FP_CTCDT"
"R-HSA-936964","Activation of IRF3",NA,-1.61048761755455,"Reactome","FP_CTCDT"
"R-HSA-1169091","Activation of NF-kappaB in B cells",-1.61205755183272,0.0930570692980614,"Reactome","FP_CTCDT"
"R-HSA-8950505","Gene and protein expression by JAK-STAT signaling after Interleukin-12 stimulation",-1.60897635921643,0.0935467338376536,"Reactome","FP_CTCDT"
"R-HSA-6803157","Antimicrobial peptides",-1.60756921527602,0.0942658928134315,"Reactome","FP_CTCDT"
"R-HSA-74259","Purine catabolism",-1.60651605345908,0.0944065408264486,"Reactome","FP_CTCDT"
"R-HSA-9768919","NPAS4 regulates expression of target genes",-1.60688171080898,0.0944633338436341,"Reactome","FP_CTCDT"
"R-HSA-70268","Pyruvate metabolism",-1.60293229118485,0.0965251613628664,"Reactome","FP_CTCDT"
"R-HSA-5668541","TNFR2 non-canonical NF-kB pathway",-1.59677903028929,0.10003166917316,"Reactome","FP_CTCDT"
"R-HSA-450531","Regulation of mRNA stability by proteins that bind AU-rich elements",-1.59566444944197,0.100468629719925,"Reactome","FP_CTCDT"
"R-HSA-2453864","Retinoid cycle disease events",-1.58883170205976,0.103120262993462,"Reactome","FP_CTCDT"
"R-HSA-2474795","Diseases associated with visual transduction",-1.58883170205976,0.103120262993462,"Reactome","FP_CTCDT"
"R-HSA-9675143","Diseases of the neuronal system",-1.58883170205976,0.103120262993462,"Reactome","FP_CTCDT"
"R-HSA-167160","RNA Pol II CTD phosphorylation and interaction with CE during HIV infection",-1.58938449881065,0.104131300888845,"Reactome","FP_CTCDT"
"R-HSA-77075","RNA Pol II CTD phosphorylation and interaction with CE",-1.58938449881065,0.104131300888845,"Reactome","FP_CTCDT"
"R-HSA-1222556","ROS and RNS production in phagocytes",-1.58241068222323,0.107786390884518,"Reactome","FP_CTCDT"
"R-HSA-8948751","Regulation of PTEN stability and activity",-1.58075274536623,0.108857998368663,"Reactome","FP_CTCDT"
"R-HSA-168256","Immune System",-1.57945083544342,0.109654033737092,"Reactome","FP_CTCDT"
"R-HSA-9636383","Prevention of phagosomal-lysosomal fusion",-1.57774477822759,0.109980638659489,"Reactome","FP_CTCDT"
"R-HSA-174048","APC/C:Cdc20 mediated degradation of Cyclin B",-1.57730515721305,0.11002928562206,"Reactome","FP_CTCDT"
"R-HSA-162588","Budding and maturation of HIV virion",-1.57801498762073,0.110145180707369,"Reactome","FP_CTCDT"
"R-HSA-5689877","Josephin domain DUBs",-1.56950447820979,0.115889016887246,"Reactome","FP_CTCDT"
"R-HSA-197264","Nicotinamide salvaging",-1.56641042645721,0.116913699366031,"Reactome","FP_CTCDT"
"R-HSA-69615","G1/S DNA Damage Checkpoints",-1.56779421959506,0.116917740193869,"Reactome","FP_CTCDT"
"R-HSA-69239","Synthesis of DNA",-1.56519042845068,0.117659165636126,"Reactome","FP_CTCDT"
"R-HSA-5621480","Dectin-2 family",-1.56250197520058,0.119601359867196,"Reactome","FP_CTCDT"
"R-HSA-391251","Protein folding",-1.55956784461496,0.121867388114772,"Reactome","FP_CTCDT"
"R-HSA-5205647","Mitophagy",-1.55414066695802,0.126694375875786,"Reactome","FP_CTCDT"
"R-HSA-69206","G1/S Transition",-1.54705887620855,0.131663897856947,"Reactome","FP_CTCDT"
"R-HSA-392499","Metabolism of proteins",-1.54515788835494,0.132650763723697,"Reactome","FP_CTCDT"
"R-HSA-9612973","Autophagy",-1.54341657385561,0.13304786821268,"Reactome","FP_CTCDT"
"R-HSA-111367","SLBP independent Processing of Histone Pre-mRNAs",-1.54360695633807,0.133308628145227,"Reactome","FP_CTCDT"
"R-HSA-72086","mRNA Capping",-1.54392428867074,0.133416480797246,"Reactome","FP_CTCDT"
"R-HSA-1430728","Metabolism",-1.53858990536124,0.137016741962924,"Reactome","FP_CTCDT"
"R-HSA-445355","Smooth Muscle Contraction",-1.53881922965353,0.137244140485191,"Reactome","FP_CTCDT"
"R-HSA-5689603","UCH proteinases",-1.53780844788656,0.137388135751871,"Reactome","FP_CTCDT"
"R-HSA-390466","Chaperonin-mediated protein folding",-1.53739015899855,0.13739101579343,"Reactome","FP_CTCDT"
"R-HSA-422475","Axon guidance",-1.53662543232623,0.137655551491798,"Reactome","FP_CTCDT"
"R-HSA-9675108","Nervous system development",-1.53503079224339,0.138796327717358,"Reactome","FP_CTCDT"
"R-HSA-72165","mRNA Splicing - Minor Pathway",-1.53009413562862,0.142458106506521,"Reactome","FP_CTCDT"
"R-HSA-8940973","RUNX2 regulates osteoblast differentiation",1.78848740256962,0.143989366352214,"Reactome","FP_CTCDT"
"R-HSA-5625740","RHO GTPases activate PKNs",-1.52639979158404,0.145333538340266,"Reactome","FP_CTCDT"
"R-HSA-1643685","Disease",-1.52687850586738,0.145356344372377,"Reactome","FP_CTCDT"
"R-HSA-917729","Endosomal Sorting Complex Required For Transport (ESCRT)",-1.52523817302731,0.146063877945443,"Reactome","FP_CTCDT"
"R-HSA-8941858","Regulation of RUNX3 expression and activity",-1.52158353107739,0.148007009636044,"Reactome","FP_CTCDT"
"R-HSA-77588","SLBP Dependent Processing of Replication-Dependent Histone Pre-mRNAs",-1.52255234951245,0.148416435744235,"Reactome","FP_CTCDT"
"R-HSA-166658","Complement cascade",-1.52206674423432,0.148470020169075,"Reactome","FP_CTCDT"
"R-HSA-445095","Interaction between L1 and Ankyrins",1.79764600458208,0.149157176122772,"Reactome","FP_CTCDT"
"R-HSA-9694516","SARS-CoV-2 Infection",-1.51902784043821,0.150024245793517,"Reactome","FP_CTCDT"
"R-HSA-9663891","Selective autophagy",-1.51670431540435,0.151780909136678,"Reactome","FP_CTCDT"
"R-HSA-8949215","Mitochondrial calcium ion transport",-1.5171186376362,0.151805663890365,"Reactome","FP_CTCDT"
"R-HSA-9759194","Nuclear events mediated by NFE2L2",-1.51581978532016,0.15220104396976,"Reactome","FP_CTCDT"
"R-HSA-166663","Initial triggering of complement",-1.51224201913569,0.154514471927034,"Reactome","FP_CTCDT"
"R-HSA-3656244","Defective B4GALT1 causes B4GALT1-CDG (CDG-2d)",1.80061101299134,0.155642270736805,"Reactome","FP_CTCDT"
"R-HSA-399719","Trafficking of AMPA receptors",1.81420132899489,0.159769149127554,"Reactome","FP_CTCDT"
"R-HSA-399721","Glutamate binding",0.553536366370127,0.0075187969924812,"Reactome","FP_CTCDT"
"R-HSA-1632852","Macroautophagy",-1.50535766217645,0.160755878481391,"Reactome","FP_CTCDT"
"R-HSA-9755511","KEAP1-NFE2L2 pathway",-1.50335538512469,0.162627053735821,"Reactome","FP_CTCDT"
"R-HSA-6814122","Cooperation of PDCL (PhLP1) and TRiC/CCT in G-protein beta folding",-1.50011535996842,0.163256268586367,"Reactome","FP_CTCDT"
"R-HSA-174495","Synthesis And Processing Of GAG",-0.600818107629446,0.0650684931506849,"Reactome","FP_CTCDT"
"R-HSA-5576892","Phase 0 - rapid depolarisation",1.75505559139846,0.169167106214757,"Reactome","FP_CTCDT"
"R-HSA-174403","Glutathione synthesis and recycling",-1.49168181834417,0.169480444017216,"Reactome","FP_CTCDT"
"R-HSA-162909","Host Interactions of HIV factors",-1.49117072201436,0.169524054321705,"Reactome","FP_CTCDT"
"R-HSA-982772","Growth hormone receptor signaling",-1.48813258889684,0.171254545584474,"Reactome","FP_CTCDT"
"R-HSA-162906","HIV Infection",-1.4864827169978,0.172540416151229,"Reactome","FP_CTCDT"
"R-HSA-6781823","Formation of TC-NER Pre-Incision Complex",-1.48215613910371,0.177145654927668,"Reactome","FP_CTCDT"
"R-HSA-2980767","Activation of NIMA Kinases NEK9",NA,-1.48040764303954,"Reactome","FP_CTCDT"
"R-HSA-113418","Formation of the Early Elongation Complex",-1.4791763607947,0.179127254492874,"Reactome","FP_CTCDT"
"R-HSA-167158","Formation of the HIV-1 Early Elongation Complex",-1.4791763607947,0.179127254492874,"Reactome","FP_CTCDT"
"R-HSA-8851708","Signaling by FGFR2 IIIa TM",-1.47445066126394,0.183912808570155,"Reactome","FP_CTCDT"
"R-HSA-5687128","MAPK6/MAPK4 signaling",-1.4670015108632,0.189453943757151,"Reactome","FP_CTCDT"
"R-HSA-9752946","Expression and translocation of olfactory receptors",-1.4601557404,0.194305186898444,"Reactome","FP_CTCDT"
"R-HSA-9824272","Somitogenesis",-1.45898963141349,0.194655250288278,"Reactome","FP_CTCDT"
"R-HSA-69620","Cell Cycle Checkpoints",-1.45905166620153,0.195098027608512,"Reactome","FP_CTCDT"
"R-HSA-9013694","Signaling by NOTCH4",-1.45742512009331,0.195540718928879,"Reactome","FP_CTCDT"
"R-HSA-453279","Mitotic G1 phase and G1/S transition",-1.45674714759006,0.195878087354757,"Reactome","FP_CTCDT"
"R-HSA-9613354","Lipophagy",-1.45566640857093,0.196091096961463,"Reactome","FP_CTCDT"
"R-HSA-8866654","E3 ubiquitin ligases ubiquitinate target proteins",-1.45592316210596,0.196322713673589,"Reactome","FP_CTCDT"
"R-HSA-420499","Class C/3 (Metabotropic glutamate/pheromone receptors)",1.72819757392489,0.198297208525538,"Reactome","FP_CTCDT"
"R-HSA-983169","Class I MHC mediated antigen processing & presentation",-1.44977691419834,0.201353492679929,"Reactome","FP_CTCDT"
"R-HSA-211935","Fatty acids",-1.446456981281,0.20355583117187,"Reactome","FP_CTCDT"
"R-HSA-76002","Platelet activation",-0.346909131791006,0.00906735751295337,"Reactome","FP_CTCDT"
"R-HSA-977225","Amyloid fiber formation",-1.44525074217218,0.203970250163269,"Reactome","FP_CTCDT"
"R-HSA-8983711","OAS antiviral response",1.70933981540933,0.207995899131347,"Reactome","FP_CTCDT"
"R-HSA-68882","Mitotic Anaphase",-1.4364218372492,0.209075924291743,"Reactome","FP_CTCDT"
"R-HSA-389960","Formation of tubulin folding intermediates by CCT/TriC",-1.43476401382653,0.209983766578023,"Reactome","FP_CTCDT"
"R-HSA-390450","Folding of actin by CCT/TriC",-1.43170794396258,0.210912153471801,"Reactome","FP_CTCDT"
"R-HSA-1296071","Potassium Channels",1.67428211092008,0.214945421094042,"Reactome","FP_CTCDT"
"R-HSA-2555396","Mitotic Metaphase and Anaphase",-1.42594416078035,0.216939179278654,"Reactome","FP_CTCDT"
"R-HSA-69275","G2/M Transition",-1.42504766533967,0.217558152820705,"Reactome","FP_CTCDT"
"R-HSA-8951664","Neddylation",-1.42363481136162,0.218819185861386,"Reactome","FP_CTCDT"
"R-HSA-9637687","Suppression of phagosomal maturation",-1.4223525523471,0.220087831698733,"Reactome","FP_CTCDT"
"R-HSA-418038","Nucleotide-like (purinergic) receptors",1.69453804808542,0.220524395216631,"Reactome","FP_CTCDT"
"R-HSA-1296072","Voltage gated Potassium channels",1.83658190020362,0.225357037837666,"Reactome","FP_CTCDT"
"R-HSA-8876725","Protein methylation",-1.41217250719092,0.227720643701188,"Reactome","FP_CTCDT"
"R-HSA-453274","Mitotic G2-G2/M phases",-1.4129789793908,0.22885919800703,"Reactome","FP_CTCDT"
"R-HSA-450341","Activation of the AP-1 family of transcription factors",-1.41338676806849,0.229424487868751,"Reactome","FP_CTCDT"
"R-HSA-9032845","Activated NTRK2 signals through CDK5",-1.41354083803139,0.229763896381341,"Reactome","FP_CTCDT"
"R-HSA-8866427","VLDLR internalisation and degradation",-1.40951263467737,0.230364507652236,"Reactome","FP_CTCDT"
"R-HSA-69242","S Phase",-1.4006183770224,0.232615777094047,"Reactome","FP_CTCDT"
"R-HSA-162599","Late Phase of HIV Life Cycle",-1.40125402743406,0.232795921407473,"Reactome","FP_CTCDT"
"R-HSA-167161","HIV Transcription Initiation",-1.40163114459657,0.232853021111832,"Reactome","FP_CTCDT"
"R-HSA-167162","RNA Polymerase II HIV Promoter Escape",-1.40163114459657,0.232853021111832,"Reactome","FP_CTCDT"
"R-HSA-73776","RNA Polymerase II Promoter Escape",-1.40163114459657,0.232853021111832,"Reactome","FP_CTCDT"
"R-HSA-73779","RNA Polymerase II Transcription Pre-Initiation And Promoter Opening",-1.40163114459657,0.232853021111832,"Reactome","FP_CTCDT"
"R-HSA-75953","RNA Polymerase II Transcription Initiation",-1.40163114459657,0.232853021111832,"Reactome","FP_CTCDT"
"R-HSA-76042","RNA Polymerase II Transcription Initiation And Promoter Clearance",-1.40163114459657,0.232853021111832,"Reactome","FP_CTCDT"
"R-HSA-2871837","FCERI mediated NF-kB activation",-1.40499557889257,0.234455965518302,"Reactome","FP_CTCDT"
"R-HSA-8939902","Regulation of RUNX2 expression and activity",-1.40407689460186,0.234487244311769,"Reactome","FP_CTCDT"
"R-HSA-350054","Notch-HLH transcription pathway",1.65348121483063,0.235756350272313,"Reactome","FP_CTCDT"
"R-HSA-2032785","YAP1- and WWTR1 (TAZ)-stimulated gene expression",1.64103900244773,0.241591106920822,"Reactome","FP_CTCDT"
"R-HSA-3656225","Defective CHST6 causes MCDC1",1.88710118328942,0.251567628569385,"Reactome","FP_CTCDT"
"R-HSA-381753","Olfactory Signaling Pathway",-1.37989458587046,0.254207448711089,"Reactome","FP_CTCDT"
"R-HSA-9646399","Aggrephagy",-1.37611869934915,0.257531368823705,"Reactome","FP_CTCDT"
"R-HSA-3656243","Defective ST3GAL3 causes MCT12 and EIEE15",1.85910675144623,0.258390488527899,"Reactome","FP_CTCDT"
"R-HSA-112316","Neuronal System",1.61888043243197,0.260542536294163,"Reactome","FP_CTCDT"
"R-HSA-1168372","Downstream signaling events of B Cell Receptor (BCR)",-1.37295595386094,0.260821985103268,"Reactome","FP_CTCDT"
"R-HSA-4608870","Asymmetric localization of PCP proteins",-1.3649101153079,0.269539457005495,"Reactome","FP_CTCDT"
"R-HSA-975634","Retinoid metabolism and transport",-1.36246184648909,0.272009153747982,"Reactome","FP_CTCDT"
"R-HSA-5628897","TP53 Regulates Metabolic Genes",-1.36140131346493,0.272462744824665,"Reactome","FP_CTCDT"
"R-HSA-901042","Calnexin/calreticulin cycle",-1.3497642807089,0.284620819799347,"Reactome","FP_CTCDT"
"R-HSA-2467813","Separation of Sister Chromatids",-1.34909602320568,0.285059594643682,"Reactome","FP_CTCDT"
"R-HSA-8949664","Processing of SMDT1",-1.34826056513662,0.285729832469021,"Reactome","FP_CTCDT"
"R-HSA-1236977","Endosomal/Vacuolar pathway",-1.34278878557459,0.291091594928444,"Reactome","FP_CTCDT"
"R-HSA-532668","N-glycan trimming in the ER and Calnexin/Calreticulin cycle",-1.3394615493991,0.291853186392458,"Reactome","FP_CTCDT"
"R-HSA-6781827","Transcription-Coupled Nucleotide Excision Repair (TC-NER)",-1.33806565498935,0.29340252417269,"Reactome","FP_CTCDT"
"R-HSA-5607764","CLEC7A (Dectin-1) signaling",-1.33329127278293,0.298344789332431,"Reactome","FP_CTCDT"
"R-HSA-390666","Serotonin receptors",1.95545597000704,0.303178173206069,"Reactome","FP_CTCDT"
"R-HSA-166208","mTORC1-mediated signalling",-1.31895589912588,0.310485560705082,"Reactome","FP_CTCDT"
"R-HSA-3000480","Scavenging by Class A Receptors",-1.31597791128485,0.313876648609439,"Reactome","FP_CTCDT"
"R-HSA-6782135","Dual incision in TC-NER",-1.31523288081028,0.314624092699925,"Reactome","FP_CTCDT"
"R-HSA-9717189","Sensory perception of taste",1.54798289230116,0.315914789111173,"Reactome","FP_CTCDT"
"R-HSA-112308","Presynaptic depolarization and calcium channel opening",1.57888873439737,0.317441931838531,"Reactome","FP_CTCDT"
"R-HSA-452723","Transcriptional regulation of pluripotent stem cells",1.56476055260353,0.318533505405162,"Reactome","FP_CTCDT"
"R-HSA-6782210","Gap-filling DNA repair synthesis and ligation in TC-NER",-1.30833463887264,0.319230070323831,"Reactome","FP_CTCDT"
"R-HSA-216083","Integrin cell surface interactions",-1.31089859842741,0.31926251002164,"Reactome","FP_CTCDT"
"R-HSA-198933","Immunoregulatory interactions between a Lymphoid and a non-Lymphoid cell",-1.30685740023559,0.319788991516537,"Reactome","FP_CTCDT"
"R-HSA-913531","Interferon Signaling",-1.30595513463801,0.320711929246652,"Reactome","FP_CTCDT"
"R-HSA-193807","Synthesis of bile acids and bile salts via 27-hydroxycholesterol",1.5584535852551,0.321072230567013,"Reactome","FP_CTCDT"
"R-HSA-8951671","RUNX3 regulates YAP1-mediated transcription",1.5697126885009,0.326124158485825,"Reactome","FP_CTCDT"
"R-HSA-379724","tRNA Aminoacylation",-1.29729676180271,0.32819399017389,"Reactome","FP_CTCDT"
"R-HSA-381771","Synthesis",NA,-1.29192016946051,"Reactome","FP_CTCDT"
"R-HSA-400508","Incretin synthesis",NA,-1.29192016946051,"Reactome","FP_CTCDT"
"R-HSA-3906995","Diseases associated with O-glycosylation of proteins",-1.28890978408707,0.336378733851407,"Reactome","FP_CTCDT"
"R-HSA-8941326","RUNX2 regulates bone development",1.89445892206279,0.337630238343122,"Reactome","FP_CTCDT"
"R-HSA-5696395","Formation of Incision Complex in GG-NER",-1.2866464477781,0.338852378738301,"Reactome","FP_CTCDT"
"R-HSA-69473","G2/M DNA damage checkpoint",-1.28346664438565,0.3419233277606,"Reactome","FP_CTCDT"
"R-HSA-9619483","Activation of AMPK downstream of NMDARs",-1.26448891367166,0.3629745553265,"Reactome","FP_CTCDT"
"R-HSA-5619084","ABC transporter disorders",-1.2567625258185,0.37585965682542,"Reactome","FP_CTCDT"
"R-HSA-156581","Methylation",-1.25503514632861,0.377690009772473,"Reactome","FP_CTCDT"
"R-HSA-174824","Plasma lipoprotein assembly",NA,-1.25199632598288,"Reactome","FP_CTCDT"
"R-HSA-69278","Cell Cycle",-0.2793918292986,0.0372526193247963,"Reactome","FP_CTCDT"
"R-HSA-429958","mRNA decay by 3' to 5' exoribonuclease",-1.2442659379366,0.384198214608323,"Reactome","FP_CTCDT"
"R-HSA-8852135","Protein ubiquitination",-1.24449960865137,0.384468877907628,"Reactome","FP_CTCDT"
"R-HSA-5626467","RHO GTPases activate IQGAPs",-1.24366129592782,0.384604807255643,"Reactome","FP_CTCDT"
"R-HSA-4086400","PCP/CE pathway",-1.24534189951955,0.386348346313643,"Reactome","FP_CTCDT"
"R-HSA-1474228","Degradation of the extracellular matrix",-1.23872167638104,0.388770636482154,"Reactome","FP_CTCDT"
"R-HSA-3560782","Diseases associated with glycosaminoglycan metabolism",1.48949577458727,0.391606091842847,"Reactome","FP_CTCDT"
"R-HSA-2453902","The canonical retinoid cycle in rods (twilight vision)",-1.23335930657658,0.397965001425104,"Reactome","FP_CTCDT"
"R-HSA-977606","Regulation of Complement cascade",-1.2306248031789,0.40151925371952,"Reactome","FP_CTCDT"
"R-HSA-6794362","Protein-protein interactions at synapses",1.44420846801976,0.404391971289378,"Reactome","FP_CTCDT"
"R-HSA-195253","Degradation of beta-catenin by the destruction complex",-1.22764381845086,0.405679725527771,"Reactome","FP_CTCDT"
"R-HSA-6806667","Metabolism of fat-soluble vitamins",-1.22625955704872,0.407623051553672,"Reactome","FP_CTCDT"
"R-HSA-5336415","Uptake and function of diphtheria toxin",-1.2247962585504,0.407644186335221,"Reactome","FP_CTCDT"
"R-HSA-877300","Interferon gamma signaling",-1.22366070922717,0.408344852031748,"Reactome","FP_CTCDT"
"R-HSA-442742","CREB1 phosphorylation through NMDA receptor-mediated activation of RAS signaling",1.45711882696945,0.409254397005795,"Reactome","FP_CTCDT"
"R-HSA-425366","Transport of bile salts and organic acids",-0.353249264650887,0.182945736434109,"Reactome","FP_CTCDT"
"R-HSA-8963898","Plasma lipoprotein assembly",1.43844898278668,0.414059193074273,"Reactome","FP_CTCDT"
"R-HSA-111465","Apoptotic cleavage of cellular proteins",1.42594280903526,0.426960727824712,"Reactome","FP_CTCDT"
"R-HSA-140837","Intrinsic Pathway of Fibrin Clot Formation",1.41577051871988,0.430640781579171,"Reactome","FP_CTCDT"
"R-HSA-3000178","ECM proteoglycans",1.41103824282271,0.434816149558405,"Reactome","FP_CTCDT"
"R-HSA-422085","Synthesis",NA,-1.20157701745843,"Reactome","FP_CTCDT"
"R-HSA-168643","Nucleotide-binding domain",-0.353827023682254,0.20919175911252,"Reactome","FP_CTCDT"
"R-HSA-112315","Transmission across Chemical Synapses",1.3916405589309,0.463421558524358,"Reactome","FP_CTCDT"
"R-HSA-264870","Caspase-mediated cleavage of cytoskeletal proteins",1.39272829272547,0.46518432183515,"Reactome","FP_CTCDT"
"R-HSA-6794361","Neurexins and neuroligins",1.38413221412471,0.46631883459035,"Reactome","FP_CTCDT"
"R-HSA-174577","Activation of C3 and C5",1.37021529555442,0.469838349479841,"Reactome","FP_CTCDT"
"R-HSA-168799","Neurotoxicity of clostridium toxins",1.37067719431344,0.47260808207187,"Reactome","FP_CTCDT"
"R-HSA-2408508","Metabolism of ingested SeMet",NA,-1.17000546596295,"Reactome","FP_CTCDT"
"R-HSA-112314","Neurotransmitter receptors and postsynaptic signal transmission",1.37115960969992,0.475397280069636,"Reactome","FP_CTCDT"
"R-HSA-400511","Synthesis",NA,-1.16494010690148,"Reactome","FP_CTCDT"
"R-HSA-9006936","Signaling by TGFB family members",-1.16248061032196,0.481730273222078,"Reactome","FP_CTCDT"
"R-HSA-5610787","Hedgehog 'off' state",-1.16003488275482,0.484473315218462,"Reactome","FP_CTCDT"
"R-HSA-1592230","Mitochondrial biogenesis",-1.15554336664588,0.489997054157391,"Reactome","FP_CTCDT"
"R-HSA-416993","Trafficking of GluR2-containing AMPA receptors",1.34545753137704,0.495236744467832,"Reactome","FP_CTCDT"
"R-HSA-202424","Downstream TCR signaling",-1.15154974399744,0.495841839408398,"Reactome","FP_CTCDT"
"R-HSA-3000157","Laminin interactions",-1.15113794218368,0.495867774842161,"Reactome","FP_CTCDT"
"R-HSA-71403","Citric acid cycle (TCA cycle)",-1.15004153569655,0.496628690208249,"Reactome","FP_CTCDT"
"R-HSA-1474244","Extracellular matrix organization",-1.14809932287225,0.498419451801925,"Reactome","FP_CTCDT"
"R-HSA-9609736","Assembly and cell surface presentation of NMDA receptors",-1.14394647941626,0.503889212037543,"Reactome","FP_CTCDT"
"R-HSA-5696394","DNA Damage Recognition in GG-NER",-1.13821541033493,0.511201300533174,"Reactome","FP_CTCDT"
"R-HSA-4411364","Binding of TCF/LEF:CTNNB1 to target gene promoters",1.30399396940022,0.520259297818963,"Reactome","FP_CTCDT"
"R-HSA-2187338","Visual phototransduction",-1.12717354496061,0.521918337139533,"Reactome","FP_CTCDT"
"R-HSA-176187","Activation of ATR in response to replication stress",-1.11970612083445,0.532316049737675,"Reactome","FP_CTCDT"
"R-HSA-8951430","RUNX3 regulates WNT signaling",1.24076336126694,0.543306815442367,"Reactome","FP_CTCDT"
"R-HSA-8875878","MET promotes cell motility",1.23928989875798,0.54438540146032,"Reactome","FP_CTCDT"
"R-HSA-977443","GABA receptor activation",1.24258835555474,0.547420970551141,"Reactome","FP_CTCDT"
"R-HSA-77387","Insulin receptor recycling",-1.10587260805206,0.54953885533047,"Reactome","FP_CTCDT"
"R-HSA-9620244","Long-term potentiation",1.2491176086478,0.553214117218663,"Reactome","FP_CTCDT"
"R-HSA-163841","Gamma carboxylation",NA,-0.322454989671022,"Reactome","FP_CTCDT"
"R-HSA-9833482","PKR-mediated signaling",-1.10227495007467,0.554246394436651,"Reactome","FP_CTCDT"
"R-HSA-8964058","HDL remodeling",-1.09407265271292,0.561069381419273,"Reactome","FP_CTCDT"
"R-HSA-202430","Translocation of ZAP-70 to Immunological synapse",1.21068574169884,0.561726902484396,"Reactome","FP_CTCDT"
"R-HSA-1474151","Tetrahydrobiopterin (BH4) synthesis",NA,1.20180758963862,"Reactome","FP_CTCDT"
"R-HSA-5083632","Defective C1GALT1C1 causes TNPS",-1.09084291258994,0.565751802599739,"Reactome","FP_CTCDT"
"R-HSA-5339562","Uptake and actions of bacterial toxins",1.19891060220027,0.567705324729484,"Reactome","FP_CTCDT"
"R-HSA-9661069","Defective binding of RB1 mutants to E2F1",NA,-1.08508805653761,"Reactome","FP_CTCDT"
"R-HSA-5689880","Ub-specific processing proteases",-1.07603285478041,0.5814530854176,"Reactome","FP_CTCDT"
"R-HSA-140875","Common Pathway of Fibrin Clot Formation",1.17677323717487,0.585643407904661,"Reactome","FP_CTCDT"
"R-HSA-75158","TRAIL  signaling",1.17823596500858,0.586749698847199,"Reactome","FP_CTCDT"
"R-HSA-9637690","Response of Mtb to phagocytosis",-1.07142969712481,0.587594655455303,"Reactome","FP_CTCDT"
"R-HSA-5682910","LGI-ADAM interactions",1.17869486978507,0.587951512791372,"Reactome","FP_CTCDT"
"R-HSA-9793380","Formation of paraxial mesoderm",-1.06911804714454,0.590393310782504,"Reactome","FP_CTCDT"
"R-HSA-1489509","DAG and IP3 signaling",1.16283004210427,0.596058375024042,"Reactome","FP_CTCDT"
"R-HSA-442982","Ras activation upon Ca2+ influx through NMDA receptor",1.15709340617435,0.600820674696364,"Reactome","FP_CTCDT"
"R-HSA-8986944","Transcriptional Regulation by MECP2",-1.05869630189244,0.603209919889978,"Reactome","FP_CTCDT"
"R-HSA-6811436","COPI-independent Golgi-to-ER retrograde traffic",-1.05636637536865,0.605249544479058,"Reactome","FP_CTCDT"
"R-HSA-8866652","Synthesis of active ubiquitin: roles of E1 and E2 enzymes",-1.05159608007733,0.608839937486818,"Reactome","FP_CTCDT"
"R-HSA-5083636","Defective GALNT12 causes CRCS1",-1.05121423159173,0.608970520302252,"Reactome","FP_CTCDT"
"R-HSA-8875360","InlB-mediated entry of Listeria monocytogenes into host cell",-1.05004690185189,0.609976488240966,"Reactome","FP_CTCDT"
"R-HSA-8874081","MET activates PTK2 signaling",1.10905015527596,0.627247926376809,"Reactome","FP_CTCDT"
"R-HSA-202433","Generation of second messenger molecules",1.09255839527262,0.636075380236432,"Reactome","FP_CTCDT"
"R-HSA-1650814","Collagen biosynthesis and modifying enzymes",1.08909180388779,0.636518685123701,"Reactome","FP_CTCDT"
"R-HSA-2022090","Assembly of collagen fibrils and other multimeric structures",-1.02741371119128,0.637855808953162,"Reactome","FP_CTCDT"
"R-HSA-983168","Antigen processing: Ubiquitination & Proteasome degradation",-1.02630402876166,0.639664071910056,"Reactome","FP_CTCDT"
"R-HSA-8849932","Synaptic adhesion-like molecules",1.07918607661626,0.648506951691817,"Reactome","FP_CTCDT"
"R-HSA-5696399","Global Genome Nucleotide Excision Repair (GG-NER)",-1.01831738842155,0.649681190024551,"Reactome","FP_CTCDT"
"R-HSA-1855183","Synthesis of IP2",NA,1.07454286888971,"Reactome","FP_CTCDT"
"R-HSA-1566948","Elastic fibre formation",1.07478224327185,0.653082348288021,"Reactome","FP_CTCDT"
"R-HSA-70263","Gluconeogenesis",-1.00533388450997,0.664747549559997,"Reactome","FP_CTCDT"
"R-HSA-3371497","HSP90 chaperone cycle for steroid hormone receptors (SHR) in the presence of ligand",-1.00592103291171,0.665783315819018,"Reactome","FP_CTCDT"
"R-HSA-202427","Phosphorylation of CD3 and TCR zeta chains",1.06608661311956,0.666029042762176,"Reactome","FP_CTCDT"
"R-HSA-5083625","Defective GALNT3 causes HFTC",-0.995305328333416,0.682098480323125,"Reactome","FP_CTCDT"
"R-HSA-140877","Formation of Fibrin Clot (Clotting Cascade)",1.05308841530066,0.686534601363096,"Reactome","FP_CTCDT"
"R-HSA-70326","Glucose metabolism",-0.985810546403405,0.695163599475451,"Reactome","FP_CTCDT"
"R-HSA-446203","Asparagine N-linked glycosylation",-0.981404699050887,0.703304097310172,"Reactome","FP_CTCDT"
"R-HSA-5627117","RHO GTPases Activate ROCKs",-0.979691482246068,0.706319194092676,"Reactome","FP_CTCDT"
"R-HSA-8856688","Golgi-to-ER retrograde transport",-0.973523434230241,0.710330475495868,"Reactome","FP_CTCDT"
"R-HSA-8948216","Collagen chain trimerization",-0.970306646389306,0.714268304958861,"Reactome","FP_CTCDT"
"R-HSA-438066","Unblocking of NMDA receptors",0.342290484180231,0.394299287410926,"Reactome","FP_CTCDT"
"R-HSA-983170","Antigen Presentation: Folding",-0.33237535844903,0.508607198748044,"Reactome","FP_CTCDT"
"R-HSA-111933","Calmodulin induced events",1.02972111999058,0.71784901945869,"Reactome","FP_CTCDT"
"R-HSA-111997","CaM pathway",1.02972111999058,0.71784901945869,"Reactome","FP_CTCDT"
"R-HSA-977068","Termination of O-glycan biosynthesis",-0.965415315398081,0.721544139761243,"Reactome","FP_CTCDT"
"R-HSA-3560783","Defective B4GALT7 causes EDS",0.35138031478748,0.439205955334988,"Reactome","FP_CTCDT"
"R-HSA-209776","Metabolism of amine-derived hormones",1.02991842557201,0.723616014660264,"Reactome","FP_CTCDT"
"R-HSA-1442490","Collagen degradation",-0.961246360794895,0.72677964194889,"Reactome","FP_CTCDT"
"R-HSA-264876","Insulin processing",-0.954626458068808,0.736439268067005,"Reactome","FP_CTCDT"
"R-HSA-75892","Platelet Adhesion to exposed collagen",-0.953170650125654,0.737315870068126,"Reactome","FP_CTCDT"
"R-HSA-917977","Transferrin endocytosis and recycling",-0.950035761530549,0.741639601475931,"Reactome","FP_CTCDT"
"R-HSA-8941855","RUNX3 regulates CDKN1A transcription",0.991649388321792,0.750242261075073,"Reactome","FP_CTCDT"
"R-HSA-2129379","Molecules associated with elastic fibres",0.979512779695044,0.763114020250717,"Reactome","FP_CTCDT"
"R-HSA-5099900","WNT5A-dependent internalization of FZD4",0.974122655349843,0.764830741276671,"Reactome","FP_CTCDT"
"R-HSA-9796292","Formation of axial mesoderm",0.968433136226431,0.765628424128146,"Reactome","FP_CTCDT"
"R-HSA-3000171","Non-integrin membrane-ECM interactions",-0.931498971259494,0.771720768623849,"Reactome","FP_CTCDT"
"R-HSA-442755","Activation of NMDA receptors and postsynaptic events",0.963027403157257,0.775096591492557,"Reactome","FP_CTCDT"
"R-HSA-432720","Lysosome Vesicle Biogenesis",-0.929101307250096,0.775242081287341,"Reactome","FP_CTCDT"
"R-HSA-264642","Acetylcholine Neurotransmitter Release Cycle",-0.925184346067179,0.779743999136736,"Reactome","FP_CTCDT"
"R-HSA-1474290","Collagen formation",-0.916422457245034,0.790469333341921,"Reactome","FP_CTCDT"
"R-HSA-2173796","SMAD2/SMAD3:SMAD4 heterotrimer regulates transcription",-0.916657731152704,0.7908240589459,"Reactome","FP_CTCDT"
"R-HSA-5140745","WNT5A-dependent internalization of FZD2",0.359478672957451,0.506880733944954,"Reactome","FP_CTCDT"
"R-HSA-437239","Recycling pathway of L1",0.94814977641697,0.792409190029534,"Reactome","FP_CTCDT"
"R-HSA-9010642","ROBO receptors bind AKAP5",-0.908544523298908,0.800650142173443,"Reactome","FP_CTCDT"
"R-HSA-112310","Neurotransmitter release cycle",0.938342654770368,0.806572089601515,"Reactome","FP_CTCDT"
"R-HSA-111932","CaMK IV-mediated phosphorylation of CREB",0.935313099722643,0.808210651911857,"Reactome","FP_CTCDT"
"R-HSA-9639288","Amino acids regulate mTORC1",-0.885955628557571,0.825295836595668,"Reactome","FP_CTCDT"
"R-HSA-3781865","Diseases of glycosylation",-0.882954627148532,0.825845818147898,"Reactome","FP_CTCDT"
"R-HSA-442729","CREB1 phosphorylation through the activation of CaMKII/CaMKK/CaMKIV cascasde",0.918505149605625,0.82897701800281,"Reactome","FP_CTCDT"
"R-HSA-2243919","Crosslinking of collagen fibrils",0.9195044313324,0.830469281897632,"Reactome","FP_CTCDT"
"R-HSA-9716542","Signaling by Rho GTPases",-0.194161098821633,0.838815789473684,"Reactome","FP_CTCDT"
"R-HSA-390471","Association of TriC/CCT with target proteins during biosynthesis",-0.877463084282509,0.832127591381911,"Reactome","FP_CTCDT"
"R-HSA-170834","Signaling by TGF-beta Receptor Complex",-0.867147465516746,0.842206713169965,"Reactome","FP_CTCDT"
"R-HSA-451306","Ionotropic activity of kainate receptors",0.88441306164779,0.859433984756849,"Reactome","FP_CTCDT"
"R-HSA-451308","Activation of Ca-permeable Kainate Receptor",0.88441306164779,0.859433984756849,"Reactome","FP_CTCDT"
"R-HSA-438064","Post NMDA receptor activation events",0.879904132602438,0.865593080000504,"Reactome","FP_CTCDT"
"R-HSA-5633008","TP53 Regulates Transcription of Cell Death Genes",-0.840028516805425,0.867207874977618,"Reactome","FP_CTCDT"
"R-HSA-181430","Norepinephrine Neurotransmitter Release Cycle",-0.841163885028518,0.867583016549538,"Reactome","FP_CTCDT"
"R-HSA-111996","Ca-dependent events",0.875941390768212,0.868378977101291,"Reactome","FP_CTCDT"
"R-HSA-9617324","Negative regulation of NMDA receptor-mediated neuronal transmission",0.868054496284367,0.877756863157453,"Reactome","FP_CTCDT"
"R-HSA-6811442","Intra-Golgi and retrograde Golgi-to-ER traffic",-0.830300285425722,0.879567324374955,"Reactome","FP_CTCDT"
"R-HSA-425397","Transport of vitamins",NA,-0.819932210441658,"Reactome","FP_CTCDT"
"R-HSA-2173793","Transcriptional activity of SMAD2/SMAD3:SMAD4 heterotrimer",-0.819126149060907,0.89045117320109,"Reactome","FP_CTCDT"
"R-HSA-983695","Antigen activates B Cell Receptor (BCR) leading to generation of second messengers",0.83714856875004,0.897513650502937,"Reactome","FP_CTCDT"
"R-HSA-177504","Retrograde neurotrophin signalling",0.844485178520879,0.899637013963749,"Reactome","FP_CTCDT"
"R-HSA-418359","Reduction of cytosolic Ca++ levels",0.831157789616583,0.90159519166648,"Reactome","FP_CTCDT"
"R-HSA-432722","Golgi Associated Vesicle Biogenesis",-0.793890955072114,0.909808813417487,"Reactome","FP_CTCDT"
"R-HSA-389948","PD-1 signaling",0.825898054428551,0.909882635836147,"Reactome","FP_CTCDT"
"R-HSA-114604","GPVI-mediated activation cascade",-0.791008111800361,0.912852358376534,"Reactome","FP_CTCDT"
"R-HSA-1445148","Translocation of SLC2A4 (GLUT4) to the plasma membrane",-0.774121962939256,0.927070690370344,"Reactome","FP_CTCDT"
"R-HSA-112040","G-protein mediated events",0.797353431824498,0.928458860041614,"Reactome","FP_CTCDT"
"R-HSA-111885","Opioid Signalling",0.793723841084503,0.928842129309696,"Reactome","FP_CTCDT"
"R-HSA-9022535","Loss of phosphorylation of MECP2 at T308",0.800791999863202,0.929951737926632,"Reactome","FP_CTCDT"
"R-HSA-9619229","Activation of RAC1 downstream of NMDARs",-0.764662310907748,0.934525716311564,"Reactome","FP_CTCDT"
"R-HSA-2214320","Anchoring fibril formation",-0.765776036209144,0.934572271392151,"Reactome","FP_CTCDT"
"R-HSA-888590","GABA synthesis",NA,0.688567519620823,"Reactome","FP_CTCDT"
"R-HSA-191273","Cholesterol biosynthesis",-0.747062606868499,0.945124653986268,"Reactome","FP_CTCDT"
"R-HSA-159854","Gamma-carboxylation",NA,0.681082392470591,"Reactome","FP_CTCDT"
"R-HSA-112043","PLC beta mediated events",0.768359943552435,0.947831341393726,"Reactome","FP_CTCDT"
"R-HSA-210500","Glutamate Neurotransmitter Release Cycle",-0.736342181424531,0.950782171257577,"Reactome","FP_CTCDT"
"R-HSA-8876384","Listeria monocytogenes entry into host cells",-0.723964465485705,0.951166980935506,"Reactome","FP_CTCDT"
"R-HSA-6807878","COPI-mediated anterograde transport",-0.727081307223231,0.951547263924981,"Reactome","FP_CTCDT"
"R-HSA-199977","ER to Golgi Anterograde Transport",-0.718930464327941,0.954615139395795,"Reactome","FP_CTCDT"
"R-HSA-111957","Cam-PDE 1 activation",0.695132305434878,0.954744853078213,"Reactome","FP_CTCDT"
"R-HSA-3000170","Syndecan interactions",-0.706211717147732,0.959804949663557,"Reactome","FP_CTCDT"
"R-HSA-948021","Transport to the Golgi and subsequent modification",-0.698661291470768,0.964394245767602,"Reactome","FP_CTCDT"
"R-HSA-446353","Cell-extracellular matrix interactions",-0.671599335089841,0.971054340935254,"Reactome","FP_CTCDT"
"R-HSA-181429","Serotonin Neurotransmitter Release Cycle",-0.664823914545595,0.974199258372893,"Reactome","FP_CTCDT"
"R-HSA-5620922","BBSome-mediated cargo-targeting to cilium",-0.658838343857734,0.976565232895218,"Reactome","FP_CTCDT"
"R-HSA-5627123","RHO GTPases activate PAKs",-0.660299767797968,0.977027322413858,"Reactome","FP_CTCDT"
"R-HSA-2132295","MHC class II antigen presentation",-0.63529047477786,0.983744242459722,"Reactome","FP_CTCDT"
"R-HSA-212676","Dopamine Neurotransmitter Release Cycle",-0.623694643017369,0.986382365635452,"Reactome","FP_CTCDT"
"R-HSA-180024","DARPP-32 events",-0.566290897879055,0.993332265591654,"Reactome","FP_CTCDT"
"R-HSA-198933","Immunoregulatory interactions between a Lymphoid and a non-Lymphoid cell",2.44793740176642,0,"Reactome","FP_noCTC"
"R-HSA-71291","Metabolism of amino acids and derivatives",-2.3540489505288,0,"Reactome","FP_noCTC"
"R-HSA-198725","Nuclear Events (kinase and transcription factor activation)",-2.4453925434189,0,"Reactome","FP_noCTC"
"R-HSA-9735869","SARS-CoV-1 modulates host translation machinery",-2.45692578730527,0,"Reactome","FP_noCTC"
"R-HSA-9031628","NGF-stimulated transcription",-2.48807375497473,0,"Reactome","FP_noCTC"
"R-HSA-9754678","SARS-CoV-2 modulates host translation machinery",-2.49374100099786,0,"Reactome","FP_noCTC"
"R-HSA-6799198","Complex I biogenesis",-2.51506360942087,0,"Reactome","FP_noCTC"
"R-HSA-376176","Signaling by ROBO receptors",-2.53765384707582,0,"Reactome","FP_noCTC"
"R-HSA-72695","Formation of the ternary complex",NA,-2.55574748556413,"Reactome","FP_noCTC"
"R-HSA-72649","Translation initiation complex formation",-2.56950147975625,0,"Reactome","FP_noCTC"
"R-HSA-72662","Activation of the mRNA upon binding of the cap-binding complex and eIFs",-0.706114909968036,0,"Reactome","FP_noCTC"
"R-HSA-72702","Ribosomal scanning and start codon recognition",-2.58823852900579,0,"Reactome","FP_noCTC"
"R-HSA-1428517","The citric acid (TCA) cycle and respiratory electron transport",-2.65886502418697,0,"Reactome","FP_noCTC"
"R-HSA-163200","Respiratory electron transport",NA,-2.69160667732302,"Reactome","FP_noCTC"
"R-HSA-611105","Respiratory electron transport",-2.75677341284866,0,"Reactome","FP_noCTC"
"R-HSA-168255","Influenza Infection",-2.82931695318368,0,"Reactome","FP_noCTC"
"R-HSA-9010553","Regulation of expression of SLITs and ROBOs",-2.84494027546292,0,"Reactome","FP_noCTC"
"R-HSA-6791226","Major pathway of rRNA processing in the nucleolus and cytosol",-2.85042946815273,0,"Reactome","FP_noCTC"
"R-HSA-8868773","rRNA processing in the nucleus and cytosol",-2.8650784583186,0,"Reactome","FP_noCTC"
"R-HSA-72312","rRNA processing",-2.87555413651972,0,"Reactome","FP_noCTC"
"R-HSA-168273","Influenza Viral RNA Transcription and Replication",-2.87715539973507,0,"Reactome","FP_noCTC"
"R-HSA-927802","Nonsense-Mediated Decay (NMD)",-2.8949117910623,0,"Reactome","FP_noCTC"
"R-HSA-975957","Nonsense Mediated Decay (NMD) enhanced by the Exon Junction Complex (EJC)",-2.8949117910623,0,"Reactome","FP_noCTC"
"R-HSA-72766","Translation",-2.96383798008698,0,"Reactome","FP_noCTC"
"R-HSA-9711097","Cellular response to starvation",-2.97509183502028,0,"Reactome","FP_noCTC"
"R-HSA-2408522","Selenoamino acid metabolism",-3.00305623108452,0,"Reactome","FP_noCTC"
"R-HSA-975956","Nonsense Mediated Decay (NMD) independent of the Exon Junction Complex (EJC)",-3.003126503683,0,"Reactome","FP_noCTC"
"R-HSA-72613","Eukaryotic Translation Initiation",-3.05679249172988,0,"Reactome","FP_noCTC"
"R-HSA-72737","Cap-dependent Translation Initiation",-3.05679249172988,0,"Reactome","FP_noCTC"
"R-HSA-72764","Eukaryotic Translation Termination",-3.06310208586599,0,"Reactome","FP_noCTC"
"R-HSA-72706","GTP hydrolysis and joining of the 60S ribosomal subunit",-3.07477714724316,0,"Reactome","FP_noCTC"
"R-HSA-156827","L13a-mediated translational silencing of Ceruloplasmin expression",-3.07814173870269,0,"Reactome","FP_noCTC"
"R-HSA-72689","Formation of a pool of free 40S subunits",-3.07948338372703,0,"Reactome","FP_noCTC"
"R-HSA-156902","Peptide chain elongation",-3.09042449426194,0,"Reactome","FP_noCTC"
"R-HSA-156842","Eukaryotic Translation Elongation",-3.09140212652771,0,"Reactome","FP_noCTC"
"R-HSA-9633012","Response of EIF2AK4 (GCN2) to amino acid deficiency",-3.10287129505642,0,"Reactome","FP_noCTC"
"R-HSA-2408557","Selenocysteine synthesis",-3.10627356744358,0,"Reactome","FP_noCTC"
"R-HSA-192823","Viral mRNA Translation",-3.12217471076578,0,"Reactome","FP_noCTC"
"R-HSA-1799339","SRP-dependent cotranslational protein targeting to membrane",-3.14428512249553,0,"Reactome","FP_noCTC"
"R-HSA-8949613","Cristae formation",-2.23923756263791,2.82246822847223e-05,"Reactome","FP_noCTC"
"R-HSA-5368287","Mitochondrial translation",-2.25194866336398,2.88966985295967e-05,"Reactome","FP_noCTC"
"R-HSA-5389840","Mitochondrial translation elongation",-2.27699616912632,2.96014960547088e-05,"Reactome","FP_noCTC"
"R-HSA-5368286","Mitochondrial translation initiation",-2.28393444756238,3.03415334560765e-05,"Reactome","FP_noCTC"
"R-HSA-5419276","Mitochondrial translation termination",-2.29496324822623,3.11195214934118e-05,"Reactome","FP_noCTC"
"R-HSA-8953854","Metabolism of RNA",-2.22824672471278,0.000110332848931187,"Reactome","FP_noCTC"
"R-HSA-9707564","Cytoprotection by HMOX1",-2.22420658682992,0.000161821511765741,"Reactome","FP_noCTC"
"R-HSA-187037","Signaling by NTRK1 (TRKA)",-2.20501317948585,0.000184687594950031,"Reactome","FP_noCTC"
"R-HSA-166520","Signaling by NTRKs",-2.19508194501726,0.00025822581664746,"Reactome","FP_noCTC"
"R-HSA-163210","Formation of ATP by chemiosmotic coupling",-2.16048662124314,0.000303415334560765,"Reactome","FP_noCTC"
"R-HSA-8953897","Cellular responses to stimuli",-2.15141973426029,0.00034676038235516,"Reactome","FP_noCTC"
"R-HSA-2262752","Cellular responses to stress",-2.11767712307164,0.00060683066912153,"Reactome","FP_noCTC"
"R-HSA-202433","Generation of second messenger molecules",2.2424507852896,0.000810787027012062,"Reactome","FP_noCTC"
"R-HSA-5205647","Mitophagy",-2.04574694965366,0.00214175530278187,"Reactome","FP_noCTC"
"R-HSA-6790901","rRNA modification in the nucleus and cytosol",-2.00017128263864,0.00441119217169112,"Reactome","FP_noCTC"
"R-HSA-1237044","Erythrocytes take up carbon dioxide and release oxygen",-1.99191107779561,0.00485464535297224,"Reactome","FP_noCTC"
"R-HSA-1480926","O2/CO2 exchange in erythrocytes",-1.99191107779561,0.00485464535297224,"Reactome","FP_noCTC"
"R-HSA-202430","Translocation of ZAP-70 to Immunological synapse",2.11232745181576,0.00513498450440973,"Reactome","FP_noCTC"
"R-HSA-202427","Phosphorylation of CD3 and TCR zeta chains",2.09468868870958,0.0052701156755784,"Reactome","FP_noCTC"
"R-HSA-112409","RAF-independent MAPK1/3 activation",-1.97990628737007,0.00578144128399422,"Reactome","FP_noCTC"
"R-HSA-389948","PD-1 signaling",2.07561780315356,0.00599982399988926,"Reactome","FP_noCTC"
"R-HSA-5205685","PINK1-PRKN Mediated Mitophagy",-1.9742234206583,0.00639339454967327,"Reactome","FP_noCTC"
"R-HSA-1268020","Mitochondrial protein import",-1.96491122407929,0.00705179087910192,"Reactome","FP_noCTC"
"R-HSA-180585","Vif-mediated degradation of APOBEC3G",-1.96507570083551,0.00717550650855985,"Reactome","FP_noCTC"
"R-HSA-9711123","Cellular response to chemical stress",-1.93428911063476,0.0106349646079943,"Reactome","FP_noCTC"
"R-HSA-379716","Cytosolic tRNA aminoacylation",-1.92837257049873,0.0115095550243384,"Reactome","FP_noCTC"
"R-HSA-9609507","Protein localization",-1.91736134008027,0.012832976445357,"Reactome","FP_noCTC"
"R-HSA-380994","ATF4 activates genes in response to endoplasmic reticulum  stress",-1.91426938346838,0.0128879275442001,"Reactome","FP_noCTC"
"R-HSA-8854050","FBXL7 down-regulates AURKA during mitotic entry and in early mitosis",-1.91468049172678,0.0129587710631759,"Reactome","FP_noCTC"
"R-HSA-1247673","Erythrocytes take up oxygen and release carbon dioxide",-1.90950557710536,0.013483018929544,"Reactome","FP_noCTC"
"R-HSA-71406","Pyruvate metabolism and Citric Acid (TCA) cycle",-1.90548563152727,0.0140224563849314,"Reactome","FP_noCTC"
"R-HSA-8939242","RUNX1 regulates transcription of genes involved in differentiation of keratinocytes",-1.90009893567049,0.0149501010301759,"Reactome","FP_noCTC"
"R-HSA-5362768","Hh mutants are degraded by ERAD",-1.89696797789978,0.0153609673855241,"Reactome","FP_noCTC"
"R-HSA-977606","Regulation of Complement cascade",1.99726176541512,0.0177021834230967,"Reactome","FP_noCTC"
"R-HSA-6781823","Formation of TC-NER Pre-Incision Complex",-1.87839111604116,0.0182391077169767,"Reactome","FP_noCTC"
"R-HSA-381042","PERK regulates gene expression",-1.88115631196347,0.0182584639562155,"Reactome","FP_noCTC"
"R-HSA-5387390","Hh mutants abrogate ligand secretion",-1.87728892254874,0.0182723457035483,"Reactome","FP_noCTC"
"R-HSA-176409","APC/C:Cdc20 mediated degradation of mitotic proteins",-1.87882467701137,0.0183956382839412,"Reactome","FP_noCTC"
"R-HSA-174154","APC/C:Cdc20 mediated degradation of Securin",-1.87980214914456,0.0183984023159745,"Reactome","FP_noCTC"
"R-HSA-349425","Autodegradation of the E3 ubiquitin ligase COP1",-1.8671474876725,0.0198450029631636,"Reactome","FP_noCTC"
"R-HSA-8852276","The role of GTSE1 in G2/M progression after G2 checkpoint",-1.86735455414187,0.0201002268210392,"Reactome","FP_noCTC"
"R-HSA-68867","Assembly of the pre-replicative complex",-1.8609803652888,0.0203485297100233,"Reactome","FP_noCTC"
"R-HSA-9615710","Late endosomal microautophagy",-1.86155668176092,0.0205523966094581,"Reactome","FP_noCTC"
"R-HSA-4641258","Degradation of DVL",-1.85837710328053,0.0207567208361057,"Reactome","FP_noCTC"
"R-HSA-75815","Ubiquitin-dependent degradation of Cyclin D",-1.86155944679907,0.0208264285642509,"Reactome","FP_noCTC"
"R-HSA-9762114","GSK3B and BTRC:CUL1-mediated-degradation of NFE2L2",-1.85617774021967,0.0210777640008795,"Reactome","FP_noCTC"
"R-HSA-179419","APC:Cdc20 mediated degradation of cell cycle proteins prior to satisfation of the cell cycle checkpoint",-1.8514031943415,0.0216960693552587,"Reactome","FP_noCTC"
"R-HSA-70268","Pyruvate metabolism",-1.85210497690219,0.0217548794880069,"Reactome","FP_noCTC"
"R-HSA-381183","ATF6 (ATF6-alpha) activates chaperone genes",-1.84632069129171,0.0226501375052831,"Reactome","FP_noCTC"
"R-HSA-176814","Activation of APC/C and APC/C:Cdc20 mediated degradation of mitotic proteins",-1.8470066120237,0.0228227534581805,"Reactome","FP_noCTC"
"R-HSA-9609523","Insertion of tail-anchored proteins into the endoplasmic reticulum membrane",-1.84325124142858,0.023074013775883,"Reactome","FP_noCTC"
"R-HSA-5658442","Regulation of RAS by GAPs",-1.83742650051664,0.0236526044896233,"Reactome","FP_noCTC"
"R-HSA-211733","Regulation of activated PAK-2p34 by proteasome mediated degradation",-1.83783451257347,0.0238686729854469,"Reactome","FP_noCTC"
"R-HSA-9604323","Negative regulation of NOTCH4 signaling",-1.83953669979253,0.0239448242851013,"Reactome","FP_noCTC"
"R-HSA-174084","Autodegradation of Cdh1 by Cdh1:APC/C",-1.83828398562217,0.0240756539888682,"Reactome","FP_noCTC"
"R-HSA-389957","Prefoldin mediated transfer of substrate  to CCT/TriC",-1.83167746642129,0.0248596024676079,"Reactome","FP_noCTC"
"R-HSA-9708530","Regulation of BACH1 activity",-1.82782442058581,0.0257431054967334,"Reactome","FP_noCTC"
"R-HSA-72163","mRNA Splicing - Major Pathway",-1.81655325514904,0.0276842538944496,"Reactome","FP_noCTC"
"R-HSA-162588","Budding and maturation of HIV virion",-1.81570232469035,0.0278004300291301,"Reactome","FP_noCTC"
"R-HSA-9022702","MECP2 regulates transcription of neuronal ligands",-1.81700298400956,0.0278625656162609,"Reactome","FP_noCTC"
"R-HSA-174178","APC/C:Cdh1 mediated degradation of Cdc20 and other APC/C:Cdh1 targeted proteins in late mitosis/early G1",-1.81720888055949,0.0280969124864227,"Reactome","FP_noCTC"
"R-HSA-389958","Cooperation of Prefoldin and TriC/CCT  in actin and tubulin folding",-1.81721542555281,0.0284023137091012,"Reactome","FP_noCTC"
"R-HSA-5610785","GLI3 is processed to GLI3R by the proteasome",-1.81210783117493,0.0285953472449309,"Reactome","FP_noCTC"
"R-HSA-72172","mRNA Splicing",-1.81737031005506,0.0286744162332152,"Reactome","FP_noCTC"
"R-HSA-169911","Regulation of Apoptosis",-1.8125462866156,0.028677441105702,"Reactome","FP_noCTC"
"R-HSA-877300","Interferon gamma signaling",1.94286344121687,0.0293685078673258,"Reactome","FP_noCTC"
"R-HSA-983695","Antigen activates B Cell Receptor (BCR) leading to generation of second messengers",1.95028923065082,0.0302018167561993,"Reactome","FP_noCTC"
"R-HSA-1632852","Macroautophagy",-1.80532284374108,0.0307093096191805,"Reactome","FP_noCTC"
"R-HSA-8983711","OAS antiviral response",1.9560817935622,0.0313890406171813,"Reactome","FP_noCTC"
"R-HSA-4641257","Degradation of AXIN",-1.80177530277821,0.0315551947943196,"Reactome","FP_noCTC"
"R-HSA-174184","Cdc20:Phospho-APC/C mediated degradation of Cyclin A",-1.79922248732091,0.0322641652790358,"Reactome","FP_noCTC"
"R-HSA-1234176","Oxygen-dependent proline hydroxylation of Hypoxia-inducible Factor Alpha",-1.79573252810792,0.0330398678877043,"Reactome","FP_noCTC"
"R-HSA-5678895","Defective CFTR causes cystic fibrosis",-1.79627249369569,0.0331020180685509,"Reactome","FP_noCTC"
"R-HSA-174113","SCF-beta-TrCP mediated degradation of Emi1",-1.79190171429233,0.0339008287268855,"Reactome","FP_noCTC"
"R-HSA-5655862","Translesion synthesis by POLK",-1.78330397013181,0.0370108914767074,"Reactome","FP_noCTC"
"R-HSA-68949","Orc1 removal from chromatin",-1.77744795559764,0.0373501543372819,"Reactome","FP_noCTC"
"R-HSA-1234174","Cellular response to hypoxia",-1.7774540787478,0.0376897011948936,"Reactome","FP_noCTC"
"R-HSA-110320","Translesion Synthesis by POLH",-1.7798566608163,0.0377936409254755,"Reactome","FP_noCTC"
"R-HSA-9612973","Autophagy",-1.77771619319398,0.0379018641777925,"Reactome","FP_noCTC"
"R-HSA-3785653","Myoclonic epilepsy of Lafora",-1.77997237234193,0.0380814868961926,"Reactome","FP_noCTC"
"R-HSA-1236978","Cross-presentation of soluble exogenous antigens (endosomes)",-1.77779911110398,0.0382190945496727,"Reactome","FP_noCTC"
"R-HSA-8876725","Protein methylation",-1.77447379350978,0.0384253848697312,"Reactome","FP_noCTC"
"R-HSA-6783783","Interleukin-10 signaling",-1.76789610507872,0.0390325828697662,"Reactome","FP_noCTC"
"R-HSA-179409","APC-Cdc20 mediated degradation of Nek2A",-1.77055742730951,0.0390482343608637,"Reactome","FP_noCTC"
"R-HSA-5610780","Degradation of GLI1 by the proteasome",-1.76875564577166,0.0390757458218941,"Reactome","FP_noCTC"
"R-HSA-187577","SCF(Skp2)-mediated degradation of p27/p21",-1.77189716742948,0.0391701141643579,"Reactome","FP_noCTC"
"R-HSA-9707616","Heme signaling",-1.77094329676464,0.0392417166031923,"Reactome","FP_noCTC"
"R-HSA-381033","ATF6 (ATF6-alpha) activates chaperones",-1.76901053327107,0.0392975171244908,"Reactome","FP_noCTC"
"R-HSA-917937","Iron uptake and transport",-1.76601874813416,0.0393980987364113,"Reactome","FP_noCTC"
"R-HSA-2168880","Scavenging of heme from plasma",-1.76223034792753,0.0404720950397583,"Reactome","FP_noCTC"
"R-HSA-917729","Endosomal Sorting Complex Required For Transport (ESCRT)",-1.76277040891088,0.0404857194748914,"Reactome","FP_noCTC"
"R-HSA-69052","Switching of origins to a post-replicative state",-1.76077360067495,0.0406576548311425,"Reactome","FP_noCTC"
"R-HSA-5668599","RHO GTPases Activate NADPH Oxidases",-1.75879910625355,0.0412052825081546,"Reactome","FP_noCTC"
"R-HSA-110312","Translesion synthesis by REV1",-1.7552949760293,0.0424292088813199,"Reactome","FP_noCTC"
"R-HSA-879415","Advanced glycosylation endproduct receptor signaling",-1.7527807165233,0.04338111087416,"Reactome","FP_noCTC"
"R-HSA-69002","DNA Replication Pre-Initiation",-1.75185631928992,0.0435184279855726,"Reactome","FP_noCTC"
"R-HSA-180534","Vpu mediated degradation of CD4",-1.74984407538277,0.044140958435785,"Reactome","FP_noCTC"
"R-HSA-174143","APC/C-mediated degradation of cell cycle proteins",-1.74617152120622,0.0449713271069909,"Reactome","FP_noCTC"
"R-HSA-453276","Regulation of mitotic cell cycle",-1.74617152120622,0.0449713271069909,"Reactome","FP_noCTC"
"R-HSA-5358346","Hedgehog ligand biogenesis",-1.74464653105074,0.045213552777778,"Reactome","FP_noCTC"
"R-HSA-74259","Purine catabolism",-1.74340804935427,0.0454242865756162,"Reactome","FP_noCTC"
"R-HSA-9663891","Selective autophagy",-1.73994841292495,0.0463472626837331,"Reactome","FP_noCTC"
"R-HSA-9637687","Suppression of phagosomal maturation",-1.7406923353144,0.0463581853592539,"Reactome","FP_noCTC"
"R-HSA-5610783","Degradation of GLI2 by the proteasome",-1.73910042199307,0.0464089604265481,"Reactome","FP_noCTC"
"R-HSA-73772","RNA Polymerase I Promoter Escape",-1.73709719360991,0.046946218580039,"Reactome","FP_noCTC"
"R-HSA-167160","RNA Pol II CTD phosphorylation and interaction with CE during HIV infection",-1.73314085002013,0.0477373459708937,"Reactome","FP_noCTC"
"R-HSA-77075","RNA Pol II CTD phosphorylation and interaction with CE",-1.73314085002013,0.0477373459708937,"Reactome","FP_noCTC"
"R-HSA-6785807","Interleukin-4 and Interleukin-13 signaling",-1.73375753661348,0.0482162662538769,"Reactome","FP_noCTC"
"R-HSA-5676590","NIK-->noncanonical NF-kB signaling",-1.72562607881742,0.0498883185304559,"Reactome","FP_noCTC"
"R-HSA-69017","CDK-mediated phosphorylation and removal of Cdc6",-1.72596544970965,0.050078593375164,"Reactome","FP_noCTC"
"R-HSA-209952","Peptide hormone biosynthesis",-1.72659193223234,0.0501328822789973,"Reactome","FP_noCTC"
"R-HSA-5656121","Translesion synthesis by POLI",-1.72665035674137,0.0504760877437636,"Reactome","FP_noCTC"
"R-HSA-69481","G2/M Checkpoints",-1.72225547277796,0.0510501604862378,"Reactome","FP_noCTC"
"R-HSA-5675221","Negative regulation of MAPK pathway",-1.71881763392312,0.0524908528790124,"Reactome","FP_noCTC"
"R-HSA-69601","Ubiquitin Mediated Degradation of Phosphorylated Cdc25A",-1.71136089010005,0.0555724793722044,"Reactome","FP_noCTC"
"R-HSA-69610","p53-Independent DNA Damage Response",-1.71136089010005,0.0555724793722044,"Reactome","FP_noCTC"
"R-HSA-69613","p53-Independent G1/S DNA damage checkpoint",-1.71136089010005,0.0555724793722044,"Reactome","FP_noCTC"
"R-HSA-9648895","Response of EIF2AK1 (HRI) to heme deficiency",-1.71003800979343,0.0559350269469994,"Reactome","FP_noCTC"
"R-HSA-391251","Protein folding",-1.70708782081488,0.0574819333153106,"Reactome","FP_noCTC"
"R-HSA-216083","Integrin cell surface interactions",1.89217582396061,0.0574848002151552,"Reactome","FP_noCTC"
"R-HSA-69541","Stabilization of p53",-1.70591744141113,0.0577864618515463,"Reactome","FP_noCTC"
"R-HSA-9670095","Inhibition of DNA recombination at telomere",-1.70399963174399,0.058488831512548,"Reactome","FP_noCTC"
"R-HSA-3000178","ECM proteoglycans",1.85031032263326,0.0598968916205161,"Reactome","FP_noCTC"
"R-HSA-72086","mRNA Capping",-1.69947257520879,0.0606670976840183,"Reactome","FP_noCTC"
"R-HSA-8941326","RUNX2 regulates bone development",1.8448910695629,0.0608090270259047,"Reactome","FP_noCTC"
"R-HSA-8951664","Neddylation",-1.69813707151608,0.0611431476808988,"Reactome","FP_noCTC"
"R-HSA-5661231","Metallothioneins bind metals",-1.69731272982365,0.0613450640057402,"Reactome","FP_noCTC"
"R-HSA-174577","Activation of C3 and C5",1.87158297369782,0.0613495517105794,"Reactome","FP_noCTC"
"R-HSA-176408","Regulation of APC/C activators between G1/S and early anaphase",-1.69646610446684,0.0614190937882488,"Reactome","FP_noCTC"
"R-HSA-9692914","SARS-CoV-1-host interactions",-1.69208113249777,0.0634215848035733,"Reactome","FP_noCTC"
"R-HSA-9821993","Replacement of protamines by nucleosomes in the male pronucleus",-1.68711341432564,0.0660169925388264,"Reactome","FP_noCTC"
"R-HSA-1236974","ER-Phagosome pathway",-1.68584935573958,0.0663980291631204,"Reactome","FP_noCTC"
"R-HSA-418038","Nucleotide-like (purinergic) receptors",1.82636888326007,0.0693009543088205,"Reactome","FP_noCTC"
"R-HSA-114604","GPVI-mediated activation cascade",1.82866239006575,0.0707636899686638,"Reactome","FP_noCTC"
"R-HSA-350562","Regulation of ornithine decarboxylase (ODC)",-1.66850942196913,0.0770560453431679,"Reactome","FP_noCTC"
"R-HSA-381119","Unfolded Protein Response (UPR)",-1.66717283627892,0.077332983396175,"Reactome","FP_noCTC"
"R-HSA-264642","Acetylcholine Neurotransmitter Release Cycle",-1.66579829458281,0.0778024762236437,"Reactome","FP_noCTC"
"R-HSA-73929","Base-Excision Repair",-0.47548229944607,0,"Reactome","FP_noCTC"
"R-HSA-8940973","RUNX2 regulates osteoblast differentiation",1.79989719154443,0.078038251349911,"Reactome","FP_noCTC"
"R-HSA-9824446","Viral Infection Pathways",-1.66450795364051,0.0782212224234308,"Reactome","FP_noCTC"
"R-HSA-2032785","YAP1- and WWTR1 (TAZ)-stimulated gene expression",1.80640742823989,0.0784252178855304,"Reactome","FP_noCTC"
"R-HSA-1474244","Extracellular matrix organization",1.80902221369772,0.0792254752108929,"Reactome","FP_noCTC"
"R-HSA-8963898","Plasma lipoprotein assembly",1.80055899645658,0.080620431772895,"Reactome","FP_noCTC"
"R-HSA-606279","Deposition of new CENPA-containing nucleosomes at the centromere",-1.65277668765545,0.080775125136015,"Reactome","FP_noCTC"
"R-HSA-774815","Nucleosome assembly",-1.65277668765545,0.080775125136015,"Reactome","FP_noCTC"
"R-HSA-8948751","Regulation of PTEN stability and activity",-1.65132272495953,0.0808090395040465,"Reactome","FP_noCTC"
"R-HSA-6814122","Cooperation of PDCL (PhLP1) and TRiC/CCT in G-protein beta folding",-1.65053988485822,0.0809636237063169,"Reactome","FP_noCTC"
"R-HSA-113418","Formation of the Early Elongation Complex",-1.64806866756476,0.081389892202624,"Reactome","FP_noCTC"
"R-HSA-167158","Formation of the HIV-1 Early Elongation Complex",-1.64806866756476,0.081389892202624,"Reactome","FP_noCTC"
"R-HSA-351202","Metabolism of polyamines",-1.65744484535248,0.0815286198368854,"Reactome","FP_noCTC"
"R-HSA-5628897","TP53 Regulates Metabolic Genes",-1.65442001156447,0.0815738410716149,"Reactome","FP_noCTC"
"R-HSA-5689877","Josephin domain DUBs",-1.65622593639967,0.0817320487965011,"Reactome","FP_noCTC"
"R-HSA-69306","DNA Replication",-1.6469443879224,0.081794031634592,"Reactome","FP_noCTC"
"R-HSA-111367","SLBP independent Processing of Histone Pre-mRNAs",-1.65468281969519,0.0819004678075094,"Reactome","FP_noCTC"
"R-HSA-390466","Chaperonin-mediated protein folding",-1.65511048047782,0.0820929250107402,"Reactome","FP_noCTC"
"R-HSA-5607761","Dectin-1 mediated noncanonical NF-kB signaling",-1.64498500779722,0.0827301303383585,"Reactome","FP_noCTC"
"R-HSA-392499","Metabolism of proteins",-1.64395734620263,0.0829957638229293,"Reactome","FP_noCTC"
"R-HSA-9010642","ROBO receptors bind AKAP5",-1.64238182651039,0.0837625284262834,"Reactome","FP_noCTC"
"R-HSA-450408","AUF1 (hnRNP D0) binds and destabilizes mRNA",-1.64109929784157,0.0840856235865355,"Reactome","FP_noCTC"
"R-HSA-110328","Recognition and association of DNA glycosylase with site containing an affected pyrimidine",-1.63278097344949,0.0871919856158831,"Reactome","FP_noCTC"
"R-HSA-110329","Cleavage of the damaged pyrimidine",-1.63278097344949,0.0871919856158831,"Reactome","FP_noCTC"
"R-HSA-73928","Depyrimidination",-1.63278097344949,0.0871919856158831,"Reactome","FP_noCTC"
"R-HSA-9717189","Sensory perception of taste",1.76514871771054,0.0897358157960769,"Reactome","FP_noCTC"
"R-HSA-420499","Class C/3 (Metabotropic glutamate/pheromone receptors)",1.77768146572951,0.0897871559542987,"Reactome","FP_noCTC"
"R-HSA-2559582","Senescence-Associated Secretory Phenotype (SASP)",-1.62555981060913,0.0916503944957611,"Reactome","FP_noCTC"
"R-HSA-1430728","Metabolism",-1.62471986085954,0.0917414780498861,"Reactome","FP_noCTC"
"R-HSA-3299685","Detoxification of Reactive Oxygen Species",-1.62044549643042,0.0948470079850672,"Reactome","FP_noCTC"
"R-HSA-9637628","Modulation by Mtb of host immune system",-1.61975147943917,0.094914540554906,"Reactome","FP_noCTC"
"R-HSA-72165","mRNA Splicing - Minor Pathway",-1.61545255255889,0.0949419627075091,"Reactome","FP_noCTC"
"R-HSA-9636383","Prevention of phagosomal-lysosomal fusion",-1.61573664790187,0.0951727861362543,"Reactome","FP_noCTC"
"R-HSA-1592230","Mitochondrial biogenesis",-1.61621013499868,0.0953270298123012,"Reactome","FP_noCTC"
"R-HSA-8939236","RUNX1 regulates transcription of genes involved in differentiation of HSCs",-1.61756247554708,0.0956204955881753,"Reactome","FP_noCTC"
"R-HSA-162599","Late Phase of HIV Life Cycle",-1.61640140733384,0.0956291948927196,"Reactome","FP_noCTC"
"R-HSA-1169091","Activation of NF-kappaB in B cells",-1.61656286042668,0.0959773193646962,"Reactome","FP_noCTC"
"R-HSA-8939902","Regulation of RUNX2 expression and activity",-1.6037360149262,0.102460118123228,"Reactome","FP_noCTC"
"R-HSA-1236975","Antigen processing-Cross presentation",-1.60196612595712,0.10312620428898,"Reactome","FP_noCTC"
"R-HSA-8951671","RUNX3 regulates YAP1-mediated transcription",1.74675433789431,0.107049224660186,"Reactome","FP_noCTC"
"R-HSA-77588","SLBP Dependent Processing of Replication-Dependent Histone Pre-mRNAs",-1.59492668918626,0.10731987321772,"Reactome","FP_noCTC"
"R-HSA-69202","Cyclin E associated events during G1/S transition",-1.58785172093,0.112545721844962,"Reactome","FP_noCTC"
"R-HSA-9032845","Activated NTRK2 signals through CDK5",-1.586687792543,0.113012287323222,"Reactome","FP_noCTC"
"R-HSA-379724","tRNA Aminoacylation",-1.5853212252098,0.113722889861603,"Reactome","FP_noCTC"
"R-HSA-110330","Recognition and association of DNA glycosylase with site containing an affected purine",-1.58291005575546,0.113735030341381,"Reactome","FP_noCTC"
"R-HSA-110331","Cleavage of the damaged purine",-1.58291005575546,0.113735030341381,"Reactome","FP_noCTC"
"R-HSA-73927","Depurination",-1.58291005575546,0.113735030341381,"Reactome","FP_noCTC"
"R-HSA-69563","p53-Dependent G1 DNA Damage Response",-1.57895139208505,0.1144525987011,"Reactome","FP_noCTC"
"R-HSA-69580","p53-Dependent G1/S DNA damage checkpoint",-1.57895139208505,0.1144525987011,"Reactome","FP_noCTC"
"R-HSA-5696395","Formation of Incision Complex in GG-NER",-1.58141750756995,0.11446481412366,"Reactome","FP_noCTC"
"R-HSA-9678108","SARS-CoV-1 Infection",-1.58380286008327,0.114544907599181,"Reactome","FP_noCTC"
"R-HSA-6781827","Transcription-Coupled Nucleotide Excision Repair (TC-NER)",-1.57188505773623,0.119532275502644,"Reactome","FP_noCTC"
"R-HSA-77387","Insulin receptor recycling",-1.56986346998987,0.120855118523993,"Reactome","FP_noCTC"
"R-HSA-68616","Assembly of the ORC complex at the origin of replication",-1.56892003631608,0.121101142265738,"Reactome","FP_noCTC"
"R-HSA-174048","APC/C:Cdc20 mediated degradation of Cyclin B",-1.56789078242752,0.12156137499611,"Reactome","FP_noCTC"
"R-HSA-73884","Base Excision Repair",-1.56673317270718,0.122201511109071,"Reactome","FP_noCTC"
"R-HSA-1650814","Collagen biosynthesis and modifying enzymes",1.72624958728427,0.123621174942074,"Reactome","FP_noCTC"
"R-HSA-157579","Telomere Maintenance",-1.56030456772168,0.126537160979128,"Reactome","FP_noCTC"
"R-HSA-8866427","VLDLR internalisation and degradation",-1.5564827749749,0.129131509335946,"Reactome","FP_noCTC"
"R-HSA-171306","Packaging Of Telomere Ends",-1.55449202627503,0.130496758997671,"Reactome","FP_noCTC"
"R-HSA-174495","Synthesis And Processing Of GAG",-0.591084015721889,0.0420168067226891,"Reactome","FP_noCTC"
"R-HSA-166208","mTORC1-mediated signalling",-1.55117994062402,0.133048899059242,"Reactome","FP_noCTC"
"R-HSA-69656","Cyclin A:Cdk2-associated events at S phase entry",-1.54788741344649,0.133858821401015,"Reactome","FP_noCTC"
"R-HSA-9610379","HCMV Late Events",-1.54215876292873,0.136642543138467,"Reactome","FP_noCTC"
"R-HSA-6782210","Gap-filling DNA repair synthesis and ligation in TC-NER",-1.53708377646114,0.13995942552619,"Reactome","FP_noCTC"
"R-HSA-69239","Synthesis of DNA",-1.53559694568416,0.140712185674149,"Reactome","FP_noCTC"
"R-HSA-162906","HIV Infection",-1.52842514795622,0.143842389150373,"Reactome","FP_noCTC"
"R-HSA-390450","Folding of actin by CCT/TriC",-1.53127762220471,0.144411250901659,"Reactome","FP_noCTC"
"R-HSA-446652","Interleukin-1 family signaling",-1.53063049827193,0.144536032099855,"Reactome","FP_noCTC"
"R-HSA-1566948","Elastic fibre formation",1.70339435406206,0.1482614166339,"Reactome","FP_noCTC"
"R-HSA-8851708","Signaling by FGFR2 IIIa TM",-1.516341258082,0.150331582863416,"Reactome","FP_noCTC"
"R-HSA-167161","HIV Transcription Initiation",-1.51717973601993,0.150580371355722,"Reactome","FP_noCTC"
"R-HSA-167162","RNA Polymerase II HIV Promoter Escape",-1.51717973601993,0.150580371355722,"Reactome","FP_noCTC"
"R-HSA-73776","RNA Polymerase II Promoter Escape",-1.51717973601993,0.150580371355722,"Reactome","FP_noCTC"
"R-HSA-73779","RNA Polymerase II Transcription Pre-Initiation And Promoter Opening",-1.51717973601993,0.150580371355722,"Reactome","FP_noCTC"
"R-HSA-75953","RNA Polymerase II Transcription Initiation",-1.51717973601993,0.150580371355722,"Reactome","FP_noCTC"
"R-HSA-76042","RNA Polymerase II Transcription Initiation And Promoter Clearance",-1.51717973601993,0.150580371355722,"Reactome","FP_noCTC"
"R-HSA-73728","RNA Polymerase I Promoter Opening",-1.5093088128509,0.156419002069429,"Reactome","FP_noCTC"
"R-HSA-181429","Serotonin Neurotransmitter Release Cycle",-1.50666945999006,0.158730839877421,"Reactome","FP_noCTC"
"R-HSA-1474290","Collagen formation",1.69303032634185,0.159549739018238,"Reactome","FP_noCTC"
"R-HSA-69615","G1/S DNA Damage Checkpoints",-1.50339830355324,0.160916433419825,"Reactome","FP_noCTC"
"R-HSA-6782135","Dual incision in TC-NER",-1.50087736354046,0.161868247220403,"Reactome","FP_noCTC"
"R-HSA-8949215","Mitochondrial calcium ion transport",-1.49770476029759,0.164331485214366,"Reactome","FP_noCTC"
"R-HSA-877312","Regulation of IFNG signaling",-1.49678507648067,0.164732854142598,"Reactome","FP_noCTC"
"R-HSA-5687128","MAPK6/MAPK4 signaling",-1.49544688108702,0.165615103255979,"Reactome","FP_noCTC"
"R-HSA-8941858","Regulation of RUNX3 expression and activity",-1.49430302862814,0.166314640975407,"Reactome","FP_noCTC"
"R-HSA-452723","Transcriptional regulation of pluripotent stem cells",1.68321666412061,0.167167653441128,"Reactome","FP_noCTC"
"R-HSA-5603041","IRAK4 deficiency (TLR2/4)",-1.49071598008043,0.167396460189378,"Reactome","FP_noCTC"
"R-HSA-389960","Formation of tubulin folding intermediates by CCT/TriC",-1.48567623771329,0.171377351038115,"Reactome","FP_noCTC"
"R-HSA-9768919","NPAS4 regulates expression of target genes",-1.48426188740139,0.172377445948192,"Reactome","FP_noCTC"
"R-HSA-912446","Meiotic recombination",-1.47804792127571,0.176817336318898,"Reactome","FP_noCTC"
"R-HSA-162909","Host Interactions of HIV factors",-1.47526075525542,0.178184967980582,"Reactome","FP_noCTC"
"R-HSA-9020702","Interleukin-1 signaling",-1.47361250979108,0.179338690414383,"Reactome","FP_noCTC"
"R-HSA-71403","Citric acid cycle (TCA cycle)",-1.46913443912396,0.183835419915335,"Reactome","FP_noCTC"
"R-HSA-5686938","Regulation of TLR by endogenous ligand",-1.46433626028254,0.185559726040563,"Reactome","FP_noCTC"
"R-HSA-9613354","Lipophagy",-1.4603951276753,0.188387644951348,"Reactome","FP_noCTC"
"R-HSA-5602498","MyD88 deficiency (TLR2/4)",-1.4590360126525,0.189456047102971,"Reactome","FP_noCTC"
"R-HSA-5663205","Infectious disease",-1.45622509547533,0.189653787602666,"Reactome","FP_noCTC"
"R-HSA-1168372","Downstream signaling events of B Cell Receptor (BCR)",-1.45179969311438,0.193708745982788,"Reactome","FP_noCTC"
"R-HSA-9675108","Nervous system development",-1.45115260067739,0.193809160600125,"Reactome","FP_noCTC"
"R-HSA-69275","G2/M Transition",-1.44686721132064,0.194803813450633,"Reactome","FP_noCTC"
"R-HSA-453274","Mitotic G2-G2/M phases",-1.44735503032802,0.194816918014776,"Reactome","FP_noCTC"
"R-HSA-181430","Norepinephrine Neurotransmitter Release Cycle",-1.4486041852756,0.195135636035776,"Reactome","FP_noCTC"
"R-HSA-9818027","NFE2L2 regulating anti-oxidant/detoxification enzymes",-1.44191132960962,0.198319618192178,"Reactome","FP_noCTC"
"R-HSA-3656225","Defective CHST6 causes MCDC1",1.65954513303517,0.199809563925119,"Reactome","FP_noCTC"
"R-HSA-9702518","STAT5 activation downstream of FLT3 ITD mutants",-1.43660288314902,0.201612696935004,"Reactome","FP_noCTC"
"R-HSA-5689603","UCH proteinases",-1.42998293359049,0.202719916900772,"Reactome","FP_noCTC"
"R-HSA-9703465","Signaling by FLT3 fusion proteins",-1.43408662313479,0.202939974895921,"Reactome","FP_noCTC"
"R-HSA-422475","Axon guidance",-1.43418674975335,0.203434129598439,"Reactome","FP_noCTC"
"R-HSA-69620","Cell Cycle Checkpoints",-1.43056130790045,0.203817486948551,"Reactome","FP_noCTC"
"R-HSA-4608870","Asymmetric localization of PCP proteins",-1.43079383257798,0.204686468796846,"Reactome","FP_noCTC"
"R-HSA-68882","Mitotic Anaphase",-1.43124115139073,0.205383624760268,"Reactome","FP_noCTC"
"R-HSA-450531","Regulation of mRNA stability by proteins that bind AU-rich elements",-1.42682002869215,0.206343352696807,"Reactome","FP_noCTC"
"R-HSA-166658","Complement cascade",1.65224536942276,0.209086530703991,"Reactome","FP_noCTC"
"R-HSA-2555396","Mitotic Metaphase and Anaphase",-1.41943935904391,0.212102746756342,"Reactome","FP_noCTC"
"R-HSA-69206","G1/S Transition",-1.41820796220113,0.213170212460478,"Reactome","FP_noCTC"
"R-HSA-2173782","Binding and Uptake of Ligands by Scavenger Receptors",-1.4103920488625,0.219434004285664,"Reactome","FP_noCTC"
"R-HSA-2467813","Separation of Sister Chromatids",-1.40628504625596,0.223627967685194,"Reactome","FP_noCTC"
"R-HSA-9613829","Chaperone Mediated Autophagy",-1.40099876377911,0.228659101748329,"Reactome","FP_noCTC"
"R-HSA-9619229","Activation of RAC1 downstream of NMDARs",-1.39927963539425,0.230149212084539,"Reactome","FP_noCTC"
"R-HSA-2022090","Assembly of collagen fibrils and other multimeric structures",1.61588542677971,0.234551331679662,"Reactome","FP_noCTC"
"R-HSA-390666","Serotonin receptors",1.61747392776707,0.235811842581763,"Reactome","FP_noCTC"
"R-HSA-9759194","Nuclear events mediated by NFE2L2",-1.39228804477471,0.238469652216734,"Reactome","FP_noCTC"
"R-HSA-8948216","Collagen chain trimerization",1.60520523034719,0.243648872408279,"Reactome","FP_noCTC"
"R-HSA-168179","Toll Like Receptor TLR1:TLR2 Cascade",-1.3843789502244,0.245854038256606,"Reactome","FP_noCTC"
"R-HSA-181438","Toll Like Receptor 2 (TLR2) Cascade",-1.3843789502244,0.245854038256606,"Reactome","FP_noCTC"
"R-HSA-8951430","RUNX3 regulates WNT signaling",1.60550961059283,0.247725465901333,"Reactome","FP_noCTC"
"R-HSA-429958","mRNA decay by 3' to 5' exoribonuclease",-1.38071273372865,0.24890359068684,"Reactome","FP_noCTC"
"R-HSA-9824272","Somitogenesis",-1.37982689218708,0.249481252127413,"Reactome","FP_noCTC"
"R-HSA-9637690","Response of Mtb to phagocytosis",-1.37825677649397,0.250400690998932,"Reactome","FP_noCTC"
"R-HSA-8949664","Processing of SMDT1",-1.37835283900885,0.250898062932306,"Reactome","FP_noCTC"
"R-HSA-9013694","Signaling by NOTCH4",-1.37675662651563,0.25113258329865,"Reactome","FP_noCTC"
"R-HSA-3560782","Diseases associated with glycosaminoglycan metabolism",1.57650438011054,0.254526619987234,"Reactome","FP_noCTC"
"R-HSA-532668","N-glycan trimming in the ER and Calnexin/Calreticulin cycle",-1.37331349634492,0.255074854887402,"Reactome","FP_noCTC"
"R-HSA-4411364","Binding of TCF/LEF:CTNNB1 to target gene promoters",1.57720932741654,0.256736940568562,"Reactome","FP_noCTC"
"R-HSA-75892","Platelet Adhesion to exposed collagen",1.58084453465975,0.257361538339844,"Reactome","FP_noCTC"
"R-HSA-193807","Synthesis of bile acids and bile salts via 27-hydroxycholesterol",1.58182836165197,0.259117238124775,"Reactome","FP_noCTC"
"R-HSA-8957275","Post-translational protein phosphorylation",-1.3684500303187,0.260078821024485,"Reactome","FP_noCTC"
"R-HSA-375276","Peptide ligand-binding receptors",-1.3641986909192,0.260092233626013,"Reactome","FP_noCTC"
"R-HSA-212676","Dopamine Neurotransmitter Release Cycle",-1.36511729751857,0.26012190376985,"Reactome","FP_noCTC"
"R-HSA-8866654","E3 ubiquitin ligases ubiquitinate target proteins",-1.36521345879018,0.261297250932581,"Reactome","FP_noCTC"
"R-HSA-69242","S Phase",-1.3656828393193,0.261347965405971,"Reactome","FP_noCTC"
"R-HSA-8875360","InlB-mediated entry of Listeria monocytogenes into host cell",-1.36617684563503,0.261935017533855,"Reactome","FP_noCTC"
"R-HSA-3656243","Defective ST3GAL3 causes MCT12 and EIEE15",1.56737368539079,0.263030894234527,"Reactome","FP_noCTC"
"R-HSA-983169","Class I MHC mediated antigen processing & presentation",-1.35932665121615,0.265236842212014,"Reactome","FP_noCTC"
"R-HSA-983168","Antigen processing: Ubiquitination & Proteasome degradation",-1.35317785826592,0.268509119174893,"Reactome","FP_noCTC"
"R-HSA-2129379","Molecules associated with elastic fibres",1.55526993115088,0.276767149672789,"Reactome","FP_noCTC"
"R-HSA-381426","Regulation of Insulin-like Growth Factor (IGF) transport and uptake by Insulin-like Growth Factor Binding Proteins (IGFBPs)",-1.34484802962702,0.277358527629727,"Reactome","FP_noCTC"
"R-HSA-901042","Calnexin/calreticulin cycle",-1.33814529574986,0.286571364822722,"Reactome","FP_noCTC"
"R-HSA-380108","Chemokine receptors bind chemokines",-1.33285119784626,0.292311064437129,"Reactome","FP_noCTC"
"R-HSA-9755511","KEAP1-NFE2L2 pathway",-1.32962326421097,0.294412806066113,"Reactome","FP_noCTC"
"R-HSA-111465","Apoptotic cleavage of cellular proteins",1.52255884973007,0.297624074651232,"Reactome","FP_noCTC"
"R-HSA-1442490","Collagen degradation",1.52325951425968,0.299661228529981,"Reactome","FP_noCTC"
"R-HSA-3656244","Defective B4GALT1 causes B4GALT1-CDG (CDG-2d)",1.5237866405367,0.301975243542916,"Reactome","FP_noCTC"
"R-HSA-9725371","Nuclear events stimulated by ALK signaling in cancer",-1.32046480016222,0.3038426801024,"Reactome","FP_noCTC"
"R-HSA-9752946","Expression and translocation of olfactory receptors",-1.31890240239455,0.304759436136296,"Reactome","FP_noCTC"
"R-HSA-197264","Nicotinamide salvaging",-1.31836601570676,0.304858148739096,"Reactome","FP_noCTC"
"R-HSA-264876","Insulin processing",-1.31742002942826,0.305065463433643,"Reactome","FP_noCTC"
"R-HSA-5668541","TNFR2 non-canonical NF-kB pathway",-1.31687927546791,0.305179638543211,"Reactome","FP_noCTC"
"R-HSA-140837","Intrinsic Pathway of Fibrin Clot Formation",1.51148505908123,0.308900947544046,"Reactome","FP_noCTC"
"R-HSA-140875","Common Pathway of Fibrin Clot Formation",1.52534568132155,0.309315250805102,"Reactome","FP_noCTC"
"R-HSA-5696394","DNA Damage Recognition in GG-NER",-1.31018373958399,0.311744328504451,"Reactome","FP_noCTC"
"R-HSA-69473","G2/M DNA damage checkpoint",-1.31043634102836,0.31205571252844,"Reactome","FP_noCTC"
"R-HSA-8852135","Protein ubiquitination",-1.30182917327434,0.317786496671102,"Reactome","FP_noCTC"
"R-HSA-9674555","Signaling by CSF3 (G-CSF)",-1.30307278655384,0.317902733418171,"Reactome","FP_noCTC"
"R-HSA-166058","MyD88:MAL(TIRAP) cascade initiated on plasma membrane",-1.30346737578653,0.317946394917517,"Reactome","FP_noCTC"
"R-HSA-168188","Toll Like Receptor TLR6:TLR2 Cascade",-1.30346737578653,0.317946394917517,"Reactome","FP_noCTC"
"R-HSA-6811436","COPI-independent Golgi-to-ER retrograde traffic",-1.29818829675032,0.319799762627046,"Reactome","FP_noCTC"
"R-HSA-1474228","Degradation of the extracellular matrix",1.50359209490118,0.320086512868256,"Reactome","FP_noCTC"
"R-HSA-450341","Activation of the AP-1 family of transcription factors",-1.29491632649625,0.321378584652398,"Reactome","FP_noCTC"
"R-HSA-453279","Mitotic G1 phase and G1/S transition",-1.29562724877508,0.321620254634411,"Reactome","FP_noCTC"
"R-HSA-9619483","Activation of AMPK downstream of NMDARs",-1.29317049003799,0.32212946471763,"Reactome","FP_noCTC"
"R-HSA-163841","Gamma carboxylation",NA,-0.341434224644624,"Reactome","FP_noCTC"
"R-HSA-4086400","PCP/CE pathway",-1.29085263514521,0.324683304678548,"Reactome","FP_noCTC"
"R-HSA-5620971","Pyroptosis",-1.28515837430631,0.331715828949087,"Reactome","FP_noCTC"
"R-HSA-5336415","Uptake and function of diphtheria toxin",-1.28409069475072,0.332044228141248,"Reactome","FP_noCTC"
"R-HSA-2871837","FCERI mediated NF-kB activation",-1.28362295497629,0.332102346790775,"Reactome","FP_noCTC"
"R-HSA-174403","Glutathione synthesis and recycling",-1.28139235694174,0.334386939009461,"Reactome","FP_noCTC"
"R-HSA-449147","Signaling by Interleukins",-1.27879771096638,0.337915783940248,"Reactome","FP_noCTC"
"R-HSA-75158","TRAIL  signaling",1.47684570185894,0.33799110518499,"Reactome","FP_noCTC"
"R-HSA-180024","DARPP-32 events",-1.27623853132242,0.339265612954214,"Reactome","FP_noCTC"
"R-HSA-8856688","Golgi-to-ER retrograde transport",-1.27651274794082,0.339489753536517,"Reactome","FP_noCTC"
"R-HSA-5610787","Hedgehog 'off' state",-1.27136963273194,0.344375771291532,"Reactome","FP_noCTC"
"R-HSA-195253","Degradation of beta-catenin by the destruction complex",-1.25988441791102,0.358462118262189,"Reactome","FP_noCTC"
"R-HSA-977225","Amyloid fiber formation",-1.25651995518245,0.360883437356511,"Reactome","FP_noCTC"
"R-HSA-8866652","Synthesis of active ubiquitin: roles of E1 and E2 enzymes",-1.25671924685884,0.361343464692857,"Reactome","FP_noCTC"
"R-HSA-2453864","Retinoid cycle disease events",-1.24507565220445,0.373089204666623,"Reactome","FP_noCTC"
"R-HSA-2474795","Diseases associated with visual transduction",-1.24507565220445,0.373089204666623,"Reactome","FP_noCTC"
"R-HSA-9675143","Diseases of the neuronal system",-1.24507565220445,0.373089204666623,"Reactome","FP_noCTC"
"R-HSA-210500","Glutamate Neurotransmitter Release Cycle",-1.24541132278328,0.375576799331181,"Reactome","FP_noCTC"
"R-HSA-9646399","Aggrephagy",-1.24272438609892,0.375676537227591,"Reactome","FP_noCTC"
"R-HSA-2243919","Crosslinking of collagen fibrils",1.45283319791386,0.37682050997374,"Reactome","FP_noCTC"
"R-HSA-264870","Caspase-mediated cleavage of cytoskeletal proteins",1.44604169637336,0.380664509182163,"Reactome","FP_noCTC"
"R-HSA-9705683","SARS-CoV-2-host interactions",-1.23791862539091,0.38129113758463,"Reactome","FP_noCTC"
"R-HSA-5633008","TP53 Regulates Transcription of Cell Death Genes",1.42412683192435,0.38537567319518,"Reactome","FP_noCTC"
"R-HSA-5625740","RHO GTPases activate PKNs",-1.23244213852492,0.387600596328778,"Reactome","FP_noCTC"
"R-HSA-350054","Notch-HLH transcription pathway",1.42122920508795,0.389525253120223,"Reactome","FP_noCTC"
"R-HSA-168256","Immune System",1.41507322395556,0.389988559992802,"Reactome","FP_noCTC"
"R-HSA-1643685","Disease",-1.22524060076577,0.397766266004179,"Reactome","FP_noCTC"
"R-HSA-5696399","Global Genome Nucleotide Excision Repair (GG-NER)",-1.22310485969613,0.399992140973462,"Reactome","FP_noCTC"
"R-HSA-917977","Transferrin endocytosis and recycling",-1.22086606211288,0.403264852256685,"Reactome","FP_noCTC"
"R-HSA-8875878","MET promotes cell motility",1.39419386907247,0.408355588778048,"Reactome","FP_noCTC"
"R-HSA-9705462","Inactivation of CSF3 (G-CSF) signaling",-1.21274144119433,0.41085788316557,"Reactome","FP_noCTC"
"R-HSA-1059683","Interleukin-6 signaling",-1.21357532373706,0.41095083439668,"Reactome","FP_noCTC"
"R-HSA-381753","Olfactory Signaling Pathway",-1.21473807527701,0.411221136894317,"Reactome","FP_noCTC"
"R-HSA-9609736","Assembly and cell surface presentation of NMDA receptors",-1.2136161752696,0.411659045793033,"Reactome","FP_noCTC"
"R-HSA-913531","Interferon Signaling",1.38350627366028,0.413865724781961,"Reactome","FP_noCTC"
"R-HSA-166786","Creation of C4 and C2 activators",-1.20312872590977,0.419612086229831,"Reactome","FP_noCTC"
"R-HSA-70263","Gluconeogenesis",-1.20092502060001,0.421221545238944,"Reactome","FP_noCTC"
"R-HSA-9639288","Amino acids regulate mTORC1",-1.19666313716633,0.426566132751454,"Reactome","FP_noCTC"
"R-HSA-8874081","MET activates PTK2 signaling",1.37188390831203,0.427111729418616,"Reactome","FP_noCTC"
"R-HSA-111932","CaMK IV-mediated phosphorylation of CREB",-1.19547135479279,0.427132937227917,"Reactome","FP_noCTC"
"R-HSA-8986944","Transcriptional Regulation by MECP2",-1.19566085948342,0.427631225671001,"Reactome","FP_noCTC"
"R-HSA-2214320","Anchoring fibril formation",1.3657860390642,0.43224600766255,"Reactome","FP_noCTC"
"R-HSA-166016","Toll Like Receptor 4 (TLR4) Cascade",-1.18992587139723,0.436570685127564,"Reactome","FP_noCTC"
"R-HSA-8950505","Gene and protein expression by JAK-STAT signaling after Interleukin-12 stimulation",-1.18645079492205,0.438239673061414,"Reactome","FP_noCTC"
"R-HSA-140877","Formation of Fibrin Clot (Clotting Cascade)",1.3417026922658,0.44068205363408,"Reactome","FP_noCTC"
"R-HSA-168643","Nucleotide-binding domain",0.375740687816403,0.0666666666666667,"Reactome","FP_noCTC"
"R-HSA-166663","Initial triggering of complement",1.3394418516285,0.441492638520223,"Reactome","FP_noCTC"
"R-HSA-5619084","ABC transporter disorders",-1.18233930630066,0.442859555381928,"Reactome","FP_noCTC"
"R-HSA-156581","Methylation",-1.17968853449374,0.446256955188884,"Reactome","FP_noCTC"
"R-HSA-9694516","SARS-CoV-2 Infection",-1.17984075284307,0.446751794589058,"Reactome","FP_noCTC"
"R-HSA-1280215","Cytokine Signaling in Immune system",1.32355157227519,0.452566939988984,"Reactome","FP_noCTC"
"R-HSA-975634","Retinoid metabolism and transport",-1.17174374100345,0.454863084988179,"Reactome","FP_noCTC"
"R-HSA-69278","Cell Cycle",-0.239427379552431,0.0778588807785888,"Reactome","FP_noCTC"
"R-HSA-168249","Innate Immune System",1.31105962086909,0.456970881731352,"Reactome","FP_noCTC"
"R-HSA-442729","CREB1 phosphorylation through the activation of CaMKII/CaMKK/CaMKIV cascasde",-1.16847516249782,0.457851073636601,"Reactome","FP_noCTC"
"R-HSA-3000171","Non-integrin membrane-ECM interactions",1.2878050389781,0.458221983927214,"Reactome","FP_noCTC"
"R-HSA-9020591","Interleukin-12 signaling",-1.1585953799767,0.473988763690591,"Reactome","FP_noCTC"
"R-HSA-2132295","MHC class II antigen presentation",1.26502232327186,0.485718437643062,"Reactome","FP_noCTC"
"R-HSA-5626467","RHO GTPases activate IQGAPs",-1.14989721623035,0.486049356563839,"Reactome","FP_noCTC"
"R-HSA-3560783","Defective B4GALT7 causes EDS",0.442185769020463,0.170289855072464,"Reactome","FP_noCTC"
"R-HSA-888590","GABA synthesis",NA,-1.14564704002194,"Reactome","FP_noCTC"
"R-HSA-8941855","RUNX3 regulates CDKN1A transcription",1.2456749096948,0.496596734937271,"Reactome","FP_noCTC"
"R-HSA-390471","Association of TriC/CCT with target proteins during biosynthesis",-1.1402328447019,0.49759908462976,"Reactome","FP_noCTC"
"R-HSA-111957","Cam-PDE 1 activation",-1.13933491084674,0.497794511672527,"Reactome","FP_noCTC"
"R-HSA-1296071","Potassium Channels",1.24236885873753,0.500817585230292,"Reactome","FP_noCTC"
"R-HSA-446203","Asparagine N-linked glycosylation",-1.13424484045942,0.502366344955772,"Reactome","FP_noCTC"
"R-HSA-936964","Activation of IRF3",NA,-1.13376968862182,"Reactome","FP_noCTC"
"R-HSA-381771","Synthesis",NA,-1.12301500811604,"Reactome","FP_noCTC"
"R-HSA-400508","Incretin synthesis",NA,-1.12301500811604,"Reactome","FP_noCTC"
"R-HSA-445095","Interaction between L1 and Ankyrins",1.21127564649101,0.517998754347893,"Reactome","FP_noCTC"
"R-HSA-982772","Growth hormone receptor signaling",-1.11698960149446,0.518202071137187,"Reactome","FP_noCTC"
"R-HSA-6807878","COPI-mediated anterograde transport",-1.1171031955967,0.518784342699652,"Reactome","FP_noCTC"
"R-HSA-3000157","Laminin interactions",1.20573683741255,0.526477950536867,"Reactome","FP_noCTC"
"R-HSA-400511","Synthesis",NA,-1.10988626949903,"Reactome","FP_noCTC"
"R-HSA-1474151","Tetrahydrobiopterin (BH4) synthesis",NA,1.20278799929157,"Reactome","FP_noCTC"
"R-HSA-3781865","Diseases of glycosylation",1.18747164449916,0.54370540136021,"Reactome","FP_noCTC"
"R-HSA-170834","Signaling by TGF-beta Receptor Complex",1.18473499318783,0.543775137170387,"Reactome","FP_noCTC"
"R-HSA-2453902","The canonical retinoid cycle in rods (twilight vision)",-1.09902968895881,0.545150940445852,"Reactome","FP_noCTC"
"R-HSA-173623","Classical antibody-mediated complement activation",1.17973794883592,0.547926514565291,"Reactome","FP_noCTC"
"R-HSA-6806667","Metabolism of fat-soluble vitamins",-1.09616038505325,0.548341749006705,"Reactome","FP_noCTC"
"R-HSA-1222556","ROS and RNS production in phagocytes",-1.09229382265069,0.552085061037563,"Reactome","FP_noCTC"
"R-HSA-422085","Synthesis",NA,-1.08115581239662,"Reactome","FP_noCTC"
"R-HSA-447115","Interleukin-12 family signaling",-1.0779833936896,0.565923467839201,"Reactome","FP_noCTC"
"R-HSA-6811442","Intra-Golgi and retrograde Golgi-to-ER traffic",-1.07904551498714,0.566356173547226,"Reactome","FP_noCTC"
"R-HSA-112308","Presynaptic depolarization and calcium channel opening",1.15790140794642,0.578641656223963,"Reactome","FP_noCTC"
"R-HSA-977443","GABA receptor activation",1.14929496038847,0.578877502609086,"Reactome","FP_noCTC"
"R-HSA-5620922","BBSome-mediated cargo-targeting to cilium",-1.06718655030155,0.579166436348921,"Reactome","FP_noCTC"
"R-HSA-9796292","Formation of axial mesoderm",1.15446009187355,0.580612333514944,"Reactome","FP_noCTC"
"R-HSA-70326","Glucose metabolism",-1.06189431130269,0.588329997993691,"Reactome","FP_noCTC"
"R-HSA-5607764","CLEC7A (Dectin-1) signaling",-1.06056709335207,0.590298584928044,"Reactome","FP_noCTC"
"R-HSA-445355","Smooth Muscle Contraction",-1.05683723773817,0.591385849833244,"Reactome","FP_noCTC"
"R-HSA-3000170","Syndecan interactions",1.14088458118152,0.595128693954938,"Reactome","FP_noCTC"
"R-HSA-9793380","Formation of paraxial mesoderm",-1.05085691857062,0.601766955100072,"Reactome","FP_noCTC"
"R-HSA-6798695","Neutrophil degranulation",1.13651412352997,0.604418657461927,"Reactome","FP_noCTC"
"R-HSA-5260271","Diseases of Immune System",-1.0475760483538,0.606322624840405,"Reactome","FP_noCTC"
"R-HSA-5602358","Diseases associated with the TLR signaling cascade",-1.0475760483538,0.606322624840405,"Reactome","FP_noCTC"
"R-HSA-76002","Platelet activation",0.257134548946038,0.175843694493783,"Reactome","FP_noCTC"
"R-HSA-909733","Interferon alpha/beta signaling",1.13041135746987,0.610010213939011,"Reactome","FP_noCTC"
"R-HSA-176187","Activation of ATR in response to replication stress",-1.04092066404053,0.615403245317593,"Reactome","FP_noCTC"
"R-HSA-191273","Cholesterol biosynthesis",-1.03853006232596,0.618272517978912,"Reactome","FP_noCTC"
"R-HSA-2173796","SMAD2/SMAD3:SMAD4 heterotrimer regulates transcription",1.11356077043976,0.622194671992906,"Reactome","FP_noCTC"
"R-HSA-9660826","Purinergic signaling in leishmaniasis infection",1.11708102524824,0.629149618715865,"Reactome","FP_noCTC"
"R-HSA-9664424","Cell recruitment (pro-inflammatory response)",1.11708102524824,0.629149618715865,"Reactome","FP_noCTC"
"R-HSA-211935","Fatty acids",-1.02096774218964,0.638066834718453,"Reactome","FP_noCTC"
"R-HSA-5689880","Ub-specific processing proteases",-1.01790811226366,0.641158987748184,"Reactome","FP_noCTC"
"R-HSA-3000480","Scavenging by Class A Receptors",1.08477854576322,0.647849430319506,"Reactome","FP_noCTC"
"R-HSA-6803157","Antimicrobial peptides",-1.01065328151083,0.648633271859078,"Reactome","FP_noCTC"
"R-HSA-9617324","Negative regulation of NMDA receptor-mediated neuronal transmission",-1.00686705739587,0.654539432488444,"Reactome","FP_noCTC"
"R-HSA-209776","Metabolism of amine-derived hormones",1.0735246129014,0.658096861872306,"Reactome","FP_noCTC"
"R-HSA-1296072","Voltage gated Potassium channels",1.06972529032535,0.661753315260513,"Reactome","FP_noCTC"
"R-HSA-3906995","Diseases associated with O-glycosylation of proteins",1.05816158118153,0.66629129525058,"Reactome","FP_noCTC"
"R-HSA-2187338","Visual phototransduction",-0.991801047167926,0.67728460101313,"Reactome","FP_noCTC"
"R-HSA-114608","Platelet degranulation",-0.986518006582557,0.680517021939602,"Reactome","FP_noCTC"
"R-HSA-5627123","RHO GTPases activate PAKs",1.04372840269006,0.686835361581224,"Reactome","FP_noCTC"
"R-HSA-2408508","Metabolism of ingested SeMet",NA,-0.980136198166097,"Reactome","FP_noCTC"
"R-HSA-177504","Retrograde neurotrophin signalling",-0.973428568397959,0.690825046833919,"Reactome","FP_noCTC"
"R-HSA-76005","Response to elevated platelet cytosolic Ca2+",-0.97766227431283,0.690964194982229,"Reactome","FP_noCTC"
"R-HSA-9006936","Signaling by TGFB family members",1.03910859137978,0.691244793445901,"Reactome","FP_noCTC"
"R-HSA-174824","Plasma lipoprotein assembly",NA,-0.974719682337594,"Reactome","FP_noCTC"
"R-HSA-451306","Ionotropic activity of kainate receptors",-0.969886741317191,0.694376415806475,"Reactome","FP_noCTC"
"R-HSA-451308","Activation of Ca-permeable Kainate Receptor",-0.969886741317191,0.694376415806475,"Reactome","FP_noCTC"
"R-HSA-446353","Cell-extracellular matrix interactions",1.03172969039611,0.698433183979916,"Reactome","FP_noCTC"
"R-HSA-112310","Neurotransmitter release cycle",-0.966020093212372,0.700464102987428,"Reactome","FP_noCTC"
"R-HSA-202424","Downstream TCR signaling",1.02857480894404,0.701942218995308,"Reactome","FP_noCTC"
"R-HSA-425366","Transport of bile salts and organic acids",0.287119214784121,0.404761904761905,"Reactome","FP_noCTC"
"R-HSA-5627117","RHO GTPases Activate ROCKs",1.01769445770611,0.716845919973612,"Reactome","FP_noCTC"
"R-HSA-5621480","Dectin-2 family",1.01262578058471,0.722388447858152,"Reactome","FP_noCTC"
"R-HSA-199977","ER to Golgi Anterograde Transport",-0.949551071780115,0.729199326704585,"Reactome","FP_noCTC"
"R-HSA-442755","Activation of NMDA receptors and postsynaptic events",-0.939921467135415,0.745304151026636,"Reactome","FP_noCTC"
"R-HSA-2173793","Transcriptional activity of SMAD2/SMAD3:SMAD4 heterotrimer",0.985944158024539,0.74709724910988,"Reactome","FP_noCTC"
"R-HSA-432720","Lysosome Vesicle Biogenesis",-0.931131715813122,0.758752072327244,"Reactome","FP_noCTC"
"R-HSA-9833482","PKR-mediated signaling",-0.916302484841657,0.780895333311126,"Reactome","FP_noCTC"
"R-HSA-5339562","Uptake and actions of bacterial toxins",-0.911409698922193,0.785127889138439,"Reactome","FP_noCTC"
"R-HSA-2980767","Activation of NIMA Kinases NEK9",NA,-0.910556313760334,"Reactome","FP_noCTC"
"R-HSA-5083632","Defective C1GALT1C1 causes TNPS",0.955530372866421,0.786769290729941,"Reactome","FP_noCTC"
"R-HSA-948021","Transport to the Golgi and subsequent modification",-0.906562424022744,0.791885680214261,"Reactome","FP_noCTC"
"R-HSA-438064","Post NMDA receptor activation events",-0.90463767847137,0.792386324070029,"Reactome","FP_noCTC"
"R-HSA-425397","Transport of vitamins",NA,-0.900247337118243,"Reactome","FP_noCTC"
"R-HSA-75205","Dissolution of Fibrin Clot",-0.899136733792658,0.794850969280653,"Reactome","FP_noCTC"
"R-HSA-8876384","Listeria monocytogenes entry into host cells",-0.893168427707237,0.798265611732202,"Reactome","FP_noCTC"
"R-HSA-6794361","Neurexins and neuroligins",-0.879674633470056,0.81893163642016,"Reactome","FP_noCTC"
"R-HSA-9661069","Defective binding of RB1 mutants to E2F1",NA,-0.866919830675243,"Reactome","FP_noCTC"
"R-HSA-112316","Neuronal System",0.919786304602174,0.840337268380636,"Reactome","FP_noCTC"
"R-HSA-3371497","HSP90 chaperone cycle for steroid hormone receptors (SHR) in the presence of ligand",-0.858682246800042,0.841307852892903,"Reactome","FP_noCTC"
"R-HSA-9022535","Loss of phosphorylation of MECP2 at T308",-0.849107130457229,0.849814039115986,"Reactome","FP_noCTC"
"R-HSA-5083636","Defective GALNT12 causes CRCS1",0.905240327932507,0.853066904307667,"Reactome","FP_noCTC"
"R-HSA-5682910","LGI-ADAM interactions",-0.837916437846738,0.866184995430305,"Reactome","FP_noCTC"
"R-HSA-977068","Termination of O-glycan biosynthesis",0.897735977922832,0.866238873983649,"Reactome","FP_noCTC"
"R-HSA-1236977","Endosomal/Vacuolar pathway",0.892109161829794,0.876253334034265,"Reactome","FP_noCTC"
"R-HSA-432722","Golgi Associated Vesicle Biogenesis",-0.824086596604011,0.888458976218929,"Reactome","FP_noCTC"
"R-HSA-5083625","Defective GALNT3 causes HFTC",0.877662201203559,0.898960451235585,"Reactome","FP_noCTC"
"R-HSA-1489509","DAG and IP3 signaling",0.875553526066664,0.902258788501766,"Reactome","FP_noCTC"
"R-HSA-418359","Reduction of cytosolic Ca++ levels",-0.803579275143487,0.910551725105175,"Reactome","FP_noCTC"
"R-HSA-1445148","Translocation of SLC2A4 (GLUT4) to the plasma membrane",-0.770895171891271,0.939866805060518,"Reactome","FP_noCTC"
"R-HSA-8964058","HDL remodeling",-0.757924825829838,0.943237828912489,"Reactome","FP_noCTC"
"R-HSA-442982","Ras activation upon Ca2+ influx through NMDA receptor",-0.766314150744741,0.943569089939722,"Reactome","FP_noCTC"
"R-HSA-6794362","Protein-protein interactions at synapses",-0.759066648430584,0.944702548042279,"Reactome","FP_noCTC"
"R-HSA-983170","Antigen Presentation: Folding",0.271443782267435,0.715105162523901,"Reactome","FP_noCTC"
"R-HSA-5140745","WNT5A-dependent internalization of FZD2",0.329440959384225,0.674858223062382,"Reactome","FP_noCTC"
"R-HSA-9716542","Signaling by Rho GTPases",0.168560243796102,0.99184339314845,"Reactome","FP_noCTC"
"R-HSA-438066","Unblocking of NMDA receptors",-0.244507781554042,0.882608695652174,"Reactome","FP_noCTC"
"R-HSA-112315","Transmission across Chemical Synapses",0.78589492210393,0.985332334351926,"Reactome","FP_noCTC"
"R-HSA-1855183","Synthesis of IP2",NA,0.778978390793689,"Reactome","FP_noCTC"
"R-HSA-111885","Opioid Signalling",-0.664442780802473,0.989732426446536,"Reactome","FP_noCTC"
"R-HSA-111996","Ca-dependent events",0.552105114758321,0.998484223765354,"Reactome","FP_noCTC"
"R-HSA-437239","Recycling pathway of L1",0.659343443369519,0.999054541149184,"Reactome","FP_noCTC"
"R-HSA-399719","Trafficking of AMPA receptors",0.665640996957474,0.999553863642679,"Reactome","FP_noCTC"
"R-HSA-399721","Glutamate binding",0.209363272887279,0.922495274102079,"Reactome","FP_noCTC"
"R-HSA-8849932","Synaptic adhesion-like molecules",-0.569108654437439,0.99958043423984,"Reactome","FP_noCTC"
"R-HSA-416993","Trafficking of GluR2-containing AMPA receptors",0.468198586954062,0.999782874064747,"Reactome","FP_noCTC"
"R-HSA-159854","Gamma-carboxylation",NA,0.717383624807126,"Reactome","FP_noCTC"
"R-HSA-442742","CREB1 phosphorylation through NMDA receptor-mediated activation of RAS signaling",0.744092191440903,1,"Reactome","FP_noCTC"
"R-HSA-168799","Neurotoxicity of clostridium toxins",-0.634934951509127,1,"Reactome","FP_noCTC"
"R-HSA-112040","G-protein mediated events",0.713549029154714,1,"Reactome","FP_noCTC"
"R-HSA-5576892","Phase 0 - rapid depolarisation",0.6271674710879,1,"Reactome","FP_noCTC"
"R-HSA-112043","PLC beta mediated events",0.671095385439462,1,"Reactome","FP_noCTC"
"R-HSA-112314","Neurotransmitter receptors and postsynaptic signal transmission",0.745244892621739,1,"Reactome","FP_noCTC"
"R-HSA-111933","Calmodulin induced events",0.576443485713774,1,"Reactome","FP_noCTC"
"R-HSA-111997","CaM pathway",0.576443485713774,1,"Reactome","FP_noCTC"
"R-HSA-9620244","Long-term potentiation",-0.4703956306902,1,"Reactome","FP_noCTC"
"R-HSA-5099900","WNT5A-dependent internalization of FZD4",0.42300897541228,1,"Reactome","FP_noCTC"
"R-HSA-420499","Class C/3 (Metabotropic glutamate/pheromone receptors)",2.30994538142213,0,"Reactome","IFG_CTCDT"
"R-HSA-9717189","Sensory perception of taste",2.2714682557748,0,"Reactome","IFG_CTCDT"
"R-HSA-9759194","Nuclear events mediated by NFE2L2",-2.29082746129006,0,"Reactome","IFG_CTCDT"
"R-HSA-450408","AUF1 (hnRNP D0) binds and destabilizes mRNA",-2.29572559703127,0,"Reactome","IFG_CTCDT"
"R-HSA-5676590","NIK-->noncanonical NF-kB signaling",-2.30010296193268,0,"Reactome","IFG_CTCDT"
"R-HSA-6799198","Complex I biogenesis",-2.30341135400895,0,"Reactome","IFG_CTCDT"
"R-HSA-5387390","Hh mutants abrogate ligand secretion",-2.30453728141584,0,"Reactome","IFG_CTCDT"
"R-HSA-5362768","Hh mutants are degraded by ERAD",-2.31116090091986,0,"Reactome","IFG_CTCDT"
"R-HSA-75815","Ubiquitin-dependent degradation of Cyclin D",-2.31716740763492,0,"Reactome","IFG_CTCDT"
"R-HSA-180585","Vif-mediated degradation of APOBEC3G",-2.32779311966722,0,"Reactome","IFG_CTCDT"
"R-HSA-174154","APC/C:Cdc20 mediated degradation of Securin",-2.34151093660442,0,"Reactome","IFG_CTCDT"
"R-HSA-9762114","GSK3B and BTRC:CUL1-mediated-degradation of NFE2L2",-2.34161356658781,0,"Reactome","IFG_CTCDT"
"R-HSA-449147","Signaling by Interleukins",-2.34354882170955,0,"Reactome","IFG_CTCDT"
"R-HSA-9711123","Cellular response to chemical stress",-2.35884540804106,0,"Reactome","IFG_CTCDT"
"R-HSA-2262752","Cellular responses to stress",-2.41660017123995,0,"Reactome","IFG_CTCDT"
"R-HSA-163200","Respiratory electron transport",NA,-2.42665889562607,"Reactome","IFG_CTCDT"
"R-HSA-8953897","Cellular responses to stimuli",-2.42939037885217,0,"Reactome","IFG_CTCDT"
"R-HSA-1428517","The citric acid (TCA) cycle and respiratory electron transport",-2.43582030371007,0,"Reactome","IFG_CTCDT"
"R-HSA-1236974","ER-Phagosome pathway",-2.43642710703154,0,"Reactome","IFG_CTCDT"
"R-HSA-71291","Metabolism of amino acids and derivatives",-2.44596320409751,0,"Reactome","IFG_CTCDT"
"R-HSA-1236975","Antigen processing-Cross presentation",-2.44966834588548,0,"Reactome","IFG_CTCDT"
"R-HSA-6783783","Interleukin-10 signaling",-2.47496164838019,0,"Reactome","IFG_CTCDT"
"R-HSA-9754678","SARS-CoV-2 modulates host translation machinery",-2.48620723199655,0,"Reactome","IFG_CTCDT"
"R-HSA-72695","Formation of the ternary complex",NA,-2.50466304140114,"Reactome","IFG_CTCDT"
"R-HSA-9031628","NGF-stimulated transcription",-2.520747928053,0,"Reactome","IFG_CTCDT"
"R-HSA-9735869","SARS-CoV-1 modulates host translation machinery",-2.53081761310261,0,"Reactome","IFG_CTCDT"
"R-HSA-611105","Respiratory electron transport",-2.53641633584416,0,"Reactome","IFG_CTCDT"
"R-HSA-6785807","Interleukin-4 and Interleukin-13 signaling",-2.53667441311349,0,"Reactome","IFG_CTCDT"
"R-HSA-72649","Translation initiation complex formation",-2.55672421542748,0,"Reactome","IFG_CTCDT"
"R-HSA-198725","Nuclear Events (kinase and transcription factor activation)",-2.56610601432112,0,"Reactome","IFG_CTCDT"
"R-HSA-72662","Activation of the mRNA upon binding of the cap-binding complex and eIFs",-0.706485941872664,0,"Reactome","IFG_CTCDT"
"R-HSA-72702","Ribosomal scanning and start codon recognition",-2.57759479677901,0,"Reactome","IFG_CTCDT"
"R-HSA-376176","Signaling by ROBO receptors",-2.63562472486167,0,"Reactome","IFG_CTCDT"
"R-HSA-927802","Nonsense-Mediated Decay (NMD)",-2.78291860944055,0,"Reactome","IFG_CTCDT"
"R-HSA-975957","Nonsense Mediated Decay (NMD) enhanced by the Exon Junction Complex (EJC)",-2.78291860944055,0,"Reactome","IFG_CTCDT"
"R-HSA-72312","rRNA processing",-2.80337691078344,0,"Reactome","IFG_CTCDT"
"R-HSA-9010553","Regulation of expression of SLITs and ROBOs",-2.83109452671746,0,"Reactome","IFG_CTCDT"
"R-HSA-6791226","Major pathway of rRNA processing in the nucleolus and cytosol",-2.83505247815571,0,"Reactome","IFG_CTCDT"
"R-HSA-9711097","Cellular response to starvation",-2.84173651164769,0,"Reactome","IFG_CTCDT"
"R-HSA-8868773","rRNA processing in the nucleus and cytosol",-2.8527119712456,0,"Reactome","IFG_CTCDT"
"R-HSA-168255","Influenza Infection",-2.86051444173139,0,"Reactome","IFG_CTCDT"
"R-HSA-168273","Influenza Viral RNA Transcription and Replication",-2.86619956426412,0,"Reactome","IFG_CTCDT"
"R-HSA-2408522","Selenoamino acid metabolism",-2.94222397490294,0,"Reactome","IFG_CTCDT"
"R-HSA-72764","Eukaryotic Translation Termination",-2.96822371339343,0,"Reactome","IFG_CTCDT"
"R-HSA-72689","Formation of a pool of free 40S subunits",-2.9752581074289,0,"Reactome","IFG_CTCDT"
"R-HSA-192823","Viral mRNA Translation",-2.97711797048616,0,"Reactome","IFG_CTCDT"
"R-HSA-72766","Translation",-2.98050575145698,0,"Reactome","IFG_CTCDT"
"R-HSA-975956","Nonsense Mediated Decay (NMD) independent of the Exon Junction Complex (EJC)",-2.98157571931802,0,"Reactome","IFG_CTCDT"
"R-HSA-156827","L13a-mediated translational silencing of Ceruloplasmin expression",-2.99542660877806,0,"Reactome","IFG_CTCDT"
"R-HSA-72613","Eukaryotic Translation Initiation",-2.99938356428389,0,"Reactome","IFG_CTCDT"
"R-HSA-72737","Cap-dependent Translation Initiation",-2.99938356428389,0,"Reactome","IFG_CTCDT"
"R-HSA-2408557","Selenocysteine synthesis",-3.0056153051599,0,"Reactome","IFG_CTCDT"
"R-HSA-72706","GTP hydrolysis and joining of the 60S ribosomal subunit",-3.02517340922675,0,"Reactome","IFG_CTCDT"
"R-HSA-156842","Eukaryotic Translation Elongation",-3.026784246242,0,"Reactome","IFG_CTCDT"
"R-HSA-156902","Peptide chain elongation",-3.02764475759275,0,"Reactome","IFG_CTCDT"
"R-HSA-9633012","Response of EIF2AK4 (GCN2) to amino acid deficiency",-3.06139130852444,0,"Reactome","IFG_CTCDT"
"R-HSA-1799339","SRP-dependent cotranslational protein targeting to membrane",-3.06741569028354,0,"Reactome","IFG_CTCDT"
"R-HSA-174084","Autodegradation of Cdh1 by Cdh1:APC/C",-2.26829897046307,2.07417147198055e-05,"Reactome","IFG_CTCDT"
"R-HSA-211733","Regulation of activated PAK-2p34 by proteasome mediated degradation",-2.26930965401001,2.10608180231871e-05,"Reactome","IFG_CTCDT"
"R-HSA-380994","ATF4 activates genes in response to endoplasmic reticulum  stress",-2.27071838925629,2.13898933047995e-05,"Reactome","IFG_CTCDT"
"R-HSA-174113","SCF-beta-TrCP mediated degradation of Emi1",-2.2747584818155,2.17294154207486e-05,"Reactome","IFG_CTCDT"
"R-HSA-169911","Regulation of Apoptosis",-2.27771422981872,2.20798898630188e-05,"Reactome","IFG_CTCDT"
"R-HSA-6798695","Neutrophil degranulation",-2.27943380954233,2.24418552706093e-05,"Reactome","IFG_CTCDT"
"R-HSA-5607761","Dectin-1 mediated noncanonical NF-kB signaling",-2.27970230192368,2.28158861917861e-05,"Reactome","IFG_CTCDT"
"R-HSA-4641258","Degradation of DVL",-2.27990623586361,2.32025961272401e-05,"Reactome","IFG_CTCDT"
"R-HSA-180534","Vpu mediated degradation of CD4",-2.28312850574076,2.36026408880546e-05,"Reactome","IFG_CTCDT"
"R-HSA-381042","PERK regulates gene expression",-2.28517590362282,2.40167223071432e-05,"Reactome","IFG_CTCDT"
"R-HSA-446652","Interleukin-1 family signaling",-2.28779044299095,2.44455923483422e-05,"Reactome","IFG_CTCDT"
"R-HSA-176409","APC/C:Cdc20 mediated degradation of mitotic proteins",-2.25523574985091,4.02633285737401e-05,"Reactome","IFG_CTCDT"
"R-HSA-5678895","Defective CFTR causes cystic fibrosis",-2.25702045140986,4.08642737763333e-05,"Reactome","IFG_CTCDT"
"R-HSA-1236978","Cross-presentation of soluble exogenous antigens (endosomes)",-2.23565269809963,7.71241223384318e-05,"Reactome","IFG_CTCDT"
"R-HSA-9020702","Interleukin-1 signaling",-2.23944081866353,7.82258955146951e-05,"Reactome","IFG_CTCDT"
"R-HSA-179419","APC:Cdc20 mediated degradation of cell cycle proteins prior to satisfation of the cell cycle checkpoint",-2.24883470565901,7.93596041453429e-05,"Reactome","IFG_CTCDT"
"R-HSA-9755511","KEAP1-NFE2L2 pathway",-2.21462789805117,8.77534084299465e-05,"Reactome","IFG_CTCDT"
"R-HSA-389957","Prefoldin mediated transfer of substrate  to CCT/TriC",-2.21745819161495,8.88930630848808e-05,"Reactome","IFG_CTCDT"
"R-HSA-5610785","GLI3 is processed to GLI3R by the proteasome",-2.21865197081926,9.00627086517872e-05,"Reactome","IFG_CTCDT"
"R-HSA-187577","SCF(Skp2)-mediated degradation of p27/p21",-2.21879481129095,9.12635447671443e-05,"Reactome","IFG_CTCDT"
"R-HSA-350562","Regulation of ornithine decarboxylase (ODC)",-2.22143394524545,9.24968359126463e-05,"Reactome","IFG_CTCDT"
"R-HSA-349425","Autodegradation of the E3 ubiquitin ligase COP1",-2.22788368713825,9.37639158566551e-05,"Reactome","IFG_CTCDT"
"R-HSA-351202","Metabolism of polyamines",-2.22817591461608,9.50661924657754e-05,"Reactome","IFG_CTCDT"
"R-HSA-187037","Signaling by NTRK1 (TRKA)",-2.17884960739312,0.000105304090115936,"Reactome","IFG_CTCDT"
"R-HSA-69052","Switching of origins to a post-replicative state",-2.17901845744548,0.000106474135561668,"Reactome","IFG_CTCDT"
"R-HSA-9604323","Negative regulation of NOTCH4 signaling",-2.17977985633983,0.000107670474163485,"Reactome","IFG_CTCDT"
"R-HSA-114608","Platelet degranulation",-2.18263440939462,0.000108894002278979,"Reactome","IFG_CTCDT"
"R-HSA-8852276","The role of GTSE1 in G2/M progression after G2 checkpoint",-2.1850880136473,0.000110145657477588,"Reactome","IFG_CTCDT"
"R-HSA-6790901","rRNA modification in the nucleus and cytosol",-2.1862368209375,0.00011142642093663,"Reactome","IFG_CTCDT"
"R-HSA-68949","Orc1 removal from chromatin",-2.18898361604549,0.000112737320006472,"Reactome","IFG_CTCDT"
"R-HSA-174178","APC/C:Cdh1 mediated degradation of Cdc20 and other APC/C:Cdh1 targeted proteins in late mitosis/early G1",-2.18977009273537,0.00011407943095893,"Reactome","IFG_CTCDT"
"R-HSA-389958","Cooperation of Prefoldin and TriC/CCT  in actin and tubulin folding",-2.19199116059406,0.000115453881934339,"Reactome","IFG_CTCDT"
"R-HSA-176814","Activation of APC/C and APC/C:Cdc20 mediated degradation of mitotic proteins",-2.19392380667606,0.00011686185610427,"Reactome","IFG_CTCDT"
"R-HSA-9692914","SARS-CoV-1-host interactions",-2.19524200129526,0.00011830459506852,"Reactome","IFG_CTCDT"
"R-HSA-174184","Cdc20:Phospho-APC/C mediated degradation of Cyclin A",-2.19662057369253,0.000119783402506877,"Reactome","IFG_CTCDT"
"R-HSA-8854050","FBXL7 down-regulates AURKA during mitotic entry and in early mitosis",-2.20872804556989,0.00012129964810823,"Reactome","IFG_CTCDT"
"R-HSA-69541","Stabilization of p53",-2.1761708699507,0.000132479339178113,"Reactome","IFG_CTCDT"
"R-HSA-162909","Host Interactions of HIV factors",-2.17770977220679,0.000133919331995266,"Reactome","IFG_CTCDT"
"R-HSA-5358346","Hedgehog ligand biogenesis",-2.17200788665189,0.000145633316117784,"Reactome","IFG_CTCDT"
"R-HSA-8949613","Cristae formation",-2.16151715083574,0.000216150500764289,"Reactome","IFG_CTCDT"
"R-HSA-5389840","Mitochondrial translation elongation",-2.15620783098222,0.000241579971442441,"Reactome","IFG_CTCDT"
"R-HSA-69601","Ubiquitin Mediated Degradation of Phosphorylated Cdc25A",-2.1562650951337,0.000243971852347812,"Reactome","IFG_CTCDT"
"R-HSA-69610","p53-Independent DNA Damage Response",-2.1562650951337,0.000243971852347812,"Reactome","IFG_CTCDT"
"R-HSA-69613","p53-Independent G1/S DNA damage checkpoint",-2.1562650951337,0.000243971852347812,"Reactome","IFG_CTCDT"
"R-HSA-166520","Signaling by NTRKs",-2.15636810541861,0.000251440378440091,"Reactome","IFG_CTCDT"
"R-HSA-76005","Response to elevated platelet cytosolic Ca2+",-2.15638641301887,0.000254032547289989,"Reactome","IFG_CTCDT"
"R-HSA-4641257","Degradation of AXIN",-2.15705508051699,0.000256678719657593,"Reactome","IFG_CTCDT"
"R-HSA-8941858","Regulation of RUNX3 expression and activity",-2.1525587552954,0.000265816149807216,"Reactome","IFG_CTCDT"
"R-HSA-174143","APC/C-mediated degradation of cell cycle proteins",-2.15050156617779,0.000286828283553882,"Reactome","IFG_CTCDT"
"R-HSA-453276","Regulation of mitotic cell cycle",-2.15050156617779,0.000286828283553882,"Reactome","IFG_CTCDT"
"R-HSA-8953854","Metabolism of RNA",-2.14581978879626,0.00030995166147332,"Reactome","IFG_CTCDT"
"R-HSA-5610783","Degradation of GLI2 by the proteasome",-2.13715960695077,0.000383818646216962,"Reactome","IFG_CTCDT"
"R-HSA-1280215","Cytokine Signaling in Immune system",-2.13617685933372,0.000392940262191871,"Reactome","IFG_CTCDT"
"R-HSA-8948751","Regulation of PTEN stability and activity",-2.13359455536239,0.000419318989470663,"Reactome","IFG_CTCDT"
"R-HSA-69017","CDK-mediated phosphorylation and removal of Cdc6",-2.13385438448784,0.000423130980284033,"Reactome","IFG_CTCDT"
"R-HSA-5368287","Mitochondrial translation",-2.13462297660295,0.000427012915882969,"Reactome","IFG_CTCDT"
"R-HSA-5419276","Mitochondrial translation termination",-2.1248029012446,0.000513357439315187,"Reactome","IFG_CTCDT"
"R-HSA-381119","Unfolded Protein Response (UPR)",-2.11823255256059,0.000545158342635597,"Reactome","IFG_CTCDT"
"R-HSA-9663891","Selective autophagy",-2.11710380567415,0.000552384613064295,"Reactome","IFG_CTCDT"
"R-HSA-69239","Synthesis of DNA",-2.11257811094779,0.000630908852955476,"Reactome","IFG_CTCDT"
"R-HSA-5668541","TNFR2 non-canonical NF-kB pathway",-2.10193178387167,0.000719880547085664,"Reactome","IFG_CTCDT"
"R-HSA-1169091","Activation of NF-kappaB in B cells",-2.10144623047093,0.000725428176354224,"Reactome","IFG_CTCDT"
"R-HSA-9824446","Viral Infection Pathways",-2.09755376341161,0.000746701729912999,"Reactome","IFG_CTCDT"
"R-HSA-5368286","Mitochondrial translation initiation",-2.09787361809661,0.000752924244328941,"Reactome","IFG_CTCDT"
"R-HSA-390450","Folding of actin by CCT/TriC",-2.09982340160183,0.000754084374135303,"Reactome","IFG_CTCDT"
"R-HSA-168249","Innate Immune System",-2.09793276239369,0.0007592513388191,"Reactome","IFG_CTCDT"
"R-HSA-176408","Regulation of APC/C activators between G1/S and early anaphase",-2.09583264307808,0.00077424400683602,"Reactome","IFG_CTCDT"
"R-HSA-9648895","Response of EIF2AK1 (HRI) to heme deficiency",-2.08981413890316,0.000883195594520752,"Reactome","IFG_CTCDT"
"R-HSA-380108","Chemokine receptors bind chemokines",-2.09046676932727,0.000890376046508725,"Reactome","IFG_CTCDT"
"R-HSA-381033","ATF6 (ATF6-alpha) activates chaperones",-2.07434160622968,0.00104040441034545,"Reactome","IFG_CTCDT"
"R-HSA-5610780","Degradation of GLI1 by the proteasome",-2.07013471558152,0.00106713672424574,"Reactome","IFG_CTCDT"
"R-HSA-381183","ATF6 (ATF6-alpha) activates chaperone genes",-2.07206938812981,0.00107560606332706,"Reactome","IFG_CTCDT"
"R-HSA-375276","Peptide ligand-binding receptors",-2.06076571060904,0.00124061381167837,"Reactome","IFG_CTCDT"
"R-HSA-9707564","Cytoprotection by HMOX1",-2.05409951534632,0.00137956521159637,"Reactome","IFG_CTCDT"
"R-HSA-1168372","Downstream signaling events of B Cell Receptor (BCR)",-2.05101888566655,0.00142160521656513,"Reactome","IFG_CTCDT"
"R-HSA-450531","Regulation of mRNA stability by proteins that bind AU-rich elements",-2.04232566788799,0.0015466035830768,"Reactome","IFG_CTCDT"
"R-HSA-9609507","Protein localization",-2.04012640089797,0.00155562860398541,"Reactome","IFG_CTCDT"
"R-HSA-9675108","Nervous system development",-2.03623159178638,0.00164686095820411,"Reactome","IFG_CTCDT"
"R-HSA-379716","Cytosolic tRNA aminoacylation",-2.03225954031538,0.00172651556705008,"Reactome","IFG_CTCDT"
"R-HSA-5663205","Infectious disease",-2.02960280655657,0.00181513050147987,"Reactome","IFG_CTCDT"
"R-HSA-389960","Formation of tubulin folding intermediates by CCT/TriC",-2.02823772573951,0.00181860932273215,"Reactome","IFG_CTCDT"
"R-HSA-5658442","Regulation of RAS by GAPs",-2.02855248730649,0.00182191561796174,"Reactome","IFG_CTCDT"
"R-HSA-9613829","Chaperone Mediated Autophagy",-2.02568304993031,0.00185153378592336,"Reactome","IFG_CTCDT"
"R-HSA-1222556","ROS and RNS production in phagocytes",-2.02627940341324,0.00185503074689739,"Reactome","IFG_CTCDT"
"R-HSA-69563","p53-Dependent G1 DNA Damage Response",-2.02350388502859,0.00191265088501356,"Reactome","IFG_CTCDT"
"R-HSA-69580","p53-Dependent G1/S DNA damage checkpoint",-2.02350388502859,0.00191265088501356,"Reactome","IFG_CTCDT"
"R-HSA-75205","Dissolution of Fibrin Clot",-2.02313001535459,0.00191846254316849,"Reactome","IFG_CTCDT"
"R-HSA-422475","Axon guidance",-2.01806083946642,0.00201992391040568,"Reactome","IFG_CTCDT"
"R-HSA-5668599","RHO GTPases Activate NADPH Oxidases",-2.01649869945626,0.0020724429957539,"Reactome","IFG_CTCDT"
"R-HSA-68867","Assembly of the pre-replicative complex",-2.00359883457264,0.0024753673786157,"Reactome","IFG_CTCDT"
"R-HSA-390466","Chaperonin-mediated protein folding",-2.00362102854339,0.00249243887777856,"Reactome","IFG_CTCDT"
"R-HSA-162906","HIV Infection",-1.98719721856414,0.00307316018093445,"Reactome","IFG_CTCDT"
"R-HSA-917937","Iron uptake and transport",-1.98537895186903,0.00312639305384744,"Reactome","IFG_CTCDT"
"R-HSA-5205685","PINK1-PRKN Mediated Mitophagy",-1.98254074064146,0.00323403702262095,"Reactome","IFG_CTCDT"
"R-HSA-1268020","Mitochondrial protein import",-1.9815098821442,0.00323653167038449,"Reactome","IFG_CTCDT"
"R-HSA-379724","tRNA Aminoacylation",-1.98173629106298,0.00324898219371034,"Reactome","IFG_CTCDT"
"R-HSA-9612973","Autophagy",-1.97712786718698,0.00355747699174559,"Reactome","IFG_CTCDT"
"R-HSA-447115","Interleukin-12 family signaling",-1.97580719432329,0.00364159438433605,"Reactome","IFG_CTCDT"
"R-HSA-1234176","Oxygen-dependent proline hydroxylation of Hypoxia-inducible Factor Alpha",-1.97320634135919,0.00381351240634139,"Reactome","IFG_CTCDT"
"R-HSA-9705683","SARS-CoV-2-host interactions",-1.96824725433698,0.00400087604317901,"Reactome","IFG_CTCDT"
"R-HSA-1234174","Cellular response to hypoxia",-1.96184884643108,0.00428236633138139,"Reactome","IFG_CTCDT"
"R-HSA-163210","Formation of ATP by chemiosmotic coupling",-1.95711976449049,0.00448179573346932,"Reactome","IFG_CTCDT"
"R-HSA-391251","Protein folding",-1.94925546496744,0.00490756797332757,"Reactome","IFG_CTCDT"
"R-HSA-6814122","Cooperation of PDCL (PhLP1) and TRiC/CCT in G-protein beta folding",-1.94880259162771,0.00492823141742579,"Reactome","IFG_CTCDT"
"R-HSA-174048","APC/C:Cdc20 mediated degradation of Cyclin B",-1.94953795181459,0.00492996426954163,"Reactome","IFG_CTCDT"
"R-HSA-179409","APC-Cdc20 mediated degradation of Nek2A",-1.94183967186372,0.00539130940383686,"Reactome","IFG_CTCDT"
"R-HSA-69202","Cyclin E associated events during G1/S transition",-1.94186451768455,0.00542479579764951,"Reactome","IFG_CTCDT"
"R-HSA-9678108","SARS-CoV-1 Infection",-1.93937130289308,0.00550100814317297,"Reactome","IFG_CTCDT"
"R-HSA-69615","G1/S DNA Damage Checkpoints",-1.93632092161625,0.00563441091931303,"Reactome","IFG_CTCDT"
"R-HSA-1632852","Macroautophagy",-1.93549261891122,0.00564074680307772,"Reactome","IFG_CTCDT"
"R-HSA-69242","S Phase",-1.93561166824879,0.00566663646145087,"Reactome","IFG_CTCDT"
"R-HSA-5686938","Regulation of TLR by endogenous ligand",-1.92193521899239,0.00680377923563441,"Reactome","IFG_CTCDT"
"R-HSA-2559582","Senescence-Associated Secretory Phenotype (SASP)",-1.9189021856456,0.00704847912710534,"Reactome","IFG_CTCDT"
"R-HSA-168256","Immune System",-1.91413569191548,0.00752519228597726,"Reactome","IFG_CTCDT"
"R-HSA-5603041","IRAK4 deficiency (TLR2/4)",-1.91069636645183,0.0077627697490171,"Reactome","IFG_CTCDT"
"R-HSA-5602498","MyD88 deficiency (TLR2/4)",-1.90611449844924,0.00824574132545252,"Reactome","IFG_CTCDT"
"R-HSA-5607764","CLEC7A (Dectin-1) signaling",-1.90484047026082,0.00826943223951131,"Reactome","IFG_CTCDT"
"R-HSA-2467813","Separation of Sister Chromatids",-1.90197434733089,0.00842737068008746,"Reactome","IFG_CTCDT"
"R-HSA-69656","Cyclin A:Cdk2-associated events at S phase entry",-1.90117621524177,0.00849695071969965,"Reactome","IFG_CTCDT"
"R-HSA-167160","RNA Pol II CTD phosphorylation and interaction with CE during HIV infection",-1.89906178142689,0.00857929175097956,"Reactome","IFG_CTCDT"
"R-HSA-77075","RNA Pol II CTD phosphorylation and interaction with CE",-1.89906178142689,0.00857929175097956,"Reactome","IFG_CTCDT"
"R-HSA-4608870","Asymmetric localization of PCP proteins",-1.89683782696345,0.00873964454126043,"Reactome","IFG_CTCDT"
"R-HSA-4086400","PCP/CE pathway",-1.88704012928232,0.00969738894676584,"Reactome","IFG_CTCDT"
"R-HSA-112409","RAF-independent MAPK1/3 activation",-1.88751831865643,0.00972110566733178,"Reactome","IFG_CTCDT"
"R-HSA-5656121","Translesion synthesis by POLI",-1.88290806252877,0.010099832287564,"Reactome","IFG_CTCDT"
"R-HSA-2871837","FCERI mediated NF-kB activation",-1.88131149751314,0.0101618446961878,"Reactome","IFG_CTCDT"
"R-HSA-5655862","Translesion synthesis by POLK",-1.88177260728156,0.0101877343758019,"Reactome","IFG_CTCDT"
"R-HSA-72086","mRNA Capping",-1.88031277883711,0.0102334860033978,"Reactome","IFG_CTCDT"
"R-HSA-5627117","RHO GTPases Activate ROCKs",-1.87553133711649,0.0107879461885076,"Reactome","IFG_CTCDT"
"R-HSA-77588","SLBP Dependent Processing of Replication-Dependent Histone Pre-mRNAs",-1.87223099495867,0.0111514185376286,"Reactome","IFG_CTCDT"
"R-HSA-3371497","HSP90 chaperone cycle for steroid hormone receptors (SHR) in the presence of ligand",-1.87064865221285,0.011319623536441,"Reactome","IFG_CTCDT"
"R-HSA-9020591","Interleukin-12 signaling",-1.86876961536918,0.0114713883409183,"Reactome","IFG_CTCDT"
"R-HSA-168179","Toll Like Receptor TLR1:TLR2 Cascade",-1.86630172602896,0.0117411274656779,"Reactome","IFG_CTCDT"
"R-HSA-181438","Toll Like Receptor 2 (TLR2) Cascade",-1.86630172602896,0.0117411274656779,"Reactome","IFG_CTCDT"
"R-HSA-110320","Translesion Synthesis by POLH",-1.85957288762368,0.0124639244253977,"Reactome","IFG_CTCDT"
"R-HSA-110312","Translesion synthesis by REV1",-1.85976708847007,0.0125007039608681,"Reactome","IFG_CTCDT"
"R-HSA-5205647","Mitophagy",-1.85658238830177,0.0128410659473146,"Reactome","IFG_CTCDT"
"R-HSA-9702518","STAT5 activation downstream of FLT3 ITD mutants",-1.85099333538313,0.0136966247366857,"Reactome","IFG_CTCDT"
"R-HSA-68882","Mitotic Anaphase",-1.84351424956088,0.0146774360656438,"Reactome","IFG_CTCDT"
"R-HSA-72165","mRNA Splicing - Minor Pathway",-1.83887069783785,0.0154024782476242,"Reactome","IFG_CTCDT"
"R-HSA-9022702","MECP2 regulates transcription of neuronal ligands",-1.8378699105383,0.015477552183979,"Reactome","IFG_CTCDT"
"R-HSA-2555396","Mitotic Metaphase and Anaphase",-1.83653534856669,0.0154781137481966,"Reactome","IFG_CTCDT"
"R-HSA-392499","Metabolism of proteins",-1.83660352532823,0.0155493721349475,"Reactome","IFG_CTCDT"
"R-HSA-76002","Platelet activation",-0.414759318553189,0,"Reactome","IFG_CTCDT"
"R-HSA-5260271","Diseases of Immune System",-1.83066213288028,0.0162571702506846,"Reactome","IFG_CTCDT"
"R-HSA-5602358","Diseases associated with the TLR signaling cascade",-1.83066213288028,0.0162571702506846,"Reactome","IFG_CTCDT"
"R-HSA-6781823","Formation of TC-NER Pre-Incision Complex",-1.82796054251073,0.0166104169473468,"Reactome","IFG_CTCDT"
"R-HSA-9646399","Aggrephagy",-1.82431459411683,0.0171962097898683,"Reactome","IFG_CTCDT"
"R-HSA-8939902","Regulation of RUNX2 expression and activity",-1.82355463737676,0.0172394151843231,"Reactome","IFG_CTCDT"
"R-HSA-8939242","RUNX1 regulates transcription of genes involved in differentiation of keratinocytes",-1.81706390287758,0.0182771942947079,"Reactome","IFG_CTCDT"
"R-HSA-9824272","Somitogenesis",-1.81460055345388,0.0186536483127214,"Reactome","IFG_CTCDT"
"R-HSA-8950505","Gene and protein expression by JAK-STAT signaling after Interleukin-12 stimulation",-1.81186290407659,0.0190600403109844,"Reactome","IFG_CTCDT"
"R-HSA-69002","DNA Replication Pre-Initiation",-1.81060731687778,0.0191391443404016,"Reactome","IFG_CTCDT"
"R-HSA-9725371","Nuclear events stimulated by ALK signaling in cancer",-1.81191747148918,0.019145504500064,"Reactome","IFG_CTCDT"
"R-HSA-8866427","VLDLR internalisation and degradation",-1.80811261514899,0.0195434362294213,"Reactome","IFG_CTCDT"
"R-HSA-69306","DNA Replication",-1.80431083756665,0.0204499544862113,"Reactome","IFG_CTCDT"
"R-HSA-71406","Pyruvate metabolism and Citric Acid (TCA) cycle",-1.79867087473994,0.0216320430403255,"Reactome","IFG_CTCDT"
"R-HSA-202424","Downstream TCR signaling",-1.79674018779528,0.0219996558970377,"Reactome","IFG_CTCDT"
"R-HSA-1247673","Erythrocytes take up oxygen and release carbon dioxide",-1.79599642885685,0.0220503812251645,"Reactome","IFG_CTCDT"
"R-HSA-166058","MyD88:MAL(TIRAP) cascade initiated on plasma membrane",-1.792216366644,0.0228412371764436,"Reactome","IFG_CTCDT"
"R-HSA-168188","Toll Like Receptor TLR6:TLR2 Cascade",-1.792216366644,0.0228412371764436,"Reactome","IFG_CTCDT"
"R-HSA-69206","G1/S Transition",-1.78798511660817,0.023720110252843,"Reactome","IFG_CTCDT"
"R-HSA-445355","Smooth Muscle Contraction",-1.78665748061581,0.024019476518417,"Reactome","IFG_CTCDT"
"R-HSA-77387","Insulin receptor recycling",-1.78257932872518,0.0249912090396605,"Reactome","IFG_CTCDT"
"R-HSA-195253","Degradation of beta-catenin by the destruction complex",-1.7812741649529,0.0250623734475927,"Reactome","IFG_CTCDT"
"R-HSA-69481","G2/M Checkpoints",-1.78147441736599,0.0251327357259884,"Reactome","IFG_CTCDT"
"R-HSA-209952","Peptide hormone biosynthesis",-1.77179183914263,0.0276688868493363,"Reactome","IFG_CTCDT"
"R-HSA-453279","Mitotic G1 phase and G1/S transition",-1.77105200219448,0.0276921424065866,"Reactome","IFG_CTCDT"
"R-HSA-111367","SLBP independent Processing of Histone Pre-mRNAs",-1.76950525808838,0.0279596462484164,"Reactome","IFG_CTCDT"
"R-HSA-5336415","Uptake and function of diphtheria toxin",-1.76063466504961,0.0307071406959852,"Reactome","IFG_CTCDT"
"R-HSA-197264","Nicotinamide salvaging",-1.75754185624613,0.03166764239221,"Reactome","IFG_CTCDT"
"R-HSA-917977","Transferrin endocytosis and recycling",-1.75071619445935,0.0334192690903898,"Reactome","IFG_CTCDT"
"R-HSA-390471","Association of TriC/CCT with target proteins during biosynthesis",-1.75008159985289,0.0334287604151444,"Reactome","IFG_CTCDT"
"R-HSA-3299685","Detoxification of Reactive Oxygen Species",-1.75072725895495,0.0335664905401272,"Reactome","IFG_CTCDT"
"R-HSA-9615710","Late endosomal microautophagy",-1.74846920682164,0.0338905189502687,"Reactome","IFG_CTCDT"
"R-HSA-5626467","RHO GTPases activate IQGAPs",-1.74571488498671,0.03459125394843,"Reactome","IFG_CTCDT"
"R-HSA-9637687","Suppression of phagosomal maturation",-1.74252149863877,0.0351832665531799,"Reactome","IFG_CTCDT"
"R-HSA-6811436","COPI-independent Golgi-to-ER retrograde traffic",-1.7425437469982,0.0353283923616849,"Reactome","IFG_CTCDT"
"R-HSA-9694516","SARS-CoV-2 Infection",-1.74292546033341,0.0353508553900837,"Reactome","IFG_CTCDT"
"R-HSA-113418","Formation of the Early Elongation Complex",-1.73715150825313,0.0369327323855344,"Reactome","IFG_CTCDT"
"R-HSA-167158","Formation of the HIV-1 Early Elongation Complex",-1.73715150825313,0.0369327323855344,"Reactome","IFG_CTCDT"
"R-HSA-6782135","Dual incision in TC-NER",-1.73583580351804,0.0372332157955071,"Reactome","IFG_CTCDT"
"R-HSA-450341","Activation of the AP-1 family of transcription factors",-1.72928144920449,0.0397053938777898,"Reactome","IFG_CTCDT"
"R-HSA-1643685","Disease",-1.72860286832814,0.0398313822370746,"Reactome","IFG_CTCDT"
"R-HSA-5687128","MAPK6/MAPK4 signaling",-1.72782679386881,0.0398707611201462,"Reactome","IFG_CTCDT"
"R-HSA-9674555","Signaling by CSF3 (G-CSF)",-1.72662754631853,0.039937228887771,"Reactome","IFG_CTCDT"
"R-HSA-9833482","PKR-mediated signaling",-1.72615980950531,0.0399700524767215,"Reactome","IFG_CTCDT"
"R-HSA-6781827","Transcription-Coupled Nucleotide Excision Repair (TC-NER)",-1.72679716159718,0.040051820797913,"Reactome","IFG_CTCDT"
"R-HSA-8951664","Neddylation",-1.72514480833412,0.0401428686153023,"Reactome","IFG_CTCDT"
"R-HSA-216083","Integrin cell surface interactions",-1.72370649075686,0.0405880646441961,"Reactome","IFG_CTCDT"
"R-HSA-8939236","RUNX1 regulates transcription of genes involved in differentiation of HSCs",-1.72312648620364,0.0407124447266115,"Reactome","IFG_CTCDT"
"R-HSA-5689603","UCH proteinases",-1.71945373112578,0.0419886203535963,"Reactome","IFG_CTCDT"
"R-HSA-71403","Citric acid cycle (TCA cycle)",-1.71785465954958,0.0425589877109687,"Reactome","IFG_CTCDT"
"R-HSA-9013694","Signaling by NOTCH4",-1.71665049255917,0.0428388880015415,"Reactome","IFG_CTCDT"
"R-HSA-173623","Classical antibody-mediated complement activation",-1.71370139247102,0.0437626949867411,"Reactome","IFG_CTCDT"
"R-HSA-983169","Class I MHC mediated antigen processing & presentation",-1.71191361918501,0.0441270103656853,"Reactome","IFG_CTCDT"
"R-HSA-6782210","Gap-filling DNA repair synthesis and ligation in TC-NER",-1.71203783793387,0.0442319132307694,"Reactome","IFG_CTCDT"
"R-HSA-8851708","Signaling by FGFR2 IIIa TM",-1.70846142613577,0.0453594246511643,"Reactome","IFG_CTCDT"
"R-HSA-166016","Toll Like Receptor 4 (TLR4) Cascade",-1.70715955150621,0.045746750077767,"Reactome","IFG_CTCDT"
"R-HSA-9705462","Inactivation of CSF3 (G-CSF) signaling",-1.70678355403112,0.0457552465911983,"Reactome","IFG_CTCDT"
"R-HSA-9660826","Purinergic signaling in leishmaniasis infection",-1.70548979262122,0.0460064145615073,"Reactome","IFG_CTCDT"
"R-HSA-9664424","Cell recruitment (pro-inflammatory response)",-1.70548979262122,0.0460064145615073,"Reactome","IFG_CTCDT"
"R-HSA-1237044","Erythrocytes take up carbon dioxide and release oxygen",-1.70222500619088,0.0469619649762207,"Reactome","IFG_CTCDT"
"R-HSA-1480926","O2/CO2 exchange in erythrocytes",-1.70222500619088,0.0469619649762207,"Reactome","IFG_CTCDT"
"R-HSA-5610787","Hedgehog 'off' state",-1.69895389368181,0.047892380877517,"Reactome","IFG_CTCDT"
"R-HSA-8949215","Mitochondrial calcium ion transport",-1.69902572795966,0.0480607867289131,"Reactome","IFG_CTCDT"
"R-HSA-69620","Cell Cycle Checkpoints",-1.69808864458253,0.0480753363780054,"Reactome","IFG_CTCDT"
"R-HSA-167161","HIV Transcription Initiation",-1.6950568966432,0.0482237927628323,"Reactome","IFG_CTCDT"
"R-HSA-167162","RNA Polymerase II HIV Promoter Escape",-1.6950568966432,0.0482237927628323,"Reactome","IFG_CTCDT"
"R-HSA-73776","RNA Polymerase II Promoter Escape",-1.6950568966432,0.0482237927628323,"Reactome","IFG_CTCDT"
"R-HSA-73779","RNA Polymerase II Transcription Pre-Initiation And Promoter Opening",-1.6950568966432,0.0482237927628323,"Reactome","IFG_CTCDT"
"R-HSA-75953","RNA Polymerase II Transcription Initiation",-1.6950568966432,0.0482237927628323,"Reactome","IFG_CTCDT"
"R-HSA-76042","RNA Polymerase II Transcription Initiation And Promoter Clearance",-1.6950568966432,0.0482237927628323,"Reactome","IFG_CTCDT"
"R-HSA-166786","Creation of C4 and C2 activators",-1.6965288158987,0.0486264658867678,"Reactome","IFG_CTCDT"
"R-HSA-1430728","Metabolism",-1.69124180139102,0.0499160887906964,"Reactome","IFG_CTCDT"
"R-HSA-9636383","Prevention of phagosomal-lysosomal fusion",-1.68755155997981,0.0508769189674421,"Reactome","IFG_CTCDT"
"R-HSA-9637628","Modulation by Mtb of host immune system",-1.68648736086179,0.051185858547777,"Reactome","IFG_CTCDT"
"R-HSA-5696395","Formation of Incision Complex in GG-NER",-1.68106750173788,0.0531035647537168,"Reactome","IFG_CTCDT"
"R-HSA-6807878","COPI-mediated anterograde transport",-1.67292618161033,0.0562824222356527,"Reactome","IFG_CTCDT"
"R-HSA-2132295","MHC class II antigen presentation",-1.67211394635832,0.0563391713682245,"Reactome","IFG_CTCDT"
"R-HSA-9703465","Signaling by FLT3 fusion proteins",-1.67240563107645,0.0564318293243908,"Reactome","IFG_CTCDT"
"R-HSA-879415","Advanced glycosylation endproduct receptor signaling",-1.67025348423514,0.0570108954126966,"Reactome","IFG_CTCDT"
"R-HSA-8856688","Golgi-to-ER retrograde transport",-1.66459079083835,0.0593260574082671,"Reactome","IFG_CTCDT"
"R-HSA-936964","Activation of IRF3",NA,-1.6641552773435,"Reactome","IFG_CTCDT"
"R-HSA-913531","Interferon Signaling",-1.66320253123582,0.0595377021944834,"Reactome","IFG_CTCDT"
"R-HSA-9707616","Heme signaling",-1.65239054140185,0.0642714264339023,"Reactome","IFG_CTCDT"
"R-HSA-5083625","Defective GALNT3 causes HFTC",1.92358074329683,0.0650077670314328,"Reactome","IFG_CTCDT"
"R-HSA-9818027","NFE2L2 regulating anti-oxidant/detoxification enzymes",-1.64905420366382,0.0655632421939218,"Reactome","IFG_CTCDT"
"R-HSA-174403","Glutathione synthesis and recycling",-1.64944339298894,0.065608688575387,"Reactome","IFG_CTCDT"
"R-HSA-381426","Regulation of Insulin-like Growth Factor (IGF) transport and uptake by Insulin-like Growth Factor Binding Proteins (IGFBPs)",-1.64752551726294,0.0662208280830399,"Reactome","IFG_CTCDT"
"R-HSA-8876725","Protein methylation",-1.64483922888199,0.0673970666065272,"Reactome","IFG_CTCDT"
"R-HSA-5083632","Defective C1GALT1C1 causes TNPS",1.89848745706388,0.0714062843257626,"Reactome","IFG_CTCDT"
"R-HSA-5619084","ABC transporter disorders",-1.63689114546257,0.0716328466476769,"Reactome","IFG_CTCDT"
"R-HSA-199977","ER to Golgi Anterograde Transport",-1.63529610520825,0.0720563089028722,"Reactome","IFG_CTCDT"
"R-HSA-909733","Interferon alpha/beta signaling",-1.63488081610579,0.0720713581469949,"Reactome","IFG_CTCDT"
"R-HSA-8957275","Post-translational protein phosphorylation",-1.6283915247398,0.0746541665233489,"Reactome","IFG_CTCDT"
"R-HSA-5689877","Josephin domain DUBs",-1.6262273584647,0.0755460962665919,"Reactome","IFG_CTCDT"
"R-HSA-162599","Late Phase of HIV Life Cycle",-1.61866288949808,0.0789042222658957,"Reactome","IFG_CTCDT"
"R-HSA-72163","mRNA Splicing - Major Pathway",-1.61732981601987,0.0794464892291917,"Reactome","IFG_CTCDT"
"R-HSA-3785653","Myoclonic epilepsy of Lafora",-1.61515467475066,0.0802820668337146,"Reactome","IFG_CTCDT"
"R-HSA-532668","N-glycan trimming in the ER and Calnexin/Calreticulin cycle",-1.60499909758869,0.0848625757202902,"Reactome","IFG_CTCDT"
"R-HSA-69275","G2/M Transition",-1.60171463227399,0.0869846992412075,"Reactome","IFG_CTCDT"
"R-HSA-176187","Activation of ATR in response to replication stress",-1.60107353537074,0.0871815753102866,"Reactome","IFG_CTCDT"
"R-HSA-9613354","Lipophagy",-1.59977165089598,0.0877701637635198,"Reactome","IFG_CTCDT"
"R-HSA-74259","Purine catabolism",-1.59870516906825,0.0878138374237755,"Reactome","IFG_CTCDT"
"R-HSA-70326","Glucose metabolism",-1.59436903220759,0.0890705354708279,"Reactome","IFG_CTCDT"
"R-HSA-453274","Mitotic G2-G2/M phases",-1.59568661144367,0.0892712289907544,"Reactome","IFG_CTCDT"
"R-HSA-446203","Asparagine N-linked glycosylation",-1.59273378292148,0.0899494567765089,"Reactome","IFG_CTCDT"
"R-HSA-8866654","E3 ubiquitin ligases ubiquitinate target proteins",-1.5923164131668,0.0900026668460193,"Reactome","IFG_CTCDT"
"R-HSA-5083636","Defective GALNT12 causes CRCS1",1.86869082205935,0.0906700091479609,"Reactome","IFG_CTCDT"
"R-HSA-70268","Pyruvate metabolism",-1.58933215647743,0.091715871373862,"Reactome","IFG_CTCDT"
"R-HSA-2168880","Scavenging of heme from plasma",-1.58163939632168,0.09602734445305,"Reactome","IFG_CTCDT"
"R-HSA-5627123","RHO GTPases activate PAKs",-1.57865553623757,0.0976572079605454,"Reactome","IFG_CTCDT"
"R-HSA-5675221","Negative regulation of MAPK pathway",-1.57871487715014,0.0978781905118002,"Reactome","IFG_CTCDT"
"R-HSA-877312","Regulation of IFNG signaling",-1.5742322256698,0.0997440936516506,"Reactome","IFG_CTCDT"
"R-HSA-8866652","Synthesis of active ubiquitin: roles of E1 and E2 enzymes",-1.56981299883366,0.102119305071169,"Reactome","IFG_CTCDT"
"R-HSA-8949664","Processing of SMDT1",-1.56981487694513,0.102406157051706,"Reactome","IFG_CTCDT"
"R-HSA-72172","mRNA Splicing",-1.56659271148172,0.103918417353519,"Reactome","IFG_CTCDT"
"R-HSA-8852135","Protein ubiquitination",-1.56598107895325,0.10413550722701,"Reactome","IFG_CTCDT"
"R-HSA-9637690","Response of Mtb to phagocytosis",-1.55685223867299,0.10866809795127,"Reactome","IFG_CTCDT"
"R-HSA-9708530","Regulation of BACH1 activity",-1.55690601934156,0.108938085487375,"Reactome","IFG_CTCDT"
"R-HSA-1236977","Endosomal/Vacuolar pathway",-1.55085638501203,0.112545662221402,"Reactome","IFG_CTCDT"
"R-HSA-5628897","TP53 Regulates Metabolic Genes",-1.55027620141323,0.112673677970985,"Reactome","IFG_CTCDT"
"R-HSA-977068","Termination of O-glycan biosynthesis",1.83360877534082,0.116617464581588,"Reactome","IFG_CTCDT"
"R-HSA-5661231","Metallothioneins bind metals",-1.54160006788704,0.117315684289818,"Reactome","IFG_CTCDT"
"R-HSA-9619483","Activation of AMPK downstream of NMDARs",-1.5411589172053,0.117417377143524,"Reactome","IFG_CTCDT"
"R-HSA-948021","Transport to the Golgi and subsequent modification",-1.53657479442557,0.119552879304421,"Reactome","IFG_CTCDT"
"R-HSA-901042","Calnexin/calreticulin cycle",-1.53295900393484,0.121348923313267,"Reactome","IFG_CTCDT"
"R-HSA-6803157","Antimicrobial peptides",-1.52682795643977,0.121752328981946,"Reactome","IFG_CTCDT"
"R-HSA-2173782","Binding and Uptake of Ligands by Scavenger Receptors",-1.51844314691703,0.126936266097659,"Reactome","IFG_CTCDT"
"R-HSA-983170","Antigen Presentation: Folding",-0.482954938749595,0.0273972602739726,"Reactome","IFG_CTCDT"
"R-HSA-9768919","NPAS4 regulates expression of target genes",-1.51765411915449,0.127352517372637,"Reactome","IFG_CTCDT"
"R-HSA-9609523","Insertion of tail-anchored proteins into the endoplasmic reticulum membrane",-1.47999124680447,0.150772503120759,"Reactome","IFG_CTCDT"
"R-HSA-70263","Gluconeogenesis",-1.48022634287127,0.150868505829254,"Reactome","IFG_CTCDT"
"R-HSA-69278","Cell Cycle",-0.305873265095426,0,"Reactome","IFG_CTCDT"
"R-HSA-177504","Retrograde neurotrophin signalling",-1.46478736758131,0.163032350219956,"Reactome","IFG_CTCDT"
"R-HSA-157579","Telomere Maintenance",-1.46522504290863,0.163391087071085,"Reactome","IFG_CTCDT"
"R-HSA-1474244","Extracellular matrix organization",-1.46295965449978,0.16363793743972,"Reactome","IFG_CTCDT"
"R-HSA-6811442","Intra-Golgi and retrograde Golgi-to-ER traffic",-1.45614512062109,0.16841087111641,"Reactome","IFG_CTCDT"
"R-HSA-210500","Glutamate Neurotransmitter Release Cycle",-1.45321790783966,0.170747404844409,"Reactome","IFG_CTCDT"
"R-HSA-1474228","Degradation of the extracellular matrix",-1.45182072921033,0.171810982987437,"Reactome","IFG_CTCDT"
"R-HSA-5689880","Ub-specific processing proteases",-1.44335788334138,0.178922179515986,"Reactome","IFG_CTCDT"
"R-HSA-5696399","Global Genome Nucleotide Excision Repair (GG-NER)",-1.44044630438537,0.181174571535038,"Reactome","IFG_CTCDT"
"R-HSA-5140745","WNT5A-dependent internalization of FZD2",-0.566269904610812,0.0968342644320298,"Reactome","IFG_CTCDT"
"R-HSA-5620971","Pyroptosis",-1.436296359541,0.183543042202451,"Reactome","IFG_CTCDT"
"R-HSA-212676","Dopamine Neurotransmitter Release Cycle",-1.43634895157836,0.18387974564423,"Reactome","IFG_CTCDT"
"R-HSA-9670095","Inhibition of DNA recombination at telomere",-1.43332386414067,0.184953525895681,"Reactome","IFG_CTCDT"
"R-HSA-9609736","Assembly and cell surface presentation of NMDA receptors",-1.43001017522924,0.187476019900012,"Reactome","IFG_CTCDT"
"R-HSA-264642","Acetylcholine Neurotransmitter Release Cycle",-1.42590115469201,0.189046046388193,"Reactome","IFG_CTCDT"
"R-HSA-9793380","Formation of paraxial mesoderm",-1.42073372856404,0.193206944189534,"Reactome","IFG_CTCDT"
"R-HSA-181429","Serotonin Neurotransmitter Release Cycle",-1.41790659725722,0.194462252311107,"Reactome","IFG_CTCDT"
"R-HSA-437239","Recycling pathway of L1",-1.41432201628496,0.197337988170707,"Reactome","IFG_CTCDT"
"R-HSA-2453902","The canonical retinoid cycle in rods (twilight vision)",-1.41283105565665,0.198309202527305,"Reactome","IFG_CTCDT"
"R-HSA-156581","Methylation",-1.4093569696173,0.200152695183031,"Reactome","IFG_CTCDT"
"R-HSA-1442490","Collagen degradation",-1.39728750955121,0.209249437152752,"Reactome","IFG_CTCDT"
"R-HSA-432722","Golgi Associated Vesicle Biogenesis",-1.38432493886447,0.22212998872602,"Reactome","IFG_CTCDT"
"R-HSA-1059683","Interleukin-6 signaling",-1.37581535006348,0.229357748336204,"Reactome","IFG_CTCDT"
"R-HSA-73884","Base Excision Repair",-1.37331574518907,0.232101850426585,"Reactome","IFG_CTCDT"
"R-HSA-400511","Synthesis",NA,-1.36010126446087,"Reactome","IFG_CTCDT"
"R-HSA-5625740","RHO GTPases activate PKNs",-1.35823802145285,0.242893142382531,"Reactome","IFG_CTCDT"
"R-HSA-877300","Interferon gamma signaling",-1.35859723153692,0.243720111153737,"Reactome","IFG_CTCDT"
"R-HSA-264876","Insulin processing",-1.35487368406723,0.244977658586196,"Reactome","IFG_CTCDT"
"R-HSA-9006936","Signaling by TGFB family members",-1.3550942827234,0.245112511435652,"Reactome","IFG_CTCDT"
"R-HSA-3000480","Scavenging by Class A Receptors",-1.34288498524522,0.256616064633336,"Reactome","IFG_CTCDT"
"R-HSA-446353","Cell-extracellular matrix interactions",-1.34205884143705,0.256750583808593,"Reactome","IFG_CTCDT"
"R-HSA-432720","Lysosome Vesicle Biogenesis",-1.33815061120704,0.258997558703208,"Reactome","IFG_CTCDT"
"R-HSA-9639288","Amino acids regulate mTORC1",-1.33717763281662,0.259407344962157,"Reactome","IFG_CTCDT"
"R-HSA-5696394","DNA Damage Recognition in GG-NER",-1.33618199835019,0.260335052282338,"Reactome","IFG_CTCDT"
"R-HSA-163841","Gamma carboxylation",NA,-0.375716541594917,"Reactome","IFG_CTCDT"
"R-HSA-2022090","Assembly of collagen fibrils and other multimeric structures",-1.32737804230305,0.269260269207097,"Reactome","IFG_CTCDT"
"R-HSA-983168","Antigen processing: Ubiquitination & Proteasome degradation",-1.31900021232878,0.277578448531355,"Reactome","IFG_CTCDT"
"R-HSA-3000171","Non-integrin membrane-ECM interactions",-1.31489529888705,0.279590261359189,"Reactome","IFG_CTCDT"
"R-HSA-1592230","Mitochondrial biogenesis",-1.30835749042163,0.285585711466258,"Reactome","IFG_CTCDT"
"R-HSA-3656225","Defective CHST6 causes MCDC1",1.68007576085292,0.289174999637576,"Reactome","IFG_CTCDT"
"R-HSA-8875360","InlB-mediated entry of Listeria monocytogenes into host cell",-1.30230591707067,0.292308797315362,"Reactome","IFG_CTCDT"
"R-HSA-180024","DARPP-32 events",-1.29749407841944,0.295496773117372,"Reactome","IFG_CTCDT"
"R-HSA-174577","Activation of C3 and C5",1.68441279948613,0.295753688271244,"Reactome","IFG_CTCDT"
"R-HSA-191273","Cholesterol biosynthesis",-1.29368437712426,0.299030170290573,"Reactome","IFG_CTCDT"
"R-HSA-2453864","Retinoid cycle disease events",-1.29244698861875,0.299346569172965,"Reactome","IFG_CTCDT"
"R-HSA-2474795","Diseases associated with visual transduction",-1.29244698861875,0.299346569172965,"Reactome","IFG_CTCDT"
"R-HSA-9675143","Diseases of the neuronal system",-1.29244698861875,0.299346569172965,"Reactome","IFG_CTCDT"
"R-HSA-9032845","Activated NTRK2 signals through CDK5",-1.28423701383763,0.307790183780488,"Reactome","IFG_CTCDT"
"R-HSA-166208","mTORC1-mediated signalling",-1.28261642274373,0.308321479200541,"Reactome","IFG_CTCDT"
"R-HSA-73772","RNA Polymerase I Promoter Escape",-1.28289022657482,0.308847647722772,"Reactome","IFG_CTCDT"
"R-HSA-174495","Synthesis And Processing Of GAG",-0.491466668956262,0.177949709864603,"Reactome","IFG_CTCDT"
"R-HSA-9661069","Defective binding of RB1 mutants to E2F1",NA,-1.27349112561728,"Reactome","IFG_CTCDT"
"R-HSA-917729","Endosomal Sorting Complex Required For Transport (ESCRT)",-1.27310260879162,0.317936785290611,"Reactome","IFG_CTCDT"
"R-HSA-162588","Budding and maturation of HIV virion",-1.27388488609646,0.318724386422517,"Reactome","IFG_CTCDT"
"R-HSA-1474290","Collagen formation",-1.25781059528441,0.331755046489993,"Reactome","IFG_CTCDT"
"R-HSA-1474151","Tetrahydrobiopterin (BH4) synthesis",NA,-1.25451985553537,"Reactome","IFG_CTCDT"
"R-HSA-198933","Immunoregulatory interactions between a Lymphoid and a non-Lymphoid cell",-1.25478247123818,0.333466630779303,"Reactome","IFG_CTCDT"
"R-HSA-429958","mRNA decay by 3' to 5' exoribonuclease",-1.2468655699814,0.340771277157182,"Reactome","IFG_CTCDT"
"R-HSA-1445148","Translocation of SLC2A4 (GLUT4) to the plasma membrane",-1.24708177561481,0.340945938232815,"Reactome","IFG_CTCDT"
"R-HSA-5620922","BBSome-mediated cargo-targeting to cilium",-1.24183810501681,0.347163399722071,"Reactome","IFG_CTCDT"
"R-HSA-442755","Activation of NMDA receptors and postsynaptic events",-1.24094606613176,0.348074869575254,"Reactome","IFG_CTCDT"
"R-HSA-168643","Nucleotide-binding domain",-0.345964347557333,0.151631477927063,"Reactome","IFG_CTCDT"
"R-HSA-8876384","Listeria monocytogenes entry into host cells",-1.23418605168859,0.355570117901568,"Reactome","IFG_CTCDT"
"R-HSA-112308","Presynaptic depolarization and calcium channel opening",1.59777848921491,0.362788247606461,"Reactome","IFG_CTCDT"
"R-HSA-3656243","Defective ST3GAL3 causes MCT12 and EIEE15",1.60015174617233,0.368987906351621,"Reactome","IFG_CTCDT"
"R-HSA-3000170","Syndecan interactions",-1.21468077474787,0.3724443002546,"Reactome","IFG_CTCDT"
"R-HSA-350054","Notch-HLH transcription pathway",1.60275423846829,0.374748594630099,"Reactome","IFG_CTCDT"
"R-HSA-975634","Retinoid metabolism and transport",-1.20909144777991,0.378491632041046,"Reactome","IFG_CTCDT"
"R-HSA-2173796","SMAD2/SMAD3:SMAD4 heterotrimer regulates transcription",-1.20826791735918,0.379312117290655,"Reactome","IFG_CTCDT"
"R-HSA-8941326","RUNX2 regulates bone development",1.57804373218487,0.383287742215591,"Reactome","IFG_CTCDT"
"R-HSA-9716542","Signaling by Rho GTPases",-0.243370053312856,0.0384615384615385,"Reactome","IFG_CTCDT"
"R-HSA-606279","Deposition of new CENPA-containing nucleosomes at the centromere",-1.18877545796339,0.399517144952753,"Reactome","IFG_CTCDT"
"R-HSA-774815","Nucleosome assembly",-1.18877545796339,0.399517144952753,"Reactome","IFG_CTCDT"
"R-HSA-170834","Signaling by TGF-beta Receptor Complex",-1.18551490833561,0.401958212587095,"Reactome","IFG_CTCDT"
"R-HSA-140877","Formation of Fibrin Clot (Clotting Cascade)",-1.18351247988915,0.40221632056262,"Reactome","IFG_CTCDT"
"R-HSA-982772","Growth hormone receptor signaling",-1.17964017858997,0.40490824034807,"Reactome","IFG_CTCDT"
"R-HSA-438064","Post NMDA receptor activation events",-1.17978905389856,0.405693707993159,"Reactome","IFG_CTCDT"
"R-HSA-174824","Plasma lipoprotein assembly",NA,-1.17824643588066,"Reactome","IFG_CTCDT"
"R-HSA-8948216","Collagen chain trimerization",-1.1689934789368,0.414255068518879,"Reactome","IFG_CTCDT"
"R-HSA-418038","Nucleotide-like (purinergic) receptors",1.53634146325489,0.419894047678369,"Reactome","IFG_CTCDT"
"R-HSA-73929","Base-Excision Repair",-0.339702512170262,0.221189591078067,"Reactome","IFG_CTCDT"
"R-HSA-181430","Norepinephrine Neurotransmitter Release Cycle",-1.16070266044358,0.423301433004509,"Reactome","IFG_CTCDT"
"R-HSA-171306","Packaging Of Telomere Ends",-1.15928479249568,0.423728523568506,"Reactome","IFG_CTCDT"
"R-HSA-110330","Recognition and association of DNA glycosylase with site containing an affected purine",-1.15529940879154,0.425012243837141,"Reactome","IFG_CTCDT"
"R-HSA-110331","Cleavage of the damaged purine",-1.15529940879154,0.425012243837141,"Reactome","IFG_CTCDT"
"R-HSA-73927","Depurination",-1.15529940879154,0.425012243837141,"Reactome","IFG_CTCDT"
"R-HSA-9610379","HCMV Late Events",-1.1554939697548,0.426231578902775,"Reactome","IFG_CTCDT"
"R-HSA-1650814","Collagen biosynthesis and modifying enzymes",-1.14453592419697,0.437196661154568,"Reactome","IFG_CTCDT"
"R-HSA-110328","Recognition and association of DNA glycosylase with site containing an affected pyrimidine",-1.14264342442161,0.438071457014865,"Reactome","IFG_CTCDT"
"R-HSA-110329","Cleavage of the damaged pyrimidine",-1.14264342442161,0.438071457014865,"Reactome","IFG_CTCDT"
"R-HSA-73928","Depyrimidination",-1.14264342442161,0.438071457014865,"Reactome","IFG_CTCDT"
"R-HSA-5339562","Uptake and actions of bacterial toxins",-1.13825266891626,0.444129814454538,"Reactome","IFG_CTCDT"
"R-HSA-6806667","Metabolism of fat-soluble vitamins",-1.12800068894892,0.458842858774947,"Reactome","IFG_CTCDT"
"R-HSA-3000157","Laminin interactions",-1.12418307047503,0.4609764704938,"Reactome","IFG_CTCDT"
"R-HSA-9010642","ROBO receptors bind AKAP5",-1.11663740023572,0.471896150174488,"Reactome","IFG_CTCDT"
"R-HSA-5099900","WNT5A-dependent internalization of FZD4",-1.11192924632431,0.477296944137926,"Reactome","IFG_CTCDT"
"R-HSA-3000178","ECM proteoglycans",-1.09563545767736,0.496819087182162,"Reactome","IFG_CTCDT"
"R-HSA-422085","Synthesis",NA,-1.09208664234978,"Reactome","IFG_CTCDT"
"R-HSA-977225","Amyloid fiber formation",-1.08722150139957,0.508322884362108,"Reactome","IFG_CTCDT"
"R-HSA-69473","G2/M DNA damage checkpoint",-1.08741625137179,0.508543488349744,"Reactome","IFG_CTCDT"
"R-HSA-3656244","Defective B4GALT1 causes B4GALT1-CDG (CDG-2d)",1.45093212385194,0.511025743595087,"Reactome","IFG_CTCDT"
"R-HSA-2187338","Visual phototransduction",-1.07498936212465,0.524598593828723,"Reactome","IFG_CTCDT"
"R-HSA-168799","Neurotoxicity of clostridium toxins",1.39492125636676,0.524774796204945,"Reactome","IFG_CTCDT"
"R-HSA-114604","GPVI-mediated activation cascade",-1.07013553686339,0.532533143361909,"Reactome","IFG_CTCDT"
"R-HSA-68616","Assembly of the ORC complex at the origin of replication",-1.06789715909582,0.534756726674312,"Reactome","IFG_CTCDT"
"R-HSA-5621480","Dectin-2 family",1.37444222710705,0.534759992792184,"Reactome","IFG_CTCDT"
"R-HSA-140837","Intrinsic Pathway of Fibrin Clot Formation",1.40066853664781,0.535335009207716,"Reactome","IFG_CTCDT"
"R-HSA-3906995","Diseases associated with O-glycosylation of proteins",1.40988834538112,0.537126542773962,"Reactome","IFG_CTCDT"
"R-HSA-211935","Fatty acids",1.40470841091493,0.538349492902052,"Reactome","IFG_CTCDT"
"R-HSA-381771","Synthesis",NA,-1.05528143634706,"Reactome","IFG_CTCDT"
"R-HSA-400508","Incretin synthesis",NA,-1.05528143634706,"Reactome","IFG_CTCDT"
"R-HSA-912446","Meiotic recombination",-1.05151750526303,0.552896365612575,"Reactome","IFG_CTCDT"
"R-HSA-452723","Transcriptional regulation of pluripotent stem cells",1.35485747541794,0.562335851221915,"Reactome","IFG_CTCDT"
"R-HSA-2173793","Transcriptional activity of SMAD2/SMAD3:SMAD4 heterotrimer",-1.04239896829178,0.56401012379674,"Reactome","IFG_CTCDT"
"R-HSA-112310","Neurotransmitter release cycle",-1.03880533335081,0.567178543757977,"Reactome","IFG_CTCDT"
"R-HSA-209776","Metabolism of amine-derived hormones",-1.02914365102436,0.580713277660167,"Reactome","IFG_CTCDT"
"R-HSA-9752946","Expression and translocation of olfactory receptors",1.31444645075151,0.586310942036052,"Reactome","IFG_CTCDT"
"R-HSA-166658","Complement cascade",-1.02092203187244,0.590193547625901,"Reactome","IFG_CTCDT"
"R-HSA-381753","Olfactory Signaling Pathway",1.3109662116549,0.591562564159942,"Reactome","IFG_CTCDT"
"R-HSA-888590","GABA synthesis",NA,-1.01375802265051,"Reactome","IFG_CTCDT"
"R-HSA-9619229","Activation of RAC1 downstream of NMDARs",-1.00991477093165,0.605612920028187,"Reactome","IFG_CTCDT"
"R-HSA-111932","CaMK IV-mediated phosphorylation of CREB",-1.00750584255191,0.608486821178922,"Reactome","IFG_CTCDT"
"R-HSA-8963898","Plasma lipoprotein assembly",1.28731406736644,0.610773412311777,"Reactome","IFG_CTCDT"
"R-HSA-2980767","Activation of NIMA Kinases NEK9",NA,1.29732543467491,"Reactome","IFG_CTCDT"
"R-HSA-111465","Apoptotic cleavage of cellular proteins",1.27755385779186,0.615071934944191,"Reactome","IFG_CTCDT"
"R-HSA-8940973","RUNX2 regulates osteoblast differentiation",1.27876004987077,0.62654826729591,"Reactome","IFG_CTCDT"
"R-HSA-8986944","Transcriptional Regulation by MECP2",-0.988544382993439,0.633504925112358,"Reactome","IFG_CTCDT"
"R-HSA-75892","Platelet Adhesion to exposed collagen",1.2409481742956,0.635349846405133,"Reactome","IFG_CTCDT"
"R-HSA-3781865","Diseases of glycosylation",1.23929616115054,0.635798129691002,"Reactome","IFG_CTCDT"
"R-HSA-1296072","Voltage gated Potassium channels",1.21755645592778,0.657836400062399,"Reactome","IFG_CTCDT"
"R-HSA-140875","Common Pathway of Fibrin Clot Formation",1.21407880649602,0.659805980155552,"Reactome","IFG_CTCDT"
"R-HSA-8941855","RUNX3 regulates CDKN1A transcription",-0.968991485155785,0.663613062750945,"Reactome","IFG_CTCDT"
"R-HSA-977606","Regulation of Complement cascade",-0.957157209567811,0.681673000566027,"Reactome","IFG_CTCDT"
"R-HSA-193807","Synthesis of bile acids and bile salts via 27-hydroxycholesterol",1.16236927367161,0.733042189533409,"Reactome","IFG_CTCDT"
"R-HSA-3560782","Diseases associated with glycosaminoglycan metabolism",1.14848153202038,0.734675813201003,"Reactome","IFG_CTCDT"
"R-HSA-2408508","Metabolism of ingested SeMet",NA,-0.915709429412427,"Reactome","IFG_CTCDT"
"R-HSA-2214320","Anchoring fibril formation",-0.912748042020468,0.750356834880923,"Reactome","IFG_CTCDT"
"R-HSA-111957","Cam-PDE 1 activation",-0.910232606127146,0.750857829921002,"Reactome","IFG_CTCDT"
"R-HSA-442729","CREB1 phosphorylation through the activation of CaMKII/CaMKK/CaMKIV cascasde",-0.911276644968726,0.751413803703624,"Reactome","IFG_CTCDT"
"R-HSA-9821993","Replacement of protamines by nucleosomes in the male pronucleus",-0.909151368860462,0.752415211200185,"Reactome","IFG_CTCDT"
"R-HSA-166663","Initial triggering of complement",1.13492563650156,0.752436508620306,"Reactome","IFG_CTCDT"
"R-HSA-425366","Transport of bile salts and organic acids",0.307074534875354,0.25754060324826,"Reactome","IFG_CTCDT"
"R-HSA-8875878","MET promotes cell motility",1.11627007707858,0.771293226254139,"Reactome","IFG_CTCDT"
"R-HSA-73728","RNA Polymerase I Promoter Opening",-0.892244017007966,0.777306740032505,"Reactome","IFG_CTCDT"
"R-HSA-2032785","YAP1- and WWTR1 (TAZ)-stimulated gene expression",1.10851665652369,0.78027563231208,"Reactome","IFG_CTCDT"
"R-HSA-264870","Caspase-mediated cleavage of cytoskeletal proteins",1.08212464312409,0.813778499018324,"Reactome","IFG_CTCDT"
"R-HSA-112315","Transmission across Chemical Synapses",-0.85196369755493,0.819261336259982,"Reactome","IFG_CTCDT"
"R-HSA-1296071","Potassium Channels",1.07165326120325,0.821163180021042,"Reactome","IFG_CTCDT"
"R-HSA-112043","PLC beta mediated events",-0.841233245915569,0.832262197322772,"Reactome","IFG_CTCDT"
"R-HSA-390666","Serotonin receptors",1.05774511664079,0.8391089730449,"Reactome","IFG_CTCDT"
"R-HSA-983695","Antigen activates B Cell Receptor (BCR) leading to generation of second messengers",1.06225103808691,0.839562560821008,"Reactome","IFG_CTCDT"
"R-HSA-112314","Neurotransmitter receptors and postsynaptic signal transmission",-0.828938452060596,0.847936714825551,"Reactome","IFG_CTCDT"
"R-HSA-8874081","MET activates PTK2 signaling",1.05236259931111,0.84884798588786,"Reactome","IFG_CTCDT"
"R-HSA-4411364","Binding of TCF/LEF:CTNNB1 to target gene promoters",1.04239145037702,0.855504517546539,"Reactome","IFG_CTCDT"
"R-HSA-9022535","Loss of phosphorylation of MECP2 at T308",-0.798377918899491,0.873918042625307,"Reactome","IFG_CTCDT"
"R-HSA-9796292","Formation of axial mesoderm",1.00159762092905,0.883707415093693,"Reactome","IFG_CTCDT"
"R-HSA-111885","Opioid Signalling",-0.784046398911425,0.88634911603034,"Reactome","IFG_CTCDT"
"R-HSA-8983711","OAS antiviral response",1.01547056969091,0.888209703436563,"Reactome","IFG_CTCDT"
"R-HSA-75158","TRAIL  signaling",0.995941070365102,0.890803061039886,"Reactome","IFG_CTCDT"
"R-HSA-9617324","Negative regulation of NMDA receptor-mediated neuronal transmission",-0.779356748995219,0.891224887803064,"Reactome","IFG_CTCDT"
"R-HSA-442982","Ras activation upon Ca2+ influx through NMDA receptor",-0.770137921853183,0.90079863178298,"Reactome","IFG_CTCDT"
"R-HSA-159854","Gamma-carboxylation",NA,-0.765156851692776,"Reactome","IFG_CTCDT"
"R-HSA-112040","G-protein mediated events",-0.764136160878303,0.905548308581998,"Reactome","IFG_CTCDT"
"R-HSA-416993","Trafficking of GluR2-containing AMPA receptors",-0.730986947911851,0.919752942959271,"Reactome","IFG_CTCDT"
"R-HSA-6794361","Neurexins and neuroligins",0.971829682866013,0.941769503564741,"Reactome","IFG_CTCDT"
"R-HSA-451306","Ionotropic activity of kainate receptors",-0.687485584293952,0.942551222811819,"Reactome","IFG_CTCDT"
"R-HSA-451308","Activation of Ca-permeable Kainate Receptor",-0.687485584293952,0.942551222811819,"Reactome","IFG_CTCDT"
"R-HSA-8951671","RUNX3 regulates YAP1-mediated transcription",-0.682863556449388,0.944655293395018,"Reactome","IFG_CTCDT"
"R-HSA-5682910","LGI-ADAM interactions",-0.673541620127062,0.948294154135879,"Reactome","IFG_CTCDT"
"R-HSA-418359","Reduction of cytosolic Ca++ levels",-0.667567500088715,0.951034995229268,"Reactome","IFG_CTCDT"
"R-HSA-111996","Ca-dependent events",-0.659333521601738,0.953683223533821,"Reactome","IFG_CTCDT"
"R-HSA-5576892","Phase 0 - rapid depolarisation",0.945465256296566,0.959424840718205,"Reactome","IFG_CTCDT"
"R-HSA-438066","Unblocking of NMDA receptors",-0.211417592458305,0.934740882917466,"Reactome","IFG_CTCDT"
"R-HSA-2243919","Crosslinking of collagen fibrils",0.925247504347705,0.980014341280854,"Reactome","IFG_CTCDT"
"R-HSA-8964058","HDL remodeling",0.921080203460798,0.988932762958985,"Reactome","IFG_CTCDT"
"R-HSA-111933","Calmodulin induced events",-0.502858025378069,0.992213881030031,"Reactome","IFG_CTCDT"
"R-HSA-111997","CaM pathway",-0.502858025378069,0.992213881030031,"Reactome","IFG_CTCDT"
"R-HSA-442742","CREB1 phosphorylation through NMDA receptor-mediated activation of RAS signaling",-0.506910811167079,0.992832292756813,"Reactome","IFG_CTCDT"
"R-HSA-9620244","Long-term potentiation",-0.484884088504831,0.993955234039176,"Reactome","IFG_CTCDT"
"R-HSA-1489509","DAG and IP3 signaling",0.47963955517654,0.998993951252491,"Reactome","IFG_CTCDT"
"R-HSA-1855183","Synthesis of IP2",NA,0.887697514548238,"Reactome","IFG_CTCDT"
"R-HSA-8951430","RUNX3 regulates WNT signaling",0.837007210379193,1,"Reactome","IFG_CTCDT"
"R-HSA-3560783","Defective B4GALT7 causes EDS",0.290219031815027,0.695278969957082,"Reactome","IFG_CTCDT"
"R-HSA-5633008","TP53 Regulates Transcription of Cell Death Genes",0.864457372767382,1,"Reactome","IFG_CTCDT"
"R-HSA-1566948","Elastic fibre formation",0.838273340686366,1,"Reactome","IFG_CTCDT"
"R-HSA-202427","Phosphorylation of CD3 and TCR zeta chains",0.79229092619038,1,"Reactome","IFG_CTCDT"
"R-HSA-6794362","Protein-protein interactions at synapses",0.874318082082899,1,"Reactome","IFG_CTCDT"
"R-HSA-2129379","Molecules associated with elastic fibres",0.802497773351993,1,"Reactome","IFG_CTCDT"
"R-HSA-445095","Interaction between L1 and Ankyrins",0.765849114669081,1,"Reactome","IFG_CTCDT"
"R-HSA-425397","Transport of vitamins",NA,0.768893773021501,"Reactome","IFG_CTCDT"
"R-HSA-202433","Generation of second messenger molecules",0.754677447670344,1,"Reactome","IFG_CTCDT"
"R-HSA-389948","PD-1 signaling",0.700375664159093,1,"Reactome","IFG_CTCDT"
"R-HSA-977443","GABA receptor activation",0.748071983888115,1,"Reactome","IFG_CTCDT"
"R-HSA-202430","Translocation of ZAP-70 to Immunological synapse",0.63037649128037,1,"Reactome","IFG_CTCDT"
"R-HSA-8849932","Synaptic adhesion-like molecules",0.637104231109077,1,"Reactome","IFG_CTCDT"
"R-HSA-399719","Trafficking of AMPA receptors",0.628385667498736,1,"Reactome","IFG_CTCDT"
"R-HSA-399721","Glutamate binding",0.19295268444831,0.956340956340956,"Reactome","IFG_CTCDT"
"R-HSA-112316","Neuronal System",0.777132232200652,1,"Reactome","IFG_CTCDT"
"R-HSA-420499","Class C/3 (Metabotropic glutamate/pheromone receptors)",2.28952096557621,0,"Reactome","IFG_noCTC"
"R-HSA-69541","Stabilization of p53",-2.3469623300636,0,"Reactome","IFG_noCTC"
"R-HSA-8852276","The role of GTSE1 in G2/M progression after G2 checkpoint",-2.35733673551526,0,"Reactome","IFG_noCTC"
"R-HSA-5607761","Dectin-1 mediated noncanonical NF-kB signaling",-2.358459102237,0,"Reactome","IFG_noCTC"
"R-HSA-174178","APC/C:Cdh1 mediated degradation of Cdc20 and other APC/C:Cdh1 targeted proteins in late mitosis/early G1",-2.36867754586186,0,"Reactome","IFG_noCTC"
"R-HSA-8948751","Regulation of PTEN stability and activity",-2.37067495118022,0,"Reactome","IFG_noCTC"
"R-HSA-174184","Cdc20:Phospho-APC/C mediated degradation of Cyclin A",-2.3746332438046,0,"Reactome","IFG_noCTC"
"R-HSA-176814","Activation of APC/C and APC/C:Cdc20 mediated degradation of mitotic proteins",-2.37852041524675,0,"Reactome","IFG_noCTC"
"R-HSA-68867","Assembly of the pre-replicative complex",-2.39657395580211,0,"Reactome","IFG_noCTC"
"R-HSA-5610785","GLI3 is processed to GLI3R by the proteasome",-2.40153217502653,0,"Reactome","IFG_noCTC"
"R-HSA-5358346","Hedgehog ligand biogenesis",-2.41907808233642,0,"Reactome","IFG_noCTC"
"R-HSA-72695","Formation of the ternary complex",NA,-2.42903142826867,"Reactome","IFG_noCTC"
"R-HSA-1236978","Cross-presentation of soluble exogenous antigens (endosomes)",-2.43321423287687,0,"Reactome","IFG_noCTC"
"R-HSA-4641257","Degradation of AXIN",-2.43431155814085,0,"Reactome","IFG_noCTC"
"R-HSA-5676590","NIK-->noncanonical NF-kB signaling",-2.43578161620122,0,"Reactome","IFG_noCTC"
"R-HSA-163210","Formation of ATP by chemiosmotic coupling",-2.43849982991245,0,"Reactome","IFG_noCTC"
"R-HSA-389957","Prefoldin mediated transfer of substrate  to CCT/TriC",-2.44297385907775,0,"Reactome","IFG_noCTC"
"R-HSA-179419","APC:Cdc20 mediated degradation of cell cycle proteins prior to satisfation of the cell cycle checkpoint",-2.44404032351254,0,"Reactome","IFG_noCTC"
"R-HSA-8854050","FBXL7 down-regulates AURKA during mitotic entry and in early mitosis",-2.44650918487391,0,"Reactome","IFG_noCTC"
"R-HSA-72649","Translation initiation complex formation",-2.44656760769118,0,"Reactome","IFG_noCTC"
"R-HSA-450408","AUF1 (hnRNP D0) binds and destabilizes mRNA",-2.45008684498081,0,"Reactome","IFG_noCTC"
"R-HSA-389958","Cooperation of Prefoldin and TriC/CCT  in actin and tubulin folding",-2.45916608289212,0,"Reactome","IFG_noCTC"
"R-HSA-72662","Activation of the mRNA upon binding of the cap-binding complex and eIFs",-0.59443048391165,0,"Reactome","IFG_noCTC"
"R-HSA-9031628","NGF-stimulated transcription",-2.4624541038943,0,"Reactome","IFG_noCTC"
"R-HSA-69601","Ubiquitin Mediated Degradation of Phosphorylated Cdc25A",-2.46276575107334,0,"Reactome","IFG_noCTC"
"R-HSA-69610","p53-Independent DNA Damage Response",-2.46276575107334,0,"Reactome","IFG_noCTC"
"R-HSA-69613","p53-Independent G1/S DNA damage checkpoint",-2.46276575107334,0,"Reactome","IFG_noCTC"
"R-HSA-198725","Nuclear Events (kinase and transcription factor activation)",-2.46865069286282,0,"Reactome","IFG_noCTC"
"R-HSA-176409","APC/C:Cdc20 mediated degradation of mitotic proteins",-2.47849596926545,0,"Reactome","IFG_noCTC"
"R-HSA-349425","Autodegradation of the E3 ubiquitin ligase COP1",-2.48381467939921,0,"Reactome","IFG_noCTC"
"R-HSA-8949613","Cristae formation",-2.48773274621669,0,"Reactome","IFG_noCTC"
"R-HSA-350562","Regulation of ornithine decarboxylase (ODC)",-2.49456745196897,0,"Reactome","IFG_noCTC"
"R-HSA-9604323","Negative regulation of NOTCH4 signaling",-2.50307978308634,0,"Reactome","IFG_noCTC"
"R-HSA-180534","Vpu mediated degradation of CD4",-2.50388974009185,0,"Reactome","IFG_noCTC"
"R-HSA-211733","Regulation of activated PAK-2p34 by proteasome mediated degradation",-2.52295540674066,0,"Reactome","IFG_noCTC"
"R-HSA-75815","Ubiquitin-dependent degradation of Cyclin D",-2.52533426590972,0,"Reactome","IFG_noCTC"
"R-HSA-72702","Ribosomal scanning and start codon recognition",-2.52552934333555,0,"Reactome","IFG_noCTC"
"R-HSA-351202","Metabolism of polyamines",-2.53233001946128,0,"Reactome","IFG_noCTC"
"R-HSA-174113","SCF-beta-TrCP mediated degradation of Emi1",-2.53290546335696,0,"Reactome","IFG_noCTC"
"R-HSA-5368286","Mitochondrial translation initiation",-2.5341828164398,0,"Reactome","IFG_noCTC"
"R-HSA-174084","Autodegradation of Cdh1 by Cdh1:APC/C",-2.54129178127763,0,"Reactome","IFG_noCTC"
"R-HSA-5678895","Defective CFTR causes cystic fibrosis",-2.54772621229763,0,"Reactome","IFG_noCTC"
"R-HSA-169911","Regulation of Apoptosis",-2.5506273348758,0,"Reactome","IFG_noCTC"
"R-HSA-5389840","Mitochondrial translation elongation",-2.55084741509561,0,"Reactome","IFG_noCTC"
"R-HSA-9762114","GSK3B and BTRC:CUL1-mediated-degradation of NFE2L2",-2.55310078048556,0,"Reactome","IFG_noCTC"
"R-HSA-5419276","Mitochondrial translation termination",-2.5549677043873,0,"Reactome","IFG_noCTC"
"R-HSA-5368287","Mitochondrial translation",-2.56358251100643,0,"Reactome","IFG_noCTC"
"R-HSA-376176","Signaling by ROBO receptors",-2.58119957939409,0,"Reactome","IFG_noCTC"
"R-HSA-927802","Nonsense-Mediated Decay (NMD)",-2.581612662138,0,"Reactome","IFG_noCTC"
"R-HSA-975957","Nonsense Mediated Decay (NMD) enhanced by the Exon Junction Complex (EJC)",-2.581612662138,0,"Reactome","IFG_noCTC"
"R-HSA-5362768","Hh mutants are degraded by ERAD",-2.59728005091409,0,"Reactome","IFG_noCTC"
"R-HSA-4641258","Degradation of DVL",-2.60063136341866,0,"Reactome","IFG_noCTC"
"R-HSA-5387390","Hh mutants abrogate ligand secretion",-2.60089408671128,0,"Reactome","IFG_noCTC"
"R-HSA-174154","APC/C:Cdc20 mediated degradation of Securin",-2.60573191778943,0,"Reactome","IFG_noCTC"
"R-HSA-6799198","Complex I biogenesis",-2.61821080145587,0,"Reactome","IFG_noCTC"
"R-HSA-180585","Vif-mediated degradation of APOBEC3G",-2.62395515236991,0,"Reactome","IFG_noCTC"
"R-HSA-168255","Influenza Infection",-2.66167949261791,0,"Reactome","IFG_noCTC"
"R-HSA-72312","rRNA processing",-2.73687135958988,0,"Reactome","IFG_noCTC"
"R-HSA-2408522","Selenoamino acid metabolism",-2.74125782594429,0,"Reactome","IFG_noCTC"
"R-HSA-9711097","Cellular response to starvation",-2.75024198999675,0,"Reactome","IFG_noCTC"
"R-HSA-6791226","Major pathway of rRNA processing in the nucleolus and cytosol",-2.75262002793161,0,"Reactome","IFG_noCTC"
"R-HSA-168273","Influenza Viral RNA Transcription and Replication",-2.75723372652477,0,"Reactome","IFG_noCTC"
"R-HSA-8868773","rRNA processing in the nucleus and cytosol",-2.76995497848562,0,"Reactome","IFG_noCTC"
"R-HSA-975956","Nonsense Mediated Decay (NMD) independent of the Exon Junction Complex (EJC)",-2.78231277935964,0,"Reactome","IFG_noCTC"
"R-HSA-9010553","Regulation of expression of SLITs and ROBOs",-2.81391425738029,0,"Reactome","IFG_noCTC"
"R-HSA-72764","Eukaryotic Translation Termination",-2.84489483798688,0,"Reactome","IFG_noCTC"
"R-HSA-156902","Peptide chain elongation",-2.84576326798921,0,"Reactome","IFG_noCTC"
"R-HSA-192823","Viral mRNA Translation",-2.85731732007849,0,"Reactome","IFG_noCTC"
"R-HSA-156842","Eukaryotic Translation Elongation",-2.87309638862521,0,"Reactome","IFG_noCTC"
"R-HSA-72689","Formation of a pool of free 40S subunits",-2.87577559592062,0,"Reactome","IFG_noCTC"
"R-HSA-2408557","Selenocysteine synthesis",-2.88984876608351,0,"Reactome","IFG_noCTC"
"R-HSA-163200","Respiratory electron transport",NA,-2.89032284193948,"Reactome","IFG_noCTC"
"R-HSA-156827","L13a-mediated translational silencing of Ceruloplasmin expression",-2.89425500643097,0,"Reactome","IFG_noCTC"
"R-HSA-1799339","SRP-dependent cotranslational protein targeting to membrane",-2.914323236155,0,"Reactome","IFG_noCTC"
"R-HSA-72613","Eukaryotic Translation Initiation",-2.92120951066725,0,"Reactome","IFG_noCTC"
"R-HSA-72737","Cap-dependent Translation Initiation",-2.92120951066725,0,"Reactome","IFG_noCTC"
"R-HSA-1428517","The citric acid (TCA) cycle and respiratory electron transport",-2.93416816636518,0,"Reactome","IFG_noCTC"
"R-HSA-72706","GTP hydrolysis and joining of the 60S ribosomal subunit",-2.93825251092215,0,"Reactome","IFG_noCTC"
"R-HSA-9633012","Response of EIF2AK4 (GCN2) to amino acid deficiency",-2.94790465218941,0,"Reactome","IFG_noCTC"
"R-HSA-611105","Respiratory electron transport",-2.98779542513338,0,"Reactome","IFG_noCTC"
"R-HSA-72766","Translation",-3.14420369591037,0,"Reactome","IFG_noCTC"
"R-HSA-6783783","Interleukin-10 signaling",-2.33015015693405,2.05107686865309e-05,"Reactome","IFG_noCTC"
"R-HSA-77387","Insulin receptor recycling",-2.34005297672696,2.07639880530313e-05,"Reactome","IFG_noCTC"
"R-HSA-5610780","Degradation of GLI1 by the proteasome",-2.30056626016244,3.86639777539204e-05,"Reactome","IFG_noCTC"
"R-HSA-68949","Orc1 removal from chromatin",-2.30067826662847,3.91135588905939e-05,"Reactome","IFG_noCTC"
"R-HSA-5658442","Regulation of RAS by GAPs",-2.30146305803222,3.95737184069538e-05,"Reactome","IFG_noCTC"
"R-HSA-69017","CDK-mediated phosphorylation and removal of Cdc6",-2.31417820708886,4.00448341022747e-05,"Reactome","IFG_noCTC"
"R-HSA-5610783","Degradation of GLI2 by the proteasome",-2.32239923611382,4.0527301983025e-05,"Reactome","IFG_noCTC"
"R-HSA-69481","G2/M Checkpoints",-2.29245127857447,5.66926864818721e-05,"Reactome","IFG_noCTC"
"R-HSA-1268020","Mitochondrial protein import",-2.29259351644293,5.73369215555297e-05,"Reactome","IFG_noCTC"
"R-HSA-8941858","Regulation of RUNX3 expression and activity",-2.28876510231118,7.47503569909128e-05,"Reactome","IFG_noCTC"
"R-HSA-9754678","SARS-CoV-2 modulates host translation machinery",-2.27808908860888,9.04238189406203e-05,"Reactome","IFG_noCTC"
"R-HSA-187577","SCF(Skp2)-mediated degradation of p27/p21",-2.27988177177402,9.1406686537801e-05,"Reactome","IFG_noCTC"
"R-HSA-379716","Cytosolic tRNA aminoacylation",-2.28619675250019,9.24111556206339e-05,"Reactome","IFG_noCTC"
"R-HSA-389960","Formation of tubulin folding intermediates by CCT/TriC",-2.27568780763795,0.000107354236103971,"Reactome","IFG_noCTC"
"R-HSA-69052","Switching of origins to a post-replicative state",-2.2717222475872,0.000123928223432303,"Reactome","IFG_noCTC"
"R-HSA-187037","Signaling by NTRK1 (TRKA)",-2.26325538819465,0.000140156919357961,"Reactome","IFG_noCTC"
"R-HSA-1169091","Activation of NF-kappaB in B cells",-2.24497131731755,0.000148401444026077,"Reactome","IFG_noCTC"
"R-HSA-6790901","rRNA modification in the nucleus and cytosol",-2.24565768956205,0.000149870765254058,"Reactome","IFG_noCTC"
"R-HSA-174143","APC/C-mediated degradation of cell cycle proteins",-2.24589300510533,0.000151369472906598,"Reactome","IFG_noCTC"
"R-HSA-453276","Regulation of mitotic cell cycle",-2.24589300510533,0.000151369472906598,"Reactome","IFG_noCTC"
"R-HSA-71291","Metabolism of amino acids and derivatives",-2.25243083990569,0.00015445864582306,"Reactome","IFG_noCTC"
"R-HSA-176408","Regulation of APC/C activators between G1/S and early anaphase",-2.25413772241485,0.000156051002996493,"Reactome","IFG_noCTC"
"R-HSA-71403","Citric acid cycle (TCA cycle)",-2.23003195691194,0.000195947537743169,"Reactome","IFG_noCTC"
"R-HSA-212676","Dopamine Neurotransmitter Release Cycle",-2.21796146537517,0.000307267092438608,"Reactome","IFG_noCTC"
"R-HSA-162909","Host Interactions of HIV factors",-2.21104815505501,0.000315353068555413,"Reactome","IFG_noCTC"
"R-HSA-8953854","Metabolism of RNA",-2.21343082481089,0.000318194087191048,"Reactome","IFG_noCTC"
"R-HSA-2262752","Cellular responses to stress",-2.21655296416044,0.000320358672818198,"Reactome","IFG_noCTC"
"R-HSA-5205685","PINK1-PRKN Mediated Mitophagy",-2.21346762042676,0.000321086760710966,"Reactome","IFG_noCTC"
"R-HSA-6811436","COPI-independent Golgi-to-ER retrograde traffic",-2.2136570488282,0.000324032510809232,"Reactome","IFG_noCTC"
"R-HSA-450531","Regulation of mRNA stability by proteins that bind AU-rich elements",-2.21415986341648,0.000327032811835243,"Reactome","IFG_noCTC"
"R-HSA-380994","ATF4 activates genes in response to endoplasmic reticulum  stress",-2.21492242456998,0.000330089193254264,"Reactome","IFG_noCTC"
"R-HSA-9735869","SARS-CoV-1 modulates host translation machinery",-2.21513800381671,0.000333203242247229,"Reactome","IFG_noCTC"
"R-HSA-9609507","Protein localization",-2.19940071097024,0.000354080638378008,"Reactome","IFG_noCTC"
"R-HSA-1222556","ROS and RNS production in phagocytes",-2.20060362667946,0.000357214095354804,"Reactome","IFG_noCTC"
"R-HSA-1236974","ER-Phagosome pathway",-2.19139422613699,0.000380251815997252,"Reactome","IFG_noCTC"
"R-HSA-1168372","Downstream signaling events of B Cell Receptor (BCR)",-2.18816045559256,0.000391472774758444,"Reactome","IFG_noCTC"
"R-HSA-166520","Signaling by NTRKs",-2.18022202993562,0.000392439374202292,"Reactome","IFG_noCTC"
"R-HSA-390466","Chaperonin-mediated protein folding",-2.18102642503768,0.000395737184069538,"Reactome","IFG_noCTC"
"R-HSA-9711123","Cellular response to chemical stress",-2.17138656466781,0.000396541527939598,"Reactome","IFG_noCTC"
"R-HSA-5628897","TP53 Regulates Metabolic Genes",-2.18120804854647,0.00039909088901928,"Reactome","IFG_noCTC"
"R-HSA-5205647","Mitophagy",-2.17518618007506,0.000399791868332546,"Reactome","IFG_noCTC"
"R-HSA-917977","Transferrin endocytosis and recycling",-2.18455428112019,0.000402501922258761,"Reactome","IFG_noCTC"
"R-HSA-8953897","Cellular responses to stimuli",-2.17769645721382,0.000403095933360088,"Reactome","IFG_noCTC"
"R-HSA-381042","PERK regulates gene expression",-2.16768379846897,0.000434034330914978,"Reactome","IFG_noCTC"
"R-HSA-391251","Protein folding",-2.15998347405937,0.000450267898409829,"Reactome","IFG_noCTC"
"R-HSA-4086400","PCP/CE pathway",-2.16178446120854,0.000453841453159113,"Reactome","IFG_noCTC"
"R-HSA-1632852","Macroautophagy",-2.1641970645375,0.000457472184784386,"Reactome","IFG_noCTC"
"R-HSA-69563","p53-Dependent G1 DNA Damage Response",-2.14870383220576,0.000534551971504783,"Reactome","IFG_noCTC"
"R-HSA-69580","p53-Dependent G1/S DNA damage checkpoint",-2.14870383220576,0.000534551971504783,"Reactome","IFG_noCTC"
"R-HSA-1236975","Antigen processing-Cross presentation",-2.14587918810454,0.000539229674476432,"Reactome","IFG_noCTC"
"R-HSA-69002","DNA Replication Pre-Initiation",-2.14703085511181,0.000543377595049328,"Reactome","IFG_noCTC"
"R-HSA-9824272","Somitogenesis",-2.14419742072431,0.000543766694651941,"Reactome","IFG_noCTC"
"R-HSA-162906","HIV Infection",-2.14419774332332,0.000547886139308395,"Reactome","IFG_noCTC"
"R-HSA-390450","Folding of actin by CCT/TriC",-2.14168029684276,0.000548169284600027,"Reactome","IFG_noCTC"
"R-HSA-8939902","Regulation of RUNX2 expression and activity",-2.14292664260415,0.000552260100156744,"Reactome","IFG_noCTC"
"R-HSA-917937","Iron uptake and transport",-2.14062654979337,0.000556505415097788,"Reactome","IFG_noCTC"
"R-HSA-9612973","Autophagy",-2.12515732710467,0.000650655479647179,"Reactome","IFG_noCTC"
"R-HSA-9663891","Selective autophagy",-2.11531327021381,0.000768860814763674,"Reactome","IFG_noCTC"
"R-HSA-8949215","Mitochondrial calcium ion transport",-2.11558441083556,0.000774392187531758,"Reactome","IFG_noCTC"
"R-HSA-9609736","Assembly and cell surface presentation of NMDA receptors",-2.1107904489754,0.000775336149639787,"Reactome","IFG_noCTC"
"R-HSA-71406","Pyruvate metabolism and Citric Acid (TCA) cycle",-2.11698610499069,0.000780003725122568,"Reactome","IFG_noCTC"
"R-HSA-69239","Synthesis of DNA",-2.10919189906295,0.000805408776028849,"Reactome","IFG_noCTC"
"R-HSA-379724","tRNA Aminoacylation",-2.10354385403427,0.000835060806244638,"Reactome","IFG_noCTC"
"R-HSA-1234174","Cellular response to hypoxia",-2.10340075747629,0.000840941516147769,"Reactome","IFG_noCTC"
"R-HSA-442755","Activation of NMDA receptors and postsynaptic events",-2.10218372557914,0.000869939499463209,"Reactome","IFG_noCTC"
"R-HSA-6785807","Interleukin-4 and Interleukin-13 signaling",-2.09365340902993,0.000990698224502851,"Reactome","IFG_noCTC"
"R-HSA-5668541","TNFR2 non-canonical NF-kB pathway",-2.0848580804741,0.00116702087955201,"Reactome","IFG_noCTC"
"R-HSA-69615","G1/S DNA Damage Checkpoints",-2.08216146709089,0.00127277634876419,"Reactome","IFG_noCTC"
"R-HSA-1234176","Oxygen-dependent proline hydroxylation of Hypoxia-inducible Factor Alpha",-2.0786012643526,0.00130938544796163,"Reactome","IFG_noCTC"
"R-HSA-9648895","Response of EIF2AK1 (HRI) to heme deficiency",-2.06758783323839,0.00152490728261462,"Reactome","IFG_noCTC"
"R-HSA-6814122","Cooperation of PDCL (PhLP1) and TRiC/CCT in G-protein beta folding",-2.05827366996134,0.00170415962874978,"Reactome","IFG_noCTC"
"R-HSA-9759194","Nuclear events mediated by NFE2L2",-2.05505400994663,0.00174827315199141,"Reactome","IFG_noCTC"
"R-HSA-8951664","Neddylation",-2.05173195277304,0.00178081732831292,"Reactome","IFG_noCTC"
"R-HSA-69306","DNA Replication",-2.04663409899598,0.00190030940012613,"Reactome","IFG_noCTC"
"R-HSA-181429","Serotonin Neurotransmitter Release Cycle",-2.03919958815921,0.00224612766248501,"Reactome","IFG_noCTC"
"R-HSA-4608870","Asymmetric localization of PCP proteins",-2.03545180234037,0.0023179798201509,"Reactome","IFG_noCTC"
"R-HSA-75892","Platelet Adhesion to exposed collagen",2.1420633374936,0.0023846182106012,"Reactome","IFG_noCTC"
"R-HSA-9717189","Sensory perception of taste",2.10757436471334,0.0023846182106012,"Reactome","IFG_noCTC"
"R-HSA-5083625","Defective GALNT3 causes HFTC",2.11132617683268,0.00253365684876377,"Reactome","IFG_noCTC"
"R-HSA-422475","Axon guidance",-2.02135658090912,0.0028388471564224,"Reactome","IFG_noCTC"
"R-HSA-9022702","MECP2 regulates transcription of neuronal ligands",-2.01396641956002,0.00307635567299627,"Reactome","IFG_noCTC"
"R-HSA-8856688","Golgi-to-ER retrograde transport",-2.01123650957113,0.0031098969276408,"Reactome","IFG_noCTC"
"R-HSA-9617324","Negative regulation of NMDA receptor-mediated neuronal transmission",-2.00847880874018,0.00321660129926522,"Reactome","IFG_noCTC"
"R-HSA-9707564","Cytoprotection by HMOX1",-1.99484732380653,0.00392787590151008,"Reactome","IFG_noCTC"
"R-HSA-112315","Transmission across Chemical Synapses",-1.9936428863624,0.0039415909100423,"Reactome","IFG_noCTC"
"R-HSA-9675108","Nervous system development",-1.99411789162038,0.00394515773007595,"Reactome","IFG_noCTC"
"R-HSA-264642","Acetylcholine Neurotransmitter Release Cycle",-1.99183771679405,0.00402011066256007,"Reactome","IFG_noCTC"
"R-HSA-8949664","Processing of SMDT1",-1.99014901358134,0.00404259837280674,"Reactome","IFG_noCTC"
"R-HSA-6807878","COPI-mediated anterograde transport",-1.99036812007291,0.00406709896900557,"Reactome","IFG_noCTC"
"R-HSA-5621480","Dectin-2 family",2.05942162738981,0.0040879169324592,"Reactome","IFG_noCTC"
"R-HSA-9020702","Interleukin-1 signaling",-1.97906412824917,0.00452506625355704,"Reactome","IFG_noCTC"
"R-HSA-9670095","Inhibition of DNA recombination at telomere",-1.97914693392818,0.00455216245866816,"Reactome","IFG_noCTC"
"R-HSA-8939236","RUNX1 regulates transcription of genes involved in differentiation of HSCs",-1.97781057932494,0.00458785844904286,"Reactome","IFG_noCTC"
"R-HSA-72165","mRNA Splicing - Minor Pathway",-1.97643738012838,0.00460044476480838,"Reactome","IFG_noCTC"
"R-HSA-977068","Termination of O-glycan biosynthesis",2.06052116703055,0.00466987732909401,"Reactome","IFG_noCTC"
"R-HSA-167160","RNA Pol II CTD phosphorylation and interaction with CE during HIV infection",-1.97202391830288,0.00475229740520716,"Reactome","IFG_noCTC"
"R-HSA-77075","RNA Pol II CTD phosphorylation and interaction with CE",-1.97202391830288,0.00475229740520716,"Reactome","IFG_noCTC"
"R-HSA-110320","Translesion Synthesis by POLH",-1.9711352862118,0.00478315868144165,"Reactome","IFG_noCTC"
"R-HSA-9755511","KEAP1-NFE2L2 pathway",-1.96761784960468,0.00501665111357117,"Reactome","IFG_noCTC"
"R-HSA-69202","Cyclin E associated events during G1/S transition",-1.96420298290528,0.00521864278020844,"Reactome","IFG_noCTC"
"R-HSA-375276","Peptide ligand-binding receptors",-1.95788290580856,0.0057050236947752,"Reactome","IFG_noCTC"
"R-HSA-3371497","HSP90 chaperone cycle for steroid hormone receptors (SHR) in the presence of ligand",-1.95656351032558,0.00572030274260968,"Reactome","IFG_noCTC"
"R-HSA-2871837","FCERI mediated NF-kB activation",-1.95236803384152,0.0059810784238375,"Reactome","IFG_noCTC"
"R-HSA-5689877","Josephin domain DUBs",-1.94845288590749,0.00624833640489683,"Reactome","IFG_noCTC"
"R-HSA-2467813","Separation of Sister Chromatids",-1.94295377700969,0.00658814955744495,"Reactome","IFG_noCTC"
"R-HSA-112314","Neurotransmitter receptors and postsynaptic signal transmission",-1.94245421340349,0.00659815651131326,"Reactome","IFG_noCTC"
"R-HSA-5689603","UCH proteinases",-1.9429940556333,0.00662475038831965,"Reactome","IFG_noCTC"
"R-HSA-5083636","Defective GALNT12 causes CRCS1",2.02402885705673,0.00678125803639716,"Reactome","IFG_noCTC"
"R-HSA-171306","Packaging Of Telomere Ends",-1.93607635964969,0.00711144021264091,"Reactome","IFG_noCTC"
"R-HSA-70263","Gluconeogenesis",-1.93560912806366,0.0071366388127135,"Reactome","IFG_noCTC"
"R-HSA-5696395","Formation of Incision Complex in GG-NER",-1.9360824784614,0.00715030054167174,"Reactome","IFG_noCTC"
"R-HSA-180024","DARPP-32 events",-1.92910347414796,0.0076679398461646,"Reactome","IFG_noCTC"
"R-HSA-5083632","Defective C1GALT1C1 causes TNPS",2.00648014599418,0.00768376978971497,"Reactome","IFG_noCTC"
"R-HSA-438064","Post NMDA receptor activation events",-1.92722693949009,0.0077798332777307,"Reactome","IFG_noCTC"
"R-HSA-6781823","Formation of TC-NER Pre-Incision Complex",-1.92280643469604,0.00799337041138353,"Reactome","IFG_noCTC"
"R-HSA-195253","Degradation of beta-catenin by the destruction complex",-1.92317685537475,0.00800896682045494,"Reactome","IFG_noCTC"
"R-HSA-380108","Chemokine receptors bind chemokines",-1.92370696498697,0.00802472914877179,"Reactome","IFG_noCTC"
"R-HSA-210500","Glutamate Neurotransmitter Release Cycle",-1.92165242445122,0.00803957700777919,"Reactome","IFG_noCTC"
"R-HSA-72086","mRNA Capping",-1.92070864571389,0.0080853022854624,"Reactome","IFG_noCTC"
"R-HSA-5625740","RHO GTPases activate PKNs",-1.91307107979108,0.00881479209746687,"Reactome","IFG_noCTC"
"R-HSA-72163","mRNA Splicing - Major Pathway",-1.91328563282909,0.00885155966996775,"Reactome","IFG_noCTC"
"R-HSA-9824446","Viral Infection Pathways",-1.9136681651408,0.00886256499401327,"Reactome","IFG_noCTC"
"R-HSA-69656","Cyclin A:Cdk2-associated events at S phase entry",-1.91155767867943,0.0089500204218584,"Reactome","IFG_noCTC"
"R-HSA-9768919","NPAS4 regulates expression of target genes",-1.89749095171992,0.010158573515065,"Reactome","IFG_noCTC"
"R-HSA-110330","Recognition and association of DNA glycosylase with site containing an affected purine",-1.8975785938702,0.010209621623181,"Reactome","IFG_noCTC"
"R-HSA-110331","Cleavage of the damaged purine",-1.8975785938702,0.010209621623181,"Reactome","IFG_noCTC"
"R-HSA-73927","Depurination",-1.8975785938702,0.010209621623181,"Reactome","IFG_noCTC"
"R-HSA-112409","RAF-independent MAPK1/3 activation",-1.8950914622213,0.010400898552952,"Reactome","IFG_noCTC"
"R-HSA-179409","APC-Cdc20 mediated degradation of Nek2A",-1.89360736232065,0.0104992797214093,"Reactome","IFG_noCTC"
"R-HSA-8852135","Protein ubiquitination",-1.8923188105234,0.0105282580011833,"Reactome","IFG_noCTC"
"R-HSA-69620","Cell Cycle Checkpoints",-1.89265303394675,0.0105304105125499,"Reactome","IFG_noCTC"
"R-HSA-8875360","InlB-mediated entry of Listeria monocytogenes into host cell",-1.8901685733227,0.0106655997169961,"Reactome","IFG_noCTC"
"R-HSA-5656121","Translesion synthesis by POLI",-1.88973724984179,0.010687305287742,"Reactome","IFG_noCTC"
"R-HSA-9637687","Suppression of phagosomal maturation",-1.88529370773207,0.0111020452083739,"Reactome","IFG_noCTC"
"R-HSA-191273","Cholesterol biosynthesis",-1.88542409891702,0.0111394281994067,"Reactome","IFG_noCTC"
"R-HSA-888590","GABA synthesis",NA,-1.88067435830686,"Reactome","IFG_noCTC"
"R-HSA-977606","Regulation of Complement cascade",1.96802657260997,0.0122807837845962,"Reactome","IFG_noCTC"
"R-HSA-381119","Unfolded Protein Response (UPR)",-1.87481578619868,0.0123818627044233,"Reactome","IFG_noCTC"
"R-HSA-199977","ER to Golgi Anterograde Transport",-1.87213422664598,0.0127536154107719,"Reactome","IFG_noCTC"
"R-HSA-177504","Retrograde neurotrophin signalling",-1.86713887081234,0.0132725958161813,"Reactome","IFG_noCTC"
"R-HSA-5687128","MAPK6/MAPK4 signaling",-1.86479111033501,0.0135656105609565,"Reactome","IFG_noCTC"
"R-HSA-110312","Translesion synthesis by REV1",-1.85914527597072,0.0142331316424636,"Reactome","IFG_noCTC"
"R-HSA-9013694","Signaling by NOTCH4",-1.85364404884782,0.0149883157668756,"Reactome","IFG_noCTC"
"R-HSA-69473","G2/M DNA damage checkpoint",-1.84499097001113,0.016183280052687,"Reactome","IFG_noCTC"
"R-HSA-72172","mRNA Splicing",-1.84539025585513,0.0162192701679241,"Reactome","IFG_noCTC"
"R-HSA-442982","Ras activation upon Ca2+ influx through NMDA receptor",-1.84097814674548,0.0166498740366061,"Reactome","IFG_noCTC"
"R-HSA-5655862","Translesion synthesis by POLK",-1.8410355539369,0.0166953893664566,"Reactome","IFG_noCTC"
"R-HSA-390471","Association of TriC/CCT with target proteins during biosynthesis",-1.83554973962034,0.0175833226103624,"Reactome","IFG_noCTC"
"R-HSA-5607764","CLEC7A (Dectin-1) signaling",-1.83449261132163,0.0176940183261861,"Reactome","IFG_noCTC"
"R-HSA-948021","Transport to the Golgi and subsequent modification",-1.83357845705098,0.0177314215646942,"Reactome","IFG_noCTC"
"R-HSA-68882","Mitotic Anaphase",-1.83377939729078,0.0177431083857484,"Reactome","IFG_noCTC"
"R-HSA-9639288","Amino acids regulate mTORC1",-1.83155460969526,0.0180201753460236,"Reactome","IFG_noCTC"
"R-HSA-2555396","Mitotic Metaphase and Anaphase",-1.82919270387986,0.0183890839504525,"Reactome","IFG_noCTC"
"R-HSA-8866427","VLDLR internalisation and degradation",-1.82835647736064,0.0184043940626525,"Reactome","IFG_noCTC"
"R-HSA-9821993","Replacement of protamines by nucleosomes in the male pronucleus",-1.82934522699656,0.0184409130696582,"Reactome","IFG_noCTC"
"R-HSA-2132295","MHC class II antigen presentation",-1.81997517288321,0.0199981793883912,"Reactome","IFG_noCTC"
"R-HSA-112310","Neurotransmitter release cycle",-1.8189969646679,0.0200871183114773,"Reactome","IFG_noCTC"
"R-HSA-69242","S Phase",-1.81701437729694,0.0204092849701602,"Reactome","IFG_noCTC"
"R-HSA-432720","Lysosome Vesicle Biogenesis",-1.81396611215923,0.0208305946121105,"Reactome","IFG_noCTC"
"R-HSA-5610787","Hedgehog 'off' state",-1.81108905743239,0.021291769249362,"Reactome","IFG_noCTC"
"R-HSA-2559582","Senescence-Associated Secretory Phenotype (SASP)",-1.80861474991975,0.0216334911922306,"Reactome","IFG_noCTC"
"R-HSA-166208","mTORC1-mediated signalling",-1.80810006293277,0.0216344783214084,"Reactome","IFG_noCTC"
"R-HSA-211935","Fatty acids",1.92261407479877,0.0216783473691018,"Reactome","IFG_noCTC"
"R-HSA-8866654","E3 ubiquitin ligases ubiquitinate target proteins",-1.80533730335903,0.0219496380543886,"Reactome","IFG_noCTC"
"R-HSA-5675221","Negative regulation of MAPK pathway",-1.80627597583069,0.021971833655946,"Reactome","IFG_noCTC"
"R-HSA-73929","Base-Excision Repair",-0.468783661090383,0.00265957446808511,"Reactome","IFG_noCTC"
"R-HSA-198933","Immunoregulatory interactions between a Lymphoid and a non-Lymphoid cell",1.90916245934327,0.0229290212557807,"Reactome","IFG_noCTC"
"R-HSA-1566948","Elastic fibre formation",1.91296858025515,0.0231506684612533,"Reactome","IFG_noCTC"
"R-HSA-438066","Unblocking of NMDA receptors",-0.566442469028716,0.0025974025974026,"Reactome","IFG_noCTC"
"R-HSA-174048","APC/C:Cdc20 mediated degradation of Cyclin B",-1.79784550114492,0.0236311632772953,"Reactome","IFG_noCTC"
"R-HSA-111932","CaMK IV-mediated phosphorylation of CREB",-1.79294286244545,0.0244013196602211,"Reactome","IFG_noCTC"
"R-HSA-110328","Recognition and association of DNA glycosylase with site containing an affected pyrimidine",-1.78498380416817,0.025772789580955,"Reactome","IFG_noCTC"
"R-HSA-110329","Cleavage of the damaged pyrimidine",-1.78498380416817,0.025772789580955,"Reactome","IFG_noCTC"
"R-HSA-73928","Depyrimidination",-1.78498380416817,0.025772789580955,"Reactome","IFG_noCTC"
"R-HSA-202424","Downstream TCR signaling",-1.78571704352775,0.0259121647257815,"Reactome","IFG_noCTC"
"R-HSA-5663205","Infectious disease",-1.78088076157833,0.0265819562177441,"Reactome","IFG_noCTC"
"R-HSA-9613354","Lipophagy",-1.78095003046932,0.0266835891695215,"Reactome","IFG_noCTC"
"R-HSA-112316","Neuronal System",-1.77939506367889,0.026848845329317,"Reactome","IFG_noCTC"
"R-HSA-5696394","DNA Damage Recognition in GG-NER",-1.77817542073756,0.0270728913908217,"Reactome","IFG_noCTC"
"R-HSA-9636383","Prevention of phagosomal-lysosomal fusion",-1.77776098898499,0.0271127650266437,"Reactome","IFG_noCTC"
"R-HSA-446203","Asparagine N-linked glycosylation",-1.77593768977707,0.0274886962798383,"Reactome","IFG_noCTC"
"R-HSA-449147","Signaling by Interleukins",-1.77501025910051,0.0276070043548112,"Reactome","IFG_noCTC"
"R-HSA-9692914","SARS-CoV-1-host interactions",-1.77402303010517,0.0277243734768082,"Reactome","IFG_noCTC"
"R-HSA-174577","Activation of C3 and C5",1.88474548432097,0.0282974694324675,"Reactome","IFG_noCTC"
"R-HSA-8866652","Synthesis of active ubiquitin: roles of E1 and E2 enzymes",-1.76655029061804,0.0284577167061412,"Reactome","IFG_noCTC"
"R-HSA-167161","HIV Transcription Initiation",-1.76691162275251,0.0284700429321783,"Reactome","IFG_noCTC"
"R-HSA-167162","RNA Polymerase II HIV Promoter Escape",-1.76691162275251,0.0284700429321783,"Reactome","IFG_noCTC"
"R-HSA-73776","RNA Polymerase II Promoter Escape",-1.76691162275251,0.0284700429321783,"Reactome","IFG_noCTC"
"R-HSA-73779","RNA Polymerase II Transcription Pre-Initiation And Promoter Opening",-1.76691162275251,0.0284700429321783,"Reactome","IFG_noCTC"
"R-HSA-75953","RNA Polymerase II Transcription Initiation",-1.76691162275251,0.0284700429321783,"Reactome","IFG_noCTC"
"R-HSA-76042","RNA Polymerase II Transcription Initiation And Promoter Clearance",-1.76691162275251,0.0284700429321783,"Reactome","IFG_noCTC"
"R-HSA-532668","N-glycan trimming in the ER and Calnexin/Calreticulin cycle",-1.76408717141095,0.0289232915402339,"Reactome","IFG_noCTC"
"R-HSA-73772","RNA Polymerase I Promoter Escape",-1.76881531190393,0.0289243995000707,"Reactome","IFG_noCTC"
"R-HSA-1592230","Mitochondrial biogenesis",-1.76788052633949,0.0289877487330937,"Reactome","IFG_noCTC"
"R-HSA-392499","Metabolism of proteins",-1.76745070281185,0.0289927727403133,"Reactome","IFG_noCTC"
"R-HSA-446652","Interleukin-1 family signaling",-1.76815118427935,0.0290356578606927,"Reactome","IFG_noCTC"
"R-HSA-9620244","Long-term potentiation",-1.76042232948516,0.0296963422947578,"Reactome","IFG_noCTC"
"R-HSA-111957","Cam-PDE 1 activation",-1.75987449446652,0.0297048364124979,"Reactome","IFG_noCTC"
"R-HSA-418038","Nucleotide-like (purinergic) receptors",1.88600504765081,0.0297651451644685,"Reactome","IFG_noCTC"
"R-HSA-5339562","Uptake and actions of bacterial toxins",-1.75737840787726,0.0301920051452903,"Reactome","IFG_noCTC"
"R-HSA-70326","Glucose metabolism",-1.754554604294,0.0308261546814764,"Reactome","IFG_noCTC"
"R-HSA-9725371","Nuclear events stimulated by ALK signaling in cancer",-1.75151654773245,0.0316056458299403,"Reactome","IFG_noCTC"
"R-HSA-9619483","Activation of AMPK downstream of NMDARs",-1.74695938678943,0.0328029483261789,"Reactome","IFG_noCTC"
"R-HSA-9646399","Aggrephagy",-1.74488460755844,0.0333211439128957,"Reactome","IFG_noCTC"
"R-HSA-350054","Notch-HLH transcription pathway",1.86590703987246,0.0333846549484168,"Reactome","IFG_noCTC"
"R-HSA-2032785","YAP1- and WWTR1 (TAZ)-stimulated gene expression",1.86865278001094,0.034092588479689,"Reactome","IFG_noCTC"
"R-HSA-166663","Initial triggering of complement",1.85538057405321,0.0344828343875094,"Reactome","IFG_noCTC"
"R-HSA-5627123","RHO GTPases activate PAKs",-1.73941032004986,0.0347096300511101,"Reactome","IFG_noCTC"
"R-HSA-8876384","Listeria monocytogenes entry into host cells",-1.73941624453988,0.0348186888046183,"Reactome","IFG_noCTC"
"R-HSA-5619084","ABC transporter disorders",-1.73840699165896,0.0348775890127856,"Reactome","IFG_noCTC"
"R-HSA-166658","Complement cascade",1.85810737218973,0.0351399989089982,"Reactome","IFG_noCTC"
"R-HSA-77588","SLBP Dependent Processing of Replication-Dependent Histone Pre-mRNAs",-1.73384793597137,0.0360473403358178,"Reactome","IFG_noCTC"
"R-HSA-9032845","Activated NTRK2 signals through CDK5",-1.73322744299696,0.0361970478689692,"Reactome","IFG_noCTC"
"R-HSA-3785653","Myoclonic epilepsy of Lafora",-1.72979581889851,0.0373596617246009,"Reactome","IFG_noCTC"
"R-HSA-5336415","Uptake and function of diphtheria toxin",-1.72726171347551,0.0379936167007769,"Reactome","IFG_noCTC"
"R-HSA-69206","G1/S Transition",-1.72652122657913,0.0381045973015774,"Reactome","IFG_noCTC"
"R-HSA-69275","G2/M Transition",-1.71882287161587,0.0406114685048219,"Reactome","IFG_noCTC"
"R-HSA-5620922","BBSome-mediated cargo-targeting to cilium",-1.71596969526899,0.0411437322706078,"Reactome","IFG_noCTC"
"R-HSA-381183","ATF6 (ATF6-alpha) activates chaperone genes",-1.71687489353818,0.0411492734769816,"Reactome","IFG_noCTC"
"R-HSA-73884","Base Excision Repair",-1.71597434213511,0.0412717396577487,"Reactome","IFG_noCTC"
"R-HSA-5696399","Global Genome Nucleotide Excision Repair (GG-NER)",-1.71475066814739,0.0412799010909028,"Reactome","IFG_noCTC"
"R-HSA-156581","Methylation",-1.71510835774031,0.0413364210050101,"Reactome","IFG_noCTC"
"R-HSA-6811442","Intra-Golgi and retrograde Golgi-to-ER traffic",-1.71269761836645,0.0418706545102945,"Reactome","IFG_noCTC"
"R-HSA-162599","Late Phase of HIV Life Cycle",-1.71220909186403,0.0419005703167704,"Reactome","IFG_noCTC"
"R-HSA-453274","Mitotic G2-G2/M phases",-1.70896017959388,0.0428821774518963,"Reactome","IFG_noCTC"
"R-HSA-157579","Telomere Maintenance",-1.70569450800424,0.0438681491595981,"Reactome","IFG_noCTC"
"R-HSA-5626467","RHO GTPases activate IQGAPs",-1.70590622815676,0.0439093684383039,"Reactome","IFG_noCTC"
"R-HSA-70268","Pyruvate metabolism",-1.703108527989,0.0445149935214441,"Reactome","IFG_noCTC"
"R-HSA-901042","Calnexin/calreticulin cycle",-1.70160263437657,0.044892453266135,"Reactome","IFG_noCTC"
"R-HSA-5576892","Phase 0 - rapid depolarisation",-1.69948800519237,0.0453479142755331,"Reactome","IFG_noCTC"
"R-HSA-437239","Recycling pathway of L1",-1.69987507946834,0.0453706603660885,"Reactome","IFG_noCTC"
"R-HSA-432722","Golgi Associated Vesicle Biogenesis",-1.69882855984639,0.0454906600497834,"Reactome","IFG_noCTC"
"R-HSA-9793380","Formation of paraxial mesoderm",-1.69796398444521,0.0456665335491866,"Reactome","IFG_noCTC"
"R-HSA-917729","Endosomal Sorting Complex Required For Transport (ESCRT)",-1.69696454841054,0.0458242339977626,"Reactome","IFG_noCTC"
"R-HSA-6781827","Transcription-Coupled Nucleotide Excision Repair (TC-NER)",-1.69421338621202,0.0467710224450776,"Reactome","IFG_noCTC"
"R-HSA-8939242","RUNX1 regulates transcription of genes involved in differentiation of keratinocytes",-1.69349339727292,0.0469408491789507,"Reactome","IFG_noCTC"
"R-HSA-416993","Trafficking of GluR2-containing AMPA receptors",-1.69280590239082,0.0470815123507264,"Reactome","IFG_noCTC"
"R-HSA-9613829","Chaperone Mediated Autophagy",-1.69203540964698,0.0471877149758665,"Reactome","IFG_noCTC"
"R-HSA-5689880","Ub-specific processing proteases",-1.69126630568706,0.047360044061726,"Reactome","IFG_noCTC"
"R-HSA-381033","ATF6 (ATF6-alpha) activates chaperones",-1.68975389428197,0.0474015296577457,"Reactome","IFG_noCTC"
"R-HSA-174403","Glutathione synthesis and recycling",-1.69005209851581,0.0474910656224503,"Reactome","IFG_noCTC"
"R-HSA-445355","Smooth Muscle Contraction",-1.69012053071636,0.0475978448908721,"Reactome","IFG_noCTC"
"R-HSA-181430","Norepinephrine Neurotransmitter Release Cycle",-1.68790498013883,0.0478026105997245,"Reactome","IFG_noCTC"
"R-HSA-9637690","Response of Mtb to phagocytosis",-1.68794230052059,0.0479364056436025,"Reactome","IFG_noCTC"
"R-HSA-442729","CREB1 phosphorylation through the activation of CaMKII/CaMKK/CaMKIV cascasde",-1.68797250237061,0.0480820678644489,"Reactome","IFG_noCTC"
"R-HSA-442742","CREB1 phosphorylation through NMDA receptor-mediated activation of RAS signaling",-1.68267281452859,0.0495420691260647,"Reactome","IFG_noCTC"
"R-HSA-68616","Assembly of the ORC complex at the origin of replication",-1.67940460397643,0.050640955559505,"Reactome","IFG_noCTC"
"R-HSA-983168","Antigen processing: Ubiquitination & Proteasome degradation",-1.67105437777107,0.0533328323330149,"Reactome","IFG_noCTC"
"R-HSA-9702518","STAT5 activation downstream of FLT3 ITD mutants",-1.66712680684395,0.05474929718463,"Reactome","IFG_noCTC"
"R-HSA-113418","Formation of the Early Elongation Complex",-1.66551394102178,0.0549996907322053,"Reactome","IFG_noCTC"
"R-HSA-167158","Formation of the HIV-1 Early Elongation Complex",-1.66551394102178,0.0549996907322053,"Reactome","IFG_noCTC"
"R-HSA-9615710","Late endosomal microautophagy",-1.65156137856962,0.060915701075954,"Reactome","IFG_noCTC"
"R-HSA-111367","SLBP independent Processing of Histone Pre-mRNAs",-1.65083969722935,0.0610665007520389,"Reactome","IFG_noCTC"
"R-HSA-453279","Mitotic G1 phase and G1/S transition",-1.64418819587212,0.0636424539420632,"Reactome","IFG_noCTC"
"R-HSA-1247673","Erythrocytes take up oxygen and release carbon dioxide",-1.6382137456015,0.0663208784667458,"Reactome","IFG_noCTC"
"R-HSA-111996","Ca-dependent events",-1.63570623878313,0.0672701779186341,"Reactome","IFG_noCTC"
"R-HSA-162588","Budding and maturation of HIV virion",-1.63341813937833,0.0679910161991813,"Reactome","IFG_noCTC"
"R-HSA-9708530","Regulation of BACH1 activity",-1.63232218294326,0.0682691612654507,"Reactome","IFG_noCTC"
"R-HSA-9619229","Activation of RAC1 downstream of NMDARs",-1.62472277074931,0.071122502838749,"Reactome","IFG_noCTC"
"R-HSA-5140745","WNT5A-dependent internalization of FZD2",-0.582795461344465,0.0274599542334096,"Reactome","IFG_noCTC"
"R-HSA-111933","Calmodulin induced events",-1.61882026781547,0.073223928240855,"Reactome","IFG_noCTC"
"R-HSA-111997","CaM pathway",-1.61882026781547,0.073223928240855,"Reactome","IFG_noCTC"
"R-HSA-2129379","Molecules associated with elastic fibres",1.78254089828624,0.0732457161733527,"Reactome","IFG_noCTC"
"R-HSA-5099900","WNT5A-dependent internalization of FZD4",-1.61909422885455,0.0735237413405871,"Reactome","IFG_noCTC"
"R-HSA-6782210","Gap-filling DNA repair synthesis and ligation in TC-NER",-1.61756881216129,0.0737901446845663,"Reactome","IFG_noCTC"
"R-HSA-5668599","RHO GTPases Activate NADPH Oxidases",-1.60940784449451,0.0775572980851864,"Reactome","IFG_noCTC"
"R-HSA-606279","Deposition of new CENPA-containing nucleosomes at the centromere",-1.60264734364871,0.0804500717114699,"Reactome","IFG_noCTC"
"R-HSA-774815","Nucleosome assembly",-1.60264734364871,0.0804500717114699,"Reactome","IFG_noCTC"
"R-HSA-8950505","Gene and protein expression by JAK-STAT signaling after Interleukin-12 stimulation",-1.60126072072034,0.0809617047064901,"Reactome","IFG_noCTC"
"R-HSA-447115","Interleukin-12 family signaling",-1.59467808409128,0.0843344206193905,"Reactome","IFG_noCTC"
"R-HSA-3000178","ECM proteoglycans",1.75436489850429,0.0863277650280145,"Reactome","IFG_noCTC"
"R-HSA-8941326","RUNX2 regulates bone development",1.7566979075575,0.0872054879616858,"Reactome","IFG_noCTC"
"R-HSA-983169","Class I MHC mediated antigen processing & presentation",-1.58642828784764,0.087457917679368,"Reactome","IFG_noCTC"
"R-HSA-6782135","Dual incision in TC-NER",-1.58457857031059,0.0884257051225324,"Reactome","IFG_noCTC"
"R-HSA-9609523","Insertion of tail-anchored proteins into the endoplasmic reticulum membrane",-1.582062908893,0.0890282946542737,"Reactome","IFG_noCTC"
"R-HSA-73728","RNA Polymerase I Promoter Opening",-1.58230497831301,0.0893874112691959,"Reactome","IFG_noCTC"
"R-HSA-450341","Activation of the AP-1 family of transcription factors",-1.58029171333992,0.089950625864974,"Reactome","IFG_noCTC"
"R-HSA-8951671","RUNX3 regulates YAP1-mediated transcription",1.73845055964603,0.0905161329107371,"Reactome","IFG_noCTC"
"R-HSA-74259","Purine catabolism",-1.57875714390264,0.0906784464527471,"Reactome","IFG_noCTC"
"R-HSA-1445148","Translocation of SLC2A4 (GLUT4) to the plasma membrane",-1.5727413218958,0.0940429952347765,"Reactome","IFG_noCTC"
"R-HSA-8851708","Signaling by FGFR2 IIIa TM",-1.56975113611485,0.0956656901884724,"Reactome","IFG_noCTC"
"R-HSA-1430728","Metabolism",-1.56523108310314,0.0981463071393491,"Reactome","IFG_noCTC"
"R-HSA-9678108","SARS-CoV-1 Infection",-1.56533148858594,0.0983810167206352,"Reactome","IFG_noCTC"
"R-HSA-399719","Trafficking of AMPA receptors",-1.55853348801149,0.100872616744957,"Reactome","IFG_noCTC"
"R-HSA-399721","Glutamate binding",-0.445008627896123,0.031413612565445,"Reactome","IFG_noCTC"
"R-HSA-9610379","HCMV Late Events",-1.55559005125263,0.102367342331707,"Reactome","IFG_noCTC"
"R-HSA-209952","Peptide hormone biosynthesis",-1.54051655519381,0.10941751644808,"Reactome","IFG_noCTC"
"R-HSA-3299685","Detoxification of Reactive Oxygen Species",-1.54162641739795,0.10947054223677,"Reactome","IFG_noCTC"
"R-HSA-5627117","RHO GTPases Activate ROCKs",-1.54126533109532,0.109487543236748,"Reactome","IFG_noCTC"
"R-HSA-9010642","ROBO receptors bind AKAP5",-1.53439296551795,0.112887817506959,"Reactome","IFG_noCTC"
"R-HSA-3656225","Defective CHST6 causes MCDC1",1.68255965361825,0.120706393047869,"Reactome","IFG_noCTC"
"R-HSA-8849932","Synaptic adhesion-like molecules",-1.52024423295217,0.121526613675264,"Reactome","IFG_noCTC"
"R-HSA-75158","TRAIL  signaling",1.68445122858201,0.121829532939048,"Reactome","IFG_noCTC"
"R-HSA-9705683","SARS-CoV-2-host interactions",-1.51556645314703,0.124602662743499,"Reactome","IFG_noCTC"
"R-HSA-197264","Nicotinamide salvaging",-1.51473565682632,0.124664861269128,"Reactome","IFG_noCTC"
"R-HSA-9637628","Modulation by Mtb of host immune system",-1.51081394607159,0.125658922729081,"Reactome","IFG_noCTC"
"R-HSA-112043","PLC beta mediated events",-1.510835969956,0.125930475494286,"Reactome","IFG_noCTC"
"R-HSA-9020591","Interleukin-12 signaling",-1.50470906163327,0.129145756334227,"Reactome","IFG_noCTC"
"R-HSA-8876725","Protein methylation",-1.50475494456213,0.129406781338885,"Reactome","IFG_noCTC"
"R-HSA-8963898","Plasma lipoprotein assembly",1.66748843865906,0.130987632870698,"Reactome","IFG_noCTC"
"R-HSA-879415","Advanced glycosylation endproduct receptor signaling",-1.49933260291687,0.131840269927282,"Reactome","IFG_noCTC"
"R-HSA-452723","Transcriptional regulation of pluripotent stem cells",1.66464707656404,0.131899194773879,"Reactome","IFG_noCTC"
"R-HSA-8986944","Transcriptional Regulation by MECP2",-1.49470545642783,0.133277330193627,"Reactome","IFG_noCTC"
"R-HSA-1280215","Cytokine Signaling in Immune system",-1.48979280099876,0.136370384880881,"Reactome","IFG_noCTC"
"R-HSA-9022535","Loss of phosphorylation of MECP2 at T308",-1.48782321512296,0.137189121093515,"Reactome","IFG_noCTC"
"R-HSA-168799","Neurotoxicity of clostridium toxins",-1.48538069710911,0.138857045417497,"Reactome","IFG_noCTC"
"R-HSA-3656243","Defective ST3GAL3 causes MCT12 and EIEE15",1.65250210501577,0.142480938083422,"Reactome","IFG_noCTC"
"R-HSA-112040","G-protein mediated events",-1.47802500914581,0.14437330668198,"Reactome","IFG_noCTC"
"R-HSA-451306","Ionotropic activity of kainate receptors",-1.47185396579841,0.147381226353934,"Reactome","IFG_noCTC"
"R-HSA-451308","Activation of Ca-permeable Kainate Receptor",-1.47185396579841,0.147381226353934,"Reactome","IFG_noCTC"
"R-HSA-1474244","Extracellular matrix organization",1.61788872253238,0.147702098117117,"Reactome","IFG_noCTC"
"R-HSA-1237044","Erythrocytes take up carbon dioxide and release oxygen",-1.46336583400667,0.152391424255818,"Reactome","IFG_noCTC"
"R-HSA-1480926","O2/CO2 exchange in erythrocytes",-1.46336583400667,0.152391424255818,"Reactome","IFG_noCTC"
"R-HSA-3906995","Diseases associated with O-glycosylation of proteins",1.61944671684208,0.152767130195252,"Reactome","IFG_noCTC"
"R-HSA-5682910","LGI-ADAM interactions",-1.45934849761974,0.155270090028373,"Reactome","IFG_noCTC"
"R-HSA-429958","mRNA decay by 3' to 5' exoribonuclease",-1.45427808406752,0.156972061340934,"Reactome","IFG_noCTC"
"R-HSA-2243919","Crosslinking of collagen fibrils",1.60357192569627,0.158495817202345,"Reactome","IFG_noCTC"
"R-HSA-114604","GPVI-mediated activation cascade",1.60156077158822,0.158737271929572,"Reactome","IFG_noCTC"
"R-HSA-1489509","DAG and IP3 signaling",-1.44447348223752,0.161640459458523,"Reactome","IFG_noCTC"
"R-HSA-9833482","PKR-mediated signaling",-1.44399406068428,0.161665179059521,"Reactome","IFG_noCTC"
"R-HSA-111885","Opioid Signalling",-1.43795298632959,0.165026363128838,"Reactome","IFG_noCTC"
"R-HSA-76005","Response to elevated platelet cytosolic Ca2+",-1.43648867692894,0.16581180603088,"Reactome","IFG_noCTC"
"R-HSA-9660826","Purinergic signaling in leishmaniasis infection",-1.43467208628876,0.166429333891611,"Reactome","IFG_noCTC"
"R-HSA-9664424","Cell recruitment (pro-inflammatory response)",-1.43467208628876,0.166429333891611,"Reactome","IFG_noCTC"
"R-HSA-1474151","Tetrahydrobiopterin (BH4) synthesis",NA,-1.43526002857735,"Reactome","IFG_noCTC"
"R-HSA-111465","Apoptotic cleavage of cellular proteins",1.58367000348746,0.175781627601888,"Reactome","IFG_noCTC"
"R-HSA-114608","Platelet degranulation",-1.41610818905975,0.176209076096716,"Reactome","IFG_noCTC"
"R-HSA-3560782","Diseases associated with glycosaminoglycan metabolism",1.57899295138385,0.180311912403688,"Reactome","IFG_noCTC"
"R-HSA-3781865","Diseases of glycosylation",1.57714537597149,0.180732827461696,"Reactome","IFG_noCTC"
"R-HSA-6794362","Protein-protein interactions at synapses",-1.40889343688913,0.181533679464073,"Reactome","IFG_noCTC"
"R-HSA-9796292","Formation of axial mesoderm",1.57043098605169,0.181556159216228,"Reactome","IFG_noCTC"
"R-HSA-264876","Insulin processing",-1.40270390872947,0.186593003577056,"Reactome","IFG_noCTC"
"R-HSA-176187","Activation of ATR in response to replication stress",-1.4008532135331,0.187744315742323,"Reactome","IFG_noCTC"
"R-HSA-69278","Cell Cycle",-0.254456362868025,0,"Reactome","IFG_noCTC"
"R-HSA-174495","Synthesis And Processing Of GAG",-0.485089893633959,0.11264367816092,"Reactome","IFG_noCTC"
"R-HSA-3656244","Defective B4GALT1 causes B4GALT1-CDG (CDG-2d)",1.52759512024999,0.227217112773923,"Reactome","IFG_noCTC"
"R-HSA-8875878","MET promotes cell motility",1.52004647407921,0.232818224628364,"Reactome","IFG_noCTC"
"R-HSA-400511","Synthesis",NA,-1.34431462927917,"Reactome","IFG_noCTC"
"R-HSA-140837","Intrinsic Pathway of Fibrin Clot Formation",1.49852015196297,0.240342891250521,"Reactome","IFG_noCTC"
"R-HSA-877300","Interferon gamma signaling",1.49088636163704,0.246875473991864,"Reactome","IFG_noCTC"
"R-HSA-445095","Interaction between L1 and Ankyrins",-1.32243927599156,0.252527418269994,"Reactome","IFG_noCTC"
"R-HSA-9694516","SARS-CoV-2 Infection",-1.31239617928565,0.26141646409678,"Reactome","IFG_noCTC"
"R-HSA-425366","Transport of bile salts and organic acids",0.406288298562542,0.025,"Reactome","IFG_noCTC"
"R-HSA-9707616","Heme signaling",-1.29462824477433,0.275714403484747,"Reactome","IFG_noCTC"
"R-HSA-8951430","RUNX3 regulates WNT signaling",1.45579482779526,0.282963005019722,"Reactome","IFG_noCTC"
"R-HSA-9703465","Signaling by FLT3 fusion proteins",-1.28246760414023,0.28838499280816,"Reactome","IFG_noCTC"
"R-HSA-1236977","Endosomal/Vacuolar pathway",-1.28185248704506,0.288767464449279,"Reactome","IFG_noCTC"
"R-HSA-8940973","RUNX2 regulates osteoblast differentiation",1.44685423326675,0.293826010252971,"Reactome","IFG_noCTC"
"R-HSA-977225","Amyloid fiber formation",-1.26803145379107,0.302700090429612,"Reactome","IFG_noCTC"
"R-HSA-2022090","Assembly of collagen fibrils and other multimeric structures",1.4407961569155,0.303975813646901,"Reactome","IFG_noCTC"
"R-HSA-193807","Synthesis of bile acids and bile salts via 27-hydroxycholesterol",1.43109175127358,0.304803355934441,"Reactome","IFG_noCTC"
"R-HSA-8874081","MET activates PTK2 signaling",1.42591124306409,0.308723528895987,"Reactome","IFG_noCTC"
"R-HSA-912446","Meiotic recombination",-1.25788729278183,0.311216508585383,"Reactome","IFG_noCTC"
"R-HSA-3000157","Laminin interactions",1.41072042940617,0.316880984506661,"Reactome","IFG_noCTC"
"R-HSA-4411364","Binding of TCF/LEF:CTNNB1 to target gene promoters",1.41386925591872,0.31721764270705,"Reactome","IFG_noCTC"
"R-HSA-140875","Common Pathway of Fibrin Clot Formation",1.40588463068621,0.324715106301848,"Reactome","IFG_noCTC"
"R-HSA-163841","Gamma carboxylation",NA,-0.306889451116329,"Reactome","IFG_noCTC"
"R-HSA-381753","Olfactory Signaling Pathway",1.40243324085035,0.329579552857321,"Reactome","IFG_noCTC"
"R-HSA-1643685","Disease",-1.23831419428592,0.333181564329285,"Reactome","IFG_noCTC"
"R-HSA-1474290","Collagen formation",1.39477306137232,0.336914758248475,"Reactome","IFG_noCTC"
"R-HSA-977443","GABA receptor activation",-1.23109675486245,0.341225637318411,"Reactome","IFG_noCTC"
"R-HSA-6794361","Neurexins and neuroligins",-1.22024599318565,0.351772506191754,"Reactome","IFG_noCTC"
"R-HSA-5620971","Pyroptosis",-1.21714876391769,0.353833929414694,"Reactome","IFG_noCTC"
"R-HSA-168249","Innate Immune System",-1.2132060035726,0.357750966590397,"Reactome","IFG_noCTC"
"R-HSA-9674555","Signaling by CSF3 (G-CSF)",-1.21251580459676,0.358269417752388,"Reactome","IFG_noCTC"
"R-HSA-2168880","Scavenging of heme from plasma",-1.20422667868187,0.365770239483555,"Reactome","IFG_noCTC"
"R-HSA-389948","PD-1 signaling",1.36498399720239,0.368015237995767,"Reactome","IFG_noCTC"
"R-HSA-9705462","Inactivation of CSF3 (G-CSF) signaling",-1.19661332296617,0.372128491540861,"Reactome","IFG_noCTC"
"R-HSA-9752946","Expression and translocation of olfactory receptors",1.35299332341515,0.375587646696458,"Reactome","IFG_noCTC"
"R-HSA-5633008","TP53 Regulates Transcription of Cell Death Genes",1.35152431531918,0.376636819974684,"Reactome","IFG_noCTC"
"R-HSA-202427","Phosphorylation of CD3 and TCR zeta chains",1.35379319272549,0.378114491033293,"Reactome","IFG_noCTC"
"R-HSA-264870","Caspase-mediated cleavage of cytoskeletal proteins",1.34386842744085,0.378659683741359,"Reactome","IFG_noCTC"
"R-HSA-877312","Regulation of IFNG signaling",-1.18952998482473,0.381135036476376,"Reactome","IFG_noCTC"
"R-HSA-168179","Toll Like Receptor TLR1:TLR2 Cascade",-1.17522814106353,0.40076694590721,"Reactome","IFG_noCTC"
"R-HSA-181438","Toll Like Receptor 2 (TLR2) Cascade",-1.17522814106353,0.40076694590721,"Reactome","IFG_noCTC"
"R-HSA-9818027","NFE2L2 regulating anti-oxidant/detoxification enzymes",-1.16906286421835,0.408844039811441,"Reactome","IFG_noCTC"
"R-HSA-3560783","Defective B4GALT7 causes EDS",0.454324193073275,0.144067796610169,"Reactome","IFG_noCTC"
"R-HSA-216083","Integrin cell surface interactions",1.30469007882692,0.419652092071971,"Reactome","IFG_noCTC"
"R-HSA-2980767","Activation of NIMA Kinases NEK9",NA,1.30623118498243,"Reactome","IFG_noCTC"
"R-HSA-166058","MyD88:MAL(TIRAP) cascade initiated on plasma membrane",-1.15927606447048,0.421299617096984,"Reactome","IFG_noCTC"
"R-HSA-168188","Toll Like Receptor TLR6:TLR2 Cascade",-1.15927606447048,0.421299617096984,"Reactome","IFG_noCTC"
"R-HSA-1650814","Collagen biosynthesis and modifying enzymes",1.29934157143887,0.427906490013437,"Reactome","IFG_noCTC"
"R-HSA-8983711","OAS antiviral response",1.29375725967707,0.430766657086268,"Reactome","IFG_noCTC"
"R-HSA-2214320","Anchoring fibril formation",1.29001554933686,0.435605117237486,"Reactome","IFG_noCTC"
"R-HSA-422085","Synthesis",NA,-1.14111035400858,"Reactome","IFG_noCTC"
"R-HSA-6798695","Neutrophil degranulation",-1.13372488344145,0.445030858244118,"Reactome","IFG_noCTC"
"R-HSA-140877","Formation of Fibrin Clot (Clotting Cascade)",1.28327251989963,0.445407121253861,"Reactome","IFG_noCTC"
"R-HSA-2453864","Retinoid cycle disease events",-1.13429172577518,0.447088586918793,"Reactome","IFG_noCTC"
"R-HSA-2474795","Diseases associated with visual transduction",-1.13429172577518,0.447088586918793,"Reactome","IFG_noCTC"
"R-HSA-9675143","Diseases of the neuronal system",-1.13429172577518,0.447088586918793,"Reactome","IFG_noCTC"
"R-HSA-418359","Reduction of cytosolic Ca++ levels",-1.13602823393686,0.447144955776361,"Reactome","IFG_noCTC"
"R-HSA-202433","Generation of second messenger molecules",1.26762951845253,0.448056004359212,"Reactome","IFG_noCTC"
"R-HSA-1474228","Degradation of the extracellular matrix",1.2699378562519,0.452426636266793,"Reactome","IFG_noCTC"
"R-HSA-3000171","Non-integrin membrane-ECM interactions",1.27026672600019,0.453587329039521,"Reactome","IFG_noCTC"
"R-HSA-168256","Immune System",-1.12257633536369,0.455634530035006,"Reactome","IFG_noCTC"
"R-HSA-6803157","Antimicrobial peptides",1.24821530050296,0.481185776121138,"Reactome","IFG_noCTC"
"R-HSA-983695","Antigen activates B Cell Receptor (BCR) leading to generation of second messengers",1.23794501790242,0.492856353309619,"Reactome","IFG_noCTC"
"R-HSA-381771","Synthesis",NA,-1.08284500314942,"Reactome","IFG_noCTC"
"R-HSA-400508","Incretin synthesis",NA,-1.08284500314942,"Reactome","IFG_noCTC"
"R-HSA-983170","Antigen Presentation: Folding",-0.306460815830904,0.364556962025316,"Reactome","IFG_noCTC"
"R-HSA-5686938","Regulation of TLR by endogenous ligand",-1.06272259358051,0.528970947502603,"Reactome","IFG_noCTC"
"R-HSA-202430","Translocation of ZAP-70 to Immunological synapse",1.21511928890071,0.529815028593749,"Reactome","IFG_noCTC"
"R-HSA-8948216","Collagen chain trimerization",1.2101982401456,0.536370072722832,"Reactome","IFG_noCTC"
"R-HSA-2173782","Binding and Uptake of Ligands by Scavenger Receptors",1.19847842301995,0.554160264911547,"Reactome","IFG_noCTC"
"R-HSA-166016","Toll Like Receptor 4 (TLR4) Cascade",-1.03549335344411,0.569726732182068,"Reactome","IFG_noCTC"
"R-HSA-76002","Platelet activation",-0.202244623290057,0.415841584158416,"Reactome","IFG_noCTC"
"R-HSA-209776","Metabolism of amine-derived hormones",1.16284485489659,0.607620661119392,"Reactome","IFG_noCTC"
"R-HSA-1296072","Voltage gated Potassium channels",-0.992579153184399,0.632003755248258,"Reactome","IFG_noCTC"
"R-HSA-2173796","SMAD2/SMAD3:SMAD4 heterotrimer regulates transcription",1.14829981492466,0.634910702544098,"Reactome","IFG_noCTC"
"R-HSA-9716542","Signaling by Rho GTPases",-0.174127818990257,0.576470588235294,"Reactome","IFG_noCTC"
"R-HSA-936964","Activation of IRF3",NA,-0.98276431117964,"Reactome","IFG_noCTC"
"R-HSA-170834","Signaling by TGF-beta Receptor Complex",1.09502712093605,0.672874130008276,"Reactome","IFG_noCTC"
"R-HSA-8957275","Post-translational protein phosphorylation",1.09643542051639,0.674873024498943,"Reactome","IFG_noCTC"
"R-HSA-381426","Regulation of Insulin-like Growth Factor (IGF) transport and uptake by Insulin-like Growth Factor Binding Proteins (IGFBPs)",1.08733413219223,0.678287472670943,"Reactome","IFG_noCTC"
"R-HSA-3000480","Scavenging by Class A Receptors",1.07002622131593,0.716209119609648,"Reactome","IFG_noCTC"
"R-HSA-975634","Retinoid metabolism and transport",-0.932017253863575,0.724102465583143,"Reactome","IFG_noCTC"
"R-HSA-913531","Interferon Signaling",-0.923394462693338,0.737164641106761,"Reactome","IFG_noCTC"
"R-HSA-2173793","Transcriptional activity of SMAD2/SMAD3:SMAD4 heterotrimer",1.05017633489044,0.749168091573383,"Reactome","IFG_noCTC"
"R-HSA-1442490","Collagen degradation",1.050287601368,0.750855851265555,"Reactome","IFG_noCTC"
"R-HSA-8941855","RUNX3 regulates CDKN1A transcription",1.0445765224527,0.754879509984336,"Reactome","IFG_noCTC"
"R-HSA-8964058","HDL remodeling",1.04464908222352,0.7567145948411,"Reactome","IFG_noCTC"
"R-HSA-9006936","Signaling by TGFB family members",1.0425335021918,0.758478241335898,"Reactome","IFG_noCTC"
"R-HSA-5603041","IRAK4 deficiency (TLR2/4)",-0.902386047769676,0.758874024836216,"Reactome","IFG_noCTC"
"R-HSA-5602498","MyD88 deficiency (TLR2/4)",-0.900802213380211,0.759808106758931,"Reactome","IFG_noCTC"
"R-HSA-3000170","Syndecan interactions",1.03894407236808,0.760230404989593,"Reactome","IFG_noCTC"
"R-HSA-5260271","Diseases of Immune System",0.995411409486341,0.814513118372016,"Reactome","IFG_noCTC"
"R-HSA-5602358","Diseases associated with the TLR signaling cascade",0.995411409486341,0.814513118372016,"Reactome","IFG_noCTC"
"R-HSA-2187338","Visual phototransduction",0.976007631064211,0.837215496129217,"Reactome","IFG_noCTC"
"R-HSA-1296071","Potassium Channels",-0.835885616177623,0.842099047411172,"Reactome","IFG_noCTC"
"R-HSA-909733","Interferon alpha/beta signaling",0.958079917408284,0.851981217106943,"Reactome","IFG_noCTC"
"R-HSA-75205","Dissolution of Fibrin Clot",-0.821117839000011,0.856839702567166,"Reactome","IFG_noCTC"
"R-HSA-2408508","Metabolism of ingested SeMet",NA,0.949716486151132,"Reactome","IFG_noCTC"
"R-HSA-1059683","Interleukin-6 signaling",-0.80711574921666,0.867499250124397,"Reactome","IFG_noCTC"
"R-HSA-166786","Creation of C4 and C2 activators",-0.796148403931725,0.879088596390203,"Reactome","IFG_noCTC"
"R-HSA-9661069","Defective binding of RB1 mutants to E2F1",NA,-0.796481025478481,"Reactome","IFG_noCTC"
"R-HSA-168643","Nucleotide-binding domain",0.246963224315658,0.643939393939394,"Reactome","IFG_noCTC"
"R-HSA-6806667","Metabolism of fat-soluble vitamins",0.88298131051381,0.949954104204574,"Reactome","IFG_noCTC"
"R-HSA-1855183","Synthesis of IP2",NA,-0.689091532853233,"Reactome","IFG_noCTC"
"R-HSA-159854","Gamma-carboxylation",NA,-0.689915963778272,"Reactome","IFG_noCTC"
"R-HSA-174824","Plasma lipoprotein assembly",NA,0.844866933542587,"Reactome","IFG_noCTC"
"R-HSA-425397","Transport of vitamins",NA,0.829334747053776,"Reactome","IFG_noCTC"
"R-HSA-2453902","The canonical retinoid cycle in rods (twilight vision)",0.847134430449159,0.988688690391481,"Reactome","IFG_noCTC"
"R-HSA-982772","Growth hormone receptor signaling",0.837657624844061,0.993813622497179,"Reactome","IFG_noCTC"
"R-HSA-446353","Cell-extracellular matrix interactions",0.809720305875937,0.998970428650006,"Reactome","IFG_noCTC"
"R-HSA-390666","Serotonin receptors",0.780354027187895,1,"Reactome","IFG_noCTC"
"R-HSA-173623","Classical antibody-mediated complement activation",0.772101370918,1,"Reactome","IFG_noCTC"
"R-HSA-5661231","Metallothioneins bind metals",0.723479886187583,1,"Reactome","IFG_noCTC"
"R-HSA-112308","Presynaptic depolarization and calcium channel opening",0.631895177421347,1,"Reactome","IFG_noCTC"
"R-HSA-3000171","Non-integrin membrane-ECM interactions",2.30827389532299,0,"Reactome","PHG_CTCDT"
"R-HSA-381753","Olfactory Signaling Pathway",-2.22108257775407,0,"Reactome","PHG_CTCDT"
"R-HSA-112316","Neuronal System",-2.22442923672934,0,"Reactome","PHG_CTCDT"
"R-HSA-163200","Respiratory electron transport, ATP synthesis by chemiosmotic coupling, and heat production by uncoupling proteins.",-2.22502547481353,0,"Reactome","PHG_CTCDT"
"R-HSA-212676","Dopamine Neurotransmitter Release Cycle",-2.23244163734683,0,"Reactome","PHG_CTCDT"
"R-HSA-1428517","The citric acid (TCA) cycle and respiratory electron transport",-2.24431234071572,0,"Reactome","PHG_CTCDT"
"R-HSA-181429","Serotonin Neurotransmitter Release Cycle",-2.25275405134221,0,"Reactome","PHG_CTCDT"
"R-HSA-611105","Respiratory electron transport",-2.30173252909094,0,"Reactome","PHG_CTCDT"
"R-HSA-6799198","Complex I biogenesis",-2.17095360419093,0.000479125235460518,"Reactome","PHG_CTCDT"
"R-HSA-9752946","Expression and translocation of olfactory receptors",-2.17889890648095,0.000539015889893082,"Reactome","PHG_CTCDT"
"R-HSA-112315","Transmission across Chemical Synapses",-2.11915055129887,0.000686020223500287,"Reactome","PHG_CTCDT"
"R-HSA-181430","Norepinephrine Neurotransmitter Release Cycle",-2.1231544012638,0.000754622245850316,"Reactome","PHG_CTCDT"
"R-HSA-5668599","RHO GTPases Activate NADPH Oxidases",-2.11047790727401,0.000808523834839624,"Reactome","PHG_CTCDT"
"R-HSA-216083","Integrin cell surface interactions",2.20819308587934,0.00235515456758357,"Reactome","PHG_CTCDT"
"R-HSA-264642","Acetylcholine Neurotransmitter Release Cycle",-2.06302042029751,0.00240484012413837,"Reactome","PHG_CTCDT"
"R-HSA-3000178","ECM proteoglycans",2.16364619249263,0.00282618548110028,"Reactome","PHG_CTCDT"
"R-HSA-210500","Glutamate Neurotransmitter Release Cycle",-2.03983615874211,0.0038501134992363,"Reactome","PHG_CTCDT"
"R-HSA-1474244","Extracellular matrix organization",2.1149521698045,0.00433348440435376,"Reactome","PHG_CTCDT"
"R-HSA-3000157","Laminin interactions",2.11751711025802,0.00494582459192549,"Reactome","PHG_CTCDT"
"R-HSA-6794362","Protein-protein interactions at synapses",-2.00147911558606,0.0061088467521216,"Reactome","PHG_CTCDT"
"R-HSA-3000480","Scavenging by Class A Receptors",2.04576564753018,0.0109010011413868,"Reactome","PHG_CTCDT"
"R-HSA-3000170","Syndecan interactions",2.05572647304661,0.0113047419244011,"Reactome","PHG_CTCDT"
"R-HSA-2408557","Selenocysteine synthesis",-1.95343293941614,0.015698837793136,"Reactome","PHG_CTCDT"
"R-HSA-2173782","Binding and Uptake of Ligands by Scavenger Receptors",2.01472357978464,0.0169571128866017,"Reactome","PHG_CTCDT"
"R-HSA-156902","Peptide chain elongation",-1.93408858522759,0.0172485084765786,"Reactome","PHG_CTCDT"
"R-HSA-156842","Eukaryotic Translation Elongation",-1.93744710754994,0.0177558175494192,"Reactome","PHG_CTCDT"
"R-HSA-72764","Eukaryotic Translation Termination",-1.91271748602943,0.0247379924203562,"Reactome","PHG_CTCDT"
"R-HSA-112314","Neurotransmitter receptors and postsynaptic signal transmission",-1.90678019940449,0.0247947309350818,"Reactome","PHG_CTCDT"
"R-HSA-399719","Trafficking of AMPA receptors",-1.89264654664814,0.0270977988282613,"Reactome","PHG_CTCDT"
"R-HSA-399721","Glutamate binding, activation of AMPA receptors and synaptic plasticity",-1.89264654664814,0.0270977988282613,"Reactome","PHG_CTCDT"
"R-HSA-192823","Viral mRNA Translation",-1.88520488845855,0.0285444066908597,"Reactome","PHG_CTCDT"
"R-HSA-72689","Formation of a pool of free 40S subunits",-1.88141280254118,0.0287025961368066,"Reactome","PHG_CTCDT"
"R-HSA-112310","Neurotransmitter release cycle",-1.87316224706646,0.0312198003426073,"Reactome","PHG_CTCDT"
"R-HSA-2243919","Crosslinking of collagen fibrils",1.97568278658439,0.0312973873647772,"Reactome","PHG_CTCDT"
"R-HSA-2022090","Assembly of collagen fibrils and other multimeric structures",1.96649170752878,0.0323127206672465,"Reactome","PHG_CTCDT"
"R-HSA-2032785","YAP1- and WWTR1 (TAZ)-stimulated gene expression",1.95743842707857,0.0334860158518245,"Reactome","PHG_CTCDT"
"R-HSA-5682910","LGI-ADAM interactions",-1.86452730921401,0.0345384797139183,"Reactome","PHG_CTCDT"
"R-HSA-1296072","Voltage gated Potassium channels",-1.85692051089604,0.0361739552772691,"Reactome","PHG_CTCDT"
"R-HSA-9006936","Signaling by TGFB family members",1.93855229988758,0.0375375404925627,"Reactome","PHG_CTCDT"
"R-HSA-977225","Amyloid fiber formation",1.94153790338956,0.0396451018876567,"Reactome","PHG_CTCDT"
"R-HSA-2214320","Anchoring fibril formation",1.93014362547,0.0399703375184183,"Reactome","PHG_CTCDT"
"R-HSA-877300","Interferon gamma signaling",1.92151114871438,0.0416391327548775,"Reactome","PHG_CTCDT"
"R-HSA-2173796","SMAD2/SMAD3:SMAD4 heterotrimer regulates transcription",1.89278071738028,0.0428167100386693,"Reactome","PHG_CTCDT"
"R-HSA-170834","Signaling by TGF-beta Receptor Complex",1.89718843081733,0.042987768633578,"Reactome","PHG_CTCDT"
"R-HSA-1474290","Collagen formation",1.89846679094176,0.0445385897114137,"Reactome","PHG_CTCDT"
"R-HSA-8951671","RUNX3 regulates YAP1-mediated transcription",1.90142166124158,0.0457177063119163,"Reactome","PHG_CTCDT"
"R-HSA-140837","Intrinsic Pathway of Fibrin Clot Formation",1.88008364188865,0.0466544904816554,"Reactome","PHG_CTCDT"
"R-HSA-1650814","Collagen biosynthesis and modifying enzymes",1.90223284434324,0.048162910907084,"Reactome","PHG_CTCDT"
"R-HSA-163210","Formation of ATP by chemiosmotic coupling",-1.82731795061907,0.0498589698151101,"Reactome","PHG_CTCDT"
"R-HSA-156827","L13a-mediated translational silencing of Ceruloplasmin expression",-1.82444645797642,0.0502214115341762,"Reactome","PHG_CTCDT"
"R-HSA-442755","Activation of NMDA receptors and postsynaptic events",-1.8131523224194,0.0504061526124258,"Reactome","PHG_CTCDT"
"R-HSA-1799339","SRP-dependent cotranslational protein targeting to membrane",-1.82019968504174,0.0511705751471833,"Reactome","PHG_CTCDT"
"R-HSA-6794361","Neurexins and neuroligins",-1.81674764995971,0.0517455254297359,"Reactome","PHG_CTCDT"
"R-HSA-112308","Presynaptic depolarization and calcium channel opening",-1.81360406981913,0.0517792139228542,"Reactome","PHG_CTCDT"
"R-HSA-71406","Pyruvate metabolism and Citric Acid (TCA) cycle",-1.79885089729944,0.0584356638278206,"Reactome","PHG_CTCDT"
"R-HSA-72706","GTP hydrolysis and joining of the 60S ribosomal subunit",-1.78761234570665,0.0630648591174907,"Reactome","PHG_CTCDT"
"R-HSA-8949613","Cristae formation",-1.7881930543176,0.0642198931672616,"Reactome","PHG_CTCDT"
"R-HSA-8875878","MET promotes cell motility",1.83981894692996,0.0676714412419012,"Reactome","PHG_CTCDT"
"R-HSA-982772","Growth hormone receptor signaling",1.8425388197799,0.0709972049646101,"Reactome","PHG_CTCDT"
"R-HSA-1566948","Elastic fibre formation",1.81508261393615,0.0839159689003622,"Reactome","PHG_CTCDT"
"R-HSA-977606","Regulation of Complement cascade",1.8048207592525,0.0901239147861979,"Reactome","PHG_CTCDT"
"R-HSA-8948216","Collagen chain trimerization",1.79337811579521,0.0984791059902444,"Reactome","PHG_CTCDT"
"R-HSA-438064","Post NMDA receptor activation events",-1.74048775979726,0.103774743433099,"Reactome","PHG_CTCDT"
"R-HSA-975956","Nonsense Mediated Decay (NMD) independent of the Exon Junction Complex (EJC)",-1.73490149620435,0.10713977380644,"Reactome","PHG_CTCDT"
"R-HSA-8874081","MET activates PTK2 signaling",1.77551928736035,0.107516604646589,"Reactome","PHG_CTCDT"
"R-HSA-8941326","RUNX2 regulates bone development",1.77014249804214,0.110044597170342,"Reactome","PHG_CTCDT"
"R-HSA-8941855","RUNX3 regulates CDKN1A transcription",1.75351902057696,0.113251108287694,"Reactome","PHG_CTCDT"
"R-HSA-2173793","Transcriptional activity of SMAD2/SMAD3:SMAD4 heterotrimer",1.75457655764587,0.115350237043426,"Reactome","PHG_CTCDT"
"R-HSA-8983711","OAS antiviral response",1.74276415772638,0.117051182008903,"Reactome","PHG_CTCDT"
"R-HSA-1296071","Potassium Channels",-1.72093890114261,0.117452877080604,"Reactome","PHG_CTCDT"
"R-HSA-75892","Platelet Adhesion to exposed collagen",1.75460830137088,0.118592125997408,"Reactome","PHG_CTCDT"
"R-HSA-1442490","Collagen degradation",1.74305102887064,0.119738473759094,"Reactome","PHG_CTCDT"
"R-HSA-8940973","RUNX2 regulates osteoblast differentiation",1.73297712666724,0.120408646543621,"Reactome","PHG_CTCDT"
"R-HSA-5576892","Phase 0 - rapid depolarisation",-1.7131787622646,0.121391392505223,"Reactome","PHG_CTCDT"
"R-HSA-166658","Complement cascade",1.73435446739939,0.121862426339824,"Reactome","PHG_CTCDT"
"R-HSA-1474228","Degradation of the extracellular matrix",1.71565979873363,0.133096952475875,"Reactome","PHG_CTCDT"
"R-HSA-174577","Activation of C3 and C5",1.7189701940924,0.134650609777573,"Reactome","PHG_CTCDT"
"R-HSA-3656225","Defective CHST6 causes MCDC1",1.71014857974235,0.137741465433483,"Reactome","PHG_CTCDT"
"R-HSA-975634","Retinoid metabolism and transport",1.70563966108015,0.138310056809764,"Reactome","PHG_CTCDT"
"R-HSA-6806667","Metabolism of fat-soluble vitamins",1.70156417182899,0.141252750345392,"Reactome","PHG_CTCDT"
"R-HSA-416993","Trafficking of GluR2-containing AMPA receptors",-1.67738530094605,0.14838790380586,"Reactome","PHG_CTCDT"
"R-HSA-8849932","Synaptic adhesion-like molecules",-1.68086130055731,0.149736414147441,"Reactome","PHG_CTCDT"
"R-HSA-9609736","Assembly and cell surface presentation of NMDA receptors",-1.67795226387682,0.150277630102191,"Reactome","PHG_CTCDT"
"R-HSA-438066","Unblocking of NMDA receptors, glutamate binding and activation",-1.69000678745065,0.151340961448616,"Reactome","PHG_CTCDT"
"R-HSA-72613","Eukaryotic Translation Initiation",-1.68163063872647,0.1519126449682,"Reactome","PHG_CTCDT"
"R-HSA-72737","Cap-dependent Translation Initiation",-1.68163063872647,0.1519126449682,"Reactome","PHG_CTCDT"
"R-HSA-72766","Translation",-1.68407954888659,0.154369463770684,"Reactome","PHG_CTCDT"
"R-HSA-9620244","Long-term potentiation",-1.68491747017108,0.156075045451263,"Reactome","PHG_CTCDT"
"R-HSA-71403","Citric acid cycle (TCA cycle)",-1.66675554771545,0.158735094517947,"Reactome","PHG_CTCDT"
"R-HSA-2129379","Molecules associated with elastic fibres",1.65959921991375,0.159979226627131,"Reactome","PHG_CTCDT"
"R-HSA-4411364","Binding of TCF/LEF:CTNNB1 to target gene promoters",1.66255836931573,0.160739299237578,"Reactome","PHG_CTCDT"
"R-HSA-3656243","Defective ST3GAL3 causes MCT12 and EIEE15",1.66975539145034,0.162960728927172,"Reactome","PHG_CTCDT"
"R-HSA-193807","Synthesis of bile acids and bile salts via 27-hydroxycholesterol",1.67031321086688,0.164893304621437,"Reactome","PHG_CTCDT"
"R-HSA-2453902","The canonical retinoid cycle in rods (twilight vision)",1.66312568273195,0.165134321551601,"Reactome","PHG_CTCDT"
"R-HSA-75205","Dissolution of Fibrin Clot",1.64705411639467,0.167142997678029,"Reactome","PHG_CTCDT"
"R-HSA-8951430","RUNX3 regulates WNT signaling",1.66361650285189,0.167223696116687,"Reactome","PHG_CTCDT"
"R-HSA-111996","Ca-dependent events",-1.65426082561704,0.176118451134695,"Reactome","PHG_CTCDT"
"R-HSA-446353","Cell-extracellular matrix interactions",1.63386300594304,0.183521386880032,"Reactome","PHG_CTCDT"
"R-HSA-381426","Regulation of Insulin-like Growth Factor (IGF) transport and uptake by Insulin-like Growth Factor Binding Proteins (IGFBPs)",1.61980727445055,0.184253507097099,"Reactome","PHG_CTCDT"
"R-HSA-913531","Interferon Signaling",1.62111782911051,0.186928618029107,"Reactome","PHG_CTCDT"
"R-HSA-140877","Formation of Fibrin Clot (Clotting Cascade)",1.62281740401933,0.188702230584234,"Reactome","PHG_CTCDT"
"R-HSA-198933","Immunoregulatory interactions between a Lymphoid and a non-Lymphoid cell",1.62389008453206,0.188987390158251,"Reactome","PHG_CTCDT"
"R-HSA-111932","CaMK IV-mediated phosphorylation of CREB",-1.64292494997134,0.192301268936037,"Reactome","PHG_CTCDT"
"R-HSA-2453864","Retinoid cycle disease events",1.5985182095361,0.204787305254109,"Reactome","PHG_CTCDT"
"R-HSA-2474795","Diseases associated with visual transduction",1.5985182095361,0.204787305254109,"Reactome","PHG_CTCDT"
"R-HSA-9675143","Diseases of the neuronal system",1.5985182095361,0.204787305254109,"Reactome","PHG_CTCDT"
"R-HSA-909733","Interferon alpha/beta signaling",1.5847118682847,0.210594522241163,"Reactome","PHG_CTCDT"
"R-HSA-8957275","Post-translational protein phosphorylation",1.5986548156097,0.211690055900244,"Reactome","PHG_CTCDT"
"R-HSA-389958","Cooperation of Prefoldin and TriC/CCT  in actin and tubulin folding",-1.62723627350881,0.21211204605034,"Reactome","PHG_CTCDT"
"R-HSA-3656244","Defective B4GALT1 causes B4GALT1-CDG (CDG-2d)",1.57933068160947,0.213329900731719,"Reactome","PHG_CTCDT"
"R-HSA-8963898","Plasma lipoprotein assembly",1.57471169992293,0.216969769026169,"Reactome","PHG_CTCDT"
"R-HSA-70263","Gluconeogenesis",-1.60790459598691,0.231639939729608,"Reactome","PHG_CTCDT"
"R-HSA-9010553","Regulation of expression of SLITs and ROBOs",-1.61146951110838,0.231759160001898,"Reactome","PHG_CTCDT"
"R-HSA-114604","GPVI-mediated activation cascade",1.55719954468258,0.232124034181036,"Reactome","PHG_CTCDT"
"R-HSA-5633008","TP53 Regulates Transcription of Cell Death Genes",1.55724109360488,0.234201755861943,"Reactome","PHG_CTCDT"
"R-HSA-70268","Pyruvate metabolism",-1.60793422357032,0.235306517352357,"Reactome","PHG_CTCDT"
"R-HSA-111933","Calmodulin induced events",-1.60131388173297,0.23706748092713,"Reactome","PHG_CTCDT"
"R-HSA-111997","CaM pathway",-1.60131388173297,0.23706748092713,"Reactome","PHG_CTCDT"
"R-HSA-1280215","Cytokine Signaling in Immune system",1.55328605381272,0.237730575108408,"Reactome","PHG_CTCDT"
"R-HSA-912446","Meiotic recombination",1.5440215789548,0.238230811436276,"Reactome","PHG_CTCDT"
"R-HSA-9818027","NFE2L2 regulating anti-oxidant/detoxification enzymes",1.5503058172646,0.239258693575507,"Reactome","PHG_CTCDT"
"R-HSA-73728","RNA Polymerase I Promoter Opening",1.548918922744,0.239779526080718,"Reactome","PHG_CTCDT"
"R-HSA-451306","Ionotropic activity of kainate receptors",-1.59622980212114,0.240031016281343,"Reactome","PHG_CTCDT"
"R-HSA-451308","Activation of Ca-permeable Kainate Receptor",-1.59622980212114,0.240031016281343,"Reactome","PHG_CTCDT"
"R-HSA-452723","Transcriptional regulation of pluripotent stem cells",1.53743757195641,0.24075757498943,"Reactome","PHG_CTCDT"
"R-HSA-8964058","HDL remodeling",1.53781181630324,0.242140525704567,"Reactome","PHG_CTCDT"
"R-HSA-177504","Retrograde neurotrophin signalling",-1.58796060931365,0.246592069399086,"Reactome","PHG_CTCDT"
"R-HSA-9633012","Response of EIF2AK4 (GCN2) to amino acid deficiency",-1.58504484833173,0.24872167020672,"Reactome","PHG_CTCDT"
"R-HSA-9796292","Formation of axial mesoderm",1.53077175348742,0.251063245151716,"Reactome","PHG_CTCDT"
"R-HSA-168273","Influenza Viral RNA Transcription and Replication",-1.57784636157309,0.256335282651072,"Reactome","PHG_CTCDT"
"R-HSA-6791226","Major pathway of rRNA processing in the nucleolus and cytosol",-1.57412132353036,0.260767146732059,"Reactome","PHG_CTCDT"
"R-HSA-927802","Nonsense-Mediated Decay (NMD)",-1.56052904758456,0.271773176281282,"Reactome","PHG_CTCDT"
"R-HSA-975957","Nonsense Mediated Decay (NMD) enhanced by the Exon Junction Complex (EJC)",-1.56052904758456,0.271773176281282,"Reactome","PHG_CTCDT"
"R-HSA-9735869","SARS-CoV-1 modulates host translation machinery",-1.56537627601871,0.275243074015003,"Reactome","PHG_CTCDT"
"R-HSA-389957","Prefoldin mediated transfer of substrate  to CCT/TriC",-1.56115319349309,0.277418178135881,"Reactome","PHG_CTCDT"
"R-HSA-9617324","Negative regulation of NMDA receptor-mediated neuronal transmission",-1.56259303048373,0.277891060497247,"Reactome","PHG_CTCDT"
"R-HSA-9619483","Activation of AMPK downstream of NMDARs",-1.55272670139544,0.285961404985527,"Reactome","PHG_CTCDT"
"R-HSA-166663","Initial triggering of complement",1.4968931542283,0.286092818677811,"Reactome","PHG_CTCDT"
"R-HSA-888590","GABA synthesis, release, reuptake and degradation",-1.55034670079721,0.28836684657564,"Reactome","PHG_CTCDT"
"R-HSA-8868773","rRNA processing in the nucleus and cytosol",-1.54227917886521,0.288912516982692,"Reactome","PHG_CTCDT"
"R-HSA-264876","Insulin processing",-1.54369281733783,0.289610066957848,"Reactome","PHG_CTCDT"
"R-HSA-2408522","Selenoamino acid metabolism",-1.54016764203122,0.290337501519191,"Reactome","PHG_CTCDT"
"R-HSA-5686938","Regulation of TLR by endogenous ligand",-1.53812140490561,0.291264586320407,"Reactome","PHG_CTCDT"
"R-HSA-5099900","WNT5A-dependent internalization of FZD4",-1.5442301562296,0.291966940358753,"Reactome","PHG_CTCDT"
"R-HSA-445095","Interaction between L1 and Ankyrins",-1.545188421429,0.292796029056861,"Reactome","PHG_CTCDT"
"R-HSA-9619229","Activation of RAC1 downstream of NMDARs",-1.52925083404072,0.304531999658705,"Reactome","PHG_CTCDT"
"R-HSA-9759194","Nuclear events mediated by NFE2L2",1.47634512193891,0.306337433715666,"Reactome","PHG_CTCDT"
"R-HSA-75158","TRAIL  signaling",1.47832922775607,0.306440151509613,"Reactome","PHG_CTCDT"
"R-HSA-6785807","Interleukin-4 and Interleukin-13 signaling",1.48319846608866,0.306839282531963,"Reactome","PHG_CTCDT"
"R-HSA-445355","Smooth Muscle Contraction",1.47667673841761,0.307692365877229,"Reactome","PHG_CTCDT"
"R-HSA-2187338","Visual phototransduction",1.4654014123894,0.310101166594966,"Reactome","PHG_CTCDT"
"R-HSA-5205647","Mitophagy",-1.52006308103868,0.322378888168361,"Reactome","PHG_CTCDT"
"R-HSA-1489509","DAG and IP3 signaling",-1.50916242498493,0.335665053116576,"Reactome","PHG_CTCDT"
"R-HSA-442982","Ras activation upon Ca2+ influx through NMDA receptor",-1.51024693871779,0.336495004794743,"Reactome","PHG_CTCDT"
"R-HSA-140875","Common Pathway of Fibrin Clot Formation",1.4434130652423,0.337926340722723,"Reactome","PHG_CTCDT"
"R-HSA-5625740","RHO GTPases activate PKNs",1.44057513910997,0.338259411219842,"Reactome","PHG_CTCDT"
"R-HSA-9022535","Loss of phosphorylation of MECP2 at T308",-1.50659910492963,0.338479519857443,"Reactome","PHG_CTCDT"
"R-HSA-72312","rRNA processing",-1.50424643032374,0.340891430735887,"Reactome","PHG_CTCDT"
"R-HSA-180024","DARPP-32 events",-1.49738408935331,0.354672455549648,"Reactome","PHG_CTCDT"
"R-HSA-6783783","Interleukin-10 signaling",-1.49149754601974,0.36187370783862,"Reactome","PHG_CTCDT"
"R-HSA-9637690","Response of Mtb to phagocytosis",-1.48255152293347,0.37041793894864,"Reactome","PHG_CTCDT"
"R-HSA-8866427","VLDLR internalisation and degradation",-1.47818820951075,0.370973908070153,"Reactome","PHG_CTCDT"
"R-HSA-5658442","Regulation of RAS by GAPs",-1.48014050442196,0.373111932468657,"Reactome","PHG_CTCDT"
"R-HSA-9637628","Modulation by Mtb of host immune system",-1.47849594919914,0.373680393251727,"Reactome","PHG_CTCDT"
"R-HSA-879415","Advanced glycosylation endproduct receptor signaling",-1.46848511820083,0.384974948850546,"Reactome","PHG_CTCDT"
"R-HSA-112043","PLC beta mediated events",-1.46685235855365,0.385857681179318,"Reactome","PHG_CTCDT"
"R-HSA-264870","Caspase-mediated cleavage of cytoskeletal proteins",1.40128599120578,0.387730538392651,"Reactome","PHG_CTCDT"
"R-HSA-2559582","Senescence-Associated Secretory Phenotype (SASP)",1.39764451746627,0.388755943852749,"Reactome","PHG_CTCDT"
"R-HSA-442729","CREB1 phosphorylation through the activation of CaMKII/CaMKK/CaMKIV cascasde",-1.46346721226925,0.390767269604988,"Reactome","PHG_CTCDT"
"R-HSA-6811436","COPI-independent Golgi-to-ER retrograde traffic",-1.45903710404133,0.392112967971091,"Reactome","PHG_CTCDT"
"R-HSA-72695","Formation of the ternary complex, and subsequently, the 43S complex",-1.45960143593417,0.394011159092722,"Reactome","PHG_CTCDT"
"R-HSA-375276","Peptide ligand-binding receptors",-1.44841389511473,0.408857256277714,"Reactome","PHG_CTCDT"
"R-HSA-9637687","Suppression of phagosomal maturation",-1.44708979750313,0.408882053618895,"Reactome","PHG_CTCDT"
"R-HSA-111957","Cam-PDE 1 activation",-1.44412465138623,0.409785716622022,"Reactome","PHG_CTCDT"
"R-HSA-5602498","MyD88 deficiency (TLR2/4)",-1.45045226190251,0.410339786247227,"Reactome","PHG_CTCDT"
"R-HSA-5603041","IRAK4 deficiency (TLR2/4)",-1.44896622533358,0.410785391779543,"Reactome","PHG_CTCDT"
"R-HSA-174403","Glutathione synthesis and recycling",-1.4415589027609,0.413858167525121,"Reactome","PHG_CTCDT"
"R-HSA-112040","G-protein mediated events",-1.43424770027869,0.416485269883529,"Reactome","PHG_CTCDT"
"R-HSA-5389840","Mitochondrial translation elongation",-1.43137709089525,0.417248439790259,"Reactome","PHG_CTCDT"
"R-HSA-376176","Signaling by ROBO receptors",-1.4321023254425,0.418545838501978,"Reactome","PHG_CTCDT"
"R-HSA-9754678","SARS-CoV-2 modulates host translation machinery",-1.42727437563959,0.421954805408669,"Reactome","PHG_CTCDT"
"R-HSA-9711097","Cellular response to starvation",-1.42430063258968,0.426582075405839,"Reactome","PHG_CTCDT"
"R-HSA-68616","Assembly of the ORC complex at the origin of replication",1.37391200291079,0.426704661550441,"Reactome","PHG_CTCDT"
"R-HSA-111465","Apoptotic cleavage of cellular proteins",1.37515291385549,0.429725825873451,"Reactome","PHG_CTCDT"
"R-HSA-350054","Notch-HLH transcription pathway",1.37426022814395,0.429910820595384,"Reactome","PHG_CTCDT"
"R-HSA-168643","Nucleotide-binding domain, leucine rich repeat containing receptor (NLR) signaling pathways",1.37574415465854,0.43027987982402,"Reactome","PHG_CTCDT"
"R-HSA-5205685","PINK1-PRKN Mediated Mitophagy",-1.41978206677752,0.432194203534868,"Reactome","PHG_CTCDT"
"R-HSA-450408","AUF1 (hnRNP D0) binds and destabilizes mRNA",1.3678466685626,0.433889905878017,"Reactome","PHG_CTCDT"
"R-HSA-1059683","Interleukin-6 signaling",1.35573775490596,0.437905197642789,"Reactome","PHG_CTCDT"
"R-HSA-9755511","KEAP1-NFE2L2 pathway",1.35684254241817,0.439030119987751,"Reactome","PHG_CTCDT"
"R-HSA-449147","Signaling by Interleukins",1.35105226322713,0.443727504216693,"Reactome","PHG_CTCDT"
"R-HSA-1445148","Translocation of SLC2A4 (GLUT4) to the plasma membrane",-1.40610534181094,0.455874641833197,"Reactome","PHG_CTCDT"
"R-HSA-72702","Ribosomal scanning and start codon recognition",-1.40621331844886,0.458911046694373,"Reactome","PHG_CTCDT"
"R-HSA-2980767","Activation of NIMA Kinases NEK9, NEK6, NEK7",1.33494433224057,0.459788200354586,"Reactome","PHG_CTCDT"
"R-HSA-168256","Immune System",1.34081439130582,0.460407663126762,"Reactome","PHG_CTCDT"
"R-HSA-390666","Serotonin receptors",-1.40074211349394,0.464485392774866,"Reactome","PHG_CTCDT"
"R-HSA-442742","CREB1 phosphorylation through NMDA receptor-mediated activation of RAS signaling",-1.39662719495643,0.472996000400504,"Reactome","PHG_CTCDT"
"R-HSA-8856688","Golgi-to-ER retrograde transport",-1.39439104038009,0.475966214321786,"Reactome","PHG_CTCDT"
"R-HSA-418359","Reduction of cytosolic Ca++ levels",-1.39089049356103,0.479237530437579,"Reactome","PHG_CTCDT"
"R-HSA-114608","Platelet degranulation",1.3205741546144,0.484972671880642,"Reactome","PHG_CTCDT"
"R-HSA-5621480","Dectin-2 family",-1.37524814505323,0.486901747145097,"Reactome","PHG_CTCDT"
"R-HSA-5419276","Mitochondrial translation termination",-1.37905450426005,0.488883842491371,"Reactome","PHG_CTCDT"
"R-HSA-389960","Formation of tubulin folding intermediates by CCT/TriC",-1.37656519955297,0.489715312356064,"Reactome","PHG_CTCDT"
"R-HSA-1237044","Erythrocytes take up carbon dioxide and release oxygen",-1.3793501347414,0.491330950833874,"Reactome","PHG_CTCDT"
"R-HSA-1480926","O2/CO2 exchange in erythrocytes",-1.3793501347414,0.491330950833874,"Reactome","PHG_CTCDT"
"R-HSA-72649","Translation initiation complex formation",-1.38272750241997,0.494897808494299,"Reactome","PHG_CTCDT"
"R-HSA-5368287","Mitochondrial translation",-1.37971563210723,0.496856106505229,"Reactome","PHG_CTCDT"
"R-HSA-380108","Chemokine receptors bind chemokines",-1.38016175951786,0.498974709501025,"Reactome","PHG_CTCDT"
"R-HSA-379724","tRNA Aminoacylation",-1.36430307039443,0.501850744284954,"Reactome","PHG_CTCDT"
"R-HSA-174824","Plasma lipoprotein assembly, remodeling, and clearance",1.3060018996041,0.501992137793639,"Reactome","PHG_CTCDT"
"R-HSA-9648895","Response of EIF2AK1 (HRI) to heme deficiency",1.30500944476047,0.502660368651939,"Reactome","PHG_CTCDT"
"R-HSA-1247673","Erythrocytes take up oxygen and release carbon dioxide",-1.35982992379848,0.507872749588149,"Reactome","PHG_CTCDT"
"R-HSA-71291","Metabolism of amino acids and derivatives",-1.3514053461549,0.516183564114019,"Reactome","PHG_CTCDT"
"R-HSA-211935","Fatty acids",1.28433349688339,0.527051283245575,"Reactome","PHG_CTCDT"
"R-HSA-8939236","RUNX1 regulates transcription of genes involved in differentiation of HSCs",1.28293566919052,0.527088657073735,"Reactome","PHG_CTCDT"
"R-HSA-3560782","Diseases associated with glycosaminoglycan metabolism",1.27544996751943,0.535653049371112,"Reactome","PHG_CTCDT"
"R-HSA-3371497","HSP90 chaperone cycle for steroid hormone receptors (SHR) in the presence of ligand",1.27805510501253,0.536412015832749,"Reactome","PHG_CTCDT"
"R-HSA-450531","Regulation of mRNA stability by proteins that bind AU-rich elements",1.26434563675758,0.55181271518483,"Reactome","PHG_CTCDT"
"R-HSA-77387","Insulin receptor recycling",-1.3326633005883,0.555167563709995,"Reactome","PHG_CTCDT"
"R-HSA-5368286","Mitochondrial translation initiation",-1.3328985570768,0.557783729708424,"Reactome","PHG_CTCDT"
"R-HSA-1592230","Mitochondrial biogenesis",-1.3345762749422,0.559319884893434,"Reactome","PHG_CTCDT"
"R-HSA-111885","Opioid Signalling",-1.32731946163331,0.561408150004641,"Reactome","PHG_CTCDT"
"R-HSA-72662","Activation of the mRNA upon binding of the cap-binding complex and eIFs, and subsequent binding to 43S",-1.32752363346831,0.563946923696873,"Reactome","PHG_CTCDT"
"R-HSA-76005","Response to elevated platelet cytosolic Ca2+",1.24867934503418,0.570182148630156,"Reactome","PHG_CTCDT"
"R-HSA-1268020","Mitochondrial protein import",-1.32130667360074,0.572678498067535,"Reactome","PHG_CTCDT"
"R-HSA-70326","Glucose metabolism",-1.31464475816253,0.576681846418688,"Reactome","PHG_CTCDT"
"R-HSA-6798695","Neutrophil degranulation",1.23326427574583,0.586116021352114,"Reactome","PHG_CTCDT"
"R-HSA-5339562","Uptake and actions of bacterial toxins",1.23093096054348,0.589017554115545,"Reactome","PHG_CTCDT"
"R-HSA-159854","Gamma-carboxylation, transport, and amino-terminal cleavage of proteins",1.22838891956247,0.592119399191472,"Reactome","PHG_CTCDT"
"R-HSA-5668541","TNFR2 non-canonical NF-kB pathway",1.22402418574211,0.598862345972697,"Reactome","PHG_CTCDT"
"R-HSA-9010642","ROBO receptors bind AKAP5",-1.29581516073981,0.608832632262918,"Reactome","PHG_CTCDT"
"R-HSA-171306","Packaging Of Telomere Ends",1.21544519965893,0.61360955184622,"Reactome","PHG_CTCDT"
"R-HSA-9636383","Prevention of phagosomal-lysosomal fusion",-1.29173421835398,0.614910450139799,"Reactome","PHG_CTCDT"
"R-HSA-5626467","RHO GTPases activate IQGAPs",-1.28152194082929,0.639889657410909,"Reactome","PHG_CTCDT"
"R-HSA-437239","Recycling pathway of L1",-1.27630635369063,0.650410673750272,"Reactome","PHG_CTCDT"
"R-HSA-2132295","MHC class II antigen presentation",-1.27506726037434,0.651164028446066,"Reactome","PHG_CTCDT"
"R-HSA-9768919","NPAS4 regulates expression of target genes",1.19005618192584,0.654508282628336,"Reactome","PHG_CTCDT"
"R-HSA-422475","Axon guidance",-1.27262787992498,0.655671995517822,"Reactome","PHG_CTCDT"
"R-HSA-1474151","Tetrahydrobiopterin (BH4) synthesis, recycling, salvage and regulation",1.18580072284981,0.659087329426253,"Reactome","PHG_CTCDT"
"R-HSA-9031628","NGF-stimulated transcription",1.17740553518344,0.659301324401517,"Reactome","PHG_CTCDT"
"R-HSA-168249","Innate Immune System",1.18113632707901,0.659603350710165,"Reactome","PHG_CTCDT"
"R-HSA-5083632","Defective C1GALT1C1 causes TNPS",-1.25801837388022,0.661834875458389,"Reactome","PHG_CTCDT"
"R-HSA-5260271","Diseases of Immune System",-1.25866319216819,0.66274313730454,"Reactome","PHG_CTCDT"
"R-HSA-5602358","Diseases associated with the TLR signaling cascade",-1.25866319216819,0.66274313730454,"Reactome","PHG_CTCDT"
"R-HSA-5628897","TP53 Regulates Metabolic Genes",-1.26710952310232,0.664244566640481,"Reactome","PHG_CTCDT"
"R-HSA-8875360","InlB-mediated entry of Listeria monocytogenes into host cell",-1.26444626301231,0.666213018905093,"Reactome","PHG_CTCDT"
"R-HSA-977443","GABA receptor activation",-1.26288973909869,0.668226453851668,"Reactome","PHG_CTCDT"
"R-HSA-1236978","Cross-presentation of soluble exogenous antigens (endosomes)",-1.24171376773677,0.673765049724479,"Reactome","PHG_CTCDT"
"R-HSA-6807878","COPI-mediated anterograde transport",-1.23214560235379,0.687034340352418,"Reactome","PHG_CTCDT"
"R-HSA-5083636","Defective GALNT12 causes CRCS1",-1.23262785651803,0.688452749358288,"Reactome","PHG_CTCDT"
"R-HSA-1236977","Endosomal/Vacuolar pathway",1.15943571695062,0.690603978239396,"Reactome","PHG_CTCDT"
"R-HSA-420499","Class C/3 (Metabotropic glutamate/pheromone receptors)",-1.22886149267958,0.691325052297526,"Reactome","PHG_CTCDT"
"R-HSA-9610379","HCMV Late Events",1.15956893544859,0.692086349271326,"Reactome","PHG_CTCDT"
"R-HSA-110330","Recognition and association of DNA glycosylase with site containing an affected purine",1.15224067162584,0.696669440807267,"Reactome","PHG_CTCDT"
"R-HSA-110331","Cleavage of the damaged purine",1.15224067162584,0.696669440807267,"Reactome","PHG_CTCDT"
"R-HSA-73927","Depurination",1.15224067162584,0.696669440807267,"Reactome","PHG_CTCDT"
"R-HSA-110328","Recognition and association of DNA glycosylase with site containing an affected pyrimidine",1.15372940850239,0.69793676586108,"Reactome","PHG_CTCDT"
"R-HSA-110329","Cleavage of the damaged pyrimidine",1.15372940850239,0.69793676586108,"Reactome","PHG_CTCDT"
"R-HSA-73928","Depyrimidination",1.15372940850239,0.69793676586108,"Reactome","PHG_CTCDT"
"R-HSA-8949215","Mitochondrial calcium ion transport",-1.22503597080198,0.700928860423627,"Reactome","PHG_CTCDT"
"R-HSA-977068","Termination of O-glycan biosynthesis",-1.22367429827169,0.702549625307909,"Reactome","PHG_CTCDT"
"R-HSA-606279","Deposition of new CENPA-containing nucleosomes at the centromere",1.13990395644294,0.704023999733189,"Reactome","PHG_CTCDT"
"R-HSA-774815","Nucleosome assembly",1.13990395644294,0.704023999733189,"Reactome","PHG_CTCDT"
"R-HSA-76002","Platelet activation, signaling and aggregation",1.1465958526372,0.704090712967585,"Reactome","PHG_CTCDT"
"R-HSA-5627123","RHO GTPases activate PAKs",1.13483880247664,0.71362001565622,"Reactome","PHG_CTCDT"
"R-HSA-983695","Antigen activates B Cell Receptor (BCR) leading to generation of second messengers",1.12668692123083,0.714721474110625,"Reactome","PHG_CTCDT"
"R-HSA-9660826","Purinergic signaling in leishmaniasis infection",1.12533634217444,0.715223255524063,"Reactome","PHG_CTCDT"
"R-HSA-9664424","Cell recruitment (pro-inflammatory response)",1.12533634217444,0.715223255524063,"Reactome","PHG_CTCDT"
"R-HSA-199977","ER to Golgi Anterograde Transport",-1.21259211327245,0.717486063959093,"Reactome","PHG_CTCDT"
"R-HSA-180585","Vif-mediated degradation of APOBEC3G",-1.21072259093304,0.717494476446898,"Reactome","PHG_CTCDT"
"R-HSA-9675108","Nervous system development",-1.21137119729474,0.718325539479664,"Reactome","PHG_CTCDT"
"R-HSA-948021","Transport to the Golgi and subsequent modification",-1.21403304930234,0.718587116608844,"Reactome","PHG_CTCDT"
"R-HSA-3781865","Diseases of glycosylation",1.11922944508685,0.720659564752063,"Reactome","PHG_CTCDT"
"R-HSA-209952","Peptide hormone biosynthesis",1.12110565406098,0.722169827938604,"Reactome","PHG_CTCDT"
"R-HSA-198725","Nuclear Events (kinase and transcription factor activation)",1.11610084353819,0.726373793318512,"Reactome","PHG_CTCDT"
"R-HSA-9663891","Selective autophagy",-1.20251413349081,0.738310965002694,"Reactome","PHG_CTCDT"
"R-HSA-450341","Activation of the AP-1 family of transcription factors",1.1040787573782,0.740930553998434,"Reactome","PHG_CTCDT"
"R-HSA-3906995","Diseases associated with O-glycosylation of proteins",1.10558288561142,0.741748368637522,"Reactome","PHG_CTCDT"
"R-HSA-9702518","STAT5 activation downstream of FLT3 ITD mutants",1.09814496174305,0.745855272968102,"Reactome","PHG_CTCDT"
"R-HSA-162588","Budding and maturation of HIV virion",-1.19865687840132,0.748062028068446,"Reactome","PHG_CTCDT"
"R-HSA-166058","MyD88:MAL(TIRAP) cascade initiated on plasma membrane",1.08601687026739,0.757984993991589,"Reactome","PHG_CTCDT"
"R-HSA-168188","Toll Like Receptor TLR6:TLR2 Cascade",1.08601687026739,0.757984993991589,"Reactome","PHG_CTCDT"
"R-HSA-73772","RNA Polymerase I Promoter Escape",1.08735014473949,0.758990560519179,"Reactome","PHG_CTCDT"
"R-HSA-9670095","Inhibition of DNA recombination at telomere",1.0849642258121,0.759332485359887,"Reactome","PHG_CTCDT"
"R-HSA-379716","Cytosolic tRNA aminoacylation",-1.19028429171858,0.76140826263144,"Reactome","PHG_CTCDT"
"R-HSA-73929","Base-Excision Repair, AP Site Formation",1.08177446145615,0.766826092636028,"Reactome","PHG_CTCDT"
"R-HSA-5627117","RHO GTPases Activate ROCKs",1.07685860223153,0.771075592474239,"Reactome","PHG_CTCDT"
"R-HSA-9821993","Replacement of protamines by nucleosomes in the male pronucleus",1.0754336539733,0.771929469844923,"Reactome","PHG_CTCDT"
"R-HSA-418038","Nucleotide-like (purinergic) receptors",1.07883257883361,0.772135394676611,"Reactome","PHG_CTCDT"
"R-HSA-9833482","PKR-mediated signaling",1.06741795476924,0.775424380330019,"Reactome","PHG_CTCDT"
"R-HSA-166016","Toll Like Receptor 4 (TLR4) Cascade",1.06178257064264,0.775567717183758,"Reactome","PHG_CTCDT"
"R-HSA-5610780","Degradation of GLI1 by the proteasome",-1.18120458287562,0.782812352469763,"Reactome","PHG_CTCDT"
"R-HSA-174084","Autodegradation of Cdh1 by Cdh1:APC/C",-1.17542151886985,0.789324005273277,"Reactome","PHG_CTCDT"
"R-HSA-5610785","GLI3 is processed to GLI3R by the proteasome",-1.17327770908882,0.790487533908586,"Reactome","PHG_CTCDT"
"R-HSA-5083625","Defective GALNT3 causes HFTC",-1.17675583789415,0.791199527253529,"Reactome","PHG_CTCDT"
"R-HSA-425366","Transport of bile salts and organic acids, metal ions and amine compounds",-1.17092301158119,0.792694872027267,"Reactome","PHG_CTCDT"
"R-HSA-9711123","Cellular response to chemical stress",1.04944034368818,0.793648695105774,"Reactome","PHG_CTCDT"
"R-HSA-69615","G1/S DNA Damage Checkpoints",1.04218061744458,0.800544636989244,"Reactome","PHG_CTCDT"
"R-HSA-8854050","FBXL7 down-regulates AURKA during mitotic entry and in early mitosis",-1.16707898760191,0.802535224838606,"Reactome","PHG_CTCDT"
"R-HSA-6803157","Antimicrobial peptides",-1.1634776067224,0.805484271550753,"Reactome","PHG_CTCDT"
"R-HSA-162909","Host Interactions of HIV factors",-1.15285573615897,0.805530163854031,"Reactome","PHG_CTCDT"
"R-HSA-168179","Toll Like Receptor TLR1:TLR2 Cascade",1.03697435874635,0.805897519983582,"Reactome","PHG_CTCDT"
"R-HSA-181438","Toll Like Receptor 2 (TLR2) Cascade",1.03697435874635,0.805897519983582,"Reactome","PHG_CTCDT"
"R-HSA-5689877","Josephin domain DUBs",-1.16426451483509,0.808781092423436,"Reactome","PHG_CTCDT"
"R-HSA-168255","Influenza Infection",-1.15460547873737,0.814265439996434,"Reactome","PHG_CTCDT"
"R-HSA-1222556","ROS and RNS production in phagocytes",-1.14045731048405,0.827656062005092,"Reactome","PHG_CTCDT"
"R-HSA-174154","APC/C:Cdc20 mediated degradation of Securin",-1.13507340013514,0.834829302351915,"Reactome","PHG_CTCDT"
"R-HSA-1632852","Macroautophagy",-1.13062139011241,0.838296644266346,"Reactome","PHG_CTCDT"
"R-HSA-179409","APC-Cdc20 mediated degradation of Nek2A",-1.13074779494434,0.840746647764191,"Reactome","PHG_CTCDT"
"R-HSA-2408508","Metabolism of ingested SeMet, Sec, MeSec into H2Se",1.01531677076778,0.843556384643792,"Reactome","PHG_CTCDT"
"R-HSA-157579","Telomere Maintenance",1.01741258564009,0.843760341595208,"Reactome","PHG_CTCDT"
"R-HSA-166786","Creation of C4 and C2 activators",1.01223054314349,0.846185148079174,"Reactome","PHG_CTCDT"
"R-HSA-174048","APC/C:Cdc20 mediated degradation of Cyclin B",-1.087286275912,0.854642097606546,"Reactome","PHG_CTCDT"
"R-HSA-8876384","Listeria monocytogenes entry into host cells",-1.11215020148242,0.855343208576615,"Reactome","PHG_CTCDT"
"R-HSA-9646399","Aggrephagy",-1.1150698865971,0.856653535644044,"Reactome","PHG_CTCDT"
"R-HSA-167160","RNA Pol II CTD phosphorylation and interaction with CE during HIV infection",-1.0880866616025,0.859637850528538,"Reactome","PHG_CTCDT"
"R-HSA-77075","RNA Pol II CTD phosphorylation and interaction with CE",-1.0880866616025,0.859637850528538,"Reactome","PHG_CTCDT"
"R-HSA-9604323","Negative regulation of NOTCH4 signaling",-1.11009934485006,0.859785984729391,"Reactome","PHG_CTCDT"
"R-HSA-917729","Endosomal Sorting Complex Required For Transport (ESCRT)",-1.10914543191615,0.860123773983987,"Reactome","PHG_CTCDT"
"R-HSA-390466","Chaperonin-mediated protein folding",-1.11798890643937,0.860707759859806,"Reactome","PHG_CTCDT"
"R-HSA-174178","APC/C:Cdh1 mediated degradation of Cdc20 and other APC/C:Cdh1 targeted proteins in late mitosis/early G1",-1.11550406303213,0.860731882155077,"Reactome","PHG_CTCDT"
"R-HSA-9762114","GSK3B and BTRC:CUL1-mediated-degradation of NFE2L2",-1.0933040914073,0.865554665013418,"Reactome","PHG_CTCDT"
"R-HSA-391251","Protein folding",-1.10189642644865,0.865734099983244,"Reactome","PHG_CTCDT"
"R-HSA-9609507","Protein localization",-1.07976236308597,0.866993038248489,"Reactome","PHG_CTCDT"
"R-HSA-380994","ATF4 activates genes in response to endoplasmic reticulum  stress",-1.07898743791339,0.867101037167774,"Reactome","PHG_CTCDT"
"R-HSA-179419","APC:Cdc20 mediated degradation of cell cycle proteins prior to satisfation of the cell cycle checkpoint",-1.09912036419861,0.867123761710305,"Reactome","PHG_CTCDT"
"R-HSA-180534","Vpu mediated degradation of CD4",-1.09985090513909,0.86723950949554,"Reactome","PHG_CTCDT"
"R-HSA-6781823","Formation of TC-NER Pre-Incision Complex",-1.10533728348173,0.867391947236126,"Reactome","PHG_CTCDT"
"R-HSA-432720","Lysosome Vesicle Biogenesis",-1.09350936498698,0.867532928053895,"Reactome","PHG_CTCDT"
"R-HSA-2168880","Scavenging of heme from plasma",-1.09468841930388,0.868721658518235,"Reactome","PHG_CTCDT"
"R-HSA-446203","Asparagine N-linked glycosylation",-1.1031596142621,0.869489098728864,"Reactome","PHG_CTCDT"
"R-HSA-176409","APC/C:Cdc20 mediated degradation of mitotic proteins",-1.07300177266468,0.881947374683513,"Reactome","PHG_CTCDT"
"R-HSA-9612973","Autophagy",-1.06677320547588,0.887836606739497,"Reactome","PHG_CTCDT"
"R-HSA-9609523","Insertion of tail-anchored proteins into the endoplasmic reticulum membrane",0.991679716524682,0.889789429269549,"Reactome","PHG_CTCDT"
"R-HSA-8953897","Cellular responses to stimuli",0.984499609422499,0.9060719877248,"Reactome","PHG_CTCDT"
"R-HSA-5689880","Ub-specific processing proteases",0.983006848398821,0.907306048742042,"Reactome","PHG_CTCDT"
"R-HSA-112409","RAF-independent MAPK1/3 activation",-1.05458789086899,0.914024623615428,"Reactome","PHG_CTCDT"
"R-HSA-9716542","Signaling by Rho GTPases, Miro GTPases and RHOBTB3",0.976396633280187,0.918620019742461,"Reactome","PHG_CTCDT"
"R-HSA-1643685","Disease",0.975349448650373,0.920035444065043,"Reactome","PHG_CTCDT"
"R-HSA-176814","Activation of APC/C and APC/C:Cdc20 mediated degradation of mitotic proteins",-1.03941150467199,0.92022385592723,"Reactome","PHG_CTCDT"
"R-HSA-917977","Transferrin endocytosis and recycling",-1.04368404489817,0.920630469440497,"Reactome","PHG_CTCDT"
"R-HSA-3560783","Defective B4GALT7 causes EDS, progeroid type",-1.04659981431233,0.92095173993857,"Reactome","PHG_CTCDT"
"R-HSA-3299685","Detoxification of Reactive Oxygen Species",0.974273664479343,0.921435719781183,"Reactome","PHG_CTCDT"
"R-HSA-1236975","Antigen processing-Cross presentation",-1.03735997737527,0.922283067664566,"Reactome","PHG_CTCDT"
"R-HSA-9708530","Regulation of BACH1 activity",-1.03769781589666,0.923561173445753,"Reactome","PHG_CTCDT"
"R-HSA-381042","PERK regulates gene expression",-1.0439911150434,0.92469556140526,"Reactome","PHG_CTCDT"
"R-HSA-429958","mRNA decay by 3' to 5' exoribonuclease",-1.03950400399617,0.924768259009033,"Reactome","PHG_CTCDT"
"R-HSA-425397","Transport of vitamins, nucleosides, and related molecules",-1.0469353057794,0.924824958155901,"Reactome","PHG_CTCDT"
"R-HSA-1236974","ER-Phagosome pathway",-1.04781075727546,0.929452938224868,"Reactome","PHG_CTCDT"
"R-HSA-2262752","Cellular responses to stress",0.963693792168108,0.934119470404113,"Reactome","PHG_CTCDT"
"R-HSA-6811442","Intra-Golgi and retrograde Golgi-to-ER traffic",-1.0267817043997,0.940982822132216,"Reactome","PHG_CTCDT"
"R-HSA-1234174","Cellular response to hypoxia",-1.02457216498105,0.943612273583033,"Reactome","PHG_CTCDT"
"R-HSA-211733","Regulation of activated PAK-2p34 by proteasome mediated degradation",-1.01459630886726,0.948233535494598,"Reactome","PHG_CTCDT"
"R-HSA-5687128","MAPK6/MAPK4 signaling",0.947624366469693,0.957051077436893,"Reactome","PHG_CTCDT"
"R-HSA-5358346","Hedgehog ligand biogenesis",-1.01822819219027,0.957750315379439,"Reactome","PHG_CTCDT"
"R-HSA-1430728","Metabolism",-1.01568281689712,0.958999104101443,"Reactome","PHG_CTCDT"
"R-HSA-9613829","Chaperone Mediated Autophagy",0.942824768826999,0.959295829713786,"Reactome","PHG_CTCDT"
"R-HSA-168799","Neurotoxicity of clostridium toxins",0.941723542860203,0.96088241129121,"Reactome","PHG_CTCDT"
"R-HSA-173623","Classical antibody-mediated complement activation",0.939333085458873,0.96111135865143,"Reactome","PHG_CTCDT"
"R-HSA-174113","SCF-beta-TrCP mediated degradation of Emi1",-1.00134761617035,0.964286407311239,"Reactome","PHG_CTCDT"
"R-HSA-4641258","Degradation of DVL",-0.997177064491258,0.973602633964476,"Reactome","PHG_CTCDT"
"R-HSA-75815","Ubiquitin-dependent degradation of Cyclin D",-0.990638126661782,0.976597633902748,"Reactome","PHG_CTCDT"
"R-HSA-4641257","Degradation of AXIN",-0.979481545649269,0.979181913582265,"Reactome","PHG_CTCDT"
"R-HSA-209776","Metabolism of amine-derived hormones",-0.979864219424075,0.980218855218855,"Reactome","PHG_CTCDT"
"R-HSA-69017","CDK-mediated phosphorylation and removal of Cdc6",-0.970094268921983,0.987690795870766,"Reactome","PHG_CTCDT"
"R-HSA-8876725","Protein methylation",-0.971569891751517,0.989652510736611,"Reactome","PHG_CTCDT"
"R-HSA-877312","Regulation of IFNG signaling",0.91757335571094,0.990152785487353,"Reactome","PHG_CTCDT"
"R-HSA-5675221","Negative regulation of MAPK pathway",-0.971787500579578,0.991200559375209,"Reactome","PHG_CTCDT"
"R-HSA-446652","Interleukin-1 family signaling",-0.97309012783562,0.991526421529193,"Reactome","PHG_CTCDT"
"R-HSA-6814122","Cooperation of PDCL (PhLP1) and TRiC/CCT in G-protein beta folding",-0.954088480064335,0.992885618660161,"Reactome","PHG_CTCDT"
"R-HSA-5362768","Hh mutants are degraded by ERAD",-0.966172581631423,0.99338720486446,"Reactome","PHG_CTCDT"
"R-HSA-169911","Regulation of Apoptosis",-0.946124115917862,0.996584232923779,"Reactome","PHG_CTCDT"
"R-HSA-8949664","Processing of SMDT1",-0.948634537020215,0.997091070168985,"Reactome","PHG_CTCDT"
"R-HSA-532668","N-glycan trimming in the ER and Calnexin/Calreticulin cycle",-0.345989241195086,0.99993846850572,"Reactome","PHG_CTCDT"
"R-HSA-174184","Cdc20:Phospho-APC/C mediated degradation of Cyclin A",-0.958463100498999,0.999999999999999,"Reactome","PHG_CTCDT"
"R-HSA-9725371","Nuclear events stimulated by ALK signaling in cancer",-0.930941556470081,0.999999999999999,"Reactome","PHG_CTCDT"
"R-HSA-8866652","Synthesis of active ubiquitin: roles of E1 and E2 enzymes",-0.927635064873355,0.999999999999999,"Reactome","PHG_CTCDT"
"R-HSA-422085","Synthesis, secretion, and deacylation of Ghrelin",-0.910661640111806,0.999999999999999,"Reactome","PHG_CTCDT"
"R-HSA-9707564","Cytoprotection by HMOX1",-0.931868794310641,0.999999999999999,"Reactome","PHG_CTCDT"
"R-HSA-9703465","Signaling by FLT3 fusion proteins",0.889532823926225,0.999999999999999,"Reactome","PHG_CTCDT"
"R-HSA-432722","Golgi Associated Vesicle Biogenesis",-0.90595630310837,0.999999999999999,"Reactome","PHG_CTCDT"
"R-HSA-3785653","Myoclonic epilepsy of Lafora",-0.892269621475878,0.999999999999999,"Reactome","PHG_CTCDT"
"R-HSA-381183","ATF6 (ATF6-alpha) activates chaperone genes",0.897489234644894,0.999999999999999,"Reactome","PHG_CTCDT"
"R-HSA-5678895","Defective CFTR causes cystic fibrosis",-0.929153370051972,0.999999999999999,"Reactome","PHG_CTCDT"
"R-HSA-5620971","Pyroptosis",0.904923513780621,0.999999999999999,"Reactome","PHG_CTCDT"
"R-HSA-197264","Nicotinamide salvaging",0.901913763009618,0.999999999999999,"Reactome","PHG_CTCDT"
"R-HSA-5610783","Degradation of GLI2 by the proteasome",-0.923487513508343,0.999999999999999,"Reactome","PHG_CTCDT"
"R-HSA-5387390","Hh mutants abrogate ligand secretion",-0.912462089483927,0.999999999999999,"Reactome","PHG_CTCDT"
"R-HSA-5661231","Metallothioneins bind metals",-0.868146703934415,0.999999999999999,"Reactome","PHG_CTCDT"
"R-HSA-9032845","Activated NTRK2 signals through CDK5",-0.863424088667024,0.999999999999999,"Reactome","PHG_CTCDT"
"R-HSA-936964","Activation of IRF3, IRF7 mediated by TBK1, IKBKE",0.867490692791854,0.999999999999999,"Reactome","PHG_CTCDT"
"R-HSA-9661069","Defective binding of RB1 mutants to E2F1,(E2F2, E2F3)",0.832829330381708,0.999999999999999,"Reactome","PHG_CTCDT"
"R-HSA-174143","APC/C-mediated degradation of cell cycle proteins",-0.909215948197776,0.999999999999999,"Reactome","PHG_CTCDT"
"R-HSA-453276","Regulation of mitotic cell cycle",-0.909215948197776,0.999999999999999,"Reactome","PHG_CTCDT"
"R-HSA-9707616","Heme signaling",0.871138276566573,0.999999999999999,"Reactome","PHG_CTCDT"
"R-HSA-349425","Autodegradation of the E3 ubiquitin ligase COP1",-0.886226325983163,0.999999999999999,"Reactome","PHG_CTCDT"
"R-HSA-162906","HIV Infection",-0.937894071788127,0.999999999999999,"Reactome","PHG_CTCDT"
"R-HSA-5140745","WNT5A-dependent internalization of FZD2, FZD5 and ROR2",-0.845083856247129,0.999999999999999,"Reactome","PHG_CTCDT"
"R-HSA-390450","Folding of actin by CCT/TriC",-0.855047950143229,0.999999999999999,"Reactome","PHG_CTCDT"
"R-HSA-983169","Class I MHC mediated antigen processing & presentation",-0.943173799295057,0.999999999999999,"Reactome","PHG_CTCDT"
"R-HSA-187037","Signaling by NTRK1 (TRKA)",-0.906546208326453,0.999999999999999,"Reactome","PHG_CTCDT"
"R-HSA-389948","PD-1 signaling",0.828322669037617,0.999999999999999,"Reactome","PHG_CTCDT"
"R-HSA-9020702","Interleukin-1 signaling",0.880305402077905,0.999999999999999,"Reactome","PHG_CTCDT"
"R-HSA-69052","Switching of origins to a post-replicative state",-0.888750475049779,0.999999999999999,"Reactome","PHG_CTCDT"
"R-HSA-202433","Generation of second messenger molecules",0.827640258862751,0.999999999999999,"Reactome","PHG_CTCDT"
"R-HSA-69473","G2/M DNA damage checkpoint",0.857701503499575,0.999999999999999,"Reactome","PHG_CTCDT"
"R-HSA-381119","Unfolded Protein Response (UPR)",-0.87385709342842,0.999999999999999,"Reactome","PHG_CTCDT"
"R-HSA-381033","ATF6 (ATF6-alpha) activates chaperones",0.776962924921877,0.999999999999999,"Reactome","PHG_CTCDT"
"R-HSA-8852276","The role of GTSE1 in G2/M progression after G2 checkpoint",-0.860336455516869,0.999999999999999,"Reactome","PHG_CTCDT"
"R-HSA-110320","Translesion Synthesis by POLH",-0.828373149229158,0.999999999999999,"Reactome","PHG_CTCDT"
"R-HSA-72086","mRNA Capping",-0.823191549537984,0.999999999999999,"Reactome","PHG_CTCDT"
"R-HSA-166520","Signaling by NTRKs",-0.878105740039966,0.999999999999999,"Reactome","PHG_CTCDT"
"R-HSA-9639288","Amino acids regulate mTORC1",-0.846132093101849,0.999999999999999,"Reactome","PHG_CTCDT"
"R-HSA-202430","Translocation of ZAP-70 to Immunological synapse",0.762910240832306,0.999999999999999,"Reactome","PHG_CTCDT"
"R-HSA-174495","Synthesis And Processing Of GAG, GAGPOL Polyproteins",-0.784010670916556,0.999999999999999,"Reactome","PHG_CTCDT"
"R-HSA-176408","Regulation of APC/C activators between G1/S and early anaphase",-0.860163469939978,0.999999999999999,"Reactome","PHG_CTCDT"
"R-HSA-1168372","Downstream signaling events of B Cell Receptor (BCR)",-0.865411246251327,0.999999999999999,"Reactome","PHG_CTCDT"
"R-HSA-8948751","Regulation of PTEN stability and activity",-0.846432769688847,0.999999999999999,"Reactome","PHG_CTCDT"
"R-HSA-4086400","PCP/CE pathway",-0.862693663881717,0.999999999999999,"Reactome","PHG_CTCDT"
"R-HSA-390471","Association of TriC/CCT with target proteins during biosynthesis",0.803864183186931,0.999999999999999,"Reactome","PHG_CTCDT"
"R-HSA-6781827","Transcription-Coupled Nucleotide Excision Repair (TC-NER)",-0.858261986348202,0.999999999999999,"Reactome","PHG_CTCDT"
"R-HSA-167161","HIV Transcription Initiation",-0.826596378059706,0.999999999999999,"Reactome","PHG_CTCDT"
"R-HSA-167162","RNA Polymerase II HIV Promoter Escape",-0.826596378059706,0.999999999999999,"Reactome","PHG_CTCDT"
"R-HSA-73776","RNA Polymerase II Promoter Escape",-0.826596378059706,0.999999999999999,"Reactome","PHG_CTCDT"
"R-HSA-73779","RNA Polymerase II Transcription Pre-Initiation And Promoter Opening",-0.826596378059706,0.999999999999999,"Reactome","PHG_CTCDT"
"R-HSA-75953","RNA Polymerase II Transcription Initiation",-0.826596378059706,0.999999999999999,"Reactome","PHG_CTCDT"
"R-HSA-76042","RNA Polymerase II Transcription Initiation And Promoter Clearance",-0.826596378059706,0.999999999999999,"Reactome","PHG_CTCDT"
"R-HSA-69563","p53-Dependent G1 DNA Damage Response",0.808283409208733,0.999999999999999,"Reactome","PHG_CTCDT"
"R-HSA-69580","p53-Dependent G1/S DNA damage checkpoint",0.808283409208733,0.999999999999999,"Reactome","PHG_CTCDT"
"R-HSA-9717189","Sensory perception of taste",0.765079627693026,0.999999999999999,"Reactome","PHG_CTCDT"
"R-HSA-68949","Orc1 removal from chromatin",-0.84661952676702,0.999999999999999,"Reactome","PHG_CTCDT"
"R-HSA-202427","Phosphorylation of CD3 and TCR zeta chains",-0.758568038532721,0.999999999999999,"Reactome","PHG_CTCDT"
"R-HSA-74259","Purine catabolism",-0.747321652642941,0.999999999999999,"Reactome","PHG_CTCDT"
"R-HSA-2467813","Separation of Sister Chromatids",-0.891233277642743,0.999999999999999,"Reactome","PHG_CTCDT"
"R-HSA-1234176","Oxygen-dependent proline hydroxylation of Hypoxia-inducible Factor Alpha",-0.819364758145845,0.999999999999999,"Reactome","PHG_CTCDT"
"R-HSA-9824272","Somitogenesis",-0.806026280181462,0.999999999999999,"Reactome","PHG_CTCDT"
"R-HSA-73884","Base Excision Repair",0.79609014647548,0.999999999999999,"Reactome","PHG_CTCDT"
"R-HSA-400511","Synthesis, secretion, and inactivation of Glucose-dependent Insulinotropic Polypeptide (GIP)",-0.735408620246585,0.999999999999999,"Reactome","PHG_CTCDT"
"R-HSA-68867","Assembly of the pre-replicative complex",0.826742031082666,0.999999999999999,"Reactome","PHG_CTCDT"
"R-HSA-6790901","rRNA modification in the nucleus and cytosol",-0.809199425143337,0.999999999999999,"Reactome","PHG_CTCDT"
"R-HSA-9022702","MECP2 regulates transcription of neuronal ligands",0.700494491390461,0.999999999999999,"Reactome","PHG_CTCDT"
"R-HSA-983168","Antigen processing: Ubiquitination & Proteasome degradation",-0.904884016298228,0.999999999999999,"Reactome","PHG_CTCDT"
"R-HSA-163841","Gamma carboxylation, hypusinylation, hydroxylation, and arylsulfatase activation",0.752640310190225,0.999999999999999,"Reactome","PHG_CTCDT"
"R-HSA-1169091","Activation of NF-kappaB in B cells",-0.801161129481895,0.999999999999999,"Reactome","PHG_CTCDT"
"R-HSA-9615710","Late endosomal microautophagy",-0.730426784007557,0.999999999999999,"Reactome","PHG_CTCDT"
"R-HSA-8950505","Gene and protein expression by JAK-STAT signaling after Interleukin-12 stimulation",0.717874367357762,0.999999999999999,"Reactome","PHG_CTCDT"
"R-HSA-381771","Synthesis, secretion, and inactivation of Glucagon-like Peptide-1 (GLP-1)",0.668900841413566,0.999999999999999,"Reactome","PHG_CTCDT"
"R-HSA-400508","Incretin synthesis, secretion, and inactivation",0.668900841413566,0.999999999999999,"Reactome","PHG_CTCDT"
"R-HSA-8851708","Signaling by FGFR2 IIIa TM",0.662333158270099,0.999999999999999,"Reactome","PHG_CTCDT"
"R-HSA-69306","DNA Replication",0.806059034112888,0.999999999999999,"Reactome","PHG_CTCDT"
"R-HSA-5336415","Uptake and function of diphtheria toxin",0.611389599896759,0.999999999999999,"Reactome","PHG_CTCDT"
"R-HSA-5655862","Translesion synthesis by POLK",-0.661289274053925,0.999999999999999,"Reactome","PHG_CTCDT"
"R-HSA-350562","Regulation of ornithine decarboxylase (ODC)",-0.74891565874053,0.999999999999999,"Reactome","PHG_CTCDT"
"R-HSA-5656121","Translesion synthesis by POLI",-0.663625402954958,0.999999999999999,"Reactome","PHG_CTCDT"
"R-HSA-5663205","Infectious disease",0.872650949881415,0.999999999999999,"Reactome","PHG_CTCDT"
"R-HSA-453279","Mitotic G1 phase and G1/S transition",0.798989284951821,0.999999999999999,"Reactome","PHG_CTCDT"
"R-HSA-9793380","Formation of paraxial mesoderm",0.741904396206117,0.999999999999999,"Reactome","PHG_CTCDT"
"R-HSA-901042","Calnexin/calreticulin cycle",-0.698952024968396,0.999999999999999,"Reactome","PHG_CTCDT"
"R-HSA-9705462","Inactivation of CSF3 (G-CSF) signaling",0.667874265783629,0.999999999999999,"Reactome","PHG_CTCDT"
"R-HSA-8939902","Regulation of RUNX2 expression and activity",-0.755817085001298,0.999999999999999,"Reactome","PHG_CTCDT"
"R-HSA-5676590","NIK-->noncanonical NF-kB signaling",0.720886363846501,0.999999999999999,"Reactome","PHG_CTCDT"
"R-HSA-1855183","Synthesis of IP2, IP, and Ins in the cytosol",0.612138054630015,0.999999999999999,"Reactome","PHG_CTCDT"
"R-HSA-2871837","FCERI mediated NF-kB activation",-0.767907443537296,0.999999999999999,"Reactome","PHG_CTCDT"
"R-HSA-110312","Translesion synthesis by REV1",-0.647265495654776,0.999999999999999,"Reactome","PHG_CTCDT"
"R-HSA-113418","Formation of the Early Elongation Complex",-0.688357945591297,0.999999999999999,"Reactome","PHG_CTCDT"
"R-HSA-167158","Formation of the HIV-1 Early Elongation Complex",-0.688357945591297,0.999999999999999,"Reactome","PHG_CTCDT"
"R-HSA-9020591","Interleukin-12 signaling",-0.698408103447559,0.999999999999999,"Reactome","PHG_CTCDT"
"R-HSA-111367","SLBP independent Processing of Histone Pre-mRNAs",0.61397744268555,0.999999999999999,"Reactome","PHG_CTCDT"
"R-HSA-5607764","CLEC7A (Dectin-1) signaling",0.747145554009071,0.999999999999999,"Reactome","PHG_CTCDT"
"R-HSA-9013694","Signaling by NOTCH4",0.745763347327133,0.999999999999999,"Reactome","PHG_CTCDT"
"R-HSA-917937","Iron uptake and transport",0.69965374313777,0.999999999999999,"Reactome","PHG_CTCDT"
"R-HSA-166208","mTORC1-mediated signalling",-0.661845259866682,0.999999999999999,"Reactome","PHG_CTCDT"
"R-HSA-77588","SLBP Dependent Processing of Replication-Dependent Histone Pre-mRNAs",0.588991542704736,0.999999999999999,"Reactome","PHG_CTCDT"
"R-HSA-5610787","Hedgehog 'off' state",-0.774709095669544,0.999999999999999,"Reactome","PHG_CTCDT"
"R-HSA-8986944","Transcriptional Regulation by MECP2",0.689662220120445,0.999999999999999,"Reactome","PHG_CTCDT"
"R-HSA-69202","Cyclin E associated events during G1/S transition",0.728634977902075,0.999999999999999,"Reactome","PHG_CTCDT"
"R-HSA-69278","Cell Cycle, Mitotic",0.84278766783008,0.999999999999999,"Reactome","PHG_CTCDT"
"R-HSA-9613354","Lipophagy",-0.556723087446899,0.999999999999999,"Reactome","PHG_CTCDT"
"R-HSA-5607761","Dectin-1 mediated noncanonical NF-kB signaling",0.696030448455605,0.999999999999999,"Reactome","PHG_CTCDT"
"R-HSA-8941858","Regulation of RUNX3 expression and activity",0.684392675942304,0.999999999999999,"Reactome","PHG_CTCDT"
"R-HSA-5696395","Formation of Incision Complex in GG-NER",-0.688705502995941,0.999999999999999,"Reactome","PHG_CTCDT"
"R-HSA-9678108","SARS-CoV-1 Infection",0.743644002044027,0.999999999999999,"Reactome","PHG_CTCDT"
"R-HSA-8939242","RUNX1 regulates transcription of genes involved in differentiation of keratinocytes",0.552642276058612,0.999999999999999,"Reactome","PHG_CTCDT"
"R-HSA-983170","Antigen Presentation: Folding, assembly and peptide loading of class I MHC",0.623277293786407,0.999999999999999,"Reactome","PHG_CTCDT"
"R-HSA-202424","Downstream TCR signaling",-0.726939119164065,0.999999999999999,"Reactome","PHG_CTCDT"
"R-HSA-69656","Cyclin A:Cdk2-associated events at S phase entry",0.715853330241042,0.999999999999999,"Reactome","PHG_CTCDT"
"R-HSA-453274","Mitotic G2-G2/M phases",-0.797819067491708,0.999999999999999,"Reactome","PHG_CTCDT"
"R-HSA-191273","Cholesterol biosynthesis",-0.627421154339705,0.999999999999999,"Reactome","PHG_CTCDT"
"R-HSA-156581","Methylation",0.506986589621961,0.999999999999999,"Reactome","PHG_CTCDT"
"R-HSA-9692914","SARS-CoV-1-host interactions",0.701515847631956,0.999999999999999,"Reactome","PHG_CTCDT"
"R-HSA-6782210","Gap-filling DNA repair synthesis and ligation in TC-NER",-0.700188926062988,0.999999999999999,"Reactome","PHG_CTCDT"
"R-HSA-447115","Interleukin-12 family signaling",0.613623124946701,0.999999999999999,"Reactome","PHG_CTCDT"
"R-HSA-69002","DNA Replication Pre-Initiation",0.7043042425964,0.999999999999999,"Reactome","PHG_CTCDT"
"R-HSA-69620","Cell Cycle Checkpoints",0.756097056864729,0.999999999999999,"Reactome","PHG_CTCDT"
"R-HSA-5620922","BBSome-mediated cargo-targeting to cilium",0.554556764433895,0.999999999999999,"Reactome","PHG_CTCDT"
"R-HSA-162599","Late Phase of HIV Life Cycle",-0.725825433672295,0.999999999999999,"Reactome","PHG_CTCDT"
"R-HSA-187577","SCF(Skp2)-mediated degradation of p27/p21",-0.643489975312074,0.999999999999999,"Reactome","PHG_CTCDT"
"R-HSA-176187","Activation of ATR in response to replication stress",0.574173923087323,0.999999999999999,"Reactome","PHG_CTCDT"
"R-HSA-5689603","UCH proteinases",0.642987709214791,0.999999999999999,"Reactome","PHG_CTCDT"
"R-HSA-5619084","ABC transporter disorders",-0.656020930192652,0.999999999999999,"Reactome","PHG_CTCDT"
"R-HSA-69601","Ubiquitin Mediated Degradation of Phosphorylated Cdc25A",-0.633319702904437,0.999999999999999,"Reactome","PHG_CTCDT"
"R-HSA-69610","p53-Independent DNA Damage Response",-0.633319702904437,0.999999999999999,"Reactome","PHG_CTCDT"
"R-HSA-69613","p53-Independent G1/S DNA damage checkpoint",-0.633319702904437,0.999999999999999,"Reactome","PHG_CTCDT"
"R-HSA-69481","G2/M Checkpoints",0.689808676621016,0.999999999999999,"Reactome","PHG_CTCDT"
"R-HSA-9674555","Signaling by CSF3 (G-CSF)",0.549956257386958,0.999999999999999,"Reactome","PHG_CTCDT"
"R-HSA-6782135","Dual incision in TC-NER",-0.651534453585056,0.999999999999999,"Reactome","PHG_CTCDT"
"R-HSA-351202","Metabolism of polyamines",-0.632538002796127,0.999999999999999,"Reactome","PHG_CTCDT"
"R-HSA-69275","G2/M Transition",-0.764233244940074,0.999999999999999,"Reactome","PHG_CTCDT"
"R-HSA-68882","Mitotic Anaphase",-0.692909825104946,0.999999999999999,"Reactome","PHG_CTCDT"
"R-HSA-2555396","Mitotic Metaphase and Anaphase",-0.678458097536809,0.999999999999999,"Reactome","PHG_CTCDT"
"R-HSA-4608870","Asymmetric localization of PCP proteins",0.591063719860364,0.999999999999999,"Reactome","PHG_CTCDT"
"R-HSA-8951664","Neddylation",-0.721144899358527,0.999999999999999,"Reactome","PHG_CTCDT"
"R-HSA-5696399","Global Genome Nucleotide Excision Repair (GG-NER)",-0.629209274601326,0.999999999999999,"Reactome","PHG_CTCDT"
"R-HSA-5696394","DNA Damage Recognition in GG-NER",-0.508765306617101,0.999999999999999,"Reactome","PHG_CTCDT"
"R-HSA-69541","Stabilization of p53",0.521674396244228,0.999999999999999,"Reactome","PHG_CTCDT"
"R-HSA-195253","Degradation of beta-catenin by the destruction complex",0.58429748952759,0.999999999999999,"Reactome","PHG_CTCDT"
"R-HSA-69206","G1/S Transition",0.655158154744783,0.999999999999999,"Reactome","PHG_CTCDT"
"R-HSA-392499","Metabolism of proteins",0.812933521008776,0.999999999999999,"Reactome","PHG_CTCDT"
"R-HSA-9824446","Viral Infection Pathways",0.680764412372508,0.999999999999999,"Reactome","PHG_CTCDT"
"R-HSA-9694516","SARS-CoV-2 Infection",0.64827766235681,0.999999999999999,"Reactome","PHG_CTCDT"
"R-HSA-69242","S Phase",0.576693359494517,0.999999999999999,"Reactome","PHG_CTCDT"
"R-HSA-9705683","SARS-CoV-2-host interactions",0.575371794160018,0.999999999999999,"Reactome","PHG_CTCDT"
"R-HSA-8866654","E3 ubiquitin ligases ubiquitinate target proteins",-0.499686969345022,0.999999999999999,"Reactome","PHG_CTCDT"
"R-HSA-72163","mRNA Splicing - Major Pathway",-0.527065848391433,0.999999999999999,"Reactome","PHG_CTCDT"
"R-HSA-72165","mRNA Splicing - Minor Pathway",-0.529937871766795,0.999999999999999,"Reactome","PHG_CTCDT"
"R-HSA-72172","mRNA Splicing",-0.533349685321712,0.999999999999999,"Reactome","PHG_CTCDT"
"R-HSA-8953854","Metabolism of RNA",-0.549148684200437,0.999999999999999,"Reactome","PHG_CTCDT"
"R-HSA-8852135","Protein ubiquitination",-0.589033888884766,0.999999999999999,"Reactome","PHG_CTCDT"
"R-HSA-69239","Synthesis of DNA",-0.615149761365195,0.999999999999999,"Reactome","PHG_CTCDT"
"R-HSA-3000178","ECM proteoglycans",2.39378891506316,0,"Reactome","PHG_noCTC"
"R-HSA-216083","Integrin cell surface interactions",2.34996271199413,0,"Reactome","PHG_noCTC"
"R-HSA-1474244","Extracellular matrix organization",2.34804781741398,0,"Reactome","PHG_noCTC"
"R-HSA-2173782","Binding and Uptake of Ligands by Scavenger Receptors",2.31107003748465,0,"Reactome","PHG_noCTC"
"R-HSA-3000171","Non-integrin membrane-ECM interactions",2.27966497683345,0,"Reactome","PHG_noCTC"
"R-HSA-198933","Immunoregulatory interactions between a Lymphoid and a non-Lymphoid cell",2.23591921463053,0,"Reactome","PHG_noCTC"
"R-HSA-877300","Interferon gamma signaling",2.22842433671064,0,"Reactome","PHG_noCTC"
"R-HSA-166658","Complement cascade",2.22765427008578,0,"Reactome","PHG_noCTC"
"R-HSA-3000480","Scavenging by Class A Receptors",2.21717246689781,0,"Reactome","PHG_noCTC"
"R-HSA-264642","Acetylcholine Neurotransmitter Release Cycle",-2.28092364409198,0,"Reactome","PHG_noCTC"
"R-HSA-5576892","Phase 0 - rapid depolarisation",-2.29176134061627,0,"Reactome","PHG_noCTC"
"R-HSA-442982","Ras activation upon Ca2+ influx through NMDA receptor",-2.29556298798384,0,"Reactome","PHG_noCTC"
"R-HSA-1296072","Voltage gated Potassium channels",-2.32598478522751,0,"Reactome","PHG_noCTC"
"R-HSA-181430","Norepinephrine Neurotransmitter Release Cycle",-2.33124460562661,0,"Reactome","PHG_noCTC"
"R-HSA-210500","Glutamate Neurotransmitter Release Cycle",-2.37299007842263,0,"Reactome","PHG_noCTC"
"R-HSA-9617324","Negative regulation of NMDA receptor-mediated neuronal transmission",-2.38350828597862,0,"Reactome","PHG_noCTC"
"R-HSA-181429","Serotonin Neurotransmitter Release Cycle",-2.39937730041914,0,"Reactome","PHG_noCTC"
"R-HSA-9620244","Long-term potentiation",-2.4013525969968,0,"Reactome","PHG_noCTC"
"R-HSA-442755","Activation of NMDA receptors and postsynaptic events",-2.40713113919344,0,"Reactome","PHG_noCTC"
"R-HSA-438066","Unblocking of NMDA receptors, glutamate binding and activation",-2.41323471609211,0,"Reactome","PHG_noCTC"
"R-HSA-399719","Trafficking of AMPA receptors",-2.42913457967792,0,"Reactome","PHG_noCTC"
"R-HSA-399721","Glutamate binding, activation of AMPA receptors and synaptic plasticity",-2.42913457967792,0,"Reactome","PHG_noCTC"
"R-HSA-112314","Neurotransmitter receptors and postsynaptic signal transmission",-2.43827686396116,0,"Reactome","PHG_noCTC"
"R-HSA-6799198","Complex I biogenesis",-2.46102313074201,0,"Reactome","PHG_noCTC"
"R-HSA-6794362","Protein-protein interactions at synapses",-2.47357136890313,0,"Reactome","PHG_noCTC"
"R-HSA-212676","Dopamine Neurotransmitter Release Cycle",-2.51184074982586,0,"Reactome","PHG_noCTC"
"R-HSA-112315","Transmission across Chemical Synapses",-2.59876546718908,0,"Reactome","PHG_noCTC"
"R-HSA-112316","Neuronal System",-2.65264833841079,0,"Reactome","PHG_noCTC"
"R-HSA-163200","Respiratory electron transport, ATP synthesis by chemiosmotic coupling, and heat production by uncoupling proteins.",-2.71991927685168,0,"Reactome","PHG_noCTC"
"R-HSA-611105","Respiratory electron transport",-2.72516815530062,0,"Reactome","PHG_noCTC"
"R-HSA-1428517","The citric acid (TCA) cycle and respiratory electron transport",-2.76446970460602,0,"Reactome","PHG_noCTC"
"R-HSA-1566948","Elastic fibre formation",2.17840298757199,6.44658862784822e-05,"Reactome","PHG_noCTC"
"R-HSA-2022090","Assembly of collagen fibrils and other multimeric structures",2.18452528278069,7.03264213947079e-05,"Reactome","PHG_noCTC"
"R-HSA-977606","Regulation of Complement cascade",2.19016296032592,7.73590635341787e-05,"Reactome","PHG_noCTC"
"R-HSA-6794361","Neurexins and neuroligins",-2.24626862394025,0.00013509126868216,"Reactome","PHG_noCTC"
"R-HSA-8949613","Cristae formation",-2.24352442604702,0.000194193698730605,"Reactome","PHG_noCTC"
"R-HSA-112308","Presynaptic depolarization and calcium channel opening",-2.20945698376356,0.000230155494791828,"Reactome","PHG_noCTC"
"R-HSA-438064","Post NMDA receptor activation events",-2.2246319845269,0.000239007629206899,"Reactome","PHG_noCTC"
"R-HSA-112310","Neurotransmitter release cycle",-2.24204749380235,0.000248567934375175,"Reactome","PHG_noCTC"
"R-HSA-9609736","Assembly and cell surface presentation of NMDA receptors",-2.20199729522461,0.00033290348353818,"Reactome","PHG_noCTC"
"R-HSA-3000157","Laminin interactions",2.15661181734632,0.000416548803645577,"Reactome","PHG_noCTC"
"R-HSA-5682910","LGI-ADAM interactions",-2.18780207571801,0.00048213607960702,"Reactome","PHG_noCTC"
"R-HSA-3560782","Diseases associated with glycosaminoglycan metabolism",2.12865639782027,0.000552564739529848,"Reactome","PHG_noCTC"
"R-HSA-180024","DARPP-32 events",-2.17483993707316,0.000569634849609776,"Reactome","PHG_noCTC"
"R-HSA-163210","Formation of ATP by chemiosmotic coupling",-2.16771461849306,0.000601374034778649,"Reactome","PHG_noCTC"
"R-HSA-416993","Trafficking of GluR2-containing AMPA receptors",-2.15414768794026,0.000679677945557119,"Reactome","PHG_noCTC"
"R-HSA-8849932","Synaptic adhesion-like molecules",-2.15032103725482,0.000706158904474929,"Reactome","PHG_noCTC"
"R-HSA-2129379","Molecules associated with elastic fibres",2.08862406007756,0.000728085303851094,"Reactome","PHG_noCTC"
"R-HSA-3000170","Syndecan interactions",2.10639533370342,0.000773590635341787,"Reactome","PHG_noCTC"
"R-HSA-909733","Interferon alpha/beta signaling",2.09596620900406,0.000773590635341787,"Reactome","PHG_noCTC"
"R-HSA-1474228","Degradation of the extracellular matrix",2.06993299029959,0.000773590635341787,"Reactome","PHG_noCTC"
"R-HSA-6785807","Interleukin-4 and Interleukin-13 signaling",2.05265981806871,0.000773590635341787,"Reactome","PHG_noCTC"
"R-HSA-1474290","Collagen formation",2.0596077290488,0.000814305931938723,"Reactome","PHG_noCTC"
"R-HSA-1442490","Collagen degradation",2.03050054203307,0.000994616531153726,"Reactome","PHG_noCTC"
"R-HSA-111933","Calmodulin induced events",-2.10962702241968,0.00143404577524139,"Reactome","PHG_noCTC"
"R-HSA-111997","CaM pathway",-2.10962702241968,0.00143404577524139,"Reactome","PHG_noCTC"
"R-HSA-442742","CREB1 phosphorylation through NMDA receptor-mediated activation of RAS signaling",-2.12279792495842,0.00146216431985397,"Reactome","PHG_noCTC"
"R-HSA-5389840","Mitochondrial translation elongation",-2.12204238361818,0.00146477532756799,"Reactome","PHG_noCTC"
"R-HSA-77387","Insulin receptor recycling",-2.11266013808916,0.00146957393633971,"Reactome","PHG_noCTC"
"R-HSA-5368287","Mitochondrial translation",-2.11610313627063,0.00151039543457137,"Reactome","PHG_noCTC"
"R-HSA-111996","Ca-dependent events",-2.10044690172795,0.00159144104325569,"Reactome","PHG_noCTC"
"R-HSA-111932","CaMK IV-mediated phosphorylation of CREB",-2.10264608861686,0.00163122706933708,"Reactome","PHG_noCTC"
"R-HSA-5368286","Mitochondrial translation initiation",-2.09037009621215,0.00173849596958827,"Reactome","PHG_noCTC"
"R-HSA-5419276","Mitochondrial translation termination",-2.07026061358882,0.00183601315163481,"Reactome","PHG_noCTC"
"R-HSA-1268020","Mitochondrial protein import",-2.0714930725795,0.00187871113190539,"Reactome","PHG_noCTC"
"R-HSA-379716","Cytosolic tRNA aminoacylation",-2.06556712527479,0.00196782948047013,"Reactome","PHG_noCTC"
"R-HSA-2243919","Crosslinking of collagen fibrils",1.98437777657878,0.00210979264184123,"Reactome","PHG_noCTC"
"R-HSA-379724","tRNA Aminoacylation",-2.0524789084056,0.00246541565344942,"Reactome","PHG_noCTC"
"R-HSA-177504","Retrograde neurotrophin signalling",-2.04625337478414,0.00254517698761814,"Reactome","PHG_noCTC"
"R-HSA-71406","Pyruvate metabolism and Citric Acid (TCA) cycle",-2.04197341984989,0.00262161493286317,"Reactome","PHG_noCTC"
"R-HSA-9752946","Expression and translocation of olfactory receptors",-2.0199874905024,0.0032973297417115,"Reactome","PHG_noCTC"
"R-HSA-1650814","Collagen biosynthesis and modifying enzymes",1.95577595572835,0.00336343754496429,"Reactome","PHG_noCTC"
"R-HSA-8948216","Collagen chain trimerization",1.942510935947,0.00377125434729121,"Reactome","PHG_noCTC"
"R-HSA-70263","Gluconeogenesis",-2.00675434497841,0.00400815794179969,"Reactome","PHG_noCTC"
"R-HSA-140877","Formation of Fibrin Clot (Clotting Cascade)",1.93448402219223,0.00451776931039603,"Reactome","PHG_noCTC"
"R-HSA-381426","Regulation of Insulin-like Growth Factor (IGF) transport and uptake by Insulin-like Growth Factor Binding Proteins (IGFBPs)",1.91394533125903,0.00612921811078493,"Reactome","PHG_noCTC"
"R-HSA-8957275","Post-translational protein phosphorylation",1.90620186926477,0.00664714916293684,"Reactome","PHG_noCTC"
"R-HSA-71403","Citric acid cycle (TCA cycle)",-1.96765813244317,0.00696220371745281,"Reactome","PHG_noCTC"
"R-HSA-381753","Olfactory Signaling Pathway",-1.97072805685845,0.00697574227596998,"Reactome","PHG_noCTC"
"R-HSA-451306","Ionotropic activity of kainate receptors",-1.96808322680438,0.00697631702609571,"Reactome","PHG_noCTC"
"R-HSA-451308","Activation of Ca-permeable Kainate Receptor",-1.96808322680438,0.00697631702609571,"Reactome","PHG_noCTC"
"R-HSA-445095","Interaction between L1 and Ankyrins",-1.95755625035929,0.00735891910979136,"Reactome","PHG_noCTC"
"R-HSA-1489509","DAG and IP3 signaling",-1.95854635046973,0.00740710250872452,"Reactome","PHG_noCTC"
"R-HSA-5099900","WNT5A-dependent internalization of FZD4",-1.96006202662202,0.00745703803125525,"Reactome","PHG_noCTC"
"R-HSA-442729","CREB1 phosphorylation through the activation of CaMKII/CaMKK/CaMKIV cascasde",-1.9434647134129,0.00867844943292636,"Reactome","PHG_noCTC"
"R-HSA-8941326","RUNX2 regulates bone development",1.88882651442414,0.00878577935852458,"Reactome","PHG_noCTC"
"R-HSA-975634","Retinoid metabolism and transport",1.88558041897479,0.00896298115430484,"Reactome","PHG_noCTC"
"R-HSA-5205647","Mitophagy",-1.93830944838153,0.00926863484110822,"Reactome","PHG_noCTC"
"R-HSA-9006936","Signaling by TGFB family members",1.8779561707776,0.00964409658726095,"Reactome","PHG_noCTC"
"R-HSA-166663","Initial triggering of complement",1.87337441830814,0.0104060417721782,"Reactome","PHG_noCTC"
"R-HSA-2214320","Anchoring fibril formation",1.86953476322261,0.0109027930168483,"Reactome","PHG_noCTC"
"R-HSA-72766","Translation",-1.91890467062292,0.0117292994033285,"Reactome","PHG_noCTC"
"R-HSA-8874081","MET activates PTK2 signaling",1.86084221075005,0.0123071237440738,"Reactome","PHG_noCTC"
"R-HSA-445355","Smooth Muscle Contraction",1.85375167892124,0.0125063819380255,"Reactome","PHG_noCTC"
"R-HSA-3656225","Defective CHST6 causes MCDC1",1.85568024701552,0.0128552561461208,"Reactome","PHG_noCTC"
"R-HSA-2173796","SMAD2/SMAD3:SMAD4 heterotrimer regulates transcription",1.85377128122439,0.0128637071362548,"Reactome","PHG_noCTC"
"R-HSA-390666","Serotonin receptors",-1.91013841474481,0.0129632252660823,"Reactome","PHG_noCTC"
"R-HSA-140875","Common Pathway of Fibrin Clot Formation",1.84112327486456,0.014657506774897,"Reactome","PHG_noCTC"
"R-HSA-170834","Signaling by TGF-beta Receptor Complex",1.83969996872106,0.0147378933861268,"Reactome","PHG_noCTC"
"R-HSA-8875878","MET promotes cell motility",1.84172056429735,0.0148654849115678,"Reactome","PHG_noCTC"
"R-HSA-418359","Reduction of cytosolic Ca++ levels",-1.88959959720799,0.0165377859564128,"Reactome","PHG_noCTC"
"R-HSA-5205685","PINK1-PRKN Mediated Mitophagy",-1.88794640776352,0.0165465361077125,"Reactome","PHG_noCTC"
"R-HSA-2453902","The canonical retinoid cycle in rods (twilight vision)",1.82515312641926,0.0171133342989024,"Reactome","PHG_noCTC"
"R-HSA-1296071","Potassium Channels",-1.88477025915861,0.0171375939129759,"Reactome","PHG_noCTC"
"R-HSA-6806667","Metabolism of fat-soluble vitamins",1.82617878941925,0.0173090904657724,"Reactome","PHG_noCTC"
"R-HSA-3656243","Defective ST3GAL3 causes MCT12 and EIEE15",1.81534069796232,0.0173646408571401,"Reactome","PHG_noCTC"
"R-HSA-913531","Interferon Signaling",1.81542772758978,0.0176916814865121,"Reactome","PHG_noCTC"
"R-HSA-9796292","Formation of axial mesoderm",1.82022701104315,0.018050448157975,"Reactome","PHG_noCTC"
"R-HSA-380108","Chemokine receptors bind chemokines",1.81569681078835,0.018050448157975,"Reactome","PHG_noCTC"
"R-HSA-5260271","Diseases of Immune System",1.81708015933676,0.018232124746578,"Reactome","PHG_noCTC"
"R-HSA-5602358","Diseases associated with the TLR signaling cascade",1.81708015933676,0.018232124746578,"Reactome","PHG_noCTC"
"R-HSA-112043","PLC beta mediated events",-1.8729652735403,0.0185230912635346,"Reactome","PHG_noCTC"
"R-HSA-8951671","RUNX3 regulates YAP1-mediated transcription",1.80825842075122,0.0189046211511649,"Reactome","PHG_noCTC"
"R-HSA-111885","Opioid Signalling",-1.86707480667519,0.0197253720649996,"Reactome","PHG_noCTC"
"R-HSA-452723","Transcriptional regulation of pluripotent stem cells",1.80325569645966,0.0200502062629402,"Reactome","PHG_noCTC"
"R-HSA-8941855","RUNX3 regulates CDKN1A transcription",1.80208874344143,0.0201752437697138,"Reactome","PHG_noCTC"
"R-HSA-8963898","Plasma lipoprotein assembly",1.79147851659781,0.0229548144294688,"Reactome","PHG_noCTC"
"R-HSA-112040","G-protein mediated events",-1.84966672633336,0.0231433196251886,"Reactome","PHG_noCTC"
"R-HSA-8866427","VLDLR internalisation and degradation",-1.85138115125308,0.0231641200038059,"Reactome","PHG_noCTC"
"R-HSA-5633008","TP53 Regulates Transcription of Cell Death Genes",1.79149046082042,0.0233897403862163,"Reactome","PHG_noCTC"
"R-HSA-8940973","RUNX2 regulates osteoblast differentiation",1.78821836545417,0.0234655826053675,"Reactome","PHG_noCTC"
"R-HSA-6811436","COPI-independent Golgi-to-ER retrograde traffic",-1.84661072604965,0.023640972019378,"Reactome","PHG_noCTC"
"R-HSA-75892","Platelet Adhesion to exposed collagen",1.7862087532119,0.0236718734414586,"Reactome","PHG_noCTC"
"R-HSA-2032785","YAP1- and WWTR1 (TAZ)-stimulated gene expression",1.78827583046494,0.0239083294469782,"Reactome","PHG_noCTC"
"R-HSA-888590","GABA synthesis, release, reuptake and degradation",-1.84224193629035,0.0245904706506869,"Reactome","PHG_noCTC"
"R-HSA-140837","Intrinsic Pathway of Fibrin Clot Formation",1.78018583420281,0.0255146768477907,"Reactome","PHG_noCTC"
"R-HSA-1280215","Cytokine Signaling in Immune system",1.76895368935917,0.0289350041148893,"Reactome","PHG_noCTC"
"R-HSA-446353","Cell-extracellular matrix interactions",1.75764664442544,0.0326088120355089,"Reactome","PHG_noCTC"
"R-HSA-982772","Growth hormone receptor signaling",1.75814388130675,0.0329442908499002,"Reactome","PHG_noCTC"
"R-HSA-1236977","Endosomal/Vacuolar pathway",1.7517937778769,0.0350049762492158,"Reactome","PHG_noCTC"
"R-HSA-8951430","RUNX3 regulates WNT signaling",1.74777881577543,0.0367138506444995,"Reactome","PHG_noCTC"
"R-HSA-3656244","Defective B4GALT1 causes B4GALT1-CDG (CDG-2d)",1.74617841167784,0.0368204187886066,"Reactome","PHG_noCTC"
"R-HSA-5628897","TP53 Regulates Metabolic Genes",-1.80232645927149,0.0390137875872303,"Reactome","PHG_noCTC"
"R-HSA-8983711","OAS antiviral response",1.74035535111223,0.0395390769174691,"Reactome","PHG_noCTC"
"R-HSA-2173793","Transcriptional activity of SMAD2/SMAD3:SMAD4 heterotrimer",1.73068796001366,0.044215539751254,"Reactome","PHG_noCTC"
"R-HSA-193807","Synthesis of bile acids and bile salts via 27-hydroxycholesterol",1.72835681269864,0.0447492429059249,"Reactome","PHG_noCTC"
"R-HSA-70268","Pyruvate metabolism",-1.78598109338747,0.0461965232202473,"Reactome","PHG_noCTC"
"R-HSA-9022535","Loss of phosphorylation of MECP2 at T308",-1.78321750127562,0.0465639246928838,"Reactome","PHG_noCTC"
"R-HSA-8964058","HDL remodeling",1.72392886233722,0.0466146963144589,"Reactome","PHG_noCTC"
"R-HSA-6783783","Interleukin-10 signaling",1.7224492486832,0.0469119216625922,"Reactome","PHG_noCTC"
"R-HSA-114604","GPVI-mediated activation cascade",1.7189899758536,0.0481560170500262,"Reactome","PHG_noCTC"
"R-HSA-3781865","Diseases of glycosylation",1.71433564439197,0.0502385454632833,"Reactome","PHG_noCTC"
"R-HSA-5658442","Regulation of RAS by GAPs",-1.77146208508342,0.051204994481286,"Reactome","PHG_noCTC"
"R-HSA-111957","Cam-PDE 1 activation",-1.77160956846129,0.0517919842992868,"Reactome","PHG_noCTC"
"R-HSA-202430","Translocation of ZAP-70 to Immunological synapse",1.70510766974885,0.0548813525382617,"Reactome","PHG_noCTC"
"R-HSA-418038","Nucleotide-like (purinergic) receptors",1.70526469880627,0.0555990640914933,"Reactome","PHG_noCTC"
"R-HSA-389948","PD-1 signaling",1.68576883780296,0.0653838804990878,"Reactome","PHG_noCTC"
"R-HSA-168799","Neurotoxicity of clostridium toxins",-1.74032889251943,0.0690511909802089,"Reactome","PHG_noCTC"
"R-HSA-1592230","Mitochondrial biogenesis",-1.73297207270225,0.0734405260653926,"Reactome","PHG_noCTC"
"R-HSA-202427","Phosphorylation of CD3 and TCR zeta chains",1.67276350932253,0.0741853583635457,"Reactome","PHG_noCTC"
"R-HSA-449147","Signaling by Interleukins",1.67109920626122,0.0748326536111637,"Reactome","PHG_noCTC"
"R-HSA-6807878","COPI-mediated anterograde transport",-1.72537348238059,0.077697396794676,"Reactome","PHG_noCTC"
"R-HSA-75158","TRAIL  signaling",1.64962177174408,0.0839603702890953,"Reactome","PHG_noCTC"
"R-HSA-5610785","GLI3 is processed to GLI3R by the proteasome",-1.71179543577848,0.0885129962517929,"Reactome","PHG_noCTC"
"R-HSA-5387390","Hh mutants abrogate ligand secretion",-1.70565120608652,0.0903900621115823,"Reactome","PHG_noCTC"
"R-HSA-4411364","Binding of TCF/LEF:CTNNB1 to target gene promoters",1.64029552413713,0.0904019680096187,"Reactome","PHG_noCTC"
"R-HSA-9619483","Activation of AMPK downstream of NMDARs",-1.70791935650449,0.090455424868716,"Reactome","PHG_noCTC"
"R-HSA-5362768","Hh mutants are degraded by ERAD",-1.70659290762475,0.0905661872005846,"Reactome","PHG_noCTC"
"R-HSA-70326","Glucose metabolism",-1.6976395085608,0.0962826396405045,"Reactome","PHG_noCTC"
"R-HSA-9619229","Activation of RAC1 downstream of NMDARs",-1.69357029328909,0.0987058828690706,"Reactome","PHG_noCTC"
"R-HSA-75205","Dissolution of Fibrin Clot",1.61678395834453,0.0988918524114905,"Reactome","PHG_noCTC"
"R-HSA-114608","Platelet degranulation",1.62752118835698,0.0997214155083887,"Reactome","PHG_noCTC"
"R-HSA-174577","Activation of C3 and C5",1.62528722493703,0.0999260307550583,"Reactome","PHG_noCTC"
"R-HSA-6798695","Neutrophil degranulation",1.6257795885508,0.100495738556492,"Reactome","PHG_noCTC"
"R-HSA-9762114","GSK3B and BTRC:CUL1-mediated-degradation of NFE2L2",-1.68765191634076,0.100820011313379,"Reactome","PHG_noCTC"
"R-HSA-2453864","Retinoid cycle disease events",1.61748035445347,0.10102655816072,"Reactome","PHG_noCTC"
"R-HSA-2474795","Diseases associated with visual transduction",1.61748035445347,0.10102655816072,"Reactome","PHG_noCTC"
"R-HSA-9675143","Diseases of the neuronal system",1.61748035445347,0.10102655816072,"Reactome","PHG_noCTC"
"R-HSA-917977","Transferrin endocytosis and recycling",-1.68849043462351,0.101089110520601,"Reactome","PHG_noCTC"
"R-HSA-5603041","IRAK4 deficiency (TLR2/4)",1.62244114940463,0.101750376266505,"Reactome","PHG_noCTC"
"R-HSA-350054","Notch-HLH transcription pathway",1.60714877809118,0.105004749923498,"Reactome","PHG_noCTC"
"R-HSA-176409","APC/C:Cdc20 mediated degradation of mitotic proteins",-1.68035861098922,0.105976797589074,"Reactome","PHG_noCTC"
"R-HSA-9604323","Negative regulation of NOTCH4 signaling",-1.66644575520762,0.117534657302817,"Reactome","PHG_noCTC"
"R-HSA-8854050","FBXL7 down-regulates AURKA during mitotic entry and in early mitosis",-1.6647247278946,0.118086840801722,"Reactome","PHG_noCTC"
"R-HSA-9637687","Suppression of phagosomal maturation",-1.66167694056791,0.119961046589758,"Reactome","PHG_noCTC"
"R-HSA-264876","Insulin processing",-1.6556755562759,0.122272529297577,"Reactome","PHG_noCTC"
"R-HSA-8875360","InlB-mediated entry of Listeria monocytogenes into host cell",-1.65658348513897,0.122581673488076,"Reactome","PHG_noCTC"
"R-HSA-9010642","ROBO receptors bind AKAP5",-1.65769704103406,0.122646893426245,"Reactome","PHG_noCTC"
"R-HSA-5358346","Hedgehog ligand biogenesis",-1.65277407920551,0.124154504721767,"Reactome","PHG_noCTC"
"R-HSA-2187338","Visual phototransduction",1.57270774735311,0.12862702473092,"Reactome","PHG_noCTC"
"R-HSA-173623","Classical antibody-mediated complement activation",1.57141547701829,0.129207085514905,"Reactome","PHG_noCTC"
"R-HSA-174084","Autodegradation of Cdh1 by Cdh1:APC/C",-1.64400510331126,0.129650774861596,"Reactome","PHG_noCTC"
"R-HSA-176814","Activation of APC/C and APC/C:Cdc20 mediated degradation of mitotic proteins",-1.64063642511932,0.132113857120405,"Reactome","PHG_noCTC"
"R-HSA-174154","APC/C:Cdc20 mediated degradation of Securin",-1.6322801633672,0.136294100555234,"Reactome","PHG_noCTC"
"R-HSA-4641258","Degradation of DVL",-1.62995873523656,0.137466945135699,"Reactome","PHG_noCTC"
"R-HSA-179419","APC:Cdc20 mediated degradation of cell cycle proteins prior to satisfation of the cell cycle checkpoint",-1.62854579451146,0.137826229650008,"Reactome","PHG_noCTC"
"R-HSA-180534","Vpu mediated degradation of CD4",-1.62741443508801,0.137859377154923,"Reactome","PHG_noCTC"
"R-HSA-168256","Immune System",1.56029309665271,0.138692942958138,"Reactome","PHG_noCTC"
"R-HSA-9660826","Purinergic signaling in leishmaniasis infection",1.55593609228022,0.142657904717381,"Reactome","PHG_noCTC"
"R-HSA-9664424","Cell recruitment (pro-inflammatory response)",1.55593609228022,0.142657904717381,"Reactome","PHG_noCTC"
"R-HSA-76005","Response to elevated platelet cytosolic Ca2+",1.55448906341358,0.1433850242606,"Reactome","PHG_noCTC"
"R-HSA-167160","RNA Pol II CTD phosphorylation and interaction with CE during HIV infection",-1.61790786454046,0.143934270107787,"Reactome","PHG_noCTC"
"R-HSA-77075","RNA Pol II CTD phosphorylation and interaction with CE",-1.61790786454046,0.143934270107787,"Reactome","PHG_noCTC"
"R-HSA-8856688","Golgi-to-ER retrograde transport",-1.61955875880443,0.145932968416443,"Reactome","PHG_noCTC"
"R-HSA-5610780","Degradation of GLI1 by the proteasome",-1.61803303788133,0.146446991152805,"Reactome","PHG_noCTC"
"R-HSA-6781823","Formation of TC-NER Pre-Incision Complex",-1.614133555661,0.147351404401087,"Reactome","PHG_noCTC"
"R-HSA-174113","SCF-beta-TrCP mediated degradation of Emi1",-1.61187714906763,0.148563335113835,"Reactome","PHG_noCTC"
"R-HSA-5602498","MyD88 deficiency (TLR2/4)",1.54761197063776,0.150757560928262,"Reactome","PHG_noCTC"
"R-HSA-1445148","Translocation of SLC2A4 (GLUT4) to the plasma membrane",-1.60428495923917,0.15584128755174,"Reactome","PHG_noCTC"
"R-HSA-3560783","Defective B4GALT7 causes EDS, progeroid type",1.53525752734243,0.158811497383841,"Reactome","PHG_noCTC"
"R-HSA-389958","Cooperation of Prefoldin and TriC/CCT  in actin and tubulin folding",-1.59747707331459,0.161648826553599,"Reactome","PHG_noCTC"
"R-HSA-174178","APC/C:Cdh1 mediated degradation of Cdc20 and other APC/C:Cdh1 targeted proteins in late mitosis/early G1",-1.58580288503226,0.170419296400766,"Reactome","PHG_noCTC"
"R-HSA-5678895","Defective CFTR causes cystic fibrosis",-1.58275349793541,0.173075528696291,"Reactome","PHG_noCTC"
"R-HSA-180585","Vif-mediated degradation of APOBEC3G",-1.57044133726829,0.188305244640064,"Reactome","PHG_noCTC"
"R-HSA-9639288","Amino acids regulate mTORC1",-1.56759156199161,0.189237135753481,"Reactome","PHG_noCTC"
"R-HSA-8986944","Transcriptional Regulation by MECP2",-1.56237614542776,0.193514020785048,"Reactome","PHG_noCTC"
"R-HSA-211733","Regulation of activated PAK-2p34 by proteasome mediated degradation",-1.56239745274174,0.195001055210367,"Reactome","PHG_noCTC"
"R-HSA-1222556","ROS and RNS production in phagocytes",-1.55560670672031,0.19559539760866,"Reactome","PHG_noCTC"
"R-HSA-166786","Creation of C4 and C2 activators",1.50106791738451,0.19569046963417,"Reactome","PHG_noCTC"
"R-HSA-6791226","Major pathway of rRNA processing in the nucleolus and cytosol",-1.55572263220778,0.196959487773132,"Reactome","PHG_noCTC"
"R-HSA-168249","Innate Immune System",1.49787140926421,0.197338851362247,"Reactome","PHG_noCTC"
"R-HSA-9637690","Response of Mtb to phagocytosis",-1.55656273802299,0.19739567116769,"Reactome","PHG_noCTC"
"R-HSA-199977","ER to Golgi Anterograde Transport",-1.55322254046298,0.197567451944373,"Reactome","PHG_noCTC"
"R-HSA-9609507","Protein localization",-1.55112524698261,0.199280135165504,"Reactome","PHG_noCTC"
"R-HSA-111465","Apoptotic cleavage of cellular proteins",1.48586850641102,0.20587018717956,"Reactome","PHG_noCTC"
"R-HSA-211935","Fatty acids",1.49149509474384,0.207090213080996,"Reactome","PHG_noCTC"
"R-HSA-977225","Amyloid fiber formation",1.48690560658008,0.207669526977235,"Reactome","PHG_noCTC"
"R-HSA-202433","Generation of second messenger molecules",1.48810929691278,0.207980286903958,"Reactome","PHG_noCTC"
"R-HSA-174184","Cdc20:Phospho-APC/C mediated degradation of Cyclin A",-1.54054475698348,0.209447754485966,"Reactome","PHG_noCTC"
"R-HSA-8868773","rRNA processing in the nucleus and cytosol",-1.53335187881077,0.211760759477312,"Reactome","PHG_noCTC"
"R-HSA-5610783","Degradation of GLI2 by the proteasome",-1.53731443679682,0.212456288873098,"Reactome","PHG_noCTC"
"R-HSA-977443","GABA receptor activation",-1.53488132037234,0.212715094904571,"Reactome","PHG_noCTC"
"R-HSA-2408557","Selenocysteine synthesis",-1.53366172070606,0.212901936749159,"Reactome","PHG_noCTC"
"R-HSA-72706","GTP hydrolysis and joining of the 60S ribosomal subunit",-1.52873783006434,0.214421765650434,"Reactome","PHG_noCTC"
"R-HSA-1632852","Macroautophagy",-1.52897267568505,0.215461256908826,"Reactome","PHG_noCTC"
"R-HSA-72689","Formation of a pool of free 40S subunits",-1.52676841969766,0.215848277707422,"Reactome","PHG_noCTC"
"R-HSA-389957","Prefoldin mediated transfer of substrate  to CCT/TriC",-1.52305683184788,0.216761595772418,"Reactome","PHG_noCTC"
"R-HSA-156827","L13a-mediated translational silencing of Ceruloplasmin expression",-1.52004514509772,0.218345262420101,"Reactome","PHG_noCTC"
"R-HSA-72312","rRNA processing",-1.51892186024341,0.218532642304841,"Reactome","PHG_noCTC"
"R-HSA-72764","Eukaryotic Translation Termination",-1.51710332979761,0.21968603518215,"Reactome","PHG_noCTC"
"R-HSA-4641257","Degradation of AXIN",-1.51304753923584,0.22324308433046,"Reactome","PHG_noCTC"
"R-HSA-948021","Transport to the Golgi and subsequent modification",-1.51341968271145,0.223981759253307,"Reactome","PHG_noCTC"
"R-HSA-75815","Ubiquitin-dependent degradation of Cyclin D",-1.50453315782192,0.227153883547251,"Reactome","PHG_noCTC"
"R-HSA-8866652","Synthesis of active ubiquitin: roles of E1 and E2 enzymes",-1.5090886508783,0.227659333844333,"Reactome","PHG_noCTC"
"R-HSA-8949215","Mitochondrial calcium ion transport",-1.5060235545937,0.227789208611,"Reactome","PHG_noCTC"
"R-HSA-9636383","Prevention of phagosomal-lysosomal fusion",-1.50497543011536,0.227841074008797,"Reactome","PHG_noCTC"
"R-HSA-8876384","Listeria monocytogenes entry into host cells",-1.50765245481835,0.228312794153147,"Reactome","PHG_noCTC"
"R-HSA-390450","Folding of actin by CCT/TriC",-1.5061124708342,0.229085054613221,"Reactome","PHG_noCTC"
"R-HSA-9663891","Selective autophagy",-1.49903057015484,0.229747523380126,"Reactome","PHG_noCTC"
"R-HSA-432720","Lysosome Vesicle Biogenesis",-1.49496320114417,0.234530171913642,"Reactome","PHG_noCTC"
"R-HSA-8939242","RUNX1 regulates transcription of genes involved in differentiation of keratinocytes",1.45495083108322,0.238603625302729,"Reactome","PHG_noCTC"
"R-HSA-156842","Eukaryotic Translation Elongation",-1.48958841360695,0.241012874762655,"Reactome","PHG_noCTC"
"R-HSA-9010553","Regulation of expression of SLITs and ROBOs",-1.48702846179059,0.242161826948814,"Reactome","PHG_noCTC"
"R-HSA-8939902","Regulation of RUNX2 expression and activity",-1.48775502588553,0.242344543414672,"Reactome","PHG_noCTC"
"R-HSA-437239","Recycling pathway of L1",-1.48158368979653,0.246304960406152,"Reactome","PHG_noCTC"
"R-HSA-5661231","Metallothioneins bind metals",1.44675610930601,0.249053848774141,"Reactome","PHG_noCTC"
"R-HSA-76002","Platelet activation, signaling and aggregation",1.44516883163848,0.249648749319585,"Reactome","PHG_noCTC"
"R-HSA-425366","Transport of bile salts and organic acids, metal ions and amine compounds",1.43873613035272,0.255746088695397,"Reactome","PHG_noCTC"
"R-HSA-156902","Peptide chain elongation",-1.46966256826054,0.255910408972989,"Reactome","PHG_noCTC"
"R-HSA-169911","Regulation of Apoptosis",-1.47091262903214,0.256950080467275,"Reactome","PHG_noCTC"
"R-HSA-162909","Host Interactions of HIV factors",-1.46447603959894,0.256977365850639,"Reactome","PHG_noCTC"
"R-HSA-174143","APC/C-mediated degradation of cell cycle proteins",-1.46679637494989,0.25753732289113,"Reactome","PHG_noCTC"
"R-HSA-453276","Regulation of mitotic cell cycle",-1.46679637494989,0.25753732289113,"Reactome","PHG_noCTC"
"R-HSA-68949","Orc1 removal from chromatin",-1.4656298071826,0.258111167569936,"Reactome","PHG_noCTC"
"R-HSA-168643","Nucleotide-binding domain, leucine rich repeat containing receptor (NLR) signaling pathways",1.42525782522897,0.266223691271129,"Reactome","PHG_noCTC"
"R-HSA-264870","Caspase-mediated cleavage of cytoskeletal proteins",1.41651867395985,0.274343061411539,"Reactome","PHG_noCTC"
"R-HSA-69017","CDK-mediated phosphorylation and removal of Cdc6",-1.44334825076458,0.277348641725187,"Reactome","PHG_noCTC"
"R-HSA-1236978","Cross-presentation of soluble exogenous antigens (endosomes)",-1.44457798900264,0.278360484322095,"Reactome","PHG_noCTC"
"R-HSA-1059683","Interleukin-6 signaling",1.41243054072225,0.278854307461644,"Reactome","PHG_noCTC"
"R-HSA-192823","Viral mRNA Translation",-1.4449830012853,0.28056287934919,"Reactome","PHG_noCTC"
"R-HSA-5686938","Regulation of TLR by endogenous ligand",1.40789157547249,0.281852503304506,"Reactome","PHG_noCTC"
"R-HSA-176408","Regulation of APC/C activators between G1/S and early anaphase",-1.43798884894303,0.283657546794782,"Reactome","PHG_noCTC"
"R-HSA-9818027","NFE2L2 regulating anti-oxidant/detoxification enzymes",1.4030743703988,0.284249805310855,"Reactome","PHG_noCTC"
"R-HSA-5675221","Negative regulation of MAPK pathway",-1.43849102275751,0.284283641099659,"Reactome","PHG_noCTC"
"R-HSA-69052","Switching of origins to a post-replicative state",-1.43527573204536,0.285123426996827,"Reactome","PHG_noCTC"
"R-HSA-5339562","Uptake and actions of bacterial toxins",-1.43604644999506,0.285253785603389,"Reactome","PHG_noCTC"
"R-HSA-5689877","Josephin domain DUBs",-1.4336238659799,0.28638398569783,"Reactome","PHG_noCTC"
"R-HSA-162906","HIV Infection",-1.4261540819106,0.290271267999156,"Reactome","PHG_noCTC"
"R-HSA-349425","Autodegradation of the E3 ubiquitin ligase COP1",-1.42390204915523,0.291301805701631,"Reactome","PHG_noCTC"
"R-HSA-72086","mRNA Capping",-1.42188652726276,0.293299705978928,"Reactome","PHG_noCTC"
"R-HSA-983695","Antigen activates B Cell Receptor (BCR) leading to generation of second messengers",1.38805740214287,0.304977277714604,"Reactome","PHG_noCTC"
"R-HSA-174824","Plasma lipoprotein assembly, remodeling, and clearance",1.38309214666609,0.310188525345098,"Reactome","PHG_noCTC"
"R-HSA-983170","Antigen Presentation: Folding, assembly and peptide loading of class I MHC",1.38328709852213,0.310980377736903,"Reactome","PHG_noCTC"
"R-HSA-350562","Regulation of ornithine decarboxylase (ODC)",-1.39404858689517,0.330949417509226,"Reactome","PHG_noCTC"
"R-HSA-1168372","Downstream signaling events of B Cell Receptor (BCR)",-1.38956698599777,0.33769564973331,"Reactome","PHG_noCTC"
"R-HSA-6803157","Antimicrobial peptides",1.35650468626146,0.339163436304957,"Reactome","PHG_noCTC"
"R-HSA-429958","mRNA decay by 3' to 5' exoribonuclease",-1.38401729177042,0.339805582006832,"Reactome","PHG_noCTC"
"R-HSA-376176","Signaling by ROBO receptors",-1.38437928427712,0.340679301874884,"Reactome","PHG_noCTC"
"R-HSA-166058","MyD88:MAL(TIRAP) cascade initiated on plasma membrane",1.35802412862649,0.340724013619784,"Reactome","PHG_noCTC"
"R-HSA-168188","Toll Like Receptor TLR6:TLR2 Cascade",1.35802412862649,0.340724013619784,"Reactome","PHG_noCTC"
"R-HSA-9711097","Cellular response to starvation",-1.38604586872822,0.340847354737105,"Reactome","PHG_noCTC"
"R-HSA-9612973","Autophagy",-1.3851538667795,0.340851617545456,"Reactome","PHG_noCTC"
"R-HSA-166016","Toll Like Receptor 4 (TLR4) Cascade",1.36146982195199,0.340903361935204,"Reactome","PHG_noCTC"
"R-HSA-5696395","Formation of Incision Complex in GG-NER",-1.38677954892434,0.341172376516387,"Reactome","PHG_noCTC"
"R-HSA-375276","Peptide ligand-binding receptors",1.34914577364534,0.350132647203088,"Reactome","PHG_noCTC"
"R-HSA-3906995","Diseases associated with O-glycosylation of proteins",1.34322900310565,0.350473903564639,"Reactome","PHG_noCTC"
"R-HSA-72613","Eukaryotic Translation Initiation",-1.3718672666959,0.350604798883624,"Reactome","PHG_noCTC"
"R-HSA-72737","Cap-dependent Translation Initiation",-1.3718672666959,0.350604798883624,"Reactome","PHG_noCTC"
"R-HSA-8852276","The role of GTSE1 in G2/M progression after G2 checkpoint",-1.36939405490356,0.350685237285149,"Reactome","PHG_noCTC"
"R-HSA-162588","Budding and maturation of HIV virion",-1.36549173289801,0.354956077102918,"Reactome","PHG_noCTC"
"R-HSA-179409","APC-Cdc20 mediated degradation of Nek2A",-1.35704627869009,0.362531893573078,"Reactome","PHG_noCTC"
"R-HSA-389960","Formation of tubulin folding intermediates by CCT/TriC",-1.35478426102024,0.36382836769508,"Reactome","PHG_noCTC"
"R-HSA-2132295","MHC class II antigen presentation",-1.35115595972168,0.36631804279395,"Reactome","PHG_noCTC"
"R-HSA-1799339","SRP-dependent cotranslational protein targeting to membrane",-1.35247310878544,0.366805306063698,"Reactome","PHG_noCTC"
"R-HSA-1236975","Antigen processing-Cross presentation",1.32731542760675,0.372857793057485,"Reactome","PHG_noCTC"
"R-HSA-69481","G2/M Checkpoints",-1.34133664922008,0.380531236120694,"Reactome","PHG_noCTC"
"R-HSA-5140745","WNT5A-dependent internalization of FZD2, FZD5 and ROR2",-1.33529050931756,0.385926574910896,"Reactome","PHG_noCTC"
"R-HSA-432722","Golgi Associated Vesicle Biogenesis",-1.33233755331641,0.390058546422398,"Reactome","PHG_noCTC"
"R-HSA-168179","Toll Like Receptor TLR1:TLR2 Cascade",1.30853117687187,0.393122705226,"Reactome","PHG_noCTC"
"R-HSA-181438","Toll Like Receptor 2 (TLR2) Cascade",1.30853117687187,0.393122705226,"Reactome","PHG_noCTC"
"R-HSA-5620971","Pyroptosis",1.30203386083829,0.400397619675653,"Reactome","PHG_noCTC"
"R-HSA-8876725","Protein methylation",-1.3224914389173,0.403727938117012,"Reactome","PHG_noCTC"
"R-HSA-9646399","Aggrephagy",-1.32357238507374,0.404764143532816,"Reactome","PHG_noCTC"
"R-HSA-351202","Metabolism of polyamines",-1.32397182768977,0.405507267346128,"Reactome","PHG_noCTC"
"R-HSA-9821993","Replacement of protamines by nucleosomes in the male pronucleus",-1.30381413233644,0.406286747591689,"Reactome","PHG_noCTC"
"R-HSA-5676590","NIK-->noncanonical NF-kB signaling",-1.30300838250204,0.406372935723572,"Reactome","PHG_noCTC"
"R-HSA-166208","mTORC1-mediated signalling",-1.30390840260286,0.407540364426265,"Reactome","PHG_noCTC"
"R-HSA-167161","HIV Transcription Initiation",-1.30412324622261,0.408566655720608,"Reactome","PHG_noCTC"
"R-HSA-167162","RNA Polymerase II HIV Promoter Escape",-1.30412324622261,0.408566655720608,"Reactome","PHG_noCTC"
"R-HSA-73776","RNA Polymerase II Promoter Escape",-1.30412324622261,0.408566655720608,"Reactome","PHG_noCTC"
"R-HSA-73779","RNA Polymerase II Transcription Pre-Initiation And Promoter Opening",-1.30412324622261,0.408566655720608,"Reactome","PHG_noCTC"
"R-HSA-75953","RNA Polymerase II Transcription Initiation",-1.30412324622261,0.408566655720608,"Reactome","PHG_noCTC"
"R-HSA-76042","RNA Polymerase II Transcription Initiation And Promoter Clearance",-1.30412324622261,0.408566655720608,"Reactome","PHG_noCTC"
"R-HSA-8949664","Processing of SMDT1",-1.31630240602435,0.409681223885725,"Reactome","PHG_noCTC"
"R-HSA-1169091","Activation of NF-kappaB in B cells",-1.29898642024434,0.410761828742713,"Reactome","PHG_noCTC"
"R-HSA-2467813","Separation of Sister Chromatids",-1.29945131397134,0.41141877013066,"Reactome","PHG_noCTC"
"R-HSA-5626467","RHO GTPases activate IQGAPs",-1.31343222654103,0.414218146987746,"Reactome","PHG_noCTC"
"R-HSA-6811442","Intra-Golgi and retrograde Golgi-to-ER traffic",-1.29187739525109,0.416291746365915,"Reactome","PHG_noCTC"
"R-HSA-4086400","PCP/CE pathway",-1.30480438947894,0.416305258979459,"Reactome","PHG_noCTC"
"R-HSA-917729","Endosomal Sorting Complex Required For Transport (ESCRT)",-1.29325276241501,0.416585685279693,"Reactome","PHG_noCTC"
"R-HSA-8948751","Regulation of PTEN stability and activity",-1.29239147024161,0.416612025673916,"Reactome","PHG_noCTC"
"R-HSA-975956","Nonsense Mediated Decay (NMD) independent of the Exon Junction Complex (EJC)",-1.29465378698456,0.416620279230016,"Reactome","PHG_noCTC"
"R-HSA-69601","Ubiquitin Mediated Degradation of Phosphorylated Cdc25A",-1.2881826363474,0.417744679916732,"Reactome","PHG_noCTC"
"R-HSA-69610","p53-Independent DNA Damage Response",-1.2881826363474,0.417744679916732,"Reactome","PHG_noCTC"
"R-HSA-69613","p53-Independent G1/S DNA damage checkpoint",-1.2881826363474,0.417744679916732,"Reactome","PHG_noCTC"
"R-HSA-9032845","Activated NTRK2 signals through CDK5",-1.28942838283288,0.419577063185109,"Reactome","PHG_noCTC"
"R-HSA-68867","Assembly of the pre-replicative complex",-1.28370358403259,0.423610025192744,"Reactome","PHG_noCTC"
"R-HSA-1234174","Cellular response to hypoxia",-1.27431577435186,0.427805513787043,"Reactome","PHG_noCTC"
"R-HSA-197264","Nicotinamide salvaging",1.26765682372786,0.432867648099141,"Reactome","PHG_noCTC"
"R-HSA-422475","Axon guidance",-1.26468055766159,0.435473437441524,"Reactome","PHG_noCTC"
"R-HSA-391251","Protein folding",-1.26520356079394,0.436061324068288,"Reactome","PHG_noCTC"
"R-HSA-6790901","rRNA modification in the nucleus and cytosol",-1.26555840589794,0.43681892884948,"Reactome","PHG_noCTC"
"R-HSA-113418","Formation of the Early Elongation Complex",-1.26024930079836,0.438658289427206,"Reactome","PHG_noCTC"
"R-HSA-167158","Formation of the HIV-1 Early Elongation Complex",-1.26024930079836,0.438658289427206,"Reactome","PHG_noCTC"
"R-HSA-168273","Influenza Viral RNA Transcription and Replication",-1.26100127442362,0.440101241475886,"Reactome","PHG_noCTC"
"R-HSA-9031628","NGF-stimulated transcription",1.25272834183962,0.449623975091509,"Reactome","PHG_noCTC"
"R-HSA-380994","ATF4 activates genes in response to endoplasmic reticulum  stress",1.25291950659495,0.450410322649318,"Reactome","PHG_noCTC"
"R-HSA-2408508","Metabolism of ingested SeMet, Sec, MeSec into H2Se",1.24238141512883,0.462216417036123,"Reactome","PHG_noCTC"
"R-HSA-9708530","Regulation of BACH1 activity",-1.2429161127513,0.467230039145836,"Reactome","PHG_noCTC"
"R-HSA-72702","Ribosomal scanning and start codon recognition",-1.2372084087973,0.472135670735308,"Reactome","PHG_noCTC"
"R-HSA-5607761","Dectin-1 mediated noncanonical NF-kB signaling",-1.23591159674717,0.473527633572155,"Reactome","PHG_noCTC"
"R-HSA-390466","Chaperonin-mediated protein folding",-1.22870181303641,0.483007982934821,"Reactome","PHG_noCTC"
"R-HSA-453274","Mitotic G2-G2/M phases",-1.22455214419411,0.486079619124418,"Reactome","PHG_noCTC"
"R-HSA-983168","Antigen processing: Ubiquitination & Proteasome degradation",-1.22214898735691,0.48950260718353,"Reactome","PHG_noCTC"
"R-HSA-3299685","Detoxification of Reactive Oxygen Species",1.22645647103236,0.490678602183088,"Reactome","PHG_noCTC"
"R-HSA-5627117","RHO GTPases Activate ROCKs",1.22464116972119,0.492715192355999,"Reactome","PHG_noCTC"
"R-HSA-9675108","Nervous system development",-1.21528977427104,0.503026410945178,"Reactome","PHG_noCTC"
"R-HSA-187577","SCF(Skp2)-mediated degradation of p27/p21",-1.20473353474759,0.503217285093503,"Reactome","PHG_noCTC"
"R-HSA-927802","Nonsense-Mediated Decay (NMD)",-1.19749342651011,0.504860582084897,"Reactome","PHG_noCTC"
"R-HSA-975957","Nonsense Mediated Decay (NMD) enhanced by the Exon Junction Complex (EJC)",-1.19749342651011,0.504860582084897,"Reactome","PHG_noCTC"
"R-HSA-69275","G2/M Transition",-1.19751253116672,0.507629901495123,"Reactome","PHG_noCTC"
"R-HSA-69002","DNA Replication Pre-Initiation",-1.19775689984998,0.508540137806529,"Reactome","PHG_noCTC"
"R-HSA-5696394","DNA Damage Recognition in GG-NER",-1.18836717677817,0.512075137508912,"Reactome","PHG_noCTC"
"R-HSA-917937","Iron uptake and transport",-1.18850907322936,0.513096590959297,"Reactome","PHG_noCTC"
"R-HSA-187037","Signaling by NTRK1 (TRKA)",-1.18493447363126,0.517918258546576,"Reactome","PHG_noCTC"
"R-HSA-446203","Asparagine N-linked glycosylation",-1.1815313693324,0.521091271115684,"Reactome","PHG_noCTC"
"R-HSA-195253","Degradation of beta-catenin by the destruction complex",-1.18270763025377,0.521399640570238,"Reactome","PHG_noCTC"
"R-HSA-5610787","Hedgehog 'off' state",-1.17863879777424,0.524682451504327,"Reactome","PHG_noCTC"
"R-HSA-936964","Activation of IRF3, IRF7 mediated by TBK1, IKBKE",1.20556281772744,0.529539854390762,"Reactome","PHG_noCTC"
"R-HSA-69541","Stabilization of p53",-1.17339035441186,0.531916523815873,"Reactome","PHG_noCTC"
"R-HSA-2980767","Activation of NIMA Kinases NEK9, NEK6, NEK7",1.20004271736465,0.53349859945482,"Reactome","PHG_noCTC"
"R-HSA-381042","PERK regulates gene expression",1.20040194887248,0.533868878003018,"Reactome","PHG_noCTC"
"R-HSA-6781827","Transcription-Coupled Nucleotide Excision Repair (TC-NER)",-1.17126086271483,0.535332747218561,"Reactome","PHG_noCTC"
"R-HSA-5627123","RHO GTPases activate PAKs",1.19555638340522,0.537410847957509,"Reactome","PHG_noCTC"
"R-HSA-1234176","Oxygen-dependent proline hydroxylation of Hypoxia-inducible Factor Alpha",-1.16913350048175,0.538433375957564,"Reactome","PHG_noCTC"
"R-HSA-174048","APC/C:Cdc20 mediated degradation of Cyclin B",-1.16817874006336,0.53904103883873,"Reactome","PHG_noCTC"
"R-HSA-166520","Signaling by NTRKs",-1.16586342500167,0.54294327219191,"Reactome","PHG_noCTC"
"R-HSA-68882","Mitotic Anaphase",-1.15899454835547,0.551706300090544,"Reactome","PHG_noCTC"
"R-HSA-162599","Late Phase of HIV Life Cycle",-1.15079685290795,0.557798653994115,"Reactome","PHG_noCTC"
"R-HSA-2555396","Mitotic Metaphase and Anaphase",-1.15432877974588,0.558447438369009,"Reactome","PHG_noCTC"
"R-HSA-9824272","Somitogenesis",-1.147955252727,0.561594549100929,"Reactome","PHG_noCTC"
"R-HSA-72649","Translation initiation complex formation",-1.14624529529393,0.564039481837018,"Reactome","PHG_noCTC"
"R-HSA-72695","Formation of the ternary complex, and subsequently, the 43S complex",-1.13606262387488,0.573119600275127,"Reactome","PHG_noCTC"
"R-HSA-9633012","Response of EIF2AK4 (GCN2) to amino acid deficiency",-1.13323166347881,0.578370258617395,"Reactome","PHG_noCTC"
"R-HSA-5668599","RHO GTPases Activate NADPH Oxidases",-1.13043141122281,0.583467222778257,"Reactome","PHG_noCTC"
"R-HSA-8852135","Protein ubiquitination",-1.124451914796,0.587512411119008,"Reactome","PHG_noCTC"
"R-HSA-69620","Cell Cycle Checkpoints",-1.1247216029297,0.58829726669225,"Reactome","PHG_noCTC"
"R-HSA-2871837","FCERI mediated NF-kB activation",-1.12592676524043,0.589779833206928,"Reactome","PHG_noCTC"
"R-HSA-8951664","Neddylation",-1.11860892835467,0.596883324050933,"Reactome","PHG_noCTC"
"R-HSA-174403","Glutathione synthesis and recycling",-1.10431857442181,0.622867875134092,"Reactome","PHG_noCTC"
"R-HSA-420499","Class C/3 (Metabotropic glutamate/pheromone receptors)",-1.1048134159351,0.62459638792282,"Reactome","PHG_noCTC"
"R-HSA-2168880","Scavenging of heme from plasma",1.1432901887574,0.625155409607423,"Reactome","PHG_noCTC"
"R-HSA-72165","mRNA Splicing - Minor Pathway",-1.09797017068243,0.625335778596743,"Reactome","PHG_noCTC"
"R-HSA-4608870","Asymmetric localization of PCP proteins",-1.09066416995459,0.626208791258419,"Reactome","PHG_noCTC"
"R-HSA-69473","G2/M DNA damage checkpoint",-1.1005713989541,0.626278733495039,"Reactome","PHG_noCTC"
"R-HSA-171306","Packaging Of Telomere Ends",-1.0912115795629,0.627578301576605,"Reactome","PHG_noCTC"
"R-HSA-5696399","Global Genome Nucleotide Excision Repair (GG-NER)",-1.09367880044546,0.628557004801941,"Reactome","PHG_noCTC"
"R-HSA-69239","Synthesis of DNA",-1.08164192779432,0.639453330075563,"Reactome","PHG_noCTC"
"R-HSA-110330","Recognition and association of DNA glycosylase with site containing an affected purine",-1.0768470439042,0.642298191512765,"Reactome","PHG_noCTC"
"R-HSA-110331","Cleavage of the damaged purine",-1.0768470439042,0.642298191512765,"Reactome","PHG_noCTC"
"R-HSA-73927","Depurination",-1.0768470439042,0.642298191512765,"Reactome","PHG_noCTC"
"R-HSA-1855183","Synthesis of IP2, IP, and Ins in the cytosol",-1.07552501092242,0.644045718684614,"Reactome","PHG_noCTC"
"R-HSA-9670095","Inhibition of DNA recombination at telomere",-1.07390584960556,0.646582631567394,"Reactome","PHG_noCTC"
"R-HSA-9759194","Nuclear events mediated by NFE2L2",1.12055778664911,0.648295846160386,"Reactome","PHG_noCTC"
"R-HSA-2559582","Senescence-Associated Secretory Phenotype (SASP)",1.12353671112674,0.64961711866888,"Reactome","PHG_noCTC"
"R-HSA-5668541","TNFR2 non-canonical NF-kB pathway",1.11774861533425,0.652198226802025,"Reactome","PHG_noCTC"
"R-HSA-209952","Peptide hormone biosynthesis",1.11227872877426,0.664353060545153,"Reactome","PHG_noCTC"
"R-HSA-69306","DNA Replication",-1.06396590318603,0.666576344016094,"Reactome","PHG_noCTC"
"R-HSA-5619084","ABC transporter disorders",-1.05702897341956,0.675246536058273,"Reactome","PHG_noCTC"
"R-HSA-72662","Activation of the mRNA upon binding of the cap-binding complex and eIFs, and subsequent binding to 43S",-1.04522866685584,0.693849626001434,"Reactome","PHG_noCTC"
"R-HSA-9754678","SARS-CoV-2 modulates host translation machinery",-1.04209506955082,0.695945185827595,"Reactome","PHG_noCTC"
"R-HSA-8941858","Regulation of RUNX3 expression and activity",-1.03761472890031,0.701678057972652,"Reactome","PHG_noCTC"
"R-HSA-73929","Base-Excision Repair, AP Site Formation",-1.03410737500491,0.703082233280554,"Reactome","PHG_noCTC"
"R-HSA-191273","Cholesterol biosynthesis",-1.03444644796519,0.703694683157358,"Reactome","PHG_noCTC"
"R-HSA-1236974","ER-Phagosome pathway",1.08798342139422,0.705258303860544,"Reactome","PHG_noCTC"
"R-HSA-877312","Regulation of IFNG signaling",1.08086153889294,0.705950629865669,"Reactome","PHG_noCTC"
"R-HSA-446652","Interleukin-1 family signaling",1.08087132946347,0.707263327236693,"Reactome","PHG_noCTC"
"R-HSA-9661069","Defective binding of RB1 mutants to E2F1,(E2F2, E2F3)",1.08174372554349,0.707463399200128,"Reactome","PHG_noCTC"
"R-HSA-9613829","Chaperone Mediated Autophagy",1.07859616513053,0.709578569404517,"Reactome","PHG_noCTC"
"R-HSA-110328","Recognition and association of DNA glycosylase with site containing an affected pyrimidine",-1.02451753986081,0.715797973521011,"Reactome","PHG_noCTC"
"R-HSA-110329","Cleavage of the damaged pyrimidine",-1.02451753986081,0.715797973521011,"Reactome","PHG_noCTC"
"R-HSA-73928","Depyrimidination",-1.02451753986081,0.715797973521011,"Reactome","PHG_noCTC"
"R-HSA-5621480","Dectin-2 family",1.07186307086746,0.718556012008106,"Reactome","PHG_noCTC"
"R-HSA-1643685","Disease",1.06785956620248,0.72542564808495,"Reactome","PHG_noCTC"
"R-HSA-198725","Nuclear Events (kinase and transcription factor activation)",1.06833662274477,0.725472722663204,"Reactome","PHG_noCTC"
"R-HSA-5620922","BBSome-mediated cargo-targeting to cilium",-1.01618551276129,0.727272637873223,"Reactome","PHG_noCTC"
"R-HSA-159854","Gamma-carboxylation, transport, and amino-terminal cleavage of proteins",1.05320259140109,0.749544742761934,"Reactome","PHG_noCTC"
"R-HSA-9705462","Inactivation of CSF3 (G-CSF) signaling",1.04778020906143,0.753325051685356,"Reactome","PHG_noCTC"
"R-HSA-209776","Metabolism of amine-derived hormones",1.05054778335074,0.753959898658692,"Reactome","PHG_noCTC"
"R-HSA-9716542","Signaling by Rho GTPases, Miro GTPases and RHOBTB3",1.04364852361964,0.755203506689396,"Reactome","PHG_noCTC"
"R-HSA-9833482","PKR-mediated signaling",1.04117312006019,0.760492804478857,"Reactome","PHG_noCTC"
"R-HSA-9707616","Heme signaling",1.04061046300189,0.760680660636849,"Reactome","PHG_noCTC"
"R-HSA-5689603","UCH proteinases",-0.99447602751924,0.763958010806202,"Reactome","PHG_noCTC"
"R-HSA-73884","Base Excision Repair",-0.988166332735805,0.772904237087151,"Reactome","PHG_noCTC"
"R-HSA-9755511","KEAP1-NFE2L2 pathway",1.02951579698522,0.780133922799053,"Reactome","PHG_noCTC"
"R-HSA-9707564","Cytoprotection by HMOX1",-0.979623656540703,0.780288430443379,"Reactome","PHG_noCTC"
"R-HSA-8953854","Metabolism of RNA",-0.977024505126847,0.781060747130398,"Reactome","PHG_noCTC"
"R-HSA-1237044","Erythrocytes take up carbon dioxide and release oxygen",-0.973865398326916,0.781960908994404,"Reactome","PHG_noCTC"
"R-HSA-1480926","O2/CO2 exchange in erythrocytes",-0.973865398326916,0.781960908994404,"Reactome","PHG_noCTC"
"R-HSA-1247673","Erythrocytes take up oxygen and release carbon dioxide",-0.972321283544659,0.782994683939639,"Reactome","PHG_noCTC"
"R-HSA-74259","Purine catabolism",-0.981004096655247,0.784208383148547,"Reactome","PHG_noCTC"
"R-HSA-71291","Metabolism of amino acids and derivatives",-0.965135140707589,0.792425681279536,"Reactome","PHG_noCTC"
"R-HSA-9022702","MECP2 regulates transcription of neuronal ligands",-0.966637973812795,0.793003587085919,"Reactome","PHG_noCTC"
"R-HSA-6814122","Cooperation of PDCL (PhLP1) and TRiC/CCT in G-protein beta folding",-0.955496641109314,0.799521625619121,"Reactome","PHG_noCTC"
"R-HSA-9692914","SARS-CoV-1-host interactions",1.01583319503906,0.800853127085924,"Reactome","PHG_noCTC"
"R-HSA-68616","Assembly of the ORC complex at the origin of replication",-0.953991377963765,0.801859808919155,"Reactome","PHG_noCTC"
"R-HSA-9678108","SARS-CoV-1 Infection",0.998683228185263,0.826824704020904,"Reactome","PHG_noCTC"
"R-HSA-450408","AUF1 (hnRNP D0) binds and destabilizes mRNA",-0.933902235997787,0.835459659498259,"Reactome","PHG_noCTC"
"R-HSA-8866654","E3 ubiquitin ligases ubiquitinate target proteins",-0.928863191719948,0.841153676379256,"Reactome","PHG_noCTC"
"R-HSA-110320","Translesion Synthesis by POLH",-0.929314911606779,0.842947971848485,"Reactome","PHG_noCTC"
"R-HSA-9020702","Interleukin-1 signaling",0.984763081518109,0.845719171284734,"Reactome","PHG_noCTC"
"R-HSA-69202","Cyclin E associated events during G1/S transition",-0.923130358811037,0.846573558637593,"Reactome","PHG_noCTC"
"R-HSA-72163","mRNA Splicing - Major Pathway",-0.919695016383136,0.85055920006177,"Reactome","PHG_noCTC"
"R-HSA-912446","Meiotic recombination",0.980454524802529,0.851395137354703,"Reactome","PHG_noCTC"
"R-HSA-168255","Influenza Infection",-0.916796846653916,0.854811188906753,"Reactome","PHG_noCTC"
"R-HSA-9711123","Cellular response to chemical stress",0.971855330829511,0.861276949376705,"Reactome","PHG_noCTC"
"R-HSA-9725371","Nuclear events stimulated by ALK signaling in cancer",0.975545707916475,0.862877444984496,"Reactome","PHG_noCTC"
"R-HSA-9694516","SARS-CoV-2 Infection",0.969165288484201,0.864204782721086,"Reactome","PHG_noCTC"
"R-HSA-69656","Cyclin A:Cdk2-associated events at S phase entry",-0.907156435629059,0.865453573254379,"Reactome","PHG_noCTC"
"R-HSA-3785653","Myoclonic epilepsy of Lafora",-0.907485775625212,0.86608450928039,"Reactome","PHG_noCTC"
"R-HSA-9702518","STAT5 activation downstream of FLT3 ITD mutants",0.96129904558383,0.869328191170649,"Reactome","PHG_noCTC"
"R-HSA-3371497","HSP90 chaperone cycle for steroid hormone receptors (SHR) in the presence of ligand",0.961772043138844,0.869437551084765,"Reactome","PHG_noCTC"
"R-HSA-5687128","MAPK6/MAPK4 signaling",-0.899164290484478,0.869708537543695,"Reactome","PHG_noCTC"
"R-HSA-69563","p53-Dependent G1 DNA Damage Response",-0.896643529283999,0.87161205061599,"Reactome","PHG_noCTC"
"R-HSA-69580","p53-Dependent G1/S DNA damage checkpoint",-0.896643529283999,0.87161205061599,"Reactome","PHG_noCTC"
"R-HSA-6782210","Gap-filling DNA repair synthesis and ligation in TC-NER",-0.895864289289115,0.871980147222166,"Reactome","PHG_noCTC"
"R-HSA-73772","RNA Polymerase I Promoter Escape",-0.899963284337393,0.872191820962744,"Reactome","PHG_noCTC"
"R-HSA-72172","mRNA Splicing",-0.901811463748742,0.872307840245141,"Reactome","PHG_noCTC"
"R-HSA-425397","Transport of vitamins, nucleosides, and related molecules",-0.89997819713606,0.873613571082832,"Reactome","PHG_noCTC"
"R-HSA-1474151","Tetrahydrobiopterin (BH4) synthesis, recycling, salvage and regulation",0.943985475498364,0.891042588951024,"Reactome","PHG_noCTC"
"R-HSA-9768919","NPAS4 regulates expression of target genes",0.922637633720318,0.906912102475778,"Reactome","PHG_noCTC"
"R-HSA-5625740","RHO GTPases activate PKNs",0.931001770001272,0.910944663628236,"Reactome","PHG_noCTC"
"R-HSA-6782135","Dual incision in TC-NER",-0.856920032426515,0.916507548263908,"Reactome","PHG_noCTC"
"R-HSA-606279","Deposition of new CENPA-containing nucleosomes at the centromere",-0.85753081500272,0.919534386905126,"Reactome","PHG_noCTC"
"R-HSA-774815","Nucleosome assembly",-0.85753081500272,0.919534386905126,"Reactome","PHG_noCTC"
"R-HSA-9705683","SARS-CoV-2-host interactions",0.913220391470757,0.919735636754409,"Reactome","PHG_noCTC"
"R-HSA-9674555","Signaling by CSF3 (G-CSF)",0.906803547388233,0.925391220585427,"Reactome","PHG_noCTC"
"R-HSA-901042","Calnexin/calreticulin cycle",-0.832277018318037,0.948758400960519,"Reactome","PHG_noCTC"
"R-HSA-110312","Translesion synthesis by REV1",-0.828222720123901,0.952560928770024,"Reactome","PHG_noCTC"
"R-HSA-8950505","Gene and protein expression by JAK-STAT signaling after Interleukin-12 stimulation",0.850117402132697,0.958294704748594,"Reactome","PHG_noCTC"
"R-HSA-8939236","RUNX1 regulates transcription of genes involved in differentiation of HSCs",0.863848643570839,0.959550002451622,"Reactome","PHG_noCTC"
"R-HSA-5656121","Translesion synthesis by POLI",-0.822452119248203,0.960852847228653,"Reactome","PHG_noCTC"
"R-HSA-5663205","Infectious disease",0.853088805864408,0.961117330077258,"Reactome","PHG_noCTC"
"R-HSA-450531","Regulation of mRNA stability by proteins that bind AU-rich elements",0.862441005477074,0.96117859743792,"Reactome","PHG_noCTC"
"R-HSA-5607764","CLEC7A (Dectin-1) signaling",0.842857932713068,0.964952003988721,"Reactome","PHG_noCTC"
"R-HSA-73728","RNA Polymerase I Promoter Opening",-0.800133725628943,0.975305676085673,"Reactome","PHG_noCTC"
"R-HSA-9609523","Insertion of tail-anchored proteins into the endoplasmic reticulum membrane",-0.797939847969258,0.976303710007626,"Reactome","PHG_noCTC"
"R-HSA-174495","Synthesis And Processing Of GAG, GAGPOL Polyproteins",-0.789370786127386,0.984048524379718,"Reactome","PHG_noCTC"
"R-HSA-447115","Interleukin-12 family signaling",0.819311930272723,0.985845783783078,"Reactome","PHG_noCTC"
"R-HSA-69242","S Phase",-0.782775645164968,0.990812171145279,"Reactome","PHG_noCTC"
"R-HSA-69206","G1/S Transition",-0.778062114765111,0.995695451534044,"Reactome","PHG_noCTC"
"R-HSA-9703465","Signaling by FLT3 fusion proteins",0.801523323249853,0.99666803846658,"Reactome","PHG_noCTC"
"R-HSA-77588","SLBP Dependent Processing of Replication-Dependent Histone Pre-mRNAs",-0.771544820018462,0.997654036893447,"Reactome","PHG_noCTC"
"R-HSA-1430728","Metabolism",0.794104558984325,0.998449847955299,"Reactome","PHG_noCTC"
"R-HSA-422085","Synthesis, secretion, and deacylation of Ghrelin",0.805470194548035,0.998465928051869,"Reactome","PHG_noCTC"
"R-HSA-450341","Activation of the AP-1 family of transcription factors",0.785461317282636,0.999999999999999,"Reactome","PHG_noCTC"
"R-HSA-381183","ATF6 (ATF6-alpha) activates chaperone genes",0.76184406624384,0.999999999999999,"Reactome","PHG_noCTC"
"R-HSA-5083625","Defective GALNT3 causes HFTC",0.762734876894212,0.999999999999999,"Reactome","PHG_noCTC"
"R-HSA-9717189","Sensory perception of taste",0.770955162371347,0.999999999999999,"Reactome","PHG_noCTC"
"R-HSA-381771","Synthesis, secretion, and inactivation of Glucagon-like Peptide-1 (GLP-1)",0.728865778623195,0.999999999999999,"Reactome","PHG_noCTC"
"R-HSA-400508","Incretin synthesis, secretion, and inactivation",0.728865778623195,0.999999999999999,"Reactome","PHG_noCTC"
"R-HSA-112409","RAF-independent MAPK1/3 activation",-0.761231235996444,0.999999999999999,"Reactome","PHG_noCTC"
"R-HSA-111367","SLBP independent Processing of Histone Pre-mRNAs",-0.725845157287905,0.999999999999999,"Reactome","PHG_noCTC"
"R-HSA-879415","Advanced glycosylation endproduct receptor signaling",0.698250238539657,0.999999999999999,"Reactome","PHG_noCTC"
"R-HSA-5655862","Translesion synthesis by POLK",-0.76262942676473,0.999999999999999,"Reactome","PHG_noCTC"
"R-HSA-381033","ATF6 (ATF6-alpha) activates chaperones",-0.693704395179474,0.999999999999999,"Reactome","PHG_noCTC"
"R-HSA-69615","G1/S DNA Damage Checkpoints",0.775031095710524,0.999999999999999,"Reactome","PHG_noCTC"
"R-HSA-977068","Termination of O-glycan biosynthesis",0.691682835731456,0.999999999999999,"Reactome","PHG_noCTC"
"R-HSA-381119","Unfolded Protein Response (UPR)",0.786882862405205,0.999999999999999,"Reactome","PHG_noCTC"
"R-HSA-202424","Downstream TCR signaling",0.780231640929695,0.999999999999999,"Reactome","PHG_noCTC"
"R-HSA-5083632","Defective C1GALT1C1 causes TNPS",0.673743532414949,0.999999999999999,"Reactome","PHG_noCTC"
"R-HSA-9648895","Response of EIF2AK1 (HRI) to heme deficiency",0.693550661726022,0.999999999999999,"Reactome","PHG_noCTC"
"R-HSA-9020591","Interleukin-12 signaling",0.716852776326596,0.999999999999999,"Reactome","PHG_noCTC"
"R-HSA-5083636","Defective GALNT12 causes CRCS1",0.677862901721297,0.999999999999999,"Reactome","PHG_noCTC"
"R-HSA-400511","Synthesis, secretion, and inactivation of Glucose-dependent Insulinotropic Polypeptide (GIP)",0.661685177058009,0.999999999999999,"Reactome","PHG_noCTC"
"R-HSA-9013694","Signaling by NOTCH4",0.747289417401433,0.999999999999999,"Reactome","PHG_noCTC"
"R-HSA-9793380","Formation of paraxial mesoderm",0.704722455242019,0.999999999999999,"Reactome","PHG_noCTC"
"R-HSA-390471","Association of TriC/CCT with target proteins during biosynthesis",0.667555116379305,0.999999999999999,"Reactome","PHG_noCTC"
"R-HSA-9735869","SARS-CoV-1 modulates host translation machinery",-0.693095605079627,0.999999999999999,"Reactome","PHG_noCTC"
"R-HSA-532668","N-glycan trimming in the ER and Calnexin/Calreticulin cycle",-0.691193789740302,0.999999999999999,"Reactome","PHG_noCTC"
"R-HSA-5336415","Uptake and function of diphtheria toxin",0.52695699063657,0.999999999999999,"Reactome","PHG_noCTC"
"R-HSA-157579","Telomere Maintenance",-0.752931640692313,0.999999999999999,"Reactome","PHG_noCTC"
"R-HSA-9637628","Modulation by Mtb of host immune system",0.479852194361702,0.999999999999999,"Reactome","PHG_noCTC"
"R-HSA-8851708","Signaling by FGFR2 IIIa TM",0.512673027600519,0.999999999999999,"Reactome","PHG_noCTC"
"R-HSA-163841","Gamma carboxylation, hypusinylation, hydroxylation, and arylsulfatase activation",0.604247132621287,0.999999999999999,"Reactome","PHG_noCTC"
"R-HSA-2408522","Selenoamino acid metabolism",-0.737243040896918,0.999999999999999,"Reactome","PHG_noCTC"
"R-HSA-9615710","Late endosomal microautophagy",-0.615647473359392,0.999999999999999,"Reactome","PHG_noCTC"
"R-HSA-8953897","Cellular responses to stimuli",0.768803634572914,0.999999999999999,"Reactome","PHG_noCTC"
"R-HSA-9613354","Lipophagy",-0.535062719799981,0.999999999999999,"Reactome","PHG_noCTC"
"R-HSA-453279","Mitotic G1 phase and G1/S transition",0.664333092928117,0.999999999999999,"Reactome","PHG_noCTC"
"R-HSA-9824446","Viral Infection Pathways",0.726393732999056,0.999999999999999,"Reactome","PHG_noCTC"
"R-HSA-176187","Activation of ATR in response to replication stress",0.521202694206115,0.999999999999999,"Reactome","PHG_noCTC"
"R-HSA-156581","Methylation",0.437495786712766,0.999999999999999,"Reactome","PHG_noCTC"
"R-HSA-2262752","Cellular responses to stress",0.730809462479264,0.999999999999999,"Reactome","PHG_noCTC"
"R-HSA-5689880","Ub-specific processing proteases",0.557787702612485,0.999999999999999,"Reactome","PHG_noCTC"
"R-HSA-392499","Metabolism of proteins",0.671204577937621,0.999999999999999,"Reactome","PHG_noCTC"
"R-HSA-983169","Class I MHC mediated antigen processing & presentation",0.624574374472508,0.999999999999999,"Reactome","PHG_noCTC"
"R-HSA-69278","Cell Cycle, Mitotic",0.558326438969905,0.999999999999999,"Reactome","PHG_noCTC"
"R-HSA-9610379","HCMV Late Events",-0.657690398279252,0.999999999999999,"Reactome","PHG_noCTC"
"R-HSA-9031628","NGF-stimulated transcription",-2.28938810496322,0,"Reactome","STG_CTCDT"
"R-HSA-198725","Nuclear Events (kinase and transcription factor activation)",-2.37566207409008,0,"Reactome","STG_CTCDT"
"R-HSA-6785807","Interleukin-4 and Interleukin-13 signaling",-2.12771075087227,0.00303525278580526,"Reactome","STG_CTCDT"
"R-HSA-187037","Signaling by NTRK1 (TRKA)",-2.06107148540276,0.00601630462900686,"Reactome","STG_CTCDT"
"R-HSA-381042","PERK regulates gene expression",-2.08143407611513,0.0065447638193926,"Reactome","STG_CTCDT"
"R-HSA-1237044","Erythrocytes take up carbon dioxide and release oxygen",-2.0611232826434,0.00701902206717467,"Reactome","STG_CTCDT"
"R-HSA-1480926","O2/CO2 exchange in erythrocytes",-2.0611232826434,0.00701902206717467,"Reactome","STG_CTCDT"
"R-HSA-166520","Signaling by NTRKs",-2.03976962626132,0.00725615119106571,"Reactome","STG_CTCDT"
"R-HSA-1247673","Erythrocytes take up oxygen and release carbon dioxide",-1.99606502350235,0.0154797892076068,"Reactome","STG_CTCDT"
"R-HSA-380994","ATF4 activates genes in response to endoplasmic reticulum  stress",-1.99638105363157,0.0171997657862298,"Reactome","STG_CTCDT"
"R-HSA-977225","Amyloid fiber formation",2.23830515838528,0.0172725066074109,"Reactome","STG_CTCDT"
"R-HSA-6791226","Major pathway of rRNA processing in the nucleolus and cytosol",-1.94869202091234,0.0306370828067219,"Reactome","STG_CTCDT"
"R-HSA-389957","Prefoldin mediated transfer of substrate  to CCT/TriC",-1.951944759659,0.0316632051973776,"Reactome","STG_CTCDT"
"R-HSA-72766","Translation",-1.91256463193972,0.0346857505851562,"Reactome","STG_CTCDT"
"R-HSA-1799339","SRP-dependent cotranslational protein targeting to membrane",-1.93132923816927,0.0351222108071752,"Reactome","STG_CTCDT"
"R-HSA-176187","Activation of ATR in response to replication stress",-1.91302721438934,0.0362965645635879,"Reactome","STG_CTCDT"
"R-HSA-6783783","Interleukin-10 signaling",-1.92518634709387,0.0364230334296631,"Reactome","STG_CTCDT"
"R-HSA-8868773","rRNA processing in the nucleus and cytosol",-1.93241789068972,0.0372110317490549,"Reactome","STG_CTCDT"
"R-HSA-6790901","rRNA modification in the nucleus and cytosol",-1.91325284390005,0.0382977483856017,"Reactome","STG_CTCDT"
"R-HSA-72312","rRNA processing",-1.91575516968645,0.0386283342818498,"Reactome","STG_CTCDT"
"R-HSA-9022702","MECP2 regulates transcription of neuronal ligands",-1.90186826457671,0.0386425620292832,"Reactome","STG_CTCDT"
"R-HSA-389958","Cooperation of Prefoldin and TriC/CCT  in actin and tubulin folding",-1.89106893664889,0.0412469173213894,"Reactome","STG_CTCDT"
"R-HSA-375276","Peptide ligand-binding receptors",-1.8676323053102,0.05504844825165,"Reactome","STG_CTCDT"
"R-HSA-9633012","Response of EIF2AK4 (GCN2) to amino acid deficiency",-1.86127945860797,0.0565645750137296,"Reactome","STG_CTCDT"
"R-HSA-8939242","RUNX1 regulates transcription of genes involved in differentiation of keratinocytes",-1.81897633146352,0.0943299654838542,"Reactome","STG_CTCDT"
"R-HSA-9707616","Heme signaling",-1.81460391886143,0.0961112794625237,"Reactome","STG_CTCDT"
"R-HSA-9707564","Cytoprotection by HMOX1",-1.80007292723748,0.0978084044253455,"Reactome","STG_CTCDT"
"R-HSA-9648895","Response of EIF2AK1 (HRI) to heme deficiency",-1.80459938009447,0.101259405437559,"Reactome","STG_CTCDT"
"R-HSA-379716","Cytosolic tRNA aminoacylation",-1.80638087594706,0.102571114574159,"Reactome","STG_CTCDT"
"R-HSA-381183","ATF6 (ATF6-alpha) activates chaperone genes",-1.7824987135957,0.111472106343203,"Reactome","STG_CTCDT"
"R-HSA-9703465","Signaling by FLT3 fusion proteins",-1.78500784712285,0.112114649775682,"Reactome","STG_CTCDT"
"R-HSA-2408557","Selenocysteine synthesis",-1.77017513976717,0.124314943199875,"Reactome","STG_CTCDT"
"R-HSA-209952","Peptide hormone biosynthesis",-1.76722386350037,0.124479855726945,"Reactome","STG_CTCDT"
"R-HSA-72613","Eukaryotic Translation Initiation",-1.73939608355722,0.137530264947066,"Reactome","STG_CTCDT"
"R-HSA-72737","Cap-dependent Translation Initiation",-1.73939608355722,0.137530264947066,"Reactome","STG_CTCDT"
"R-HSA-156902","Peptide chain elongation",-1.75518322528428,0.137858503367052,"Reactome","STG_CTCDT"
"R-HSA-447115","Interleukin-12 family signaling",-1.74086218151712,0.142102363596979,"Reactome","STG_CTCDT"
"R-HSA-173623","Classical antibody-mediated complement activation",-1.75022665609224,0.142309994900184,"Reactome","STG_CTCDT"
"R-HSA-192823","Viral mRNA Translation",-1.74245194648296,0.143565459891756,"Reactome","STG_CTCDT"
"R-HSA-389960","Formation of tubulin folding intermediates by CCT/TriC",-1.73054056627192,0.143892158229396,"Reactome","STG_CTCDT"
"R-HSA-381033","ATF6 (ATF6-alpha) activates chaperones",-1.74302378050271,0.146153574175954,"Reactome","STG_CTCDT"
"R-HSA-379724","tRNA Aminoacylation",-1.74436597531136,0.148063424957563,"Reactome","STG_CTCDT"
"R-HSA-8957275","Post-translational protein phosphorylation",-1.72035473749017,0.157281280719,"Reactome","STG_CTCDT"
"R-HSA-2453864","Retinoid cycle disease events",1.83273810110556,0.158475248122995,"Reactome","STG_CTCDT"
"R-HSA-2474795","Diseases associated with visual transduction",1.83273810110556,0.158475248122995,"Reactome","STG_CTCDT"
"R-HSA-9675143","Diseases of the neuronal system",1.83273810110556,0.158475248122995,"Reactome","STG_CTCDT"
"R-HSA-168273","Influenza Viral RNA Transcription and Replication",-1.69622545998938,0.1676685312928,"Reactome","STG_CTCDT"
"R-HSA-72706","GTP hydrolysis and joining of the 60S ribosomal subunit",-1.70667246056812,0.167826876108753,"Reactome","STG_CTCDT"
"R-HSA-156827","L13a-mediated translational silencing of Ceruloplasmin expression",-1.70067962152879,0.170361305595121,"Reactome","STG_CTCDT"
"R-HSA-156842","Eukaryotic Translation Elongation",-1.70251701756388,0.170827820851102,"Reactome","STG_CTCDT"
"R-HSA-9010553","Regulation of expression of SLITs and ROBOs",-1.69631436510931,0.170844559377494,"Reactome","STG_CTCDT"
"R-HSA-975956","Nonsense Mediated Decay (NMD) independent of the Exon Junction Complex (EJC)",-1.68357805454992,0.176566345649265,"Reactome","STG_CTCDT"
"R-HSA-1236974","ER-Phagosome pathway",-1.68707471953036,0.180525954604804,"Reactome","STG_CTCDT"
"R-HSA-390466","Chaperonin-mediated protein folding",-1.68457796606241,0.181335275807518,"Reactome","STG_CTCDT"
"R-HSA-75205","Dissolution of Fibrin Clot",-1.67741634425162,0.183373199552958,"Reactome","STG_CTCDT"
"R-HSA-73728","RNA Polymerase I Promoter Opening",1.8384502643874,0.192745471459971,"Reactome","STG_CTCDT"
"R-HSA-163210","Formation of ATP by chemiosmotic coupling",-1.66875094201126,0.195714931246783,"Reactome","STG_CTCDT"
"R-HSA-72689","Formation of a pool of free 40S subunits",-1.65701303785116,0.197054301953451,"Reactome","STG_CTCDT"
"R-HSA-9702518","STAT5 activation downstream of FLT3 ITD mutants",-1.66203600046054,0.197602420092281,"Reactome","STG_CTCDT"
"R-HSA-1236975","Antigen processing-Cross presentation",-1.66350509095979,0.198505532191664,"Reactome","STG_CTCDT"
"R-HSA-72764","Eukaryotic Translation Termination",-1.65429557900534,0.198820731519421,"Reactome","STG_CTCDT"
"R-HSA-9663891","Selective autophagy",-1.65769151129552,0.198989727278923,"Reactome","STG_CTCDT"
"R-HSA-1236978","Cross-presentation of soluble exogenous antigens (endosomes)",-1.65141189208284,0.201637361202472,"Reactome","STG_CTCDT"
"R-HSA-381119","Unfolded Protein Response (UPR)",-1.65770728366002,0.202199239009229,"Reactome","STG_CTCDT"
"R-HSA-5678895","Defective CFTR causes cystic fibrosis",-1.6443529386144,0.205638376238306,"Reactome","STG_CTCDT"
"R-HSA-68949","Orc1 removal from chromatin",-1.64095442156585,0.20923731882719,"Reactome","STG_CTCDT"
"R-HSA-1222556","ROS and RNS production in phagocytes",-1.63565329591029,0.213447828718451,"Reactome","STG_CTCDT"
"R-HSA-2408522","Selenoamino acid metabolism",-1.63717878754317,0.213504383457858,"Reactome","STG_CTCDT"
"R-HSA-2187338","Visual phototransduction",1.71530367768643,0.217140083064594,"Reactome","STG_CTCDT"
"R-HSA-187577","SCF(Skp2)-mediated degradation of p27/p21",-1.62975728068002,0.221500690454535,"Reactome","STG_CTCDT"
"R-HSA-877312","Regulation of IFNG signaling",-1.62571212830817,0.22381954042528,"Reactome","STG_CTCDT"
"R-HSA-9020591","Interleukin-12 signaling",-1.62313378632539,0.225307613041057,"Reactome","STG_CTCDT"
"R-HSA-5658442","Regulation of RAS by GAPs",-1.61986457836601,0.226126332542492,"Reactome","STG_CTCDT"
"R-HSA-3656243","Defective ST3GAL3 causes MCT12 and EIEE15",1.67131511338006,0.227554202433018,"Reactome","STG_CTCDT"
"R-HSA-391251","Protein folding",-1.62048137813859,0.227880472139483,"Reactome","STG_CTCDT"
"R-HSA-5362768","Hh mutants are degraded by ERAD",-1.61382466234454,0.229274002098142,"Reactome","STG_CTCDT"
"R-HSA-4641258","Degradation of DVL",-1.6118501071112,0.230447866234477,"Reactome","STG_CTCDT"
"R-HSA-168799","Neurotoxicity of clostridium toxins",1.67247000264096,0.231133410786012,"Reactome","STG_CTCDT"
"R-HSA-381426","Regulation of Insulin-like Growth Factor (IGF) transport and uptake by Insulin-like Growth Factor Binding Proteins (IGFBPs)",-1.60167636900534,0.23982026371566,"Reactome","STG_CTCDT"
"R-HSA-5675221","Negative regulation of MAPK pathway",-1.59910050986868,0.242048326681824,"Reactome","STG_CTCDT"
"R-HSA-75815","Ubiquitin-dependent degradation of Cyclin D",-1.60187114871395,0.242226563128374,"Reactome","STG_CTCDT"
"R-HSA-8852276","The role of GTSE1 in G2/M progression after G2 checkpoint",-1.59766160627654,0.242647765319773,"Reactome","STG_CTCDT"
"R-HSA-112409","RAF-independent MAPK1/3 activation",-1.60412033459207,0.243044209892289,"Reactome","STG_CTCDT"
"R-HSA-349425","Autodegradation of the E3 ubiquitin ligase COP1",-1.60267321521762,0.243389332761759,"Reactome","STG_CTCDT"
"R-HSA-8950505","Gene and protein expression by JAK-STAT signaling after Interleukin-12 stimulation",-1.59491626799239,0.245420650110687,"Reactome","STG_CTCDT"
"R-HSA-418038","Nucleotide-like (purinergic) receptors",1.64850610229918,0.249969322367251,"Reactome","STG_CTCDT"
"R-HSA-68616","Assembly of the ORC complex at the origin of replication",1.64881829060019,0.25518072261663,"Reactome","STG_CTCDT"
"R-HSA-69052","Switching of origins to a post-replicative state",-1.58594449265399,0.257800529539418,"Reactome","STG_CTCDT"
"R-HSA-174154","APC/C:Cdc20 mediated degradation of Securin",-1.58677205043541,0.258957650175619,"Reactome","STG_CTCDT"
"R-HSA-2453902","The canonical retinoid cycle in rods (twilight vision)",1.89678132173243,0.261333024970127,"Reactome","STG_CTCDT"
"R-HSA-9711097","Cellular response to starvation",-1.5808597551554,0.265576370788434,"Reactome","STG_CTCDT"
"R-HSA-449147","Signaling by Interleukins",-1.57381556000673,0.277884735893986,"Reactome","STG_CTCDT"
"R-HSA-975634","Retinoid metabolism and transport",1.62499968550141,0.277921981316053,"Reactome","STG_CTCDT"
"R-HSA-211733","Regulation of activated PAK-2p34 by proteasome mediated degradation",-1.56618704786884,0.280942842994299,"Reactome","STG_CTCDT"
"R-HSA-9725371","Nuclear events stimulated by ALK signaling in cancer",-1.56066561578903,0.28414924656421,"Reactome","STG_CTCDT"
"R-HSA-9717189","Sensory perception of taste",1.61641159124254,0.28554273423129,"Reactome","STG_CTCDT"
"R-HSA-5626467","RHO GTPases activate IQGAPs",-1.55198081455452,0.297417937416855,"Reactome","STG_CTCDT"
"R-HSA-174403","Glutathione synthesis and recycling",-1.55241219523349,0.299262533859285,"Reactome","STG_CTCDT"
"R-HSA-8949613","Cristae formation",-1.53120387583999,0.305042904973429,"Reactome","STG_CTCDT"
"R-HSA-6806667","Metabolism of fat-soluble vitamins",1.58345734088619,0.306660180868863,"Reactome","STG_CTCDT"
"R-HSA-1428517","The citric acid (TCA) cycle and respiratory electron transport",-1.54657774232103,0.306684568138828,"Reactome","STG_CTCDT"
"R-HSA-8953854","Metabolism of RNA",-1.53192593729103,0.308516949738052,"Reactome","STG_CTCDT"
"R-HSA-9609523","Insertion of tail-anchored proteins into the endoplasmic reticulum membrane",-1.53336787679482,0.310542621857443,"Reactome","STG_CTCDT"
"R-HSA-9609507","Protein localization",-1.53217712289033,0.310704050794322,"Reactome","STG_CTCDT"
"R-HSA-176409","APC/C:Cdc20 mediated degradation of mitotic proteins",-1.53567161246785,0.310969851291657,"Reactome","STG_CTCDT"
"R-HSA-5205685","PINK1-PRKN Mediated Mitophagy",-1.53895546564124,0.311872223741491,"Reactome","STG_CTCDT"
"R-HSA-381753","Olfactory Signaling Pathway",-1.5402928418721,0.314728511150774,"Reactome","STG_CTCDT"
"R-HSA-111465","Apoptotic cleavage of cellular proteins",1.57456041835221,0.316978811830592,"Reactome","STG_CTCDT"
"R-HSA-180585","Vif-mediated degradation of APOBEC3G",-1.52294131985483,0.322087264102193,"Reactome","STG_CTCDT"
"R-HSA-9615710","Late endosomal microautophagy",-1.52145212201573,0.323197032454915,"Reactome","STG_CTCDT"
"R-HSA-5387390","Hh mutants abrogate ligand secretion",-1.4954865237171,0.329140644055018,"Reactome","STG_CTCDT"
"R-HSA-2168880","Scavenging of heme from plasma",-1.49747719110812,0.329374415077031,"Reactome","STG_CTCDT"
"R-HSA-5661231","Metallothioneins bind metals",-1.49617708261101,0.329608799822572,"Reactome","STG_CTCDT"
"R-HSA-927802","Nonsense-Mediated Decay (NMD)",-1.49831885223268,0.32972648898792,"Reactome","STG_CTCDT"
"R-HSA-975957","Nonsense Mediated Decay (NMD) enhanced by the Exon Junction Complex (EJC)",-1.49831885223268,0.32972648898792,"Reactome","STG_CTCDT"
"R-HSA-9762114","GSK3B and BTRC:CUL1-mediated-degradation of NFE2L2",-1.50303523283323,0.329749976757131,"Reactome","STG_CTCDT"
"R-HSA-429958","mRNA decay by 3' to 5' exoribonuclease",-1.50713817468144,0.332626950310054,"Reactome","STG_CTCDT"
"R-HSA-197264","Nicotinamide salvaging",-1.50068565528276,0.332631993727987,"Reactome","STG_CTCDT"
"R-HSA-9674555","Signaling by CSF3 (G-CSF)",-1.50475556909861,0.333113156217539,"Reactome","STG_CTCDT"
"R-HSA-174113","SCF-beta-TrCP mediated degradation of Emi1",-1.50779637947123,0.333767270657993,"Reactome","STG_CTCDT"
"R-HSA-180534","Vpu mediated degradation of CD4",-1.49856869679753,0.334004275304654,"Reactome","STG_CTCDT"
"R-HSA-174178","APC/C:Cdh1 mediated degradation of Cdc20 and other APC/C:Cdh1 targeted proteins in late mitosis/early G1",-1.50328879034923,0.334115297591667,"Reactome","STG_CTCDT"
"R-HSA-5668599","RHO GTPases Activate NADPH Oxidases",-1.5052688989713,0.334460151449809,"Reactome","STG_CTCDT"
"R-HSA-69563","p53-Dependent G1 DNA Damage Response",-1.46451751926716,0.342038497451323,"Reactome","STG_CTCDT"
"R-HSA-69580","p53-Dependent G1/S DNA damage checkpoint",-1.46451751926716,0.342038497451323,"Reactome","STG_CTCDT"
"R-HSA-5419276","Mitochondrial translation termination",-1.47079411092311,0.343223695554365,"Reactome","STG_CTCDT"
"R-HSA-169911","Regulation of Apoptosis",-1.46957662371345,0.343828281373176,"Reactome","STG_CTCDT"
"R-HSA-69017","CDK-mediated phosphorylation and removal of Cdc6",-1.47121714254684,0.344510857599043,"Reactome","STG_CTCDT"
"R-HSA-9612973","Autophagy",-1.45945363130866,0.344739162191335,"Reactome","STG_CTCDT"
"R-HSA-8854050","FBXL7 down-regulates AURKA during mitotic entry and in early mitosis",-1.46113404827103,0.344901044849303,"Reactome","STG_CTCDT"
"R-HSA-69202","Cyclin E associated events during G1/S transition",-1.42839698122603,0.345341437996675,"Reactome","STG_CTCDT"
"R-HSA-5676590","NIK-->noncanonical NF-kB signaling",-1.46187332047249,0.345449707684461,"Reactome","STG_CTCDT"
"R-HSA-176814","Activation of APC/C and APC/C:Cdc20 mediated degradation of mitotic proteins",-1.46565947539612,0.345927478956301,"Reactome","STG_CTCDT"
"R-HSA-69615","G1/S DNA Damage Checkpoints",-1.45977445571869,0.346039142935276,"Reactome","STG_CTCDT"
"R-HSA-9705462","Inactivation of CSF3 (G-CSF) signaling",-1.45533128909456,0.346110927854201,"Reactome","STG_CTCDT"
"R-HSA-9752946","Expression and translocation of olfactory receptors",-1.47240477143947,0.346114281177482,"Reactome","STG_CTCDT"
"R-HSA-3299685","Detoxification of Reactive Oxygen Species",-1.4713149186037,0.346471186987377,"Reactome","STG_CTCDT"
"R-HSA-69206","G1/S Transition",-1.42933793799065,0.346837438714917,"Reactome","STG_CTCDT"
"R-HSA-174143","APC/C-mediated degradation of cell cycle proteins",-1.45227591510211,0.347118234428931,"Reactome","STG_CTCDT"
"R-HSA-453276","Regulation of mitotic cell cycle",-1.45227591510211,0.347118234428931,"Reactome","STG_CTCDT"
"R-HSA-72163","mRNA Splicing - Major Pathway",-1.45571673346454,0.347249683173718,"Reactome","STG_CTCDT"
"R-HSA-5368286","Mitochondrial translation initiation",-1.42993818276713,0.347393696937746,"Reactome","STG_CTCDT"
"R-HSA-5610785","GLI3 is processed to GLI3R by the proteasome",-1.4342480800453,0.34764814744017,"Reactome","STG_CTCDT"
"R-HSA-5205647","Mitophagy",-1.43503863094908,0.347807448687721,"Reactome","STG_CTCDT"
"R-HSA-69239","Synthesis of DNA",-1.47556204314336,0.347895749561102,"Reactome","STG_CTCDT"
"R-HSA-380108","Chemokine receptors bind chemokines",-1.43320281717852,0.348094056702398,"Reactome","STG_CTCDT"
"R-HSA-174084","Autodegradation of Cdh1 by Cdh1:APC/C",-1.42235497246907,0.348101058533199,"Reactome","STG_CTCDT"
"R-HSA-179419","APC:Cdc20 mediated degradation of cell cycle proteins prior to satisfation of the cell cycle checkpoint",-1.4724998522751,0.348147436418598,"Reactome","STG_CTCDT"
"R-HSA-5656121","Translesion synthesis by POLI",-1.43020709334959,0.348595384778705,"Reactome","STG_CTCDT"
"R-HSA-611105","Respiratory electron transport",-1.45584124111176,0.348987507806513,"Reactome","STG_CTCDT"
"R-HSA-2467813","Separation of Sister Chromatids",-1.47812754307542,0.349325807525794,"Reactome","STG_CTCDT"
"R-HSA-9711123","Cellular response to chemical stress",-1.43512045035618,0.349433476965831,"Reactome","STG_CTCDT"
"R-HSA-5389840","Mitochondrial translation elongation",-1.4758258375055,0.349645944660837,"Reactome","STG_CTCDT"
"R-HSA-1632852","Macroautophagy",-1.41758710540392,0.349728570986673,"Reactome","STG_CTCDT"
"R-HSA-9613829","Chaperone Mediated Autophagy",-1.43129440101047,0.349965408829675,"Reactome","STG_CTCDT"
"R-HSA-5368287","Mitochondrial translation",-1.45607927244612,0.350498047244382,"Reactome","STG_CTCDT"
"R-HSA-68882","Mitotic Anaphase",-1.41938027295346,0.350828196995928,"Reactome","STG_CTCDT"
"R-HSA-69601","Ubiquitin Mediated Degradation of Phosphorylated Cdc25A",-1.43677874032443,0.350962959814928,"Reactome","STG_CTCDT"
"R-HSA-69610","p53-Independent DNA Damage Response",-1.43677874032443,0.350962959814928,"Reactome","STG_CTCDT"
"R-HSA-69613","p53-Independent G1/S DNA damage checkpoint",-1.43677874032443,0.350962959814928,"Reactome","STG_CTCDT"
"R-HSA-5602498","MyD88 deficiency (TLR2/4)",-1.44601151590105,0.351263432547328,"Reactome","STG_CTCDT"
"R-HSA-76005","Response to elevated platelet cytosolic Ca2+",-1.4357476804104,0.351509401150941,"Reactome","STG_CTCDT"
"R-HSA-376176","Signaling by ROBO receptors",-1.41989101239526,0.35154347875502,"Reactome","STG_CTCDT"
"R-HSA-74259","Purine catabolism",-1.481543244403,0.35158344768911,"Reactome","STG_CTCDT"
"R-HSA-1059683","Interleukin-6 signaling",-1.44672788335825,0.351665652452058,"Reactome","STG_CTCDT"
"R-HSA-71403","Citric acid cycle (TCA cycle)",-1.47277389245047,0.352084330961328,"Reactome","STG_CTCDT"
"R-HSA-1474228","Degradation of the extracellular matrix",-1.47975513097165,0.35279318780805,"Reactome","STG_CTCDT"
"R-HSA-110330","Recognition and association of DNA glycosylase with site containing an affected purine",1.5135091206916,0.352928111479427,"Reactome","STG_CTCDT"
"R-HSA-110331","Cleavage of the damaged purine",1.5135091206916,0.352928111479427,"Reactome","STG_CTCDT"
"R-HSA-73927","Depurination",1.5135091206916,0.352928111479427,"Reactome","STG_CTCDT"
"R-HSA-2555396","Mitotic Metaphase and Anaphase",-1.41511948905163,0.353010739177673,"Reactome","STG_CTCDT"
"R-HSA-69541","Stabilization of p53",-1.43966376738454,0.354095917408197,"Reactome","STG_CTCDT"
"R-HSA-71406","Pyruvate metabolism and Citric Acid (TCA) cycle",-1.44207473651776,0.354215237298903,"Reactome","STG_CTCDT"
"R-HSA-9619483","Activation of AMPK downstream of NMDARs",-1.41299163781106,0.356158371899519,"Reactome","STG_CTCDT"
"R-HSA-3000171","Non-integrin membrane-ECM interactions",1.51871081469489,0.357007784717621,"Reactome","STG_CTCDT"
"R-HSA-114608","Platelet degranulation",-1.41037459236757,0.358275375279935,"Reactome","STG_CTCDT"
"R-HSA-5686938","Regulation of TLR by endogenous ligand",-1.41066335518007,0.359355219376965,"Reactome","STG_CTCDT"
"R-HSA-1296071","Potassium Channels",1.52457807026919,0.359952308150414,"Reactome","STG_CTCDT"
"R-HSA-171306","Packaging Of Telomere Ends",1.53586156265876,0.360083107816327,"Reactome","STG_CTCDT"
"R-HSA-9824272","Somitogenesis",-1.40686196170614,0.362082072612083,"Reactome","STG_CTCDT"
"R-HSA-1234174","Cellular response to hypoxia",-1.40688081819168,0.363689551136265,"Reactome","STG_CTCDT"
"R-HSA-3656225","Defective CHST6 causes MCDC1",1.54631524322672,0.36508764350649,"Reactome","STG_CTCDT"
"R-HSA-168255","Influenza Infection",-1.40430057063742,0.365955528424886,"Reactome","STG_CTCDT"
"R-HSA-5625740","RHO GTPases activate PKNs",1.54125773747998,0.366731407080185,"Reactome","STG_CTCDT"
"R-HSA-9660826","Purinergic signaling in leishmaniasis infection",-1.4013790541172,0.367307556838878,"Reactome","STG_CTCDT"
"R-HSA-9664424","Cell recruitment (pro-inflammatory response)",-1.4013790541172,0.367307556838878,"Reactome","STG_CTCDT"
"R-HSA-390471","Association of TriC/CCT with target proteins during biosynthesis",-1.3981497458186,0.367644993680662,"Reactome","STG_CTCDT"
"R-HSA-5603041","IRAK4 deficiency (TLR2/4)",-1.39945960063125,0.368219095770083,"Reactome","STG_CTCDT"
"R-HSA-390450","Folding of actin by CCT/TriC",-1.40219671656166,0.368869596227614,"Reactome","STG_CTCDT"
"R-HSA-912446","Meiotic recombination",1.48888929063897,0.368992918498007,"Reactome","STG_CTCDT"
"R-HSA-5655862","Translesion synthesis by POLK",-1.39465170008081,0.371530640565939,"Reactome","STG_CTCDT"
"R-HSA-3656244","Defective B4GALT1 causes B4GALT1-CDG (CDG-2d)",1.48889864709914,0.372867963689245,"Reactome","STG_CTCDT"
"R-HSA-6781823","Formation of TC-NER Pre-Incision Complex",-1.39256243156332,0.373751323051247,"Reactome","STG_CTCDT"
"R-HSA-110312","Translesion synthesis by REV1",-1.38683336769487,0.37481103580465,"Reactome","STG_CTCDT"
"R-HSA-9754678","SARS-CoV-2 modulates host translation machinery",-1.3874406274694,0.375164864207001,"Reactome","STG_CTCDT"
"R-HSA-4641257","Degradation of AXIN",-1.38547881716016,0.376217063918582,"Reactome","STG_CTCDT"
"R-HSA-163200","Respiratory electron transport, ATP synthesis by chemiosmotic coupling, and heat production by uncoupling proteins.",-1.38300891438726,0.376671449839269,"Reactome","STG_CTCDT"
"R-HSA-9646399","Aggrephagy",-1.38884789864018,0.378717208364201,"Reactome","STG_CTCDT"
"R-HSA-3785653","Myoclonic epilepsy of Lafora",-1.37679112015347,0.383699400300743,"Reactome","STG_CTCDT"
"R-HSA-69656","Cyclin A:Cdk2-associated events at S phase entry",-1.37734216217433,0.384133052082906,"Reactome","STG_CTCDT"
"R-HSA-174184","Cdc20:Phospho-APC/C mediated degradation of Cyclin A",-1.37582108356229,0.384174322104566,"Reactome","STG_CTCDT"
"R-HSA-1234176","Oxygen-dependent proline hydroxylation of Hypoxia-inducible Factor Alpha",-1.37812679889584,0.385693907567683,"Reactome","STG_CTCDT"
"R-HSA-1280215","Cytokine Signaling in Immune system",-1.37132478448122,0.386497319177537,"Reactome","STG_CTCDT"
"R-HSA-110320","Translesion Synthesis by POLH",-1.37170843197209,0.388724643608271,"Reactome","STG_CTCDT"
"R-HSA-198933","Immunoregulatory interactions between a Lymphoid and a non-Lymphoid cell",1.46408370316286,0.394318289993148,"Reactome","STG_CTCDT"
"R-HSA-3000157","Laminin interactions",-1.36322711068938,0.398001933243346,"Reactome","STG_CTCDT"
"R-HSA-5668541","TNFR2 non-canonical NF-kB pathway",-1.35900316870298,0.40117903412002,"Reactome","STG_CTCDT"
"R-HSA-5607761","Dectin-1 mediated noncanonical NF-kB signaling",-1.35923977039465,0.402118662174614,"Reactome","STG_CTCDT"
"R-HSA-69242","S Phase",-1.35422565922002,0.405685497344867,"Reactome","STG_CTCDT"
"R-HSA-8983711","OAS antiviral response",1.45038660000814,0.411396873591648,"Reactome","STG_CTCDT"
"R-HSA-71291","Metabolism of amino acids and derivatives",-1.34850365187826,0.412119878250448,"Reactome","STG_CTCDT"
"R-HSA-9609736","Assembly and cell surface presentation of NMDA receptors",-1.33619427929638,0.412331977077928,"Reactome","STG_CTCDT"
"R-HSA-69620","Cell Cycle Checkpoints",-1.33529657852028,0.412831137986299,"Reactome","STG_CTCDT"
"R-HSA-72086","mRNA Capping",-1.33654034277829,0.412967557491005,"Reactome","STG_CTCDT"
"R-HSA-216083","Integrin cell surface interactions",-1.33782785862243,0.4130859228871,"Reactome","STG_CTCDT"
"R-HSA-5358346","Hedgehog ligand biogenesis",-1.34591838398175,0.413361404115216,"Reactome","STG_CTCDT"
"R-HSA-350562","Regulation of ornithine decarboxylase (ODC)",-1.33816147388945,0.413867137666611,"Reactome","STG_CTCDT"
"R-HSA-8948751","Regulation of PTEN stability and activity",-1.34405501774257,0.416127341212323,"Reactome","STG_CTCDT"
"R-HSA-901042","Calnexin/calreticulin cycle",-1.33975709692943,0.41640958174118,"Reactome","STG_CTCDT"
"R-HSA-72172","mRNA Splicing",-1.34288057486184,0.417192736088219,"Reactome","STG_CTCDT"
"R-HSA-8986944","Transcriptional Regulation by MECP2",-1.32277928389968,0.417301231674013,"Reactome","STG_CTCDT"
"R-HSA-209776","Metabolism of amine-derived hormones",1.41640125962968,0.417527662498477,"Reactome","STG_CTCDT"
"R-HSA-179409","APC-Cdc20 mediated degradation of Nek2A",-1.33152167455923,0.417988728997801,"Reactome","STG_CTCDT"
"R-HSA-983170","Antigen Presentation: Folding, assembly and peptide loading of class I MHC",-1.32579518308775,0.419013347892606,"Reactome","STG_CTCDT"
"R-HSA-167160","RNA Pol II CTD phosphorylation and interaction with CE during HIV infection",-1.33991804583748,0.419049128652495,"Reactome","STG_CTCDT"
"R-HSA-77075","RNA Pol II CTD phosphorylation and interaction with CE",-1.33991804583748,0.419049128652495,"Reactome","STG_CTCDT"
"R-HSA-110328","Recognition and association of DNA glycosylase with site containing an affected pyrimidine",1.42702203389657,0.41944088961925,"Reactome","STG_CTCDT"
"R-HSA-110329","Cleavage of the damaged pyrimidine",1.42702203389657,0.41944088961925,"Reactome","STG_CTCDT"
"R-HSA-73928","Depyrimidination",1.42702203389657,0.41944088961925,"Reactome","STG_CTCDT"
"R-HSA-453279","Mitotic G1 phase and G1/S transition",-1.31992124524936,0.419496818158301,"Reactome","STG_CTCDT"
"R-HSA-9768919","NPAS4 regulates expression of target genes",-1.32621494269423,0.419548580223835,"Reactome","STG_CTCDT"
"R-HSA-1268020","Mitochondrial protein import",-1.32111780988963,0.419701810760742,"Reactome","STG_CTCDT"
"R-HSA-6799198","Complex I biogenesis",-1.32746901796263,0.420940688676842,"Reactome","STG_CTCDT"
"R-HSA-9818027","NFE2L2 regulating anti-oxidant/detoxification enzymes",-1.31832029402006,0.42153546486553,"Reactome","STG_CTCDT"
"R-HSA-5620971","Pyroptosis",-1.32325139512269,0.42174257634727,"Reactome","STG_CTCDT"
"R-HSA-6798695","Neutrophil degranulation",-1.31693353769871,0.423157074570086,"Reactome","STG_CTCDT"
"R-HSA-9661069","Defective binding of RB1 mutants to E2F1,(E2F2, E2F3)",-1.31074712352358,0.42828041147684,"Reactome","STG_CTCDT"
"R-HSA-5610783","Degradation of GLI2 by the proteasome",-1.30586906501992,0.428915048077098,"Reactome","STG_CTCDT"
"R-HSA-70326","Glucose metabolism",-1.30462357936227,0.430183847954858,"Reactome","STG_CTCDT"
"R-HSA-176408","Regulation of APC/C activators between G1/S and early anaphase",-1.30317953289735,0.430662567527671,"Reactome","STG_CTCDT"
"R-HSA-166208","mTORC1-mediated signalling",-1.29756308932601,0.433460075201699,"Reactome","STG_CTCDT"
"R-HSA-8948216","Collagen chain trimerization",-1.29615899610448,0.433719502179418,"Reactome","STG_CTCDT"
"R-HSA-8939902","Regulation of RUNX2 expression and activity",-1.29911297197219,0.434117029689798,"Reactome","STG_CTCDT"
"R-HSA-9755511","KEAP1-NFE2L2 pathway",-1.29817962318844,0.434803400297101,"Reactome","STG_CTCDT"
"R-HSA-9032845","Activated NTRK2 signals through CDK5",-1.2993744776742,0.434889912067095,"Reactome","STG_CTCDT"
"R-HSA-5627117","RHO GTPases Activate ROCKs",-1.29361555931691,0.438150257331293,"Reactome","STG_CTCDT"
"R-HSA-446652","Interleukin-1 family signaling",-1.29224036698536,0.439754764055598,"Reactome","STG_CTCDT"
"R-HSA-9636383","Prevention of phagosomal-lysosomal fusion",-1.2901108249592,0.441854238229189,"Reactome","STG_CTCDT"
"R-HSA-73929","Base-Excision Repair, AP Site Formation",1.39082276126729,0.452134662614406,"Reactome","STG_CTCDT"
"R-HSA-70268","Pyruvate metabolism",-1.27772825362749,0.460288189801162,"Reactome","STG_CTCDT"
"R-HSA-8941858","Regulation of RUNX3 expression and activity",-1.26655773183622,0.474076560115316,"Reactome","STG_CTCDT"
"R-HSA-162909","Host Interactions of HIV factors",-1.26534956837071,0.474124339570934,"Reactome","STG_CTCDT"
"R-HSA-425366","Transport of bile salts and organic acids, metal ions and amine compounds",-1.26361705923292,0.475493697122813,"Reactome","STG_CTCDT"
"R-HSA-9759194","Nuclear events mediated by NFE2L2",-1.26378960169124,0.476357701611919,"Reactome","STG_CTCDT"
"R-HSA-1474290","Collagen formation",-1.25952255614705,0.477836552319734,"Reactome","STG_CTCDT"
"R-HSA-445355","Smooth Muscle Contraction",-1.25705719571503,0.479407632702405,"Reactome","STG_CTCDT"
"R-HSA-8856688","Golgi-to-ER retrograde transport",-1.25247450396352,0.485816818525855,"Reactome","STG_CTCDT"
"R-HSA-199977","ER to Golgi Anterograde Transport",-1.24621360264385,0.489295998191111,"Reactome","STG_CTCDT"
"R-HSA-2022090","Assembly of collagen fibrils and other multimeric structures",-1.24649289080877,0.490023246087656,"Reactome","STG_CTCDT"
"R-HSA-8949215","Mitochondrial calcium ion transport",-1.24327732736846,0.493274505860509,"Reactome","STG_CTCDT"
"R-HSA-168249","Innate Immune System",-1.23653926948412,0.497118226828892,"Reactome","STG_CTCDT"
"R-HSA-168256","Immune System",-1.23481870761017,0.49714653154442,"Reactome","STG_CTCDT"
"R-HSA-140837","Intrinsic Pathway of Fibrin Clot Formation",1.36032514557904,0.497327172731217,"Reactome","STG_CTCDT"
"R-HSA-76002","Platelet activation, signaling and aggregation",-1.23953494535938,0.497871603087307,"Reactome","STG_CTCDT"
"R-HSA-5336415","Uptake and function of diphtheria toxin",-1.22924738537712,0.499820767337526,"Reactome","STG_CTCDT"
"R-HSA-2173782","Binding and Uptake of Ligands by Scavenger Receptors",-1.2295916160458,0.502829380428305,"Reactome","STG_CTCDT"
"R-HSA-437239","Recycling pathway of L1",-1.22610022057149,0.503070554313333,"Reactome","STG_CTCDT"
"R-HSA-72662","Activation of the mRNA upon binding of the cap-binding complex and eIFs, and subsequent binding to 43S",-1.22000676957347,0.510413464789459,"Reactome","STG_CTCDT"
"R-HSA-9821993","Replacement of protamines by nucleosomes in the male pronucleus",1.34039752057267,0.511311916920383,"Reactome","STG_CTCDT"
"R-HSA-8953897","Cellular responses to stimuli",-1.21646973185897,0.513494599555375,"Reactome","STG_CTCDT"
"R-HSA-193807","Synthesis of bile acids and bile salts via 27-hydroxycholesterol",1.33763541640876,0.51583684425764,"Reactome","STG_CTCDT"
"R-HSA-9604323","Negative regulation of NOTCH4 signaling",-1.20801743746737,0.526720081004354,"Reactome","STG_CTCDT"
"R-HSA-1442490","Collagen degradation",-1.20843787340119,0.526973876093234,"Reactome","STG_CTCDT"
"R-HSA-446203","Asparagine N-linked glycosylation",-1.20133576584455,0.533129803215715,"Reactome","STG_CTCDT"
"R-HSA-446353","Cell-extracellular matrix interactions",-1.19984490610898,0.534172427772299,"Reactome","STG_CTCDT"
"R-HSA-77588","SLBP Dependent Processing of Replication-Dependent Histone Pre-mRNAs",-1.19839967005905,0.536386744646556,"Reactome","STG_CTCDT"
"R-HSA-5610780","Degradation of GLI1 by the proteasome",-1.1965797769704,0.539457676051926,"Reactome","STG_CTCDT"
"R-HSA-162906","HIV Infection",-1.18915151544046,0.540494380641018,"Reactome","STG_CTCDT"
"R-HSA-181429","Serotonin Neurotransmitter Release Cycle",-1.19234872633082,0.542909812595888,"Reactome","STG_CTCDT"
"R-HSA-264876","Insulin processing",-1.19287455976117,0.543046771854819,"Reactome","STG_CTCDT"
"R-HSA-983695","Antigen activates B Cell Receptor (BCR) leading to generation of second messengers",1.30925743827709,0.543789958020977,"Reactome","STG_CTCDT"
"R-HSA-264642","Acetylcholine Neurotransmitter Release Cycle",-1.19143540709202,0.543956288926628,"Reactome","STG_CTCDT"
"R-HSA-6781827","Transcription-Coupled Nucleotide Excision Repair (TC-NER)",-1.18458560196214,0.544033412913478,"Reactome","STG_CTCDT"
"R-HSA-9613354","Lipophagy",-1.18357246916076,0.545186956296794,"Reactome","STG_CTCDT"
"R-HSA-9670095","Inhibition of DNA recombination at telomere",1.30944839587787,0.546032888023371,"Reactome","STG_CTCDT"
"R-HSA-6803157","Antimicrobial peptides",-1.17678158610223,0.556317515575303,"Reactome","STG_CTCDT"
"R-HSA-2262752","Cellular responses to stress",-1.17600482926542,0.556830691738958,"Reactome","STG_CTCDT"
"R-HSA-1296072","Voltage gated Potassium channels",1.29924801908174,0.55705623705958,"Reactome","STG_CTCDT"
"R-HSA-1650814","Collagen biosynthesis and modifying enzymes",1.28672611069901,0.559005718719651,"Reactome","STG_CTCDT"
"R-HSA-8964058","HDL remodeling",1.30106129762896,0.560729200027217,"Reactome","STG_CTCDT"
"R-HSA-390666","Serotonin receptors",1.28301295842449,0.56075441823651,"Reactome","STG_CTCDT"
"R-HSA-1474244","Extracellular matrix organization",1.28685656301114,0.561407266230876,"Reactome","STG_CTCDT"
"R-HSA-8941326","RUNX2 regulates bone development",1.2830909172826,0.563275632141678,"Reactome","STG_CTCDT"
"R-HSA-202433","Generation of second messenger molecules",1.28045547057469,0.565017574993047,"Reactome","STG_CTCDT"
"R-HSA-5083636","Defective GALNT12 causes CRCS1",-1.17154724895918,0.566447365572084,"Reactome","STG_CTCDT"
"R-HSA-9610379","HCMV Late Events",1.29087189803029,0.566926411947335,"Reactome","STG_CTCDT"
"R-HSA-9637687","Suppression of phagosomal maturation",-1.16483535202093,0.57003224786176,"Reactome","STG_CTCDT"
"R-HSA-69481","G2/M Checkpoints",-1.16151354120627,0.573023135906084,"Reactome","STG_CTCDT"
"R-HSA-3781865","Diseases of glycosylation",-1.16256450372435,0.574215975815253,"Reactome","STG_CTCDT"
"R-HSA-3906995","Diseases associated with O-glycosylation of proteins",-1.15834641389742,0.575657072640495,"Reactome","STG_CTCDT"
"R-HSA-69275","G2/M Transition",-1.15731721448455,0.577019682676971,"Reactome","STG_CTCDT"
"R-HSA-163841","Gamma carboxylation, hypusinylation, hydroxylation, and arylsulfatase activation",1.27056450231123,0.577528351159793,"Reactome","STG_CTCDT"
"R-HSA-420499","Class C/3 (Metabotropic glutamate/pheromone receptors)",1.26561635763214,0.577855634120616,"Reactome","STG_CTCDT"
"R-HSA-351202","Metabolism of polyamines",-1.1553525446674,0.580689002507121,"Reactome","STG_CTCDT"
"R-HSA-72165","mRNA Splicing - Minor Pathway",-1.15297718361223,0.584100443331827,"Reactome","STG_CTCDT"
"R-HSA-156581","Methylation",-1.15244029199572,0.584121513121113,"Reactome","STG_CTCDT"
"R-HSA-532668","N-glycan trimming in the ER and Calnexin/Calreticulin cycle",-1.15055452638133,0.586211709159552,"Reactome","STG_CTCDT"
"R-HSA-453274","Mitotic G2-G2/M phases",-1.14118170025014,0.59612457819129,"Reactome","STG_CTCDT"
"R-HSA-977606","Regulation of Complement cascade",-1.13857840031993,0.598779956010707,"Reactome","STG_CTCDT"
"R-HSA-400511","Synthesis, secretion, and inactivation of Glucose-dependent Insulinotropic Polypeptide (GIP)",-1.13566585880767,0.601046600730663,"Reactome","STG_CTCDT"
"R-HSA-9020702","Interleukin-1 signaling",-1.13418308636012,0.603325196598998,"Reactome","STG_CTCDT"
"R-HSA-73772","RNA Polymerase I Promoter Escape",1.25173907087538,0.612726611081139,"Reactome","STG_CTCDT"
"R-HSA-9010642","ROBO receptors bind AKAP5",-1.12414234406962,0.615253821716772,"Reactome","STG_CTCDT"
"R-HSA-6807878","COPI-mediated anterograde transport",-1.11560066584358,0.621954876476322,"Reactome","STG_CTCDT"
"R-HSA-8940973","RUNX2 regulates osteoblast differentiation",1.2447366860298,0.622119767299359,"Reactome","STG_CTCDT"
"R-HSA-1489509","DAG and IP3 signaling",1.24186939137329,0.622341989707763,"Reactome","STG_CTCDT"
"R-HSA-5339562","Uptake and actions of bacterial toxins",1.24372069761343,0.622437983150983,"Reactome","STG_CTCDT"
"R-HSA-111933","Calmodulin induced events",1.22184671327006,0.624636019947765,"Reactome","STG_CTCDT"
"R-HSA-111997","CaM pathway",1.22184671327006,0.624636019947765,"Reactome","STG_CTCDT"
"R-HSA-166786","Creation of C4 and C2 activators",-1.11157631529093,0.62571461037186,"Reactome","STG_CTCDT"
"R-HSA-9637628","Modulation by Mtb of host immune system",-1.11248537650746,0.625798476307859,"Reactome","STG_CTCDT"
"R-HSA-1855183","Synthesis of IP2, IP, and Ins in the cytosol",1.22608160900753,0.628057363719678,"Reactome","STG_CTCDT"
"R-HSA-6811436","COPI-independent Golgi-to-ER retrograde traffic",-1.10256815828621,0.63000782394126,"Reactome","STG_CTCDT"
"R-HSA-8851708","Signaling by FGFR2 IIIa TM",-1.10277495245413,0.630690127010722,"Reactome","STG_CTCDT"
"R-HSA-983169","Class I MHC mediated antigen processing & presentation",-1.10696547054871,0.631344054883358,"Reactome","STG_CTCDT"
"R-HSA-111367","SLBP independent Processing of Histone Pre-mRNAs",-1.1032589519742,0.63184364579809,"Reactome","STG_CTCDT"
"R-HSA-1169091","Activation of NF-kappaB in B cells",-1.10556266985059,0.633518104625576,"Reactome","STG_CTCDT"
"R-HSA-112316","Neuronal System",1.20859841737641,0.639512889909022,"Reactome","STG_CTCDT"
"R-HSA-2559582","Senescence-Associated Secretory Phenotype (SASP)",1.20699854778201,0.641690228644746,"Reactome","STG_CTCDT"
"R-HSA-72649","Translation initiation complex formation",-1.09098677383133,0.646349202348853,"Reactome","STG_CTCDT"
"R-HSA-72702","Ribosomal scanning and start codon recognition",-1.09204526234301,0.647417751490952,"Reactome","STG_CTCDT"
"R-HSA-1236977","Endosomal/Vacuolar pathway",-1.0915488469483,0.647432736591945,"Reactome","STG_CTCDT"
"R-HSA-6782135","Dual incision in TC-NER",-1.08497681056312,0.65432461929997,"Reactome","STG_CTCDT"
"R-HSA-6811442","Intra-Golgi and retrograde Golgi-to-ER traffic",-1.08592135844617,0.655356852686229,"Reactome","STG_CTCDT"
"R-HSA-5260271","Diseases of Immune System",-1.08103856753862,0.659375410250517,"Reactome","STG_CTCDT"
"R-HSA-5602358","Diseases associated with the TLR signaling cascade",-1.08103856753862,0.659375410250517,"Reactome","STG_CTCDT"
"R-HSA-452723","Transcriptional regulation of pluripotent stem cells",1.19399066996427,0.659413387046248,"Reactome","STG_CTCDT"
"R-HSA-977443","GABA receptor activation",1.19543751483526,0.660157150562306,"Reactome","STG_CTCDT"
"R-HSA-2132295","MHC class II antigen presentation",-1.08166431468913,0.661422388707855,"Reactome","STG_CTCDT"
"R-HSA-167161","HIV Transcription Initiation",-1.07186736958349,0.663160504094474,"Reactome","STG_CTCDT"
"R-HSA-167162","RNA Polymerase II HIV Promoter Escape",-1.07186736958349,0.663160504094474,"Reactome","STG_CTCDT"
"R-HSA-73776","RNA Polymerase II Promoter Escape",-1.07186736958349,0.663160504094474,"Reactome","STG_CTCDT"
"R-HSA-73779","RNA Polymerase II Transcription Pre-Initiation And Promoter Opening",-1.07186736958349,0.663160504094474,"Reactome","STG_CTCDT"
"R-HSA-75953","RNA Polymerase II Transcription Initiation",-1.07186736958349,0.663160504094474,"Reactome","STG_CTCDT"
"R-HSA-76042","RNA Polymerase II Transcription Initiation And Promoter Clearance",-1.07186736958349,0.663160504094474,"Reactome","STG_CTCDT"
"R-HSA-5607764","CLEC7A (Dectin-1) signaling",-1.07584642833195,0.663819437002987,"Reactome","STG_CTCDT"
"R-HSA-948021","Transport to the Golgi and subsequent modification",-1.0760971462409,0.664410119651742,"Reactome","STG_CTCDT"
"R-HSA-2129379","Molecules associated with elastic fibres",1.19052449832675,0.664722820949205,"Reactome","STG_CTCDT"
"R-HSA-4086400","PCP/CE pathway",-1.07684642741662,0.66503170262844,"Reactome","STG_CTCDT"
"R-HSA-9708530","Regulation of BACH1 activity",-1.07627530792952,0.665194618339135,"Reactome","STG_CTCDT"
"R-HSA-174048","APC/C:Cdc20 mediated degradation of Cyclin B",-1.07357221771022,0.667123045890328,"Reactome","STG_CTCDT"
"R-HSA-5621480","Dectin-2 family",-1.07360058839705,0.668211302283493,"Reactome","STG_CTCDT"
"R-HSA-6782210","Gap-filling DNA repair synthesis and ligation in TC-NER",-1.06698280505915,0.672723406377322,"Reactome","STG_CTCDT"
"R-HSA-111996","Ca-dependent events",1.18177120646528,0.67287949025477,"Reactome","STG_CTCDT"
"R-HSA-174577","Activation of C3 and C5",1.17634401881583,0.674131284825107,"Reactome","STG_CTCDT"
"R-HSA-2871837","FCERI mediated NF-kB activation",-1.06549568453236,0.674238944281035,"Reactome","STG_CTCDT"
"R-HSA-69278","Cell Cycle, Mitotic",-1.0626693735561,0.67661407362338,"Reactome","STG_CTCDT"
"R-HSA-1430728","Metabolism",-1.06089707061447,0.678614424285863,"Reactome","STG_CTCDT"
"R-HSA-264870","Caspase-mediated cleavage of cytoskeletal proteins",1.16485880629316,0.686351443207019,"Reactome","STG_CTCDT"
"R-HSA-9793380","Formation of paraxial mesoderm",-1.05480861385555,0.687114978995759,"Reactome","STG_CTCDT"
"R-HSA-8876725","Protein methylation",-1.05165892222259,0.691669725735018,"Reactome","STG_CTCDT"
"R-HSA-212676","Dopamine Neurotransmitter Release Cycle",-1.04963901575049,0.694348450518565,"Reactome","STG_CTCDT"
"R-HSA-1566948","Elastic fibre formation",1.15699957449965,0.697643520663875,"Reactome","STG_CTCDT"
"R-HSA-5696395","Formation of Incision Complex in GG-NER",-1.04639838780852,0.697728734136985,"Reactome","STG_CTCDT"
"R-HSA-909733","Interferon alpha/beta signaling",-1.04721688868211,0.69805421170369,"Reactome","STG_CTCDT"
"R-HSA-9735869","SARS-CoV-1 modulates host translation machinery",-1.04511841080809,0.699698365728439,"Reactome","STG_CTCDT"
"R-HSA-202427","Phosphorylation of CD3 and TCR zeta chains",1.13909895532841,0.70431233843339,"Reactome","STG_CTCDT"
"R-HSA-111957","Cam-PDE 1 activation",1.13423414993774,0.707539803270408,"Reactome","STG_CTCDT"
"R-HSA-442742","CREB1 phosphorylation through NMDA receptor-mediated activation of RAS signaling",1.13971317621837,0.709184917787849,"Reactome","STG_CTCDT"
"R-HSA-982772","Growth hormone receptor signaling",-1.03668000172691,0.711703232338627,"Reactome","STG_CTCDT"
"R-HSA-1445148","Translocation of SLC2A4 (GLUT4) to the plasma membrane",-1.03335502024319,0.713204821816804,"Reactome","STG_CTCDT"
"R-HSA-113418","Formation of the Early Elongation Complex",-1.0268404094822,0.719531845043674,"Reactome","STG_CTCDT"
"R-HSA-167158","Formation of the HIV-1 Early Elongation Complex",-1.0268404094822,0.719531845043674,"Reactome","STG_CTCDT"
"R-HSA-72695","Formation of the ternary complex, and subsequently, the 43S complex",-1.02935485948091,0.720224230208481,"Reactome","STG_CTCDT"
"R-HSA-3000170","Syndecan interactions",-1.02723013442801,0.720870096714935,"Reactome","STG_CTCDT"
"R-HSA-5576892","Phase 0 - rapid depolarisation",1.12717986020753,0.721701129540514,"Reactome","STG_CTCDT"
"R-HSA-8939236","RUNX1 regulates transcription of genes involved in differentiation of HSCs",1.12300724445032,0.727488488658721,"Reactome","STG_CTCDT"
"R-HSA-392499","Metabolism of proteins",-1.01858227209688,0.731158537663558,"Reactome","STG_CTCDT"
"R-HSA-3000178","ECM proteoglycans",-1.01309607556961,0.733155382014299,"Reactome","STG_CTCDT"
"R-HSA-350054","Notch-HLH transcription pathway",1.11894816932614,0.735018433446093,"Reactome","STG_CTCDT"
"R-HSA-1643685","Disease",-1.014773901196,0.735928893755507,"Reactome","STG_CTCDT"
"R-HSA-5083632","Defective C1GALT1C1 causes TNPS",-1.00737014137723,0.742108750768076,"Reactome","STG_CTCDT"
"R-HSA-166663","Initial triggering of complement",1.0850826509906,0.745408487768937,"Reactome","STG_CTCDT"
"R-HSA-917937","Iron uptake and transport",-1.00507744199738,0.746860132095179,"Reactome","STG_CTCDT"
"R-HSA-111885","Opioid Signalling",1.08080504455723,0.74755591859544,"Reactome","STG_CTCDT"
"R-HSA-112043","PLC beta mediated events",1.10119355341018,0.748455432865269,"Reactome","STG_CTCDT"
"R-HSA-9833482","PKR-mediated signaling",-1.00310502795754,0.749572019123457,"Reactome","STG_CTCDT"
"R-HSA-1168372","Downstream signaling events of B Cell Receptor (BCR)",-1.00209005518112,0.74995591450102,"Reactome","STG_CTCDT"
"R-HSA-112315","Transmission across Chemical Synapses",1.09166842744009,0.750867048694416,"Reactome","STG_CTCDT"
"R-HSA-114604","GPVI-mediated activation cascade",-0.998269429134656,0.755122079210651,"Reactome","STG_CTCDT"
"R-HSA-112040","G-protein mediated events",1.06932516927637,0.755399789931572,"Reactome","STG_CTCDT"
"R-HSA-159854","Gamma-carboxylation, transport, and amino-terminal cleavage of proteins",1.06865637555231,0.755424782905426,"Reactome","STG_CTCDT"
"R-HSA-181430","Norepinephrine Neurotransmitter Release Cycle",-0.997577655999549,0.755750224461987,"Reactome","STG_CTCDT"
"R-HSA-3371497","HSP90 chaperone cycle for steroid hormone receptors (SHR) in the presence of ligand",1.0955885147881,0.756570138139329,"Reactome","STG_CTCDT"
"R-HSA-8963898","Plasma lipoprotein assembly",1.06265528453597,0.760740796365823,"Reactome","STG_CTCDT"
"R-HSA-174824","Plasma lipoprotein assembly, remodeling, and clearance",-0.993258204538727,0.763493694213063,"Reactome","STG_CTCDT"
"R-HSA-4608870","Asymmetric localization of PCP proteins",-0.991418933440449,0.763546636601469,"Reactome","STG_CTCDT"
"R-HSA-389948","PD-1 signaling",1.05821642381278,0.767693828672986,"Reactome","STG_CTCDT"
"R-HSA-1474151","Tetrahydrobiopterin (BH4) synthesis, recycling, salvage and regulation",1.05621654978018,0.769320451944487,"Reactome","STG_CTCDT"
"R-HSA-140875","Common Pathway of Fibrin Clot Formation",1.0393481342286,0.770766393209018,"Reactome","STG_CTCDT"
"R-HSA-168643","Nucleotide-binding domain, leucine rich repeat containing receptor (NLR) signaling pathways",1.03502884134784,0.772126919214082,"Reactome","STG_CTCDT"
"R-HSA-112314","Neurotransmitter receptors and postsynaptic signal transmission",1.05226592735054,0.773002103893264,"Reactome","STG_CTCDT"
"R-HSA-450531","Regulation of mRNA stability by proteins that bind AU-rich elements",-0.984931737660747,0.773100969406289,"Reactome","STG_CTCDT"
"R-HSA-4411364","Binding of TCF/LEF:CTNNB1 to target gene promoters",1.04416306615259,0.773531440044857,"Reactome","STG_CTCDT"
"R-HSA-162599","Late Phase of HIV Life Cycle",-0.979338560273122,0.773633975312503,"Reactome","STG_CTCDT"
"R-HSA-877300","Interferon gamma signaling",1.04924136472259,0.77407159641761,"Reactome","STG_CTCDT"
"R-HSA-418359","Reduction of cytosolic Ca++ levels",1.03944702926309,0.774127329369346,"Reactome","STG_CTCDT"
"R-HSA-450408","AUF1 (hnRNP D0) binds and destabilizes mRNA",1.04459975168549,0.774168657660653,"Reactome","STG_CTCDT"
"R-HSA-399719","Trafficking of AMPA receptors",1.05036109266071,0.774566084904834,"Reactome","STG_CTCDT"
"R-HSA-399721","Glutamate binding, activation of AMPA receptors and synaptic plasticity",1.05036109266071,0.774566084904834,"Reactome","STG_CTCDT"
"R-HSA-3000480","Scavenging by Class A Receptors",1.0449988758045,0.774923120056261,"Reactome","STG_CTCDT"
"R-HSA-381771","Synthesis, secretion, and inactivation of Glucagon-like Peptide-1 (GLP-1)",-0.970466794051491,0.790618735604757,"Reactome","STG_CTCDT"
"R-HSA-400508","Incretin synthesis, secretion, and inactivation",-0.970466794051491,0.790618735604757,"Reactome","STG_CTCDT"
"R-HSA-2214320","Anchoring fibril formation",1.01959810064307,0.794304356942444,"Reactome","STG_CTCDT"
"R-HSA-6814122","Cooperation of PDCL (PhLP1) and TRiC/CCT in G-protein beta folding",-0.962433679214098,0.798418788093889,"Reactome","STG_CTCDT"
"R-HSA-913531","Interferon Signaling",-0.955601602472439,0.801996079835281,"Reactome","STG_CTCDT"
"R-HSA-8951664","Neddylation",-0.956432684014599,0.802274543809081,"Reactome","STG_CTCDT"
"R-HSA-73884","Base Excision Repair",1.00608922923869,0.807359857866405,"Reactome","STG_CTCDT"
"R-HSA-112308","Presynaptic depolarization and calcium channel opening",1.01070169944543,0.808468203949275,"Reactome","STG_CTCDT"
"R-HSA-450341","Activation of the AP-1 family of transcription factors",1.00786842990319,0.809397251933872,"Reactome","STG_CTCDT"
"R-HSA-202430","Translocation of ZAP-70 to Immunological synapse",1.00633796692949,0.810239300648515,"Reactome","STG_CTCDT"
"R-HSA-438064","Post NMDA receptor activation events",-0.951222741785853,0.810666674915839,"Reactome","STG_CTCDT"
"R-HSA-442982","Ras activation upon Ca2+ influx through NMDA receptor",1.0067013547159,0.810953654793933,"Reactome","STG_CTCDT"
"R-HSA-111932","CaMK IV-mediated phosphorylation of CREB",1.00405634677537,0.811355345973054,"Reactome","STG_CTCDT"
"R-HSA-191273","Cholesterol biosynthesis",1.00149791456634,0.815110897039146,"Reactome","STG_CTCDT"
"R-HSA-445095","Interaction between L1 and Ankyrins",0.997505395070707,0.819276501710101,"Reactome","STG_CTCDT"
"R-HSA-9013694","Signaling by NOTCH4",-0.945902179993976,0.819392666463819,"Reactome","STG_CTCDT"
"R-HSA-211935","Fatty acids",-0.939196912317109,0.822445103068019,"Reactome","STG_CTCDT"
"R-HSA-2408508","Metabolism of ingested SeMet, Sec, MeSec into H2Se",-0.937111929509156,0.824237738073941,"Reactome","STG_CTCDT"
"R-HSA-5663205","Infectious disease",-0.940766821955201,0.824334039652784,"Reactome","STG_CTCDT"
"R-HSA-442755","Activation of NMDA receptors and postsynaptic events",-0.939260384671172,0.824527359941516,"Reactome","STG_CTCDT"
"R-HSA-70263","Gluconeogenesis",-0.934819773073653,0.826445265550013,"Reactome","STG_CTCDT"
"R-HSA-8949664","Processing of SMDT1",-0.929312347746267,0.834325891011839,"Reactome","STG_CTCDT"
"R-HSA-140877","Formation of Fibrin Clot (Clotting Cascade)",0.988345237826544,0.83620385093171,"Reactome","STG_CTCDT"
"R-HSA-9824446","Viral Infection Pathways",-0.926153653601251,0.838653230225104,"Reactome","STG_CTCDT"
"R-HSA-9675108","Nervous system development",-0.922945509462374,0.840797019814897,"Reactome","STG_CTCDT"
"R-HSA-5689877","Josephin domain DUBs",-0.916041380277131,0.850596338460328,"Reactome","STG_CTCDT"
"R-HSA-75158","TRAIL  signaling",0.978805849603053,0.852126620783159,"Reactome","STG_CTCDT"
"R-HSA-606279","Deposition of new CENPA-containing nucleosomes at the centromere",0.968935273256697,0.85508933499725,"Reactome","STG_CTCDT"
"R-HSA-774815","Nucleosome assembly",0.968935273256697,0.85508933499725,"Reactome","STG_CTCDT"
"R-HSA-112310","Neurotransmitter release cycle",0.974462413324219,0.857122105949336,"Reactome","STG_CTCDT"
"R-HSA-166658","Complement cascade",-0.90504405779822,0.861108536346844,"Reactome","STG_CTCDT"
"R-HSA-9705683","SARS-CoV-2-host interactions",-0.903371732661778,0.862686236968142,"Reactome","STG_CTCDT"
"R-HSA-5687128","MAPK6/MAPK4 signaling",-0.896546103327665,0.867314716767515,"Reactome","STG_CTCDT"
"R-HSA-5610787","Hedgehog 'off' state",-0.895390378176712,0.868987035551459,"Reactome","STG_CTCDT"
"R-HSA-75892","Platelet Adhesion to exposed collagen",0.953801561409414,0.879636013141966,"Reactome","STG_CTCDT"
"R-HSA-2243919","Crosslinking of collagen fibrils",0.949486081898546,0.882901584285971,"Reactome","STG_CTCDT"
"R-HSA-166058","MyD88:MAL(TIRAP) cascade initiated on plasma membrane",0.948001150023009,0.883541414514819,"Reactome","STG_CTCDT"
"R-HSA-168188","Toll Like Receptor TLR6:TLR2 Cascade",0.948001150023009,0.883541414514819,"Reactome","STG_CTCDT"
"R-HSA-9006936","Signaling by TGFB family members",-0.881920831073483,0.886066744354684,"Reactome","STG_CTCDT"
"R-HSA-69306","DNA Replication",-0.880779836869767,0.88631913908449,"Reactome","STG_CTCDT"
"R-HSA-917729","Endosomal Sorting Complex Required For Transport (ESCRT)",-0.867032678164613,0.899190823901621,"Reactome","STG_CTCDT"
"R-HSA-5689603","UCH proteinases",-0.868594585697891,0.900280955834694,"Reactome","STG_CTCDT"
"R-HSA-9692914","SARS-CoV-1-host interactions",-0.864847804259135,0.900495862165813,"Reactome","STG_CTCDT"
"R-HSA-8941855","RUNX3 regulates CDKN1A transcription",-0.857614763408637,0.904444403562954,"Reactome","STG_CTCDT"
"R-HSA-5627123","RHO GTPases activate PAKs",-0.859651175608606,0.904529912749071,"Reactome","STG_CTCDT"
"R-HSA-3560783","Defective B4GALT7 causes EDS, progeroid type",-0.858168181173214,0.905426085207126,"Reactome","STG_CTCDT"
"R-HSA-422475","Axon guidance",-0.851267676646834,0.910008785349298,"Reactome","STG_CTCDT"
"R-HSA-5696399","Global Genome Nucleotide Excision Repair (GG-NER)",-0.847454378708591,0.912243587047449,"Reactome","STG_CTCDT"
"R-HSA-438066","Unblocking of NMDA receptors, glutamate binding and activation",0.930586635038385,0.913695592767627,"Reactome","STG_CTCDT"
"R-HSA-195253","Degradation of beta-catenin by the destruction complex",-0.844521562559658,0.913854669374455,"Reactome","STG_CTCDT"
"R-HSA-9716542","Signaling by Rho GTPases, Miro GTPases and RHOBTB3",-0.845172244834636,0.914736600924035,"Reactome","STG_CTCDT"
"R-HSA-442729","CREB1 phosphorylation through the activation of CaMKII/CaMKK/CaMKIV cascasde",0.928763766494095,0.915155528688636,"Reactome","STG_CTCDT"
"R-HSA-2173796","SMAD2/SMAD3:SMAD4 heterotrimer regulates transcription",0.921524468182386,0.92396581424212,"Reactome","STG_CTCDT"
"R-HSA-8874081","MET activates PTK2 signaling",0.914277793504723,0.925812799122377,"Reactome","STG_CTCDT"
"R-HSA-9694516","SARS-CoV-2 Infection",-0.831553508029185,0.931331846174925,"Reactome","STG_CTCDT"
"R-HSA-8875878","MET promotes cell motility",0.904772420772452,0.940393973898078,"Reactome","STG_CTCDT"
"R-HSA-8875360","InlB-mediated entry of Listeria monocytogenes into host cell",-0.819320219361433,0.943403159621041,"Reactome","STG_CTCDT"
"R-HSA-8951430","RUNX3 regulates WNT signaling",0.887447241341242,0.946378705776956,"Reactome","STG_CTCDT"
"R-HSA-166016","Toll Like Receptor 4 (TLR4) Cascade",0.882328384782714,0.948689395147728,"Reactome","STG_CTCDT"
"R-HSA-9620244","Long-term potentiation",0.89063624537066,0.948819338095002,"Reactome","STG_CTCDT"
"R-HSA-422085","Synthesis, secretion, and deacylation of Ghrelin",-0.811439202318399,0.950974045620248,"Reactome","STG_CTCDT"
"R-HSA-5619084","ABC transporter disorders",-0.806450682202471,0.954293464853064,"Reactome","STG_CTCDT"
"R-HSA-977068","Termination of O-glycan biosynthesis",0.868516229409872,0.968493053228776,"Reactome","STG_CTCDT"
"R-HSA-1592230","Mitochondrial biogenesis",-0.783303407342286,0.975484045506736,"Reactome","STG_CTCDT"
"R-HSA-168179","Toll Like Receptor TLR1:TLR2 Cascade",0.858773144873454,0.975758325565642,"Reactome","STG_CTCDT"
"R-HSA-181438","Toll Like Receptor 2 (TLR2) Cascade",0.858773144873454,0.975758325565642,"Reactome","STG_CTCDT"
"R-HSA-8951671","RUNX3 regulates YAP1-mediated transcription",0.856125237381076,0.976713407953203,"Reactome","STG_CTCDT"
"R-HSA-3560782","Diseases associated with glycosaminoglycan metabolism",-0.777286989389234,0.981433554801391,"Reactome","STG_CTCDT"
"R-HSA-8876384","Listeria monocytogenes entry into host cells",-0.755021850182533,0.993320889355054,"Reactome","STG_CTCDT"
"R-HSA-983168","Antigen processing: Ubiquitination & Proteasome degradation",-0.743972492886225,0.99869623877219,"Reactome","STG_CTCDT"
"R-HSA-5140745","WNT5A-dependent internalization of FZD2, FZD5 and ROR2",0.798882492522324,0.998874654678159,"Reactome","STG_CTCDT"
"R-HSA-879415","Advanced glycosylation endproduct receptor signaling",0.809741364936298,0.999259388555103,"Reactome","STG_CTCDT"
"R-HSA-9617324","Negative regulation of NMDA receptor-mediated neuronal transmission",0.807655397066442,0.999943911363901,"Reactome","STG_CTCDT"
"R-HSA-5083625","Defective GALNT3 causes HFTC",0.814151851178491,0.999999999999999,"Reactome","STG_CTCDT"
"R-HSA-210500","Glutamate Neurotransmitter Release Cycle",0.819984254944826,0.999999999999999,"Reactome","STG_CTCDT"
"R-HSA-2032785","YAP1- and WWTR1 (TAZ)-stimulated gene expression",0.776136610159354,0.999999999999999,"Reactome","STG_CTCDT"
"R-HSA-2173793","Transcriptional activity of SMAD2/SMAD3:SMAD4 heterotrimer",0.81142949864056,0.999999999999999,"Reactome","STG_CTCDT"
"R-HSA-451306","Ionotropic activity of kainate receptors",0.742545474603125,0.999999999999999,"Reactome","STG_CTCDT"
"R-HSA-451308","Activation of Ca-permeable Kainate Receptor",0.742545474603125,0.999999999999999,"Reactome","STG_CTCDT"
"R-HSA-9796292","Formation of axial mesoderm",-0.731134181617122,0.999999999999999,"Reactome","STG_CTCDT"
"R-HSA-5633008","TP53 Regulates Transcription of Cell Death Genes",0.783535374497487,0.999999999999999,"Reactome","STG_CTCDT"
"R-HSA-157579","Telomere Maintenance",0.828129358156302,0.999999999999999,"Reactome","STG_CTCDT"
"R-HSA-9619229","Activation of RAC1 downstream of NMDARs",0.695965120823759,0.999999999999999,"Reactome","STG_CTCDT"
"R-HSA-6794361","Neurexins and neuroligins",0.786597765402156,0.999999999999999,"Reactome","STG_CTCDT"
"R-HSA-68867","Assembly of the pre-replicative complex",0.815559662764002,0.999999999999999,"Reactome","STG_CTCDT"
"R-HSA-69002","DNA Replication Pre-Initiation",0.822034919126117,0.999999999999999,"Reactome","STG_CTCDT"
"R-HSA-936964","Activation of IRF3, IRF7 mediated by TBK1, IKBKE",-0.678029527385041,0.999999999999999,"Reactome","STG_CTCDT"
"R-HSA-9637690","Response of Mtb to phagocytosis",-0.674071903585559,0.999999999999999,"Reactome","STG_CTCDT"
"R-HSA-69473","G2/M DNA damage checkpoint",0.773367811795289,0.999999999999999,"Reactome","STG_CTCDT"
"R-HSA-5696394","DNA Damage Recognition in GG-NER",-0.705380765335121,0.999999999999999,"Reactome","STG_CTCDT"
"R-HSA-9022535","Loss of phosphorylation of MECP2 at T308",-0.59768452072704,0.999999999999999,"Reactome","STG_CTCDT"
"R-HSA-177504","Retrograde neurotrophin signalling",0.624828848797276,0.999999999999999,"Reactome","STG_CTCDT"
"R-HSA-416993","Trafficking of GluR2-containing AMPA receptors",0.653849708427175,0.999999999999999,"Reactome","STG_CTCDT"
"R-HSA-162588","Budding and maturation of HIV virion",-0.648241647306827,0.999999999999999,"Reactome","STG_CTCDT"
"R-HSA-8866654","E3 ubiquitin ligases ubiquitinate target proteins",-0.712537145692049,0.999999999999999,"Reactome","STG_CTCDT"
"R-HSA-8852135","Protein ubiquitination",-0.726529661903019,0.999999999999999,"Reactome","STG_CTCDT"
"R-HSA-6794362","Protein-protein interactions at synapses",0.726197697535106,0.999999999999999,"Reactome","STG_CTCDT"
"R-HSA-202424","Downstream TCR signaling",-0.728631790410549,0.999999999999999,"Reactome","STG_CTCDT"
"R-HSA-170834","Signaling by TGF-beta Receptor Complex",0.728398016427058,0.999999999999999,"Reactome","STG_CTCDT"
"R-HSA-8866427","VLDLR internalisation and degradation",-0.558902242302299,0.999999999999999,"Reactome","STG_CTCDT"
"R-HSA-77387","Insulin receptor recycling",-0.591771046377738,0.999999999999999,"Reactome","STG_CTCDT"
"R-HSA-9678108","SARS-CoV-1 Infection",-0.741634768846339,0.999999999999999,"Reactome","STG_CTCDT"
"R-HSA-174495","Synthesis And Processing Of GAG, GAGPOL Polyproteins",-0.527371808325097,0.999999999999999,"Reactome","STG_CTCDT"
"R-HSA-8849932","Synaptic adhesion-like molecules",-0.560641525687324,0.999999999999999,"Reactome","STG_CTCDT"
"R-HSA-9639288","Amino acids regulate mTORC1",-0.643657830356287,0.999999999999999,"Reactome","STG_CTCDT"
"R-HSA-5620922","BBSome-mediated cargo-targeting to cilium",-0.532892874841172,0.999999999999999,"Reactome","STG_CTCDT"
"R-HSA-5628897","TP53 Regulates Metabolic Genes",-0.670307535187146,0.999999999999999,"Reactome","STG_CTCDT"
"R-HSA-5682910","LGI-ADAM interactions",-0.524457197640451,0.999999999999999,"Reactome","STG_CTCDT"
"R-HSA-5099900","WNT5A-dependent internalization of FZD4",-0.505390920107121,0.999999999999999,"Reactome","STG_CTCDT"
"R-HSA-888590","GABA synthesis, release, reuptake and degradation",-0.569811511437695,0.999999999999999,"Reactome","STG_CTCDT"
"R-HSA-2980767","Activation of NIMA Kinases NEK9, NEK6, NEK7",-0.500000374305289,0.999999999999999,"Reactome","STG_CTCDT"
"R-HSA-432720","Lysosome Vesicle Biogenesis",0.540424993118604,0.999999999999999,"Reactome","STG_CTCDT"
"R-HSA-425397","Transport of vitamins, nucleosides, and related molecules",0.58198299842232,0.999999999999999,"Reactome","STG_CTCDT"
"R-HSA-8866652","Synthesis of active ubiquitin: roles of E1 and E2 enzymes",-0.582196912067137,0.999999999999999,"Reactome","STG_CTCDT"
"R-HSA-917977","Transferrin endocytosis and recycling",-0.492080142511999,0.999999999999999,"Reactome","STG_CTCDT"
"R-HSA-180024","DARPP-32 events",-0.526809303989126,0.999999999999999,"Reactome","STG_CTCDT"
"R-HSA-432722","Golgi Associated Vesicle Biogenesis",-0.527519461315797,0.999999999999999,"Reactome","STG_CTCDT"
"R-HSA-5689880","Ub-specific processing proteases",0.68126177955003,0.999999999999999,"Reactome","STG_CTCDT"
"R-HSA-198933","Immunoregulatory interactions between a Lymphoid and a non-Lymphoid cell",2.32754323864412,0,"Reactome","STG_noCTC"
"R-HSA-1474244","Extracellular matrix organization",2.26166789361195,0,"Reactome","STG_noCTC"
"R-HSA-1566948","Elastic fibre formation",2.17827246014562,0,"Reactome","STG_noCTC"
"R-HSA-216083","Integrin cell surface interactions",2.1736239128841,0,"Reactome","STG_noCTC"
"R-HSA-9609523","Insertion of tail-anchored proteins into the endoplasmic reticulum membrane",-2.37933575670195,0,"Reactome","STG_noCTC"
"R-HSA-438066","Unblocking of NMDA receptors",-0.6694817433281,0,"Reactome","STG_noCTC"
"R-HSA-1268020","Mitochondrial protein import",-2.38856973990618,0,"Reactome","STG_noCTC"
"R-HSA-438064","Post NMDA receptor activation events",-2.39763662185571,0,"Reactome","STG_noCTC"
"R-HSA-112314","Neurotransmitter receptors and postsynaptic signal transmission",-2.44914600300049,0,"Reactome","STG_noCTC"
"R-HSA-5576892","Phase 0 - rapid depolarisation",-2.46389322515609,0,"Reactome","STG_noCTC"
"R-HSA-112316","Neuronal System",-2.46597159566155,0,"Reactome","STG_noCTC"
"R-HSA-163210","Formation of ATP by chemiosmotic coupling",-2.47210468939054,0,"Reactome","STG_noCTC"
"R-HSA-212676","Dopamine Neurotransmitter Release Cycle",-2.48297131659912,0,"Reactome","STG_noCTC"
"R-HSA-112315","Transmission across Chemical Synapses",-2.54707746575974,0,"Reactome","STG_noCTC"
"R-HSA-6799198","Complex I biogenesis",-2.55052309934,0,"Reactome","STG_noCTC"
"R-HSA-8949613","Cristae formation",-2.57128120244622,0,"Reactome","STG_noCTC"
"R-HSA-442755","Activation of NMDA receptors and postsynaptic events",-2.58334489446656,0,"Reactome","STG_noCTC"
"R-HSA-5368286","Mitochondrial translation initiation",-2.62565481082152,0,"Reactome","STG_noCTC"
"R-HSA-5368287","Mitochondrial translation",-2.63920235226799,0,"Reactome","STG_noCTC"
"R-HSA-5389840","Mitochondrial translation elongation",-2.65725431831646,0,"Reactome","STG_noCTC"
"R-HSA-5419276","Mitochondrial translation termination",-2.66336696609408,0,"Reactome","STG_noCTC"
"R-HSA-72766","Translation",-2.75455136753615,0,"Reactome","STG_noCTC"
"R-HSA-163200","Respiratory electron transport",NA,-2.8258696815123,"Reactome","STG_noCTC"
"R-HSA-1428517","The citric acid (TCA) cycle and respiratory electron transport",-2.83860501703802,0,"Reactome","STG_noCTC"
"R-HSA-611105","Respiratory electron transport",-2.9489035844165,0,"Reactome","STG_noCTC"
"R-HSA-264642","Acetylcholine Neurotransmitter Release Cycle",-2.25586434442121,6.45199984733296e-05,"Reactome","STG_noCTC"
"R-HSA-75815","Ubiquitin-dependent degradation of Cyclin D",-2.25950377761183,6.68242841330914e-05,"Reactome","STG_noCTC"
"R-HSA-5658442","Regulation of RAS by GAPs",-2.26166432417636,6.92992576195022e-05,"Reactome","STG_noCTC"
"R-HSA-8868773","rRNA processing in the nucleus and cytosol",-2.26176733056963,7.19646136817907e-05,"Reactome","STG_noCTC"
"R-HSA-9617324","Negative regulation of NMDA receptor-mediated neuronal transmission",-2.26593511637746,7.48431982290624e-05,"Reactome","STG_noCTC"
"R-HSA-4641258","Degradation of DVL",-2.26734164603787,7.796166482194e-05,"Reactome","STG_noCTC"
"R-HSA-181429","Serotonin Neurotransmitter Release Cycle",-2.29330704250602,8.13513024228939e-05,"Reactome","STG_noCTC"
"R-HSA-9620244","Long-term potentiation",-2.32203522683237,8.50490888966618e-05,"Reactome","STG_noCTC"
"R-HSA-3000178","ECM proteoglycans",2.13458717169931,0.000145352041266202,"Reactome","STG_noCTC"
"R-HSA-5362768","Hh mutants are degraded by ERAD",-2.23652223876207,0.000175413745849365,"Reactome","STG_noCTC"
"R-HSA-9762114","GSK3B and BTRC:CUL1-mediated-degradation of NFE2L2",-2.23675173731841,0.00018107225377999,"Reactome","STG_noCTC"
"R-HSA-379716","Cytosolic tRNA aminoacylation",-2.25072902860101,0.000187107995572656,"Reactome","STG_noCTC"
"R-HSA-8986944","Transcriptional Regulation by MECP2",-2.22160751184893,0.000303418371198901,"Reactome","STG_noCTC"
"R-HSA-416993","Trafficking of GluR2-containing AMPA receptors",-2.22175574495059,0.00031184665928776,"Reactome","STG_noCTC"
"R-HSA-169911","Regulation of Apoptosis",-2.22263652250474,0.000320756563838839,"Reactome","STG_noCTC"
"R-HSA-5387390","Hh mutants abrogate ligand secretion",-2.22681317038342,0.000330190580422334,"Reactome","STG_noCTC"
"R-HSA-442982","Ras activation upon Ca2+ influx through NMDA receptor",-2.22968377649806,0.000340196355586647,"Reactome","STG_noCTC"
"R-HSA-180585","Vif-mediated degradation of APOBEC3G",-2.21129066797827,0.000374215991145312,"Reactome","STG_noCTC"
"R-HSA-399719","Trafficking of AMPA receptors",-2.21308958539176,0.00038381127296955,"Reactome","STG_noCTC"
"R-HSA-399721","Glutamate binding",-0.603067857473446,0,"Reactome","STG_noCTC"
"R-HSA-71403","Citric acid cycle (TCA cycle)",-2.19509260025283,0.00041072486833022,"Reactome","STG_noCTC"
"R-HSA-2022090","Assembly of collagen fibrils and other multimeric structures",2.09399945494652,0.000484506804220674,"Reactome","STG_noCTC"
"R-HSA-2129379","Molecules associated with elastic fibres",2.07198716880998,0.00051911443309358,"Reactome","STG_noCTC"
"R-HSA-180534","Vpu mediated degradation of CD4",-2.18501231278109,0.000595343622276632,"Reactome","STG_noCTC"
"R-HSA-72312","rRNA processing",-2.1854202767957,0.000609188822794694,"Reactome","STG_noCTC"
"R-HSA-6791226","Major pathway of rRNA processing in the nucleolus and cytosol",-2.18454687377575,0.00062369331857552,"Reactome","STG_noCTC"
"R-HSA-350562","Regulation of ornithine decarboxylase (ODC)",-2.18695304320441,0.00062369331857552,"Reactome","STG_noCTC"
"R-HSA-180024","DARPP-32 events",-2.17932172308434,0.000676773601007479,"Reactome","STG_noCTC"
"R-HSA-211733","Regulation of activated PAK-2p34 by proteasome mediated degradation",-2.18036434304069,0.000691486070594598,"Reactome","STG_noCTC"
"R-HSA-174113","SCF-beta-TrCP mediated degradation of Emi1",-2.1768944539047,0.000701654983397459,"Reactome","STG_noCTC"
"R-HSA-174154","APC/C:Cdc20 mediated degradation of Securin",-2.17385529713211,0.000725520799159278,"Reactome","STG_noCTC"
"R-HSA-6811436","COPI-independent Golgi-to-ER retrograde traffic",-2.16540236812938,0.000770444687652113,"Reactome","STG_noCTC"
"R-HSA-5678895","Defective CFTR causes cystic fibrosis",-2.1664512132037,0.000785853581405155,"Reactome","STG_noCTC"
"R-HSA-379724","tRNA Aminoacylation",-2.16054182166666,0.000863575364181489,"Reactome","STG_noCTC"
"R-HSA-1474290","Collagen formation",2.04788782199461,0.000969013608441349,"Reactome","STG_noCTC"
"R-HSA-9609736","Assembly and cell surface presentation of NMDA receptors",-2.15495878147167,0.00102379846634095,"Reactome","STG_noCTC"
"R-HSA-5628897","TP53 Regulates Metabolic Genes",-2.15305286069804,0.00103948886429253,"Reactome","STG_noCTC"
"R-HSA-1474228","Degradation of the extracellular matrix",2.0509826426452,0.00109014030949652,"Reactome","STG_noCTC"
"R-HSA-2453902","The canonical retinoid cycle in rods (twilight vision)",2.02781400109443,0.00130816837139582,"Reactome","STG_noCTC"
"R-HSA-8854050","FBXL7 down-regulates AURKA during mitotic entry and in early mitosis",-2.14836883958667,0.00136078542234659,"Reactome","STG_noCTC"
"R-HSA-5205647","Mitophagy",-2.14346310475537,0.00136989782472837,"Reactome","STG_noCTC"
"R-HSA-349425","Autodegradation of the E3 ubiquitin ligase COP1",-2.14098374196249,0.00144434242196436,"Reactome","STG_noCTC"
"R-HSA-6790901","rRNA modification in the nucleus and cytosol",-2.13729263022742,0.00161299996183324,"Reactome","STG_noCTC"
"R-HSA-176409","APC/C:Cdc20 mediated degradation of mitotic proteins",-2.12346377912308,0.00174422707737222,"Reactome","STG_noCTC"
"R-HSA-8852276","The role of GTSE1 in G2/M progression after G2 checkpoint",-2.12230969588789,0.00174634129201146,"Reactome","STG_noCTC"
"R-HSA-1236978","Cross-presentation of soluble exogenous antigens (endosomes)",-2.11778718460086,0.00180973307193225,"Reactome","STG_noCTC"
"R-HSA-3000171","Non-integrin membrane-ECM interactions",2.01367802989399,0.00184993507066076,"Reactome","STG_noCTC"
"R-HSA-4641257","Degradation of AXIN",-2.11573607097823,0.00187107995572656,"Reactome","STG_noCTC"
"R-HSA-5260271","Diseases of Immune System",2.00865565514094,0.00195666209396811,"Reactome","STG_noCTC"
"R-HSA-5602358","Diseases associated with the TLR signaling cascade",2.00865565514094,0.00195666209396811,"Reactome","STG_noCTC"
"R-HSA-5610785","GLI3 is processed to GLI3R by the proteasome",-2.10834759422481,0.00216807677409585,"Reactome","STG_noCTC"
"R-HSA-111932","CaMK IV-mediated phosphorylation of CREB",-2.10712261246308,0.00225114307173352,"Reactome","STG_noCTC"
"R-HSA-6794362","Protein-protein interactions at synapses",-2.10542043790842,0.00233165348329002,"Reactome","STG_noCTC"
"R-HSA-210500","Glutamate Neurotransmitter Release Cycle",-2.099326123723,0.00238137448910653,"Reactome","STG_noCTC"
"R-HSA-174084","Autodegradation of Cdh1 by Cdh1:APC/C",-2.09224788570757,0.00251339098530433,"Reactome","STG_noCTC"
"R-HSA-389958","Cooperation of Prefoldin and TriC/CCT  in actin and tubulin folding",-2.0861485073087,0.00264152464337867,"Reactome","STG_noCTC"
"R-HSA-389957","Prefoldin mediated transfer of substrate  to CCT/TriC",-2.07579456952247,0.00295576398803181,"Reactome","STG_noCTC"
"R-HSA-5205685","PINK1-PRKN Mediated Mitophagy",-2.07508726972392,0.00296699821550926,"Reactome","STG_noCTC"
"R-HSA-174178","APC/C:Cdh1 mediated degradation of Cdc20 and other APC/C:Cdh1 targeted proteins in late mitosis/early G1",-2.05899794680392,0.00311036667964934,"Reactome","STG_noCTC"
"R-HSA-69601","Ubiquitin Mediated Degradation of Phosphorylated Cdc25A",-2.06234097011869,0.00314341432562062,"Reactome","STG_noCTC"
"R-HSA-69610","p53-Independent DNA Damage Response",-2.06234097011869,0.00314341432562062,"Reactome","STG_noCTC"
"R-HSA-69613","p53-Independent G1/S DNA damage checkpoint",-2.06234097011869,0.00314341432562062,"Reactome","STG_noCTC"
"R-HSA-71406","Pyruvate metabolism and Citric Acid (TCA) cycle",-2.06007185222357,0.00315129255701315,"Reactome","STG_noCTC"
"R-HSA-351202","Metabolism of polyamines",-2.06479167994579,0.00321509513519211,"Reactome","STG_noCTC"
"R-HSA-187577","SCF(Skp2)-mediated degradation of p27/p21",-2.06329411047325,0.00322241547930685,"Reactome","STG_noCTC"
"R-HSA-179419","APC:Cdc20 mediated degradation of cell cycle proteins prior to satisfation of the cell cycle checkpoint",-2.05020296879547,0.00335834863848357,"Reactome","STG_noCTC"
"R-HSA-112310","Neurotransmitter release cycle",-2.04894563649648,0.00341057612183069,"Reactome","STG_noCTC"
"R-HSA-5358346","Hedgehog ligand biogenesis",-2.04693507643457,0.0035082749169873,"Reactome","STG_noCTC"
"R-HSA-381042","PERK regulates gene expression",-2.04318632964579,0.00362666114875395,"Reactome","STG_noCTC"
"R-HSA-69481","G2/M Checkpoints",-2.03995324521275,0.00369652381497198,"Reactome","STG_noCTC"
"R-HSA-8939902","Regulation of RUNX2 expression and activity",-2.03383598908555,0.00387741870343335,"Reactome","STG_noCTC"
"R-HSA-3000157","Laminin interactions",1.96617322376219,0.00394526969151121,"Reactome","STG_noCTC"
"R-HSA-1799339","SRP-dependent cotranslational protein targeting to membrane",-2.03164811610741,0.00396490752523009,"Reactome","STG_noCTC"
"R-HSA-176814","Activation of APC/C and APC/C:Cdc20 mediated degradation of mitotic proteins",-2.02519936885425,0.0043805283669363,"Reactome","STG_noCTC"
"R-HSA-442742","CREB1 phosphorylation through NMDA receptor-mediated activation of RAS signaling",-2.02338362106641,0.00443837570893277,"Reactome","STG_noCTC"
"R-HSA-877300","Interferon gamma signaling",1.9494964440086,0.00484506804220674,"Reactome","STG_noCTC"
"R-HSA-69017","CDK-mediated phosphorylation and removal of Cdc6",-2.01514860694768,0.00492502655013083,"Reactome","STG_noCTC"
"R-HSA-181430","Norepinephrine Neurotransmitter Release Cycle",-2.01055423527587,0.00512420760602387,"Reactome","STG_noCTC"
"R-HSA-1650814","Collagen biosynthesis and modifying enzymes",1.94187523023467,0.00513274395721277,"Reactome","STG_noCTC"
"R-HSA-168799","Neurotoxicity of clostridium toxins",-2.00503207754581,0.00527121449892859,"Reactome","STG_noCTC"
"R-HSA-442729","CREB1 phosphorylation through the activation of CaMKII/CaMKK/CaMKIV cascasde",-2.00546638927221,0.0052878346574881,"Reactome","STG_noCTC"
"R-HSA-68949","Orc1 removal from chromatin",-2.00605128801894,0.00534297276246362,"Reactome","STG_noCTC"
"R-HSA-9022702","MECP2 regulates transcription of neuronal ligands",-2.00562376126783,0.00534594273064731,"Reactome","STG_noCTC"
"R-HSA-69052","Switching of origins to a post-replicative state",-2.00608969969879,0.00540300616428905,"Reactome","STG_noCTC"
"R-HSA-5610783","Degradation of GLI2 by the proteasome",-1.99943038800772,0.00561323986717968,"Reactome","STG_noCTC"
"R-HSA-9604323","Negative regulation of NOTCH4 signaling",-1.99968175073628,0.00567295518491563,"Reactome","STG_noCTC"
"R-HSA-9609507","Protein localization",-1.99748315661581,0.00578865361302904,"Reactome","STG_noCTC"
"R-HSA-3000480","Scavenging by Class A Receptors",1.92529739304111,0.00589058272499872,"Reactome","STG_noCTC"
"R-HSA-3906995","Diseases associated with O-glycosylation of proteins",1.93161390115169,0.00602783465251015,"Reactome","STG_noCTC"
"R-HSA-166658","Complement cascade",1.92691065150796,0.00605633505275843,"Reactome","STG_noCTC"
"R-HSA-977606","Regulation of Complement cascade",1.91656788368536,0.00619476556825005,"Reactome","STG_noCTC"
"R-HSA-6794361","Neurexins and neuroligins",-1.99000514292235,0.0063196680137295,"Reactome","STG_noCTC"
"R-HSA-202427","Phosphorylation of CD3 and TCR zeta chains",1.91856593054961,0.0063228137950798,"Reactome","STG_noCTC"
"R-HSA-8866652","Synthesis of active ubiquitin: roles of E1 and E2 enzymes",-1.99041161347561,0.00638481923036589,"Reactome","STG_noCTC"
"R-HSA-72706","GTP hydrolysis and joining of the 60S ribosomal subunit",-1.98323380304603,0.00679202023928741,"Reactome","STG_noCTC"
"R-HSA-174184","Cdc20:Phospho-APC/C mediated degradation of Cyclin A",-1.98338412589868,0.00686062650433072,"Reactome","STG_noCTC"
"R-HSA-9663891","Selective autophagy",-1.97958424257192,0.00694707904353921,"Reactome","STG_noCTC"
"R-HSA-77387","Insulin receptor recycling",-1.96672256344154,0.00788788608786687,"Reactome","STG_noCTC"
"R-HSA-9619483","Activation of AMPK downstream of NMDARs",-1.95099227533001,0.00946439472751007,"Reactome","STG_noCTC"
"R-HSA-2187338","Visual phototransduction",1.87993199652349,0.0103423567824029,"Reactome","STG_noCTC"
"R-HSA-9633012","Response of EIF2AK4 (GCN2) to amino acid deficiency",-1.94226456849447,0.0105428159043823,"Reactome","STG_noCTC"
"R-HSA-5621480","Dectin-2 family",1.88287204461576,0.0105985863423273,"Reactome","STG_noCTC"
"R-HSA-389948","PD-1 signaling",1.88050314649923,0.0107269806454457,"Reactome","STG_noCTC"
"R-HSA-2243919","Crosslinking of collagen fibrils",1.88752747936656,0.010736230320799,"Reactome","STG_noCTC"
"R-HSA-202430","Translocation of ZAP-70 to Immunological synapse",1.87322630036026,0.0107399008268916,"Reactome","STG_noCTC"
"R-HSA-174143","APC/C-mediated degradation of cell cycle proteins",-1.93739006484506,0.0108028389896665,"Reactome","STG_noCTC"
"R-HSA-453276","Regulation of mitotic cell cycle",-1.93739006484506,0.0108028389896665,"Reactome","STG_noCTC"
"R-HSA-111465","Apoptotic cleavage of cellular proteins",1.88413458362571,0.0108382065552842,"Reactome","STG_noCTC"
"R-HSA-5610780","Degradation of GLI1 by the proteasome",-1.93255669902232,0.0111052060335252,"Reactome","STG_noCTC"
"R-HSA-1296072","Voltage gated Potassium channels",-1.93279008513473,0.0112089930058012,"Reactome","STG_noCTC"
"R-HSA-5339562","Uptake and actions of bacterial toxins",-1.92962240664319,0.0112779773478197,"Reactome","STG_noCTC"
"R-HSA-1442490","Collagen degradation",1.86720265769745,0.0114983846930228,"Reactome","STG_noCTC"
"R-HSA-2173782","Binding and Uptake of Ligands by Scavenger Receptors",1.85721683450812,0.0117417195835354,"Reactome","STG_noCTC"
"R-HSA-2453864","Retinoid cycle disease events",1.85852262118353,0.0117922704446613,"Reactome","STG_noCTC"
"R-HSA-2474795","Diseases associated with visual transduction",1.85852262118353,0.0117922704446613,"Reactome","STG_noCTC"
"R-HSA-9675143","Diseases of the neuronal system",1.85852262118353,0.0117922704446613,"Reactome","STG_noCTC"
"R-HSA-390450","Folding of actin by CCT/TriC",-1.9248030355819,0.012179029530002,"Reactome","STG_noCTC"
"R-HSA-888590","GABA synthesis",NA,-1.92262731306732,"Reactome","STG_noCTC"
"R-HSA-156827","L13a-mediated translational silencing of Ceruloplasmin expression",-1.92275743540508,0.012440153219155,"Reactome","STG_noCTC"
"R-HSA-72613","Eukaryotic Translation Initiation",-1.91821294667898,0.0128349519770015,"Reactome","STG_noCTC"
"R-HSA-72737","Cap-dependent Translation Initiation",-1.91821294667898,0.0128349519770015,"Reactome","STG_noCTC"
"R-HSA-177504","Retrograde neurotrophin signalling",-1.91352483652604,0.0131951812529934,"Reactome","STG_noCTC"
"R-HSA-5676590","NIK-->noncanonical NF-kB signaling",-1.90868651708797,0.0135653296790176,"Reactome","STG_noCTC"
"R-HSA-264876","Insulin processing",-1.90450535657961,0.0141210564180047,"Reactome","STG_noCTC"
"R-HSA-8949215","Mitochondrial calcium ion transport",-1.90320964069217,0.0141599525463035,"Reactome","STG_noCTC"
"R-HSA-8849932","Synaptic adhesion-like molecules",-1.90056907705281,0.0144969388166377,"Reactome","STG_noCTC"
"R-HSA-9010553","Regulation of expression of SLITs and ROBOs",-1.8980995753824,0.0149062703139549,"Reactome","STG_noCTC"
"R-HSA-1632852","Macroautophagy",-1.89057865492739,0.015880984417613,"Reactome","STG_noCTC"
"R-HSA-69541","Stabilization of p53",-1.88653928749555,0.0163949546940303,"Reactome","STG_noCTC"
"R-HSA-5696395","Formation of Incision Complex in GG-NER",-1.88579482622901,0.0163985706688881,"Reactome","STG_noCTC"
"R-HSA-176408","Regulation of APC/C activators between G1/S and early anaphase",-1.88389257863312,0.0165530218663874,"Reactome","STG_noCTC"
"R-HSA-162909","Host Interactions of HIV factors",-1.88175571431293,0.0168546882411848,"Reactome","STG_noCTC"
"R-HSA-209776","Metabolism of amine-derived hormones",1.83059028139472,0.0174862910250552,"Reactome","STG_noCTC"
"R-HSA-6781823","Formation of TC-NER Pre-Incision Complex",-1.87452272130574,0.0180871062386901,"Reactome","STG_noCTC"
"R-HSA-202433","Generation of second messenger molecules",1.82466180261474,0.0186820123627442,"Reactome","STG_noCTC"
"R-HSA-380994","ATF4 activates genes in response to endoplasmic reticulum  stress",-1.86762372924652,0.0192264515135682,"Reactome","STG_noCTC"
"R-HSA-8852135","Protein ubiquitination",-1.86345415598276,0.0198948423417488,"Reactome","STG_noCTC"
"R-HSA-77588","SLBP Dependent Processing of Replication-Dependent Histone Pre-mRNAs",-1.85958831263042,0.0206834109834579,"Reactome","STG_noCTC"
"R-HSA-72689","Formation of a pool of free 40S subunits",-1.85767889814353,0.0211863822679192,"Reactome","STG_noCTC"
"R-HSA-3781865","Diseases of glycosylation",1.81436177568596,0.0217405124579591,"Reactome","STG_noCTC"
"R-HSA-8951430","RUNX3 regulates WNT signaling",1.80864597507117,0.0219940588758069,"Reactome","STG_noCTC"
"R-HSA-166663","Initial triggering of complement",1.81153662357367,0.022186374076605,"Reactome","STG_noCTC"
"R-HSA-8948216","Collagen chain trimerization",1.80612975361144,0.0223432176254073,"Reactome","STG_noCTC"
"R-HSA-9010642","ROBO receptors bind AKAP5",-1.85058652816158,0.0224386764156216,"Reactome","STG_noCTC"
"R-HSA-5603041","IRAK4 deficiency (TLR2/4)",1.80882454553897,0.022549208564,"Reactome","STG_noCTC"
"R-HSA-8949664","Processing of SMDT1",-1.84927307347712,0.0226655821909604,"Reactome","STG_noCTC"
"R-HSA-1234174","Cellular response to hypoxia",-1.84677528405209,0.0228718579662694,"Reactome","STG_noCTC"
"R-HSA-72764","Eukaryotic Translation Termination",-1.84110139039792,0.0230276483122633,"Reactome","STG_noCTC"
"R-HSA-5656121","Translesion synthesis by POLI",-1.84212351187918,0.0230317827643751,"Reactome","STG_noCTC"
"R-HSA-9648895","Response of EIF2AK1 (HRI) to heme deficiency",-1.8468916715137,0.0230438268231587,"Reactome","STG_noCTC"
"R-HSA-2408557","Selenocysteine synthesis",-1.83980698055018,0.0230501126460782,"Reactome","STG_noCTC"
"R-HSA-187037","Signaling by NTRK1 (TRKA)",-1.83878410845919,0.0230986138196384,"Reactome","STG_noCTC"
"R-HSA-5655862","Translesion synthesis by POLK",-1.84460872269453,0.0231875315994854,"Reactome","STG_noCTC"
"R-HSA-111933","Calmodulin induced events",-1.84213129822603,0.0231986797409286,"Reactome","STG_noCTC"
"R-HSA-111997","CaM pathway",-1.84213129822603,0.0231986797409286,"Reactome","STG_noCTC"
"R-HSA-8951664","Neddylation",-1.84347397908802,0.0232646779789236,"Reactome","STG_noCTC"
"R-HSA-8948751","Regulation of PTEN stability and activity",-1.8357606966266,0.0235651398619827,"Reactome","STG_noCTC"
"R-HSA-110312","Translesion synthesis by REV1",-1.82942546682623,0.0247658221917696,"Reactome","STG_noCTC"
"R-HSA-9022535","Loss of phosphorylation of MECP2 at T308",-1.82444478038057,0.0248728895447917,"Reactome","STG_noCTC"
"R-HSA-389960","Formation of tubulin folding intermediates by CCT/TriC",-1.82470060350586,0.0249393610206238,"Reactome","STG_noCTC"
"R-HSA-451306","Ionotropic activity of kainate receptors",-1.82516029683782,0.0250067307596428,"Reactome","STG_noCTC"
"R-HSA-451308","Activation of Ca-permeable Kainate Receptor",-1.82516029683782,0.0250067307596428,"Reactome","STG_noCTC"
"R-HSA-977443","GABA receptor activation",-1.82757837165715,0.0251240874055145,"Reactome","STG_noCTC"
"R-HSA-6807878","COPI-mediated anterograde transport",-1.82538644248288,0.0252595794023085,"Reactome","STG_noCTC"
"R-HSA-6803157","Antimicrobial peptides",1.79488608164632,0.0255092832422185,"Reactome","STG_noCTC"
"R-HSA-192823","Viral mRNA Translation",-1.82038362889577,0.0257490340927138,"Reactome","STG_noCTC"
"R-HSA-909733","Interferon alpha/beta signaling",1.78844235938181,0.0259267478258552,"Reactome","STG_noCTC"
"R-HSA-75892","Platelet Adhesion to exposed collagen",1.78959647259351,0.0260768483557341,"Reactome","STG_noCTC"
"R-HSA-418038","Nucleotide-like (purinergic) receptors",1.79081385309553,0.0262697225800624,"Reactome","STG_noCTC"
"R-HSA-9619229","Activation of RAC1 downstream of NMDARs",-1.8154705139433,0.0267454370142091,"Reactome","STG_noCTC"
"R-HSA-156902","Peptide chain elongation",-1.81574505257071,0.0269090841001201,"Reactome","STG_noCTC"
"R-HSA-112308","Presynaptic depolarization and calcium channel opening",-1.8130118488345,0.027191408707247,"Reactome","STG_noCTC"
"R-HSA-166520","Signaling by NTRKs",-1.81193210620294,0.0273419103207784,"Reactome","STG_noCTC"
"R-HSA-5602498","MyD88 deficiency (TLR2/4)",1.77875394182384,0.029004339143574,"Reactome","STG_noCTC"
"R-HSA-1592230","Mitochondrial biogenesis",-1.7990223872918,0.0303067282000805,"Reactome","STG_noCTC"
"R-HSA-1445148","Translocation of SLC2A4 (GLUT4) to the plasma membrane",-1.79941433052162,0.030381061075996,"Reactome","STG_noCTC"
"R-HSA-5675221","Negative regulation of MAPK pathway",-1.787434687616,0.0335254895864676,"Reactome","STG_noCTC"
"R-HSA-5607761","Dectin-1 mediated noncanonical NF-kB signaling",-1.78487687061444,0.0341266155446982,"Reactome","STG_noCTC"
"R-HSA-111996","Ca-dependent events",-1.78390339751844,0.0342758459389659,"Reactome","STG_noCTC"
"R-HSA-140877","Formation of Fibrin Clot (Clotting Cascade)",1.76421520109327,0.0347896950943671,"Reactome","STG_noCTC"
"R-HSA-8941326","RUNX2 regulates bone development",1.76556872243505,0.0350459921719621,"Reactome","STG_noCTC"
"R-HSA-3560782","Diseases associated with glycosaminoglycan metabolism",1.75589616872689,0.0367236381811344,"Reactome","STG_noCTC"
"R-HSA-75158","TRAIL  signaling",1.75855463268089,0.0369256036748607,"Reactome","STG_noCTC"
"R-HSA-264870","Caspase-mediated cleavage of cytoskeletal proteins",1.75644328317721,0.0371707563863049,"Reactome","STG_noCTC"
"R-HSA-69202","Cyclin E associated events during G1/S transition",-1.77521671198152,0.0372356532804217,"Reactome","STG_noCTC"
"R-HSA-72086","mRNA Capping",-1.76898298215322,0.0389115331533505,"Reactome","STG_noCTC"
"R-HSA-4411364","Binding of TCF/LEF:CTNNB1 to target gene promoters",1.74694434792291,0.0409747404329424,"Reactome","STG_noCTC"
"R-HSA-450408","AUF1 (hnRNP D0) binds and destabilizes mRNA",-1.75918664321293,0.0420706014585143,"Reactome","STG_noCTC"
"R-HSA-429958","mRNA decay by 3' to 5' exoribonuclease",-1.7552825396599,0.0428307211683589,"Reactome","STG_noCTC"
"R-HSA-8856688","Golgi-to-ER retrograde transport",-1.75559588946557,0.042920748740508,"Reactome","STG_noCTC"
"R-HSA-156842","Eukaryotic Translation Elongation",-1.74664171540727,0.045701408020411,"Reactome","STG_noCTC"
"R-HSA-975956","Nonsense Mediated Decay (NMD) independent of the Exon Junction Complex (EJC)",-1.7473280069999,0.0457062001233205,"Reactome","STG_noCTC"
"R-HSA-1234176","Oxygen-dependent proline hydroxylation of Hypoxia-inducible Factor Alpha",-1.74422969785282,0.0463092289042323,"Reactome","STG_noCTC"
"R-HSA-9612973","Autophagy",-1.74011421446286,0.0469848966660225,"Reactome","STG_noCTC"
"R-HSA-68867","Assembly of the pre-replicative complex",-1.74161935243982,0.0470205714317793,"Reactome","STG_noCTC"
"R-HSA-917977","Transferrin endocytosis and recycling",-1.74083122095633,0.0470301450048211,"Reactome","STG_noCTC"
"R-HSA-5686938","Regulation of TLR by endogenous ligand",1.73367747459112,0.0482939282207019,"Reactome","STG_noCTC"
"R-HSA-112409","RAF-independent MAPK1/3 activation",-1.73327944572196,0.049088965505125,"Reactome","STG_noCTC"
"R-HSA-69563","p53-Dependent G1 DNA Damage Response",-1.73385241486244,0.049156406929348,"Reactome","STG_noCTC"
"R-HSA-69580","p53-Dependent G1/S DNA damage checkpoint",-1.73385241486244,0.049156406929348,"Reactome","STG_noCTC"
"R-HSA-983168","Antigen processing: Ubiquitination & Proteasome degradation",-1.73047511658306,0.04971726739502,"Reactome","STG_noCTC"
"R-HSA-9711097","Cellular response to starvation",-1.72927998309053,0.0498493972295559,"Reactome","STG_noCTC"
"R-HSA-445095","Interaction between L1 and Ankyrins",-1.72628979631634,0.0508574331468953,"Reactome","STG_noCTC"
"R-HSA-140875","Common Pathway of Fibrin Clot Formation",1.72885157010476,0.051152737599452,"Reactome","STG_noCTC"
"R-HSA-3000170","Syndecan interactions",1.72484224135512,0.0518826036186305,"Reactome","STG_noCTC"
"R-HSA-167160","RNA Pol II CTD phosphorylation and interaction with CE during HIV infection",-1.71962227135729,0.0521318023023704,"Reactome","STG_noCTC"
"R-HSA-77075","RNA Pol II CTD phosphorylation and interaction with CE",-1.71962227135729,0.0521318023023704,"Reactome","STG_noCTC"
"R-HSA-199977","ER to Golgi Anterograde Transport",-1.72025009866621,0.0524843154061623,"Reactome","STG_noCTC"
"R-HSA-9637687","Suppression of phagosomal maturation",-1.72071468130971,0.0526214958335233,"Reactome","STG_noCTC"
"R-HSA-198725","Nuclear Events (kinase and transcription factor activation)",-1.71578631143264,0.053433135784847,"Reactome","STG_noCTC"
"R-HSA-2032785","YAP1- and WWTR1 (TAZ)-stimulated gene expression",1.71948442438003,0.0535077201911207,"Reactome","STG_noCTC"
"R-HSA-1168372","Downstream signaling events of B Cell Receptor (BCR)",-1.7139303050605,0.0539562513319844,"Reactome","STG_noCTC"
"R-HSA-69473","G2/M DNA damage checkpoint",-1.70967836189609,0.0558188663548912,"Reactome","STG_noCTC"
"R-HSA-8963898","Plasma lipoprotein assembly",1.7096828083904,0.0586545607902666,"Reactome","STG_noCTC"
"R-HSA-114604","GPVI-mediated activation cascade",1.70324063962042,0.0593598981429071,"Reactome","STG_noCTC"
"R-HSA-9708530","Regulation of BACH1 activity",-1.69848594408108,0.059665554971174,"Reactome","STG_noCTC"
"R-HSA-8951671","RUNX3 regulates YAP1-mediated transcription",1.706968964878,0.0596928806759336,"Reactome","STG_noCTC"
"R-HSA-5083625","Defective GALNT3 causes HFTC",1.70411991874883,0.0597373061400605,"Reactome","STG_noCTC"
"R-HSA-162906","HIV Infection",-1.69858745435513,0.059974616334893,"Reactome","STG_noCTC"
"R-HSA-69656","Cyclin A:Cdk2-associated events at S phase entry",-1.69706789543751,0.0600428567803258,"Reactome","STG_noCTC"
"R-HSA-9639288","Amino acids regulate mTORC1",-1.69518288231496,0.0607017728794658,"Reactome","STG_noCTC"
"R-HSA-390466","Chaperonin-mediated protein folding",-1.68711108306326,0.0640455076512237,"Reactome","STG_noCTC"
"R-HSA-4086400","PCP/CE pathway",-1.68713207988575,0.0643808244452092,"Reactome","STG_noCTC"
"R-HSA-174577","Activation of C3 and C5",1.69044064366829,0.0645054740710161,"Reactome","STG_noCTC"
"R-HSA-452723","Transcriptional regulation of pluripotent stem cells",1.69044814324638,0.065497865979801,"Reactome","STG_noCTC"
"R-HSA-1237044","Erythrocytes take up carbon dioxide and release oxygen",-1.68163807174952,0.0656413229596174,"Reactome","STG_noCTC"
"R-HSA-1480926","O2/CO2 exchange in erythrocytes",-1.68163807174952,0.0656413229596174,"Reactome","STG_noCTC"
"R-HSA-168273","Influenza Viral RNA Transcription and Replication",-1.67958589712158,0.0661051598571414,"Reactome","STG_noCTC"
"R-HSA-69620","Cell Cycle Checkpoints",-1.68213126845156,0.0661470390565923,"Reactome","STG_noCTC"
"R-HSA-1169091","Activation of NF-kappaB in B cells",-1.67972405214473,0.066346967817855,"Reactome","STG_noCTC"
"R-HSA-5689877","Josephin domain DUBs",-1.66645242154025,0.0718250240291215,"Reactome","STG_noCTC"
"R-HSA-9824272","Somitogenesis",-1.66327200164317,0.0724441402660268,"Reactome","STG_noCTC"
"R-HSA-391251","Protein folding",-1.66454749823238,0.0724482158857324,"Reactome","STG_noCTC"
"R-HSA-5682910","LGI-ADAM interactions",-1.66199796248183,0.0730735068423653,"Reactome","STG_noCTC"
"R-HSA-5620922","BBSome-mediated cargo-targeting to cilium",-1.66064184002883,0.0736600153158823,"Reactome","STG_noCTC"
"R-HSA-1489509","DAG and IP3 signaling",-1.65846379051065,0.0745328727729906,"Reactome","STG_noCTC"
"R-HSA-5083636","Defective GALNT12 causes CRCS1",1.67333307133699,0.0753961802625115,"Reactome","STG_noCTC"
"R-HSA-2214320","Anchoring fibril formation",1.6683498130644,0.0760642945680227,"Reactome","STG_noCTC"
"R-HSA-111367","SLBP independent Processing of Histone Pre-mRNAs",-1.65473312296789,0.0763146300389056,"Reactome","STG_noCTC"
"R-HSA-975634","Retinoid metabolism and transport",1.66958949162419,0.0768548918195045,"Reactome","STG_noCTC"
"R-HSA-376176","Signaling by ROBO receptors",-1.64383360132558,0.0816978276822529,"Reactome","STG_noCTC"
"R-HSA-69239","Synthesis of DNA",-1.64258586534691,0.0820052267677286,"Reactome","STG_noCTC"
"R-HSA-5099900","WNT5A-dependent internalization of FZD4",-1.64163452651553,0.0821136803427427,"Reactome","STG_noCTC"
"R-HSA-381033","ATF6 (ATF6-alpha) activates chaperones",-1.6400211945317,0.0823275180519686,"Reactome","STG_noCTC"
"R-HSA-193807","Synthesis of bile acids and bile salts via 27-hydroxycholesterol",1.65592762148797,0.0842758686016831,"Reactome","STG_noCTC"
"R-HSA-2467813","Separation of Sister Chromatids",-1.63179403516585,0.0869656880830654,"Reactome","STG_noCTC"
"R-HSA-69615","G1/S DNA Damage Checkpoints",-1.62994733077174,0.0878183508192409,"Reactome","STG_noCTC"
"R-HSA-9031628","NGF-stimulated transcription",-1.62526539654162,0.0902469727482996,"Reactome","STG_noCTC"
"R-HSA-9796292","Formation of axial mesoderm",1.64462937979633,0.0917781500069125,"Reactome","STG_noCTC"
"R-HSA-8875360","InlB-mediated entry of Listeria monocytogenes into host cell",-1.61655379555079,0.095710937179735,"Reactome","STG_noCTC"
"R-HSA-140837","Intrinsic Pathway of Fibrin Clot Formation",1.63036527442251,0.0958285243490748,"Reactome","STG_noCTC"
"R-HSA-5633008","TP53 Regulates Transcription of Cell Death Genes",1.63124141393423,0.0959484974625009,"Reactome","STG_noCTC"
"R-HSA-8941858","Regulation of RUNX3 expression and activity",-1.61515854353619,0.0962528366164773,"Reactome","STG_noCTC"
"R-HSA-3656225","Defective CHST6 causes MCDC1",1.63159424609343,0.0966019465269198,"Reactome","STG_noCTC"
"R-HSA-5083632","Defective C1GALT1C1 causes TNPS",1.63573954535551,0.0968728604438866,"Reactome","STG_noCTC"
"R-HSA-8940973","RUNX2 regulates osteoblast differentiation",1.63190967784,0.098471831175057,"Reactome","STG_noCTC"
"R-HSA-350054","Notch-HLH transcription pathway",1.62314884735228,0.0998415521350109,"Reactome","STG_noCTC"
"R-HSA-9032845","Activated NTRK2 signals through CDK5",-1.60616237899112,0.101276455058145,"Reactome","STG_noCTC"
"R-HSA-3656244","Defective B4GALT1 causes B4GALT1-CDG (CDG-2d)",1.61832510413772,0.103934279924151,"Reactome","STG_noCTC"
"R-HSA-6798695","Neutrophil degranulation",1.61669821065108,0.10454857648601,"Reactome","STG_noCTC"
"R-HSA-1247673","Erythrocytes take up oxygen and release carbon dioxide",-1.59628684486648,0.106525700080289,"Reactome","STG_noCTC"
"R-HSA-381183","ATF6 (ATF6-alpha) activates chaperone genes",-1.59467305965601,0.107102621394312,"Reactome","STG_noCTC"
"R-HSA-390666","Serotonin receptors",-1.59381031608191,0.10720040759676,"Reactome","STG_noCTC"
"R-HSA-9660826","Purinergic signaling in leishmaniasis infection",1.61083435611595,0.108911256779059,"Reactome","STG_noCTC"
"R-HSA-9664424","Cell recruitment (pro-inflammatory response)",1.61083435611595,0.108911256779059,"Reactome","STG_noCTC"
"R-HSA-69002","DNA Replication Pre-Initiation",-1.5899358293553,0.109099622440514,"Reactome","STG_noCTC"
"R-HSA-111957","Cam-PDE 1 activation",-1.58677946464155,0.110763009484392,"Reactome","STG_noCTC"
"R-HSA-5687128","MAPK6/MAPK4 signaling",-1.58550627019145,0.111349684002802,"Reactome","STG_noCTC"
"R-HSA-8875878","MET promotes cell motility",1.60771052036203,0.111652170498633,"Reactome","STG_noCTC"
"R-HSA-111885","Opioid Signalling",-1.58229242121999,0.111702670318268,"Reactome","STG_noCTC"
"R-HSA-8876725","Protein methylation",-1.57917715884105,0.111980582666774,"Reactome","STG_noCTC"
"R-HSA-8866654","E3 ubiquitin ligases ubiquitinate target proteins",-1.5794811922937,0.112264797343594,"Reactome","STG_noCTC"
"R-HSA-450531","Regulation of mRNA stability by proteins that bind AU-rich elements",-1.57688135575253,0.112601435159896,"Reactome","STG_noCTC"
"R-HSA-72163","mRNA Splicing - Major Pathway",-1.57521031771451,0.112948013261037,"Reactome","STG_noCTC"
"R-HSA-110320","Translesion Synthesis by POLH",-1.57544849364294,0.113200337321457,"Reactome","STG_noCTC"
"R-HSA-8874081","MET activates PTK2 signaling",1.60398858759157,0.113645345989996,"Reactome","STG_noCTC"
"R-HSA-6806667","Metabolism of fat-soluble vitamins",1.60194083638937,0.113800865000967,"Reactome","STG_noCTC"
"R-HSA-3785653","Myoclonic epilepsy of Lafora",-1.56954325372129,0.114835630778698,"Reactome","STG_noCTC"
"R-HSA-948021","Transport to the Golgi and subsequent modification",-1.5632444400684,0.118764733735977,"Reactome","STG_noCTC"
"R-HSA-167161","HIV Transcription Initiation",-1.55698705140403,0.118903880275303,"Reactome","STG_noCTC"
"R-HSA-167162","RNA Polymerase II HIV Promoter Escape",-1.55698705140403,0.118903880275303,"Reactome","STG_noCTC"
"R-HSA-73776","RNA Polymerase II Promoter Escape",-1.55698705140403,0.118903880275303,"Reactome","STG_noCTC"
"R-HSA-73779","RNA Polymerase II Transcription Pre-Initiation And Promoter Opening",-1.55698705140403,0.118903880275303,"Reactome","STG_noCTC"
"R-HSA-75953","RNA Polymerase II Transcription Initiation",-1.55698705140403,0.118903880275303,"Reactome","STG_noCTC"
"R-HSA-76042","RNA Polymerase II Transcription Initiation And Promoter Clearance",-1.55698705140403,0.118903880275303,"Reactome","STG_noCTC"
"R-HSA-9646399","Aggrephagy",-1.55916874987907,0.120725656904349,"Reactome","STG_noCTC"
"R-HSA-9636383","Prevention of phagosomal-lysosomal fusion",-1.55733983248967,0.121376143214958,"Reactome","STG_noCTC"
"R-HSA-418359","Reduction of cytosolic Ca++ levels",-1.55235974797815,0.121691886009419,"Reactome","STG_noCTC"
"R-HSA-70268","Pyruvate metabolism",-1.54905021069486,0.123826928825736,"Reactome","STG_noCTC"
"R-HSA-70263","Gluconeogenesis",-1.54394449283986,0.126893240633819,"Reactome","STG_noCTC"
"R-HSA-380108","Chemokine receptors bind chemokines",1.58267485250426,0.129220560257819,"Reactome","STG_noCTC"
"R-HSA-6811442","Intra-Golgi and retrograde Golgi-to-ER traffic",-1.53965256882884,0.129322575135462,"Reactome","STG_noCTC"
"R-HSA-8983711","OAS antiviral response",1.58034770717265,0.131222022033377,"Reactome","STG_noCTC"
"R-HSA-195253","Degradation of beta-catenin by the destruction complex",-1.53624159733374,0.131564251268953,"Reactome","STG_noCTC"
"R-HSA-72165","mRNA Splicing - Minor Pathway",-1.5297912382471,0.135559395008011,"Reactome","STG_noCTC"
"R-HSA-927802","Nonsense-Mediated Decay (NMD)",-1.51960784923829,0.138500155002383,"Reactome","STG_noCTC"
"R-HSA-975957","Nonsense Mediated Decay (NMD) enhanced by the Exon Junction Complex (EJC)",-1.51960784923829,0.138500155002383,"Reactome","STG_noCTC"
"R-HSA-72702","Ribosomal scanning and start codon recognition",-1.52481418967238,0.138535864618647,"Reactome","STG_noCTC"
"R-HSA-162599","Late Phase of HIV Life Cycle",-1.51877897604237,0.138653707147751,"Reactome","STG_noCTC"
"R-HSA-2871837","FCERI mediated NF-kB activation",-1.5226532276587,0.138657950733678,"Reactome","STG_noCTC"
"R-HSA-4608870","Asymmetric localization of PCP proteins",-1.52517097130604,0.138757903531529,"Reactome","STG_noCTC"
"R-HSA-69306","DNA Replication",-1.52086631498976,0.139063272216735,"Reactome","STG_noCTC"
"R-HSA-68882","Mitotic Anaphase",-1.52007942093529,0.139142151653471,"Reactome","STG_noCTC"
"R-HSA-72172","mRNA Splicing",-1.51730511511504,0.13924563713222,"Reactome","STG_noCTC"
"R-HSA-211935","Fatty acids",1.56924462732722,0.142576569098921,"Reactome","STG_noCTC"
"R-HSA-977068","Termination of O-glycan biosynthesis",1.56958456361707,0.143481423691646,"Reactome","STG_noCTC"
"R-HSA-69275","G2/M Transition",-1.50638816035165,0.147471513825021,"Reactome","STG_noCTC"
"R-HSA-453274","Mitotic G2-G2/M phases",-1.5050049685889,0.148184261845781,"Reactome","STG_noCTC"
"R-HSA-8866427","VLDLR internalisation and degradation",-1.49798717662749,0.153147240152458,"Reactome","STG_noCTC"
"R-HSA-168255","Influenza Infection",-1.48761188909247,0.161243066772906,"Reactome","STG_noCTC"
"R-HSA-5610787","Hedgehog 'off' state",-1.48692117562225,0.161370968181645,"Reactome","STG_noCTC"
"R-HSA-2555396","Mitotic Metaphase and Anaphase",-1.48472919764944,0.162245700270536,"Reactome","STG_noCTC"
"R-HSA-6781827","Transcription-Coupled Nucleotide Excision Repair (TC-NER)",-1.48279954441495,0.162847598323575,"Reactome","STG_noCTC"
"R-HSA-74259","Purine catabolism",-1.48320645356897,0.163103253068983,"Reactome","STG_noCTC"
"R-HSA-171306","Packaging Of Telomere Ends",-1.47152245670911,0.17024956517156,"Reactome","STG_noCTC"
"R-HSA-917937","Iron uptake and transport",-1.47169991980728,0.170662516898243,"Reactome","STG_noCTC"
"R-HSA-2408522","Selenoamino acid metabolism",-1.47221350705325,0.171162866387659,"Reactome","STG_noCTC"
"R-HSA-390471","Association of TriC/CCT with target proteins during biosynthesis",-1.46955532701057,0.171468004979274,"Reactome","STG_noCTC"
"R-HSA-112043","PLC beta mediated events",-1.46588030121014,0.174295434816224,"Reactome","STG_noCTC"
"R-HSA-5689603","UCH proteinases",-1.45537780898456,0.183200199074958,"Reactome","STG_noCTC"
"R-HSA-9821993","Replacement of protamines by nucleosomes in the male pronucleus",-1.45364347167601,0.183737613763155,"Reactome","STG_noCTC"
"R-HSA-176187","Activation of ATR in response to replication stress",-1.45052758174676,0.185533624088873,"Reactome","STG_noCTC"
"R-HSA-9768919","NPAS4 regulates expression of target genes",-1.45071187659424,0.185911233393181,"Reactome","STG_noCTC"
"R-HSA-9707564","Cytoprotection by HMOX1",-1.44851208105958,0.186999352220388,"Reactome","STG_noCTC"
"R-HSA-168643","Nucleotide-binding domain",0.463413662779557,0.0228091236494598,"Reactome","STG_noCTC"
"R-HSA-69242","S Phase",-1.44578551246921,0.188451335028049,"Reactome","STG_noCTC"
"R-HSA-446353","Cell-extracellular matrix interactions",1.51473582596634,0.188797265186735,"Reactome","STG_noCTC"
"R-HSA-69206","G1/S Transition",-1.44060181529738,0.190002873994723,"Reactome","STG_noCTC"
"R-HSA-112040","G-protein mediated events",-1.43802376150633,0.191059996226807,"Reactome","STG_noCTC"
"R-HSA-70326","Glucose metabolism",-1.43053119234846,0.196440366674911,"Reactome","STG_noCTC"
"R-HSA-983695","Antigen activates B Cell Receptor (BCR) leading to generation of second messengers",1.50610632951203,0.197145818637392,"Reactome","STG_noCTC"
"R-HSA-6783783","Interleukin-10 signaling",1.50614607079363,0.1997559353604,"Reactome","STG_noCTC"
"R-HSA-72662","Activation of the mRNA upon binding of the cap-binding complex and eIFs",-0.33540991477623,0.0145985401459854,"Reactome","STG_noCTC"
"R-HSA-3656243","Defective ST3GAL3 causes MCT12 and EIEE15",1.50367737903364,0.200085266871476,"Reactome","STG_noCTC"
"R-HSA-6785807","Interleukin-4 and Interleukin-13 signaling",1.50089456799621,0.202101088227226,"Reactome","STG_noCTC"
"R-HSA-8876384","Listeria monocytogenes entry into host cells",-1.42241321258746,0.203240355678737,"Reactome","STG_noCTC"
"R-HSA-437239","Recycling pathway of L1",-1.41871571017916,0.203958952891647,"Reactome","STG_noCTC"
"R-HSA-3560783","Defective B4GALT7 causes EDS",0.552010689787493,0.0465116279069767,"Reactome","STG_noCTC"
"R-HSA-425366","Transport of bile salts and organic acids",0.452691449252045,0.0221445221445221,"Reactome","STG_noCTC"
"R-HSA-9670095","Inhibition of DNA recombination at telomere",-1.41437524327978,0.207410609420614,"Reactome","STG_noCTC"
"R-HSA-381426","Regulation of Insulin-like Growth Factor (IGF) transport and uptake by Insulin-like Growth Factor Binding Proteins (IGFBPs)",1.48872439712026,0.207531882676959,"Reactome","STG_noCTC"
"R-HSA-901042","Calnexin/calreticulin cycle",-1.40813200753511,0.208846344329421,"Reactome","STG_noCTC"
"R-HSA-5696399","Global Genome Nucleotide Excision Repair (GG-NER)",-1.40899232605239,0.209335986483648,"Reactome","STG_noCTC"
"R-HSA-913531","Interferon Signaling",1.48129756399947,0.209774739096372,"Reactome","STG_noCTC"
"R-HSA-168249","Innate Immune System",1.48884569010023,0.20989102277934,"Reactome","STG_noCTC"
"R-HSA-72649","Translation initiation complex formation",-1.40950571163797,0.210673638683685,"Reactome","STG_noCTC"
"R-HSA-166208","mTORC1-mediated signalling",-1.40232939169511,0.211560705251936,"Reactome","STG_noCTC"
"R-HSA-9754678","SARS-CoV-2 modulates host translation machinery",-1.40144176585709,0.211907823900129,"Reactome","STG_noCTC"
"R-HSA-8964058","HDL remodeling",1.46209683243303,0.23142402029708,"Reactome","STG_noCTC"
"R-HSA-75205","Dissolution of Fibrin Clot",1.46322531159905,0.231709422067666,"Reactome","STG_noCTC"
"R-HSA-174824","Plasma lipoprotein assembly",NA,1.46085737190921,"Reactome","STG_noCTC"
"R-HSA-8957275","Post-translational protein phosphorylation",1.45181546679706,0.236960906866274,"Reactome","STG_noCTC"
"R-HSA-168256","Immune System",1.44836229409576,0.240715460057546,"Reactome","STG_noCTC"
"R-HSA-110330","Recognition and association of DNA glycosylase with site containing an affected purine",-1.36986018521785,0.240963913631652,"Reactome","STG_noCTC"
"R-HSA-110331","Cleavage of the damaged purine",-1.36986018521785,0.240963913631652,"Reactome","STG_noCTC"
"R-HSA-73927","Depurination",-1.36986018521785,0.240963913631652,"Reactome","STG_noCTC"
"R-HSA-446203","Asparagine N-linked glycosylation",-1.36770126303957,0.241979224329543,"Reactome","STG_noCTC"
"R-HSA-1280215","Cytokine Signaling in Immune system",1.43326416460623,0.250541198078309,"Reactome","STG_noCTC"
"R-HSA-432722","Golgi Associated Vesicle Biogenesis",-1.35447536469586,0.253694036605794,"Reactome","STG_noCTC"
"R-HSA-9711123","Cellular response to chemical stress",-1.34959656558807,0.258128122324612,"Reactome","STG_noCTC"
"R-HSA-5696394","DNA Damage Recognition in GG-NER",-1.34766499982311,0.258918233550903,"Reactome","STG_noCTC"
"R-HSA-113418","Formation of the Early Elongation Complex",-1.33992368516032,0.266496670707497,"Reactome","STG_noCTC"
"R-HSA-167158","Formation of the HIV-1 Early Elongation Complex",-1.33992368516032,0.266496670707497,"Reactome","STG_noCTC"
"R-HSA-532668","N-glycan trimming in the ER and Calnexin/Calreticulin cycle",-1.33834861761966,0.26765898292198,"Reactome","STG_noCTC"
"R-HSA-72695","Formation of the ternary complex",NA,-1.33700896753018,"Reactome","STG_noCTC"
"R-HSA-6814122","Cooperation of PDCL (PhLP1) and TRiC/CCT in G-protein beta folding",-1.33131910829972,0.273699606365833,"Reactome","STG_noCTC"
"R-HSA-9793380","Formation of paraxial mesoderm",-1.327937876741,0.276547576702412,"Reactome","STG_noCTC"
"R-HSA-1296071","Potassium Channels",-1.32253649404174,0.279675687645888,"Reactome","STG_noCTC"
"R-HSA-9637690","Response of Mtb to phagocytosis",-1.32071123926131,0.280517694133606,"Reactome","STG_noCTC"
"R-HSA-453279","Mitotic G1 phase and G1/S transition",-1.3183936538332,0.282739371873931,"Reactome","STG_noCTC"
"R-HSA-174048","APC/C:Cdc20 mediated degradation of Cyclin B",-1.31756732281705,0.283030751870709,"Reactome","STG_noCTC"
"R-HSA-166786","Creation of C4 and C2 activators",1.38603291937606,0.291133917362608,"Reactome","STG_noCTC"
"R-HSA-166016","Toll Like Receptor 4 (TLR4) Cascade",1.37462603415444,0.295072600998927,"Reactome","STG_noCTC"
"R-HSA-156581","Methylation",-1.30321574128102,0.29704099478047,"Reactome","STG_noCTC"
"R-HSA-8939236","RUNX1 regulates transcription of genes involved in differentiation of HSCs",-1.29544343124156,0.303282096446576,"Reactome","STG_noCTC"
"R-HSA-977225","Amyloid fiber formation",1.3657454619489,0.304321816327628,"Reactome","STG_noCTC"
"R-HSA-6782135","Dual incision in TC-NER",-1.28323027628808,0.305937128057836,"Reactome","STG_noCTC"
"R-HSA-917729","Endosomal Sorting Complex Required For Transport (ESCRT)",-1.28258221779359,0.306010249536445,"Reactome","STG_noCTC"
"R-HSA-179409","APC-Cdc20 mediated degradation of Nek2A",-1.28078263416166,0.307790441038584,"Reactome","STG_noCTC"
"R-HSA-162588","Budding and maturation of HIV virion",-1.28626900085838,0.307948953584991,"Reactome","STG_noCTC"
"R-HSA-9755511","KEAP1-NFE2L2 pathway",-1.27951863118025,0.308089824239399,"Reactome","STG_noCTC"
"R-HSA-2173796","SMAD2/SMAD3:SMAD4 heterotrimer regulates transcription",1.3595127083675,0.313957859099185,"Reactome","STG_noCTC"
"R-HSA-5607764","CLEC7A (Dectin-1) signaling",-1.27247304995386,0.315281344222065,"Reactome","STG_noCTC"
"R-HSA-9013694","Signaling by NOTCH4",-1.27005221120812,0.317034917428561,"Reactome","STG_noCTC"
"R-HSA-5626467","RHO GTPases activate IQGAPs",-1.27035832135515,0.317324692911052,"Reactome","STG_noCTC"
"R-HSA-8941855","RUNX3 regulates CDKN1A transcription",1.35675309305816,0.317366306269196,"Reactome","STG_noCTC"
"R-HSA-168179","Toll Like Receptor TLR1:TLR2 Cascade",1.35372247695962,0.318992786508732,"Reactome","STG_noCTC"
"R-HSA-181438","Toll Like Receptor 2 (TLR2) Cascade",1.35372247695962,0.318992786508732,"Reactome","STG_noCTC"
"R-HSA-9759194","Nuclear events mediated by NFE2L2",-1.26447684019591,0.322469611307377,"Reactome","STG_noCTC"
"R-HSA-2132295","MHC class II antigen presentation",-1.26376473286726,0.322662133747666,"Reactome","STG_noCTC"
"R-HSA-400511","Synthesis",NA,-1.26079635248264,"Reactome","STG_noCTC"
"R-HSA-110328","Recognition and association of DNA glycosylase with site containing an affected pyrimidine",-1.25808790648654,0.326039934739798,"Reactome","STG_noCTC"
"R-HSA-110329","Cleavage of the damaged pyrimidine",-1.25808790648654,0.326039934739798,"Reactome","STG_noCTC"
"R-HSA-73928","Depyrimidination",-1.25808790648654,0.326039934739798,"Reactome","STG_noCTC"
"R-HSA-166058","MyD88:MAL(TIRAP) cascade initiated on plasma membrane",1.34217707855076,0.332136657750478,"Reactome","STG_noCTC"
"R-HSA-168188","Toll Like Receptor TLR6:TLR2 Cascade",1.34217707855076,0.332136657750478,"Reactome","STG_noCTC"
"R-HSA-3371497","HSP90 chaperone cycle for steroid hormone receptors (SHR) in the presence of ligand",-1.24857198832115,0.336360335194204,"Reactome","STG_noCTC"
"R-HSA-6782210","Gap-filling DNA repair synthesis and ligation in TC-NER",-1.24113997678572,0.344508934219604,"Reactome","STG_noCTC"
"R-HSA-449147","Signaling by Interleukins",1.32838751782487,0.345160500777676,"Reactome","STG_noCTC"
"R-HSA-432720","Lysosome Vesicle Biogenesis",-1.23792846020118,0.348342463632531,"Reactome","STG_noCTC"
"R-HSA-73929","Base-Excision Repair",-0.296707743256735,0.148148148148148,"Reactome","STG_noCTC"
"R-HSA-209952","Peptide hormone biosynthesis",-1.22066495645527,0.367302022449261,"Reactome","STG_noCTC"
"R-HSA-73772","RNA Polymerase I Promoter Escape",-1.2073730325016,0.379479909218182,"Reactome","STG_noCTC"
"R-HSA-5336415","Uptake and function of diphtheria toxin",-1.20600542351903,0.380894985334169,"Reactome","STG_noCTC"
"R-HSA-983169","Class I MHC mediated antigen processing & presentation",-1.20275634753172,0.383153383699793,"Reactome","STG_noCTC"
"R-HSA-68616","Assembly of the ORC complex at the origin of replication",-1.20070144018142,0.383966968081603,"Reactome","STG_noCTC"
"R-HSA-9707616","Heme signaling",-1.19658976504128,0.388119373085238,"Reactome","STG_noCTC"
"R-HSA-157579","Telomere Maintenance",-1.19095078945143,0.39614724488214,"Reactome","STG_noCTC"
"R-HSA-606279","Deposition of new CENPA-containing nucleosomes at the centromere",-1.18876541594623,0.396918427941461,"Reactome","STG_noCTC"
"R-HSA-774815","Nucleosome assembly",-1.18876541594623,0.396918427941461,"Reactome","STG_noCTC"
"R-HSA-5689880","Ub-specific processing proteases",-1.18757797236743,0.397080432927945,"Reactome","STG_noCTC"
"R-HSA-73884","Base Excision Repair",-1.18624008037756,0.398543904441301,"Reactome","STG_noCTC"
"R-HSA-114608","Platelet degranulation",1.294783748364,0.400131539946736,"Reactome","STG_noCTC"
"R-HSA-173623","Classical antibody-mediated complement activation",1.29331056490053,0.401188937709155,"Reactome","STG_noCTC"
"R-HSA-170834","Signaling by TGF-beta Receptor Complex",1.27145384618918,0.429731676834524,"Reactome","STG_noCTC"
"R-HSA-982772","Growth hormone receptor signaling",1.27340666260773,0.431093034868193,"Reactome","STG_noCTC"
"R-HSA-5619084","ABC transporter disorders",-1.157169176674,0.436472957202554,"Reactome","STG_noCTC"
"R-HSA-5668541","TNFR2 non-canonical NF-kB pathway",-1.14634861785571,0.449051719993313,"Reactome","STG_noCTC"
"R-HSA-76002","Platelet activation",0.332751285760806,0.059244126659857,"Reactome","STG_noCTC"
"R-HSA-76005","Response to elevated platelet cytosolic Ca2+",1.2380896499153,0.473566690530527,"Reactome","STG_noCTC"
"R-HSA-159854","Gamma-carboxylation",NA,1.23273275000207,"Reactome","STG_noCTC"
"R-HSA-9613354","Lipophagy",-1.11061175903431,0.493585157209691,"Reactome","STG_noCTC"
"R-HSA-9703465","Signaling by FLT3 fusion proteins",-1.10644608764705,0.495644827817521,"Reactome","STG_noCTC"
"R-HSA-69278","Cell Cycle",-0.188149752529142,0,"Reactome","STG_noCTC"
"R-HSA-1222556","ROS and RNS production in phagocytes",-1.10400352035496,0.498222697795974,"Reactome","STG_noCTC"
"R-HSA-202424","Downstream TCR signaling",-1.10302297031388,0.49916607632434,"Reactome","STG_noCTC"
"R-HSA-9702518","STAT5 activation downstream of FLT3 ITD mutants",-1.09340002906735,0.511473817394728,"Reactome","STG_noCTC"
"R-HSA-174403","Glutathione synthesis and recycling",-1.09347731939347,0.51222559198421,"Reactome","STG_noCTC"
"R-HSA-1236977","Endosomal/Vacuolar pathway",1.2103262672673,0.518384372893297,"Reactome","STG_noCTC"
"R-HSA-73728","RNA Polymerase I Promoter Opening",-1.08673254365365,0.519459435752846,"Reactome","STG_noCTC"
"R-HSA-381119","Unfolded Protein Response (UPR)",-1.08517478082092,0.52048353930198,"Reactome","STG_noCTC"
"R-HSA-381753","Olfactory Signaling Pathway",1.20153744048733,0.527430646311739,"Reactome","STG_noCTC"
"R-HSA-5625740","RHO GTPases activate PKNs",-1.08045406607905,0.527490337628429,"Reactome","STG_noCTC"
"R-HSA-1236974","ER-Phagosome pathway",-1.07512693489069,0.530828428596876,"Reactome","STG_noCTC"
"R-HSA-9717189","Sensory perception of taste",1.19357523073875,0.543306390002233,"Reactome","STG_noCTC"
"R-HSA-445355","Smooth Muscle Contraction",1.18460055545686,0.545399751213715,"Reactome","STG_noCTC"
"R-HSA-425397","Transport of vitamins",NA,1.17849017193049,"Reactome","STG_noCTC"
"R-HSA-422085","Synthesis",NA,-1.05219498529825,"Reactome","STG_noCTC"
"R-HSA-9752946","Expression and translocation of olfactory receptors",1.14508663380525,0.607438420623355,"Reactome","STG_noCTC"
"R-HSA-5661231","Metallothioneins bind metals",1.13870854596623,0.613568805765631,"Reactome","STG_noCTC"
"R-HSA-5620971","Pyroptosis",1.13427734190798,0.614513345498025,"Reactome","STG_noCTC"
"R-HSA-9006936","Signaling by TGFB family members",1.1397519360593,0.614535436424076,"Reactome","STG_noCTC"
"R-HSA-5627123","RHO GTPases activate PAKs",-1.00401368625658,0.642201896749629,"Reactome","STG_noCTC"
"R-HSA-2173793","Transcriptional activity of SMAD2/SMAD3:SMAD4 heterotrimer",1.10805252424607,0.645023908458984,"Reactome","STG_noCTC"
"R-HSA-450341","Activation of the AP-1 family of transcription factors",-0.998538445883978,0.648796183159201,"Reactome","STG_noCTC"
"R-HSA-2980767","Activation of NIMA Kinases NEK9",NA,1.09833802934463,"Reactome","STG_noCTC"
"R-HSA-9725371","Nuclear events stimulated by ALK signaling in cancer",-0.980670659895731,0.673155090032088,"Reactome","STG_noCTC"
"R-HSA-71291","Metabolism of amino acids and derivatives",-0.971335718567493,0.682944183840194,"Reactome","STG_noCTC"
"R-HSA-381771","Synthesis",NA,-0.963526781288956,"Reactome","STG_noCTC"
"R-HSA-400508","Incretin synthesis",NA,-0.963526781288956,"Reactome","STG_noCTC"
"R-HSA-8950505","Gene and protein expression by JAK-STAT signaling after Interleukin-12 stimulation",-0.963973189561048,0.693456141131913,"Reactome","STG_noCTC"
"R-HSA-9020591","Interleukin-12 signaling",-0.961248487044731,0.69472416632673,"Reactome","STG_noCTC"
"R-HSA-9610379","HCMV Late Events",-0.923664590099426,0.750131909196136,"Reactome","STG_noCTC"
"R-HSA-447115","Interleukin-12 family signaling",-0.912901290360335,0.760032107564922,"Reactome","STG_noCTC"
"R-HSA-8939242","RUNX1 regulates transcription of genes involved in differentiation of keratinocytes",-0.910234348274808,0.761285734592539,"Reactome","STG_noCTC"
"R-HSA-2168880","Scavenging of heme from plasma",1.01177048746986,0.801828429422513,"Reactome","STG_noCTC"
"R-HSA-1643685","Disease",1.00066793797303,0.818058721067991,"Reactome","STG_noCTC"
"R-HSA-1855183","Synthesis of IP2",NA,-0.864320542154679,"Reactome","STG_noCTC"
"R-HSA-9615710","Late endosomal microautophagy",-0.861105777312411,0.821236943565033,"Reactome","STG_noCTC"
"R-HSA-375276","Peptide ligand-binding receptors",0.990788279305263,0.824115025679413,"Reactome","STG_noCTC"
"R-HSA-9716542","Signaling by Rho GTPases",0.252646217935728,0.601,"Reactome","STG_noCTC"
"R-HSA-420499","Class C/3 (Metabotropic glutamate/pheromone receptors)",0.974894352766131,0.847830569385689,"Reactome","STG_noCTC"
"R-HSA-446652","Interleukin-1 family signaling",0.973935379535029,0.848940297179567,"Reactome","STG_noCTC"
"R-HSA-879415","Advanced glycosylation endproduct receptor signaling",0.975226007309931,0.849639194436281,"Reactome","STG_noCTC"
"R-HSA-877312","Regulation of IFNG signaling",-0.832778731137734,0.853414809750343,"Reactome","STG_noCTC"
"R-HSA-9824446","Viral Infection Pathways",-0.807401711883338,0.870271108496105,"Reactome","STG_noCTC"
"R-HSA-191273","Cholesterol biosynthesis",-0.779604849722012,0.888409525292878,"Reactome","STG_noCTC"
"R-HSA-5668599","RHO GTPases Activate NADPH Oxidases",0.921036249959461,0.918722713681109,"Reactome","STG_noCTC"
"R-HSA-3299685","Detoxification of Reactive Oxygen Species",0.906308125681926,0.936555098552903,"Reactome","STG_noCTC"
"R-HSA-1236975","Antigen processing-Cross presentation",0.905713671828675,0.936578149024419,"Reactome","STG_noCTC"
"R-HSA-8851708","Signaling by FGFR2 IIIa TM",-0.698076722233687,0.94357364863931,"Reactome","STG_noCTC"
"R-HSA-9694516","SARS-CoV-2 Infection",0.89419299470128,0.947694292607798,"Reactome","STG_noCTC"
"R-HSA-1474151","Tetrahydrobiopterin (BH4) synthesis",NA,0.883081348822773,"Reactome","STG_noCTC"
"R-HSA-9661069","Defective binding of RB1 mutants to E2F1",NA,-0.603938355612364,"Reactome","STG_noCTC"
"R-HSA-936964","Activation of IRF3",NA,0.806937282314289,"Reactome","STG_noCTC"
"R-HSA-9637628","Modulation by Mtb of host immune system",0.790950848959316,1,"Reactome","STG_noCTC"
"R-HSA-9705462","Inactivation of CSF3 (G-CSF) signaling",0.785972657464242,1,"Reactome","STG_noCTC"
"R-HSA-9678108","SARS-CoV-1 Infection",0.843953384978108,1,"Reactome","STG_noCTC"
"R-HSA-197264","Nicotinamide salvaging",0.771104914496521,1,"Reactome","STG_noCTC"
"R-HSA-9692914","SARS-CoV-1-host interactions",0.805896029935099,1,"Reactome","STG_noCTC"
"R-HSA-5140745","WNT5A-dependent internalization of FZD2",0.301013085743699,0.801438848920863,"Reactome","STG_noCTC"
"R-HSA-163841","Gamma carboxylation",NA,0.240290777627742,"Reactome","STG_noCTC"
"R-HSA-2408508","Metabolism of ingested SeMet",NA,0.708417021328536,"Reactome","STG_noCTC"
"R-HSA-9020702","Interleukin-1 signaling",0.797965356042507,1,"Reactome","STG_noCTC"
"R-HSA-9818027","NFE2L2 regulating anti-oxidant/detoxification enzymes",0.721342954926141,1,"Reactome","STG_noCTC"
"R-HSA-9674555","Signaling by CSF3 (G-CSF)",0.717808327144208,1,"Reactome","STG_noCTC"
"R-HSA-912446","Meiotic recombination",0.764266884317327,1,"Reactome","STG_noCTC"
"R-HSA-9613829","Chaperone Mediated Autophagy",0.686083513762796,1,"Reactome","STG_noCTC"
"R-HSA-2559582","Senescence-Associated Secretory Phenotype (SASP)",0.735252328766417,1,"Reactome","STG_noCTC"
"R-HSA-9705683","SARS-CoV-2-host interactions",0.783930650269536,1,"Reactome","STG_noCTC"
"R-HSA-5627117","RHO GTPases Activate ROCKs",0.659437309989703,1,"Reactome","STG_noCTC"
"R-HSA-983170","Antigen Presentation: Folding",0.240667179138818,0.902439024390244,"Reactome","STG_noCTC"
"R-HSA-9833482","PKR-mediated signaling",0.677678523282721,1,"Reactome","STG_noCTC"
"R-HSA-9735869","SARS-CoV-1 modulates host translation machinery",0.617158297718828,1,"Reactome","STG_noCTC"
"R-HSA-1059683","Interleukin-6 signaling",0.510554767924442,1,"Reactome","STG_noCTC"
"R-HSA-174495","Synthesis And Processing Of GAG",0.187591144107119,0.992907801418439,"Reactome","STG_noCTC"
"R-HSA-5663205","Infectious disease",0.709017551339113,1,"Reactome","STG_noCTC"
"R-HSA-1430728","Metabolism",0.784886672124246,1,"Reactome","STG_noCTC"
