"geneSet","description","NES","FDR","Function","Datatype"
"GO:0002181","cytoplasmic translation",-2.76115676532706,0,"GO","FP_CTCDT"
"GO:0010257","NADH dehydrogenase complex assembly",-2.21287376372785,0.00044218552328986,"GO","FP_CTCDT"
"GO:0050727","regulation of inflammatory response",-2.18185538245763,0.00117916139543963,"GO","FP_CTCDT"
"GO:0050900","leukocyte migration",-2.11361693424402,0.00162134691872949,"GO","FP_CTCDT"
"GO:0006882","intracellular zinc ion homeostasis",-2.15297133159157,0.00176874209315944,"GO","FP_CTCDT"
"GO:0006959","humoral immune response",-2.11431382992054,0.00194561630247539,"GO","FP_CTCDT"
"GO:0022900","electron transport chain",-2.08979529697192,0.00202141953503936,"GO","FP_CTCDT"
"GO:0022613","ribonucleoprotein complex biogenesis",-2.05415847563009,0.0028496400389791,"GO","FP_CTCDT"
"GO:0070555","response to interleukin-1",-2.05964669039744,0.00287420590138409,"GO","FP_CTCDT"
"GO:0045730","respiratory burst",-2.03735813472135,0.00300686155837105,"GO","FP_CTCDT"
"GO:0044703","multi-organism reproductive process",-2.01115059721335,0.00426106049715684,"GO","FP_CTCDT"
"GO:0090594","inflammatory response to wounding",-2.0068585466851,0.00434815764568363,"GO","FP_CTCDT"
"GO:0002237","response to molecule of bacterial origin",-2.00096697378228,0.00435382669085401,"GO","FP_CTCDT"
"GO:0009620","response to fungus",-1.99388968976496,0.00435868587242862,"GO","FP_CTCDT"
"GO:0044706","multi-multicellular organism process",-1.96751305587332,0.00548310048879427,"GO","FP_CTCDT"
"GO:0042742","defense response to bacterium",-1.94930938999401,0.0067986024205816,"GO","FP_CTCDT"
"GO:0032609","type II interferon production",-1.94247120405401,0.00733507750398474,"GO","FP_CTCDT"
"GO:0042330","taxis",-1.91388364853762,0.00992460841161686,"GO","FP_CTCDT"
"GO:0002544","chronic inflammatory response",-1.8840354663675,0.0133586573878095,"GO","FP_CTCDT"
"GO:0001819","positive regulation of cytokine production",-1.86982378687233,0.0149900892395263,"GO","FP_CTCDT"
"GO:0032602","chemokine production",-1.86612164999412,0.0152027594197752,"GO","FP_CTCDT"
"GO:0002526","acute inflammatory response",-1.85530447135885,0.0159990762063059,"GO","FP_CTCDT"
"GO:0140053","mitochondrial gene expression",-1.84320169750306,0.0178796755069378,"GO","FP_CTCDT"
"GO:0002274","myeloid leukocyte activation",-1.83011973682189,0.0187486661874901,"GO","FP_CTCDT"
"GO:0006690","icosanoid metabolic process",-1.83258832291941,0.018940279914249,"GO","FP_CTCDT"
"GO:1990868","response to chemokine",-1.809007619146,0.0210985663969733,"GO","FP_CTCDT"
"GO:0002263","cell activation involved in immune response",-1.8114083342759,0.0213886775339466,"GO","FP_CTCDT"
"GO:0006749","glutathione metabolic process",-1.81146149499854,0.0222113189775599,"GO","FP_CTCDT"
"GO:0016072","rRNA metabolic process",-1.7758261246692,0.0262547654453355,"GO","FP_CTCDT"
"GO:0010573","vascular endothelial growth factor production",-1.78441744493163,0.026653113610713,"GO","FP_CTCDT"
"GO:0051438","regulation of ubiquitin-protein transferase activity",-1.78108553679796,0.0267374846415936,"GO","FP_CTCDT"
"GO:0009636","response to toxic substance",-1.76993507771976,0.0269599173593697,"GO","FP_CTCDT"
"GO:0035966","response to topologically incorrect protein",-1.77593995951009,0.0270731652646502,"GO","FP_CTCDT"
"GO:0002697","regulation of immune effector process",-1.7557310189641,0.0300946264968452,"GO","FP_CTCDT"
"GO:0001659","temperature homeostasis",-1.7414593181842,0.0321567138881348,"GO","FP_CTCDT"
"GO:0015980","energy derivation by oxidation of organic compounds",-1.74332900585331,0.0324437835373818,"GO","FP_CTCDT"
"GO:0007159","leukocyte cell-cell adhesion",-1.72925157446984,0.035350939943011,"GO","FP_CTCDT"
"GO:0072593","reactive oxygen species metabolic process",-1.7140511445018,0.0390519635831782,"GO","FP_CTCDT"
"GO:0001655","urogenital system development",1.9492621305935,0.0392896202911483,"GO","FP_CTCDT"
"GO:0007005","mitochondrion organization",-1.67650952395874,0.0460641962522828,"GO","FP_CTCDT"
"GO:0002443","leukocyte mediated immunity",-1.67380307222043,0.0462695405008411,"GO","FP_CTCDT"
"GO:0001890","placenta development",-1.67731553449036,0.0465965278097893,"GO","FP_CTCDT"
"GO:0006879","intracellular iron ion homeostasis",-1.69242018116295,0.0466222274812283,"GO","FP_CTCDT"
"GO:1901293","nucleoside phosphate biosynthetic process",-1.67816211581154,0.0472937516500473,"GO","FP_CTCDT"
"GO:0034470","ncRNA processing",-1.66931208139183,0.04738754857923,"GO","FP_CTCDT"
"GO:0009141","nucleoside triphosphate metabolic process",-1.68522707051888,0.0477128964642523,"GO","FP_CTCDT"
"GO:0140467","integrated stress response signaling",-1.68021449483835,0.0477149029782547,"GO","FP_CTCDT"
"GO:0019221","cytokine-mediated signaling pathway",-1.66371771935401,0.0478621610408945,"GO","FP_CTCDT"
"GO:0072522","purine-containing compound biosynthetic process",-1.65666485906989,0.0479729577154094,"GO","FP_CTCDT"
"GO:0002250","adaptive immune response",-1.65856842250925,0.048113186361039,"GO","FP_CTCDT"
"GO:0050886","endocrine process",-1.68152354752685,0.0483456172130247,"GO","FP_CTCDT"
"GO:0097193","intrinsic apoptotic signaling pathway",-1.66001854659612,0.0484149796480506,"GO","FP_CTCDT"
"GO:0090130","tissue migration",-1.66436988053291,0.0486584559505903,"GO","FP_CTCDT"
"GO:2001233","regulation of apoptotic signaling pathway",-1.68527042350589,0.0488836095996941,"GO","FP_CTCDT"
"GO:0001906","cell killing",-1.64491480570022,0.0526037000298901,"GO","FP_CTCDT"
"GO:0120254","olefinic compound metabolic process",-1.63642500363818,0.0559244090909867,"GO","FP_CTCDT"
"GO:0071826","protein-RNA complex organization",-1.62532943401902,0.060295154568596,"GO","FP_CTCDT"
"GO:0034612","response to tumor necrosis factor",-1.61834139824663,0.0618907254839153,"GO","FP_CTCDT"
"GO:0070482","response to oxygen levels",-1.6185145616948,0.0628679207147549,"GO","FP_CTCDT"
"GO:0140115","export across plasma membrane",1.96758214659034,0.0671725766268019,"GO","FP_CTCDT"
"GO:0007492","endoderm development",-1.60746151064526,0.0674070609571018,"GO","FP_CTCDT"
"GO:0032635","interleukin-6 production",-1.60203035734457,0.069732657022811,"GO","FP_CTCDT"
"GO:0017004","cytochrome complex assembly",-1.59584546713107,0.0710634928074221,"GO","FP_CTCDT"
"GO:0019932","second-messenger-mediated signaling",-1.59672136821548,0.0715470674569003,"GO","FP_CTCDT"
"GO:1901342","regulation of vasculature development",-1.59068711008583,0.072757065625757,"GO","FP_CTCDT"
"GO:0018198","peptidyl-cysteine modification",-1.58736058877214,0.0738588006870095,"GO","FP_CTCDT"
"GO:0034113","heterotypic cell-cell adhesion",-1.57804685994203,0.0762011052523094,"GO","FP_CTCDT"
"GO:0001562","response to protozoan",-1.57350549396729,0.0777206084464766,"GO","FP_CTCDT"
"GO:0050867","positive regulation of cell activation",-1.56847987196562,0.0799522693994826,"GO","FP_CTCDT"
"GO:0032623","interleukin-2 production",-1.56649423107155,0.0799724103549948,"GO","FP_CTCDT"
"GO:0006839","mitochondrial transport",-1.56287145960785,0.0813496803551008,"GO","FP_CTCDT"
"GO:0050817","coagulation",-1.54956971908844,0.0843876161815281,"GO","FP_CTCDT"
"GO:0048010","vascular endothelial growth factor receptor signaling pathway",-1.55127319037243,0.0845222888251125,"GO","FP_CTCDT"
"GO:0043434","response to peptide hormone",-1.55205674646898,0.0851147377532537,"GO","FP_CTCDT"
"GO:0003158","endothelium development",-1.5523205298615,0.0861716610181035,"GO","FP_CTCDT"
"GO:0006457","protein folding",-1.55307039077163,0.0868526065328501,"GO","FP_CTCDT"
"GO:0150076","neuroinflammatory response",-1.5286334315852,0.088323987431084,"GO","FP_CTCDT"
"GO:0042060","wound healing",-1.53168909575296,0.088595028059147,"GO","FP_CTCDT"
"GO:0048545","response to steroid hormone",-1.5405315878986,0.0886411902841058,"GO","FP_CTCDT"
"GO:0006979","response to oxidative stress",-1.52679179469332,0.0886709039001713,"GO","FP_CTCDT"
"GO:0031349","positive regulation of defense response",-1.54096505174689,0.0894018730724227,"GO","FP_CTCDT"
"GO:0052547","regulation of peptidase activity",-1.53196026491229,0.0895132670158582,"GO","FP_CTCDT"
"GO:0009266","response to temperature stimulus",-1.53448924257834,0.0899438108854783,"GO","FP_CTCDT"
"GO:0002440","production of molecular mediator of immune response",-1.5354119604429,0.0903053384938717,"GO","FP_CTCDT"
"GO:0035924","cellular response to vascular endothelial growth factor stimulus",-1.53201801343769,0.090561752172316,"GO","FP_CTCDT"
"GO:1902600","proton transmembrane transport",-1.53554765399973,0.0913476929125383,"GO","FP_CTCDT"
"GO:0097696","receptor signaling pathway via STAT",-1.51925511303083,0.0915029242861151,"GO","FP_CTCDT"
"GO:0055062","phosphate ion homeostasis",1.80723812974897,0.0922672373288902,"GO","FP_CTCDT"
"GO:0008217","regulation of blood pressure",-1.52081527535027,0.0923062279867583,"GO","FP_CTCDT"
"GO:0070371","ERK1 and ERK2 cascade",-1.5143722780195,0.0940931920108226,"GO","FP_CTCDT"
"GO:0006909","phagocytosis",-1.50057674556953,0.102244704223926,"GO","FP_CTCDT"
"GO:0140962","multicellular organismal-level chemical homeostasis",-1.49867954755026,0.102577633200624,"GO","FP_CTCDT"
"GO:0046685","response to arsenic-containing substance",-1.49727022698008,0.102587041403248,"GO","FP_CTCDT"
"GO:0019693","ribose phosphate metabolic process",-1.49393265421041,0.103243481767719,"GO","FP_CTCDT"
"GO:0038034","signal transduction in absence of ligand",-1.49484251776213,0.10353589783864,"GO","FP_CTCDT"
"GO:0071216","cellular response to biotic stimulus",-1.48722645562128,0.104312002751527,"GO","FP_CTCDT"
"GO:1903034","regulation of response to wounding",-1.48608186284567,0.104338442887651,"GO","FP_CTCDT"
"GO:0009612","response to mechanical stimulus",-1.487315462633,0.105257841963918,"GO","FP_CTCDT"
"GO:0045116","protein neddylation",-1.4875036005577,0.106213855998312,"GO","FP_CTCDT"
"GO:0021510","spinal cord development",1.81395468583696,0.106779048694492,"GO","FP_CTCDT"
"GO:0034976","response to endoplasmic reticulum stress",-1.47951788461094,0.107135235357086,"GO","FP_CTCDT"
"GO:0001963","synaptic transmission",-0.519339513128656,0.0511073253833049,"GO","FP_CTCDT"
"GO:0043086","negative regulation of catalytic activity",-1.47298187882424,0.10851800686242,"GO","FP_CTCDT"
"GO:0060004","reflex",1.77101601983354,0.108785776612588,"GO","FP_CTCDT"
"GO:0050878","regulation of body fluid levels",-1.4737852376645,0.108933222524537,"GO","FP_CTCDT"
"GO:0002040","sprouting angiogenesis",-1.47000306354949,0.109000723317632,"GO","FP_CTCDT"
"GO:0098743","cell aggregation",1.62874994074123,0.109419480165671,"GO","FP_CTCDT"
"GO:0031348","negative regulation of defense response",-1.45142129327316,0.109905734080061,"GO","FP_CTCDT"
"GO:2001057","reactive nitrogen species metabolic process",-1.45031486485533,0.10997983062075,"GO","FP_CTCDT"
"GO:0007187","G protein-coupled receptor signaling pathway",0.448860303111025,0.0115207373271889,"GO","FP_CTCDT"
"GO:0006090","pyruvate metabolic process",-1.45204646229925,0.110195439930965,"GO","FP_CTCDT"
"GO:0034341","response to type II interferon",-1.44874623163642,0.110457258158856,"GO","FP_CTCDT"
"GO:1903317","regulation of protein maturation",-1.45212287354095,0.111006253766687,"GO","FP_CTCDT"
"GO:0098742","cell-cell adhesion via plasma-membrane adhesion molecules",1.59334387861466,0.111260238105579,"GO","FP_CTCDT"
"GO:1903131","mononuclear cell differentiation",-1.45259760080695,0.111530600213013,"GO","FP_CTCDT"
"GO:0006399","tRNA metabolic process",-1.44573011567613,0.112070220164264,"GO","FP_CTCDT"
"GO:0032102","negative regulation of response to external stimulus",-1.45284772558603,0.112228842813519,"GO","FP_CTCDT"
"GO:0046530","photoreceptor cell differentiation",1.69228172885201,0.112587997931086,"GO","FP_CTCDT"
"GO:0031128","developmental induction",1.83410603878544,0.113221701484169,"GO","FP_CTCDT"
"GO:0031400","negative regulation of protein modification process",-1.45618329234862,0.11323665240954,"GO","FP_CTCDT"
"GO:0034394","protein localization to cell surface",1.58203289226504,0.113348442194786,"GO","FP_CTCDT"
"GO:0045165","cell fate commitment",1.61870079525692,0.113375326587947,"GO","FP_CTCDT"
"GO:0051703","biological process involved in intraspecies interaction between organisms",1.59576835015523,0.113409465499898,"GO","FP_CTCDT"
"GO:0048736","appendage development",1.63043501936732,0.113432936001864,"GO","FP_CTCDT"
"GO:0051047","positive regulation of secretion",-1.45755111596842,0.113925131744013,"GO","FP_CTCDT"
"GO:0015669","gas transport",-1.45337670508889,0.114614487636732,"GO","FP_CTCDT"
"GO:0022407","regulation of cell-cell adhesion",-1.44034404005991,0.115872859874002,"GO","FP_CTCDT"
"GO:2000027","regulation of animal organ morphogenesis",1.53529827210205,0.11610685587219,"GO","FP_CTCDT"
"GO:0002065","columnar/cuboidal epithelial cell differentiation",1.59774169826866,0.116162735922837,"GO","FP_CTCDT"
"GO:0006813","potassium ion transport",1.56897800405589,0.116482634351076,"GO","FP_CTCDT"
"GO:0098739","import across plasma membrane",1.64085750178262,0.116671865273177,"GO","FP_CTCDT"
"GO:0007215","glutamate receptor signaling pathway",1.50520468625458,0.116700858246194,"GO","FP_CTCDT"
"GO:0141060","disruption of anatomical structure in another organism",-1.43330396153536,0.116930636041935,"GO","FP_CTCDT"
"GO:0001667","ameboidal-type cell migration",-1.43358532921016,0.117465283716295,"GO","FP_CTCDT"
"GO:0042303","molting cycle",1.50678817066391,0.117792816447075,"GO","FP_CTCDT"
"GO:0070542","response to fatty acid",-1.43451900087524,0.118320926291651,"GO","FP_CTCDT"
"GO:0001578","microtubule bundle formation",1.53595038053395,0.118470879248874,"GO","FP_CTCDT"
"GO:0030323","respiratory tube development",1.54644581602496,0.118827979764598,"GO","FP_CTCDT"
"GO:0009582","detection of abiotic stimulus",1.50801362693872,0.119187998881903,"GO","FP_CTCDT"
"GO:0045785","positive regulation of cell adhesion",-1.43528649404267,0.119396791068918,"GO","FP_CTCDT"
"GO:0042908","xenobiotic transport",1.54205817174081,0.119636560258361,"GO","FP_CTCDT"
"GO:0060541","respiratory system development",1.69454717198828,0.120058018602277,"GO","FP_CTCDT"
"GO:0050953","sensory perception of light stimulus",1.54757477781732,0.120931761380013,"GO","FP_CTCDT"
"GO:0050808","synapse organization",1.50866780087009,0.120984570009436,"GO","FP_CTCDT"
"GO:0009566","fertilization",1.48908833873643,0.121302381942877,"GO","FP_CTCDT"
"GO:0015697","quaternary ammonium group transport",1.64862217544897,0.12206714691262,"GO","FP_CTCDT"
"GO:0090596","sensory organ morphogenesis",1.60123409258825,0.122146359856755,"GO","FP_CTCDT"
"GO:0048880","sensory system development",1.48242223734618,0.122538255475109,"GO","FP_CTCDT"
"GO:0043583","ear development",1.49256543462939,0.122866749273232,"GO","FP_CTCDT"
"GO:0035270","endocrine system development",1.66480943498262,0.122938489298109,"GO","FP_CTCDT"
"GO:1990806","ligand-gated ion channel signaling pathway",1.47904277771819,0.123113304071373,"GO","FP_CTCDT"
"GO:0007548","sex differentiation",1.54871533283417,0.123300605614157,"GO","FP_CTCDT"
"GO:0006814","sodium ion transport",1.64111463665913,0.12331125609404,"GO","FP_CTCDT"
"GO:0043331","response to dsRNA",1.60473070064822,0.123709954493167,"GO","FP_CTCDT"
"GO:0035590","purinergic nucleotide receptor signaling pathway",1.51229879263334,0.123709954493167,"GO","FP_CTCDT"
"GO:0061458","reproductive system development",1.52294878337258,0.124598189079993,"GO","FP_CTCDT"
"GO:0046717","acid secretion",1.51384912264764,0.124881846860897,"GO","FP_CTCDT"
"GO:0001570","vasculogenesis",-1.4215839735465,0.126057867236576,"GO","FP_CTCDT"
"GO:0035272","exocrine system development",1.51569211505075,0.126164616477441,"GO","FP_CTCDT"
"GO:0043410","positive regulation of MAPK cascade",-1.42172268385235,0.126843160325742,"GO","FP_CTCDT"
"GO:0097191","extrinsic apoptotic signaling pathway",-1.4179712528264,0.127663037461586,"GO","FP_CTCDT"
"GO:0030522","intracellular receptor signaling pathway",1.51584353202189,0.129010253574161,"GO","FP_CTCDT"
"GO:0010563","negative regulation of phosphorus metabolic process",-1.41329317623918,0.129437529011904,"GO","FP_CTCDT"
"GO:0031163","metallo-sulfur cluster assembly",-1.41068444186278,0.130135805237799,"GO","FP_CTCDT"
"GO:0060216","definitive hemopoiesis",1.45714499521607,0.130364702810801,"GO","FP_CTCDT"
"GO:0006413","translational initiation",-1.40840867327632,0.130468631290687,"GO","FP_CTCDT"
"GO:0046683","response to organophosphorus",-1.40915461303927,0.13062822132235,"GO","FP_CTCDT"
"GO:0051347","positive regulation of transferase activity",-1.4111838029117,0.130630752245824,"GO","FP_CTCDT"
"GO:0051249","regulation of lymphocyte activation",-1.4138274417097,0.130700075940296,"GO","FP_CTCDT"
"GO:0048705","skeletal system morphogenesis",1.46564321062913,0.130902030615186,"GO","FP_CTCDT"
"GO:0007530","sex determination",1.69535321655274,0.131556857620038,"GO","FP_CTCDT"
"GO:0006820","monoatomic anion transport",1.4596985568871,0.132403158494156,"GO","FP_CTCDT"
"GO:0033002","muscle cell proliferation",-1.40001764613907,0.133631910739676,"GO","FP_CTCDT"
"GO:0060037","pharyngeal system development",1.46075367312993,0.133804946946058,"GO","FP_CTCDT"
"GO:0009743","response to carbohydrate",-1.40049603153111,0.134014004672881,"GO","FP_CTCDT"
"GO:0030534","adult behavior",1.45128627729603,0.134286657541012,"GO","FP_CTCDT"
"GO:0055094","response to lipoprotein particle",-1.40289599464193,0.134365441010346,"GO","FP_CTCDT"
"GO:0043549","regulation of kinase activity",-1.40079940724852,0.134569854844358,"GO","FP_CTCDT"
"GO:0046631","alpha-beta T cell activation",-1.3976642875505,0.135177540874624,"GO","FP_CTCDT"
"GO:0051131","chaperone-mediated protein complex assembly",-1.39545369554925,0.135843899103927,"GO","FP_CTCDT"
"GO:0006414","translational elongation",-1.39590163871758,0.136142119766744,"GO","FP_CTCDT"
"GO:0071241","cellular response to inorganic substance",-1.39312992695799,0.136398938209273,"GO","FP_CTCDT"
"GO:0071496","cellular response to external stimulus",-1.39363187545594,0.136736077828456,"GO","FP_CTCDT"
"GO:0032637","interleukin-8 production",-1.38589627661561,0.139953074518551,"GO","FP_CTCDT"
"GO:0051051","negative regulation of transport",-1.38737079469545,0.140208515304021,"GO","FP_CTCDT"
"GO:0009581","detection of external stimulus",1.44305554785269,0.140336532300934,"GO","FP_CTCDT"
"GO:0035150","regulation of tube size",-1.38432162528138,0.140582641367886,"GO","FP_CTCDT"
"GO:1904019","epithelial cell apoptotic process",-1.381058307035,0.141218698797254,"GO","FP_CTCDT"
"GO:0032613","interleukin-10 production",-1.38177984774014,0.141382161651401,"GO","FP_CTCDT"
"GO:0015698","inorganic anion transport",1.69864460658096,0.142794533961378,"GO","FP_CTCDT"
"GO:0014074","response to purine-containing compound",-1.3782006154382,0.143136506711602,"GO","FP_CTCDT"
"GO:0098664","G protein-coupled serotonin receptor signaling pathway",1.70931998448322,0.145593391320828,"GO","FP_CTCDT"
"GO:0051090","regulation of DNA-binding transcription factor activity",-1.37045285759413,0.150740783241275,"GO","FP_CTCDT"
"GO:0055123","digestive system development",1.41959288873349,0.153588320302153,"GO","FP_CTCDT"
"GO:0006949","syncytium formation",1.42378617146445,0.153741992443624,"GO","FP_CTCDT"
"GO:0048732","gland development",1.42488930751707,0.15479141201043,"GO","FP_CTCDT"
"GO:0097164","ammonium ion metabolic process",1.41986372212018,0.155492746110775,"GO","FP_CTCDT"
"GO:0042176","regulation of protein catabolic process",-1.36306345307419,0.157040507774229,"GO","FP_CTCDT"
"GO:0051345","positive regulation of hydrolase activity",-1.35897103306933,0.159876904518964,"GO","FP_CTCDT"
"GO:0001763","morphogenesis of a branching structure",1.40880577404085,0.161273213824338,"GO","FP_CTCDT"
"GO:0198738","cell-cell signaling by wnt",1.40918629083689,0.162967430401188,"GO","FP_CTCDT"
"GO:0050803","regulation of synapse structure or activity",1.40200190457127,0.164222163436292,"GO","FP_CTCDT"
"GO:0048568","embryonic organ development",1.39249195161289,0.173067775628836,"GO","FP_CTCDT"
"GO:0140253","cell-cell fusion",1.39009808742227,0.173963970195704,"GO","FP_CTCDT"
"GO:0003205","cardiac chamber development",1.3787125450579,0.17810981591961,"GO","FP_CTCDT"
"GO:0042391","regulation of membrane potential",1.37940493017399,0.179528216588424,"GO","FP_CTCDT"
"GO:0055081","monoatomic anion homeostasis",1.37477427674614,0.180775530655102,"GO","FP_CTCDT"
"GO:0045454","cell redox homeostasis",-1.33829255011145,0.181485929519295,"GO","FP_CTCDT"
"GO:0045216","cell-cell junction organization",1.37226778722853,0.181544615484439,"GO","FP_CTCDT"
"GO:0048872","homeostasis of number of cells",-1.33569228063229,0.183879620415255,"GO","FP_CTCDT"
"GO:0006968","cellular defense response",-1.33225965889161,0.187595355523084,"GO","FP_CTCDT"
"GO:0060840","artery development",-1.33095099275658,0.188223637747051,"GO","FP_CTCDT"
"GO:0007200","phospholipase C-activating G protein-coupled receptor signaling pathway",1.3601027051542,0.192243291997637,"GO","FP_CTCDT"
"GO:0062012","regulation of small molecule metabolic process",-1.32540554534152,0.193410004214355,"GO","FP_CTCDT"
"GO:0006766","vitamin metabolic process",-1.32433767563773,0.193735250744997,"GO","FP_CTCDT"
"GO:0042692","muscle cell differentiation",1.35612121053174,0.194812262051271,"GO","FP_CTCDT"
"GO:0061842","microtubule organizing center localization",1.34934565763331,0.19690379839279,"GO","FP_CTCDT"
"GO:1904888","cranial skeletal system development",1.35052273119964,0.197686703854949,"GO","FP_CTCDT"
"GO:0060021","roof of mouth development",1.34674006766434,0.198306965211452,"GO","FP_CTCDT"
"GO:0006858","extracellular transport",1.350709711226,0.199609335272271,"GO","FP_CTCDT"
"GO:0038061","non-canonical NF-kappaB signal transduction",-1.31805461154135,0.201218444918804,"GO","FP_CTCDT"
"GO:0040013","negative regulation of locomotion",-1.31453118878483,0.20395212926364,"GO","FP_CTCDT"
"GO:0003007","heart morphogenesis",1.33581321838778,0.204497484885328,"GO","FP_CTCDT"
"GO:0061053","somite development",1.33093595362978,0.204653582514219,"GO","FP_CTCDT"
"GO:0044403","biological process involved in symbiotic interaction",-1.31136136628583,0.205178762018382,"GO","FP_CTCDT"
"GO:0070661","leukocyte proliferation",-1.31248504618086,0.205594986673584,"GO","FP_CTCDT"
"GO:0035988","chondrocyte proliferation",1.33334816491085,0.20566682051217,"GO","FP_CTCDT"
"GO:0061383","trabecula morphogenesis",1.33644018985698,0.205810560401291,"GO","FP_CTCDT"
"GO:0002009","morphogenesis of an epithelium",1.33779201656462,0.206311835021121,"GO","FP_CTCDT"
"GO:0048863","stem cell differentiation",1.32782694613983,0.206522694677204,"GO","FP_CTCDT"
"GO:0006081","cellular aldehyde metabolic process",-1.30594526875873,0.210859986708065,"GO","FP_CTCDT"
"GO:1901654","response to ketone",-1.30504499202729,0.211318619140544,"GO","FP_CTCDT"
"GO:0071402","cellular response to lipoprotein particle stimulus",-1.30303754666325,0.212385809588398,"GO","FP_CTCDT"
"GO:0045229","external encapsulating structure organization",-1.30326004938996,0.213165497859526,"GO","FP_CTCDT"
"GO:0106030","neuron projection fasciculation",1.3161349217969,0.213694778547492,"GO","FP_CTCDT"
"GO:0043588","skin development",1.31711155189583,0.214492966987096,"GO","FP_CTCDT"
"GO:0031016","pancreas development",1.3184675133079,0.214736785997718,"GO","FP_CTCDT"
"GO:0060485","mesenchyme development",1.3195441903367,0.215382395496344,"GO","FP_CTCDT"
"GO:0070585","protein localization to mitochondrion",-1.29869576058814,0.216440789456034,"GO","FP_CTCDT"
"GO:0007204","positive regulation of cytosolic calcium ion concentration",-1.29717234043682,0.217573234231131,"GO","FP_CTCDT"
"GO:0017145","stem cell division",1.30544258873019,0.220349486410703,"GO","FP_CTCDT"
"GO:0060348","bone development",1.30666737536744,0.223027090864859,"GO","FP_CTCDT"
"GO:0007389","pattern specification process",1.30180310005681,0.223561137586715,"GO","FP_CTCDT"
"GO:0016485","protein processing",-1.28983210617516,0.227680879289905,"GO","FP_CTCDT"
"GO:0042180","cellular ketone metabolic process",-1.28386624204226,0.234880106261108,"GO","FP_CTCDT"
"GO:0043062","extracellular structure organization",-1.28388387068063,0.236029299773344,"GO","FP_CTCDT"
"GO:0032615","interleukin-12 production",-1.27814666386603,0.241590906397832,"GO","FP_CTCDT"
"GO:1903008","organelle disassembly",-1.27686100492914,0.242592126742816,"GO","FP_CTCDT"
"GO:1901616","organic hydroxy compound catabolic process",-1.27596986331273,0.242915917764941,"GO","FP_CTCDT"
"GO:0035265","organ growth",1.28615849804447,0.245231539792152,"GO","FP_CTCDT"
"GO:0002832","negative regulation of response to biotic stimulus",1.27657197935819,0.250991871560389,"GO","FP_CTCDT"
"GO:0010721","negative regulation of cell development",1.2751158699483,0.251327950751941,"GO","FP_CTCDT"
"GO:0032606","type I interferon production",1.27723145154672,0.252339613029461,"GO","FP_CTCDT"
"GO:0072337","modified amino acid transport",1.27798766471646,0.253608161943831,"GO","FP_CTCDT"
"GO:0048706","embryonic skeletal system development",1.26648981763363,0.259195679134291,"GO","FP_CTCDT"
"GO:0042063","gliogenesis",1.26795972980138,0.261152569507378,"GO","FP_CTCDT"
"GO:0098727","maintenance of cell number",1.26654067184218,0.261383429016876,"GO","FP_CTCDT"
"GO:0042476","odontogenesis",1.25947595218916,0.261772376052718,"GO","FP_CTCDT"
"GO:0072001","renal system development",1.2612769312556,0.2630406782204,"GO","FP_CTCDT"
"GO:0033687","osteoblast proliferation",1.25509442052075,0.264368656046838,"GO","FP_CTCDT"
"GO:0140546","defense response to symbiont",1.25374491408176,0.26455835325865,"GO","FP_CTCDT"
"GO:0010876","lipid localization",-1.25714180246708,0.265023476227624,"GO","FP_CTCDT"
"GO:0030856","regulation of epithelial cell differentiation",-1.25502574656303,0.267661332811306,"GO","FP_CTCDT"
"GO:0018212","peptidyl-tyrosine modification",-1.25362582871564,0.269001703434644,"GO","FP_CTCDT"
"GO:0016358","dendrite development",1.24888104681907,0.270162134114368,"GO","FP_CTCDT"
"GO:0001701","in utero embryonic development",-1.25155950967099,0.271497797946269,"GO","FP_CTCDT"
"GO:0010463","mesenchymal cell proliferation",1.24645771617526,0.271721944305157,"GO","FP_CTCDT"
"GO:0002437","inflammatory response to antigenic stimulus",-1.24657208744855,0.275588593944443,"GO","FP_CTCDT"
"GO:0060976","coronary vasculature development",1.23964986483376,0.280831261881354,"GO","FP_CTCDT"
"GO:0042430","indole-containing compound metabolic process",1.23585402201305,0.285296333473037,"GO","FP_CTCDT"
"GO:0003014","renal system process",-1.23843385565024,0.287964818474766,"GO","FP_CTCDT"
"GO:0097035","regulation of membrane lipid distribution",1.23213080328115,0.289364884926542,"GO","FP_CTCDT"
"GO:0023061","signal release",-1.22924661853003,0.304251525596965,"GO","FP_CTCDT"
"GO:0071706","tumor necrosis factor superfamily cytokine production",-1.22817442841447,0.304981105807714,"GO","FP_CTCDT"
"GO:0048771","tissue remodeling",-1.22638768559699,0.305689730691754,"GO","FP_CTCDT"
"GO:0033622","integrin activation",-1.22646479082371,0.306912285928427,"GO","FP_CTCDT"
"GO:0002251","organ or tissue specific immune response",1.22105025601701,0.307920977630627,"GO","FP_CTCDT"
"GO:0061448","connective tissue development",-1.22142724351748,0.310116872412422,"GO","FP_CTCDT"
"GO:0035148","tube formation",1.21465729381195,0.31095309234064,"GO","FP_CTCDT"
"GO:0070849","response to epidermal growth factor",1.21531662474236,0.311926171651646,"GO","FP_CTCDT"
"GO:0006887","exocytosis",-1.21761222612164,0.315000715764211,"GO","FP_CTCDT"
"GO:0036119","response to platelet-derived growth factor",-1.21657508810809,0.315804326400619,"GO","FP_CTCDT"
"GO:0072089","stem cell proliferation",1.19673452658415,0.316678159129715,"GO","FP_CTCDT"
"GO:0043269","regulation of monoatomic ion transport",1.20963222453857,0.318251599315493,"GO","FP_CTCDT"
"GO:0015837","amine transport",1.20037627823025,0.31828876628865,"GO","FP_CTCDT"
"GO:0034340","response to type I interferon",-1.21261973821959,0.31849349148688,"GO","FP_CTCDT"
"GO:0035249","synaptic transmission",0.280834496789677,0.112582781456954,"GO","FP_CTCDT"
"GO:0007219","Notch signaling pathway",1.20314820734126,0.319751312223251,"GO","FP_CTCDT"
"GO:0051180","vitamin transport",1.20419354692201,0.320057030744793,"GO","FP_CTCDT"
"GO:0043491","phosphatidylinositol 3-kinase/protein kinase B signal transduction",1.20061272749578,0.320060743469896,"GO","FP_CTCDT"
"GO:0031214","biomineral tissue development",1.20524688069364,0.320154435934958,"GO","FP_CTCDT"
"GO:0015844","monoamine transport",1.20694339281849,0.321292395513493,"GO","FP_CTCDT"
"GO:0071772","response to BMP",1.17993057379965,0.339421695140727,"GO","FP_CTCDT"
"GO:0009615","response to virus",1.18001595952551,0.341507069446802,"GO","FP_CTCDT"
"GO:0072348","sulfur compound transport",1.17358025341464,0.341769325224925,"GO","FP_CTCDT"
"GO:0097722","sperm motility",1.17438073966699,0.342453400086073,"GO","FP_CTCDT"
"GO:0006836","neurotransmitter transport",1.18050082587144,0.342897417877629,"GO","FP_CTCDT"
"GO:0032355","response to estradiol",1.17512567126533,0.343047600041042,"GO","FP_CTCDT"
"GO:0007009","plasma membrane organization",1.17634981605285,0.344943187993318,"GO","FP_CTCDT"
"GO:0050906","detection of stimulus involved in sensory perception",1.17097604856494,0.345001130549169,"GO","FP_CTCDT"
"GO:0048144","fibroblast proliferation",-1.19633647472845,0.346920337176421,"GO","FP_CTCDT"
"GO:0070670","response to interleukin-4",-1.19544475447246,0.347300950047487,"GO","FP_CTCDT"
"GO:0003018","vascular process in circulatory system",-1.19326157386806,0.349100921403566,"GO","FP_CTCDT"
"GO:0070269","pyroptosis",1.16570102662481,0.352379031083545,"GO","FP_CTCDT"
"GO:0034109","homotypic cell-cell adhesion",-1.18964476871688,0.355716506657678,"GO","FP_CTCDT"
"GO:0007162","negative regulation of cell adhesion",1.16104804335349,0.35793623422525,"GO","FP_CTCDT"
"GO:0070741","response to interleukin-6",1.15660181842401,0.361064191507226,"GO","FP_CTCDT"
"GO:0002064","epithelial cell development",1.15753307634698,0.361133270220143,"GO","FP_CTCDT"
"GO:0030099","myeloid cell differentiation",-1.18325047361286,0.366769524041286,"GO","FP_CTCDT"
"GO:0023058","adaptation of signaling pathway",1.15179984913242,0.369806349813694,"GO","FP_CTCDT"
"GO:0097305","response to alcohol",-1.18051682659615,0.369991604588221,"GO","FP_CTCDT"
"GO:0032963","collagen metabolic process",1.1438026423512,0.382923909872547,"GO","FP_CTCDT"
"GO:0048645","animal organ formation",1.14383014580508,0.385192505501112,"GO","FP_CTCDT"
"GO:0003015","heart process",1.14035754081859,0.386154197062706,"GO","FP_CTCDT"
"GO:0150146","cell junction disassembly",-1.16829934167428,0.396755844346884,"GO","FP_CTCDT"
"GO:0071559","response to transforming growth factor beta",1.12870434791104,0.404779060288369,"GO","FP_CTCDT"
"GO:0045861","negative regulation of proteolysis",-1.16199649167261,0.405604720908608,"GO","FP_CTCDT"
"GO:0050890","cognition",-1.16318813161788,0.405965067676954,"GO","FP_CTCDT"
"GO:0014812","muscle cell migration",-1.16238932330751,0.406301817133997,"GO","FP_CTCDT"
"GO:0032612","interleukin-1 production",-1.15863100520679,0.407371586020417,"GO","FP_CTCDT"
"GO:0071774","response to fibroblast growth factor",-1.15883220066343,0.408472331713409,"GO","FP_CTCDT"
"GO:0019216","regulation of lipid metabolic process",-1.1561977307216,0.411746705872698,"GO","FP_CTCDT"
"GO:0044331","cell-cell adhesion mediated by cadherin",1.11698781224628,0.413860937032263,"GO","FP_CTCDT"
"GO:0007606","sensory perception of chemical stimulus",1.11488432397825,0.414892295639261,"GO","FP_CTCDT"
"GO:1904645","response to amyloid-beta",-1.15344694705017,0.415304044900939,"GO","FP_CTCDT"
"GO:0071806","protein transmembrane transport",-1.152232248487,0.4166912407057,"GO","FP_CTCDT"
"GO:0030048","actin filament-based movement",1.11493011770062,0.417032648131107,"GO","FP_CTCDT"
"GO:0002532","production of molecular mediator involved in inflammatory response",-1.14848162776162,0.424207812625419,"GO","FP_CTCDT"
"GO:1903706","regulation of hemopoiesis",-1.14380772278097,0.431246020306131,"GO","FP_CTCDT"
"GO:0001818","negative regulation of cytokine production",-1.14232947493513,0.433504723280012,"GO","FP_CTCDT"
"GO:0003012","muscle system process",-1.14150654415697,0.433951267028448,"GO","FP_CTCDT"
"GO:0001945","lymph vessel development",-1.14021804388569,0.435424044653883,"GO","FP_CTCDT"
"GO:0007205","protein kinase C-activating G protein-coupled receptor signaling pathway",-1.13417674211672,0.444084319948693,"GO","FP_CTCDT"
"GO:0019882","antigen processing and presentation",-1.12820829975431,0.452387832754751,"GO","FP_CTCDT"
"GO:0002520","immune system development",1.09241541567915,0.45984630914199,"GO","FP_CTCDT"
"GO:0072594","establishment of protein localization to organelle",-1.12258027256446,0.463569487948525,"GO","FP_CTCDT"
"GO:1902742","apoptotic process involved in development",1.08863039394724,0.467552516736599,"GO","FP_CTCDT"
"GO:0050673","epithelial cell proliferation",-1.1185825315223,0.472593306264195,"GO","FP_CTCDT"
"GO:0048284","organelle fusion",-1.11636804076105,0.47298797867818,"GO","FP_CTCDT"
"GO:0048483","autonomic nervous system development",1.08473360718448,0.473399778890576,"GO","FP_CTCDT"
"GO:0071604","transforming growth factor beta production",-1.11547724685087,0.473576007964395,"GO","FP_CTCDT"
"GO:0001539","cilium or flagellum-dependent cell motility",1.07917542082706,0.473733615545882,"GO","FP_CTCDT"
"GO:0007517","muscle organ development",-1.11706225910906,0.474610356019101,"GO","FP_CTCDT"
"GO:0030431","sleep",-1.11429017890797,0.475131458757513,"GO","FP_CTCDT"
"GO:0008544","epidermis development",1.08488938135216,0.475417746650328,"GO","FP_CTCDT"
"GO:0043627","response to estrogen",1.07346067618313,0.48262228899251,"GO","FP_CTCDT"
"GO:0042044","fluid transport",-1.10878130791075,0.486317493838062,"GO","FP_CTCDT"
"GO:0007369","gastrulation",1.06985363586265,0.490152358162754,"GO","FP_CTCDT"
"GO:0015849","organic acid transport",-1.0973558279972,0.513745880475603,"GO","FP_CTCDT"
"GO:0007178","transmembrane receptor protein serine/threonine kinase signaling pathway",1.05927361960889,0.515241570657445,"GO","FP_CTCDT"
"GO:0002764","immune response-regulating signaling pathway",-1.09547819612511,0.516999029680106,"GO","FP_CTCDT"
"GO:0045103","intermediate filament-based process",1.0535221284898,0.519533327370375,"GO","FP_CTCDT"
"GO:0060537","muscle tissue development",-1.09361669174951,0.520168752266193,"GO","FP_CTCDT"
"GO:1903513","endoplasmic reticulum to cytosol transport",-1.09290113711808,0.520368786328726,"GO","FP_CTCDT"
"GO:0032526","response to retinoic acid",1.0511465523545,0.521544059459274,"GO","FP_CTCDT"
"GO:0010927","cellular component assembly involved in morphogenesis",1.0551806613492,0.52227064731944,"GO","FP_CTCDT"
"GO:0045088","regulation of innate immune response",-1.08940181008397,0.522429454828163,"GO","FP_CTCDT"
"GO:0070972","protein localization to endoplasmic reticulum",-1.0883974005649,0.523547659575195,"GO","FP_CTCDT"
"GO:0043161","proteasome-mediated ubiquitin-dependent protein catabolic process",-1.08455957081249,0.525242948923621,"GO","FP_CTCDT"
"GO:0060759","regulation of response to cytokine stimulus",-1.08511294724796,0.525516859105579,"GO","FP_CTCDT"
"GO:0035456","response to interferon-beta",-1.08628492055009,0.52757050564903,"GO","FP_CTCDT"
"GO:0051932","synaptic transmission",0.276569510463232,0.372549019607843,"GO","FP_CTCDT"
"GO:0034694","response to prostaglandin",1.04377536919754,0.533122362036222,"GO","FP_CTCDT"
"GO:0007498","mesoderm development",1.04257935992816,0.534203252873841,"GO","FP_CTCDT"
"GO:0009593","detection of chemical stimulus",-1.07989998933307,0.534670887491087,"GO","FP_CTCDT"
"GO:0006925","inflammatory cell apoptotic process",1.04141537229982,0.535168518204116,"GO","FP_CTCDT"
"GO:0048013","ephrin receptor signaling pathway",1.03845928728498,0.541393095419651,"GO","FP_CTCDT"
"GO:0007218","neuropeptide signaling pathway",-1.07506349174304,0.546602398207248,"GO","FP_CTCDT"
"GO:0032069","regulation of nuclease activity",-1.07385617836431,0.548118676784101,"GO","FP_CTCDT"
"GO:0003170","heart valve development",-1.07057743142511,0.5484412781315,"GO","FP_CTCDT"
"GO:0002683","negative regulation of immune system process",-1.07080086351896,0.549655208723739,"GO","FP_CTCDT"
"GO:0034698","response to gonadotropin",-1.07230808410059,0.550934261004572,"GO","FP_CTCDT"
"GO:0060249","anatomical structure homeostasis",-1.06654447171633,0.556272222821229,"GO","FP_CTCDT"
"GO:0019755","one-carbon compound transport",-1.06565650833198,0.556941849350037,"GO","FP_CTCDT"
"GO:0097006","regulation of plasma lipoprotein particle levels",-1.06503627278222,0.557063632359585,"GO","FP_CTCDT"
"GO:0098926","postsynaptic signal transduction",1.03256489717685,0.557066119718444,"GO","FP_CTCDT"
"GO:0033627","cell adhesion mediated by integrin",-1.06674915427618,0.557423904841768,"GO","FP_CTCDT"
"GO:0007398","ectoderm development",1.02967838779305,0.560914058599363,"GO","FP_CTCDT"
"GO:0031579","membrane raft organization",1.02779641945956,0.561809599533715,"GO","FP_CTCDT"
"GO:0010586","miRNA metabolic process",1.02686278777881,0.562097893304623,"GO","FP_CTCDT"
"GO:0002833","positive regulation of response to biotic stimulus",-1.05812334591949,0.566036161044309,"GO","FP_CTCDT"
"GO:0090077","foam cell differentiation",-1.05866970007888,0.566252523529784,"GO","FP_CTCDT"
"GO:0099072","regulation of postsynaptic membrane neurotransmitter receptor levels",-1.05300256214276,0.57362107577737,"GO","FP_CTCDT"
"GO:0033028","myeloid cell apoptotic process",1.02060422972103,0.576371688520556,"GO","FP_CTCDT"
"GO:0090287","regulation of cellular response to growth factor stimulus",-1.04185099695425,0.597975032653812,"GO","FP_CTCDT"
"GO:0042092","type 2 immune response",-1.03644106071413,0.609931951440197,"GO","FP_CTCDT"
"GO:0031589","cell-substrate adhesion",-1.03500076941587,0.612219884028028,"GO","FP_CTCDT"
"GO:0001503","ossification",-1.02393717305274,0.626816186902571,"GO","FP_CTCDT"
"GO:0050866","negative regulation of cell activation",-1.02416669072478,0.629829174107941,"GO","FP_CTCDT"
"GO:0009595","detection of biotic stimulus",-1.02214163259539,0.630177910543304,"GO","FP_CTCDT"
"GO:0104004","cellular response to environmental stimulus",-1.02501173287907,0.631201410099472,"GO","FP_CTCDT"
"GO:0099565","chemical synaptic transmission",0.237428721445427,0.441935483870968,"GO","FP_CTCDT"
"GO:0046629","gamma-delta T cell activation",0.997685106510124,0.636552463839071,"GO","FP_CTCDT"
"GO:0035051","cardiocyte differentiation",-1.0154222347446,0.643552183073144,"GO","FP_CTCDT"
"GO:0042113","B cell activation",-1.00656924387171,0.657918996392517,"GO","FP_CTCDT"
"GO:0006066","alcohol metabolic process",-1.00842573859649,0.658201434431082,"GO","FP_CTCDT"
"GO:0006040","amino sugar metabolic process",-1.00490190571568,0.658974513335952,"GO","FP_CTCDT"
"GO:0099177","regulation of trans-synaptic signaling",-0.993915790276835,0.680680824436814,"GO","FP_CTCDT"
"GO:0043462","regulation of ATP-dependent activity",0.978421091840234,0.686007017404733,"GO","FP_CTCDT"
"GO:0034367","protein-containing complex remodeling",0.975335623697619,0.693341501871063,"GO","FP_CTCDT"
"GO:0032620","interleukin-17 production",-0.983541253498148,0.699481463315437,"GO","FP_CTCDT"
"GO:0016032","viral process",-0.980765739592476,0.699951971468569,"GO","FP_CTCDT"
"GO:0010720","positive regulation of cell development",-0.982143836242579,0.701690115282113,"GO","FP_CTCDT"
"GO:0036314","response to sterol",0.965334809064867,0.714653901126452,"GO","FP_CTCDT"
"GO:0000959","mitochondrial RNA metabolic process",-0.970850231008825,0.716489918710631,"GO","FP_CTCDT"
"GO:0006984","ER-nucleus signaling pathway",-0.96679567712067,0.726000055016414,"GO","FP_CTCDT"
"GO:0035329","hippo signaling",0.959575447440333,0.726999380311311,"GO","FP_CTCDT"
"GO:0007229","integrin-mediated signaling pathway",-0.963814422579803,0.72881792066527,"GO","FP_CTCDT"
"GO:0097242","amyloid-beta clearance",0.957689248758339,0.73005778715428,"GO","FP_CTCDT"
"GO:0032616","interleukin-13 production",-0.961388168765388,0.733812724914381,"GO","FP_CTCDT"
"GO:0002209","behavioral defense response",-0.943303499218484,0.772785990387444,"GO","FP_CTCDT"
"GO:0010171","body morphogenesis",-0.93935387333572,0.779614317660641,"GO","FP_CTCDT"
"GO:0010324","membrane invagination",-0.936999034543236,0.781916204972096,"GO","FP_CTCDT"
"GO:0007249","canonical NF-kappaB signal transduction",-0.932744289030306,0.791900846197758,"GO","FP_CTCDT"
"GO:0002396","MHC protein complex assembly",0.925504014526222,0.795240801543835,"GO","FP_CTCDT"
"GO:0061008","hepaticobiliary system development",-0.924330013488333,0.80694919961388,"GO","FP_CTCDT"
"GO:0106027","neuron projection organization",0.918289875902704,0.813967459890118,"GO","FP_CTCDT"
"GO:0070841","inclusion body assembly",-0.921019210880089,0.814229648522437,"GO","FP_CTCDT"
"GO:0042490","mechanoreceptor differentiation",0.906678007229927,0.826580747064751,"GO","FP_CTCDT"
"GO:0031032","actomyosin structure organization",0.903932298459297,0.828128585837238,"GO","FP_CTCDT"
"GO:0044843","cell cycle G1/S phase transition",-0.913486378191019,0.830772801332465,"GO","FP_CTCDT"
"GO:0150115","cell-substrate junction organization",0.898347920312026,0.834152499358989,"GO","FP_CTCDT"
"GO:0071825","protein-lipid complex organization",0.889773077871917,0.844181664820639,"GO","FP_CTCDT"
"GO:0006907","pinocytosis",0.862590266409056,0.887430278917445,"GO","FP_CTCDT"
"GO:0002347","response to tumor cell",0.859029587327625,0.891964909688078,"GO","FP_CTCDT"
"GO:0018149","peptide cross-linking",0.845644108491973,0.909348924027969,"GO","FP_CTCDT"
"GO:0032495","response to muramyl dipeptide",0.83647753244588,0.913681290124602,"GO","FP_CTCDT"
"GO:0099003","vesicle-mediated transport in synapse",0.838035982725375,0.917344816400526,"GO","FP_CTCDT"
"GO:0051450","myoblast proliferation",-0.852886008846246,0.935348720478994,"GO","FP_CTCDT"
"GO:0030865","cortical cytoskeleton organization",-0.851429301659805,0.936448107424751,"GO","FP_CTCDT"
"GO:0044346","fibroblast apoptotic process",-0.844172484409912,0.946571114928904,"GO","FP_CTCDT"
"GO:0097194","execution phase of apoptosis",-0.845722141619616,0.947582619750299,"GO","FP_CTCDT"
"GO:0007271","synaptic transmission",-0.287866613038381,0.66006600660066,"GO","FP_CTCDT"
"GO:0098781","ncRNA transcription",-0.837191999622549,0.951173013396541,"GO","FP_CTCDT"
"GO:0006929","substrate-dependent cell migration",0.790066647637724,0.952138521666264,"GO","FP_CTCDT"
"GO:0070050","neuron cellular homeostasis",0.794247182828195,0.953408069687248,"GO","FP_CTCDT"
"GO:0002269","leukocyte activation involved in inflammatory response",-0.818150543672423,0.96869250192525,"GO","FP_CTCDT"
"GO:0006022","aminoglycan metabolic process",-0.823933763451552,0.970214268491373,"GO","FP_CTCDT"
"GO:0035640","exploration behavior",-0.824668832731844,0.970982088798922,"GO","FP_CTCDT"
"GO:0009112","nucleobase metabolic process",0.70366792749707,0.980164721922134,"GO","FP_CTCDT"
"GO:0071887","leukocyte apoptotic process",-0.798792819619749,0.986398184166006,"GO","FP_CTCDT"
"GO:0030101","natural killer cell activation",-0.799936197449666,0.988975248909436,"GO","FP_CTCDT"
"GO:0002244","hematopoietic progenitor cell differentiation",-0.789519836593056,0.990994498312822,"GO","FP_CTCDT"
"GO:0048499","synaptic vesicle membrane organization",-0.793940125038634,0.992445926173798,"GO","FP_CTCDT"
"GO:0009299","mRNA transcription",0.663272629602524,0.992791469621121,"GO","FP_CTCDT"
"GO:0051648","vesicle localization",0.61928985795472,0.993125063275372,"GO","FP_CTCDT"
"GO:0043171","peptide catabolic process",-0.778723444088182,0.996746159653866,"GO","FP_CTCDT"
"GO:0007274","neuromuscular synaptic transmission",-0.770335180004721,1,"GO","FP_CTCDT"
"GO:1990089","response to nerve growth factor",-0.772399209142929,1,"GO","FP_CTCDT"
"GO:0007214","gamma-aminobutyric acid signaling pathway",-0.717832251516142,1,"GO","FP_CTCDT"
"GO:0031503","protein-containing complex localization",-0.621390020239667,1,"GO","FP_CTCDT"
"GO:0007029","endoplasmic reticulum organization",-0.547105219866844,1,"GO","FP_CTCDT"
"GO:0015980","energy derivation by oxidation of organic compounds",-2.26002153285112,0,"GO","FP_noCTC"
"GO:0022613","ribonucleoprotein complex biogenesis",-2.28458804429855,0,"GO","FP_noCTC"
"GO:0022900","electron transport chain",-2.46710098376762,0,"GO","FP_noCTC"
"GO:0010257","NADH dehydrogenase complex assembly",-2.51746641411927,0,"GO","FP_noCTC"
"GO:0002181","cytoplasmic translation",-2.96530059756101,0,"GO","FP_noCTC"
"GO:0140053","mitochondrial gene expression",-2.09733775232477,0.000891925459173956,"GO","FP_noCTC"
"GO:0002764","immune response-regulating signaling pathway",2.14025784905792,0.00237660630058064,"GO","FP_noCTC"
"GO:0002833","positive regulation of response to biotic stimulus",2.01686253837317,0.00302477165528445,"GO","FP_noCTC"
"GO:0002832","negative regulation of response to biotic stimulus",1.99807194304387,0.00326783366329838,"GO","FP_noCTC"
"GO:0140546","defense response to symbiont",2.01822684183698,0.00332724882081289,"GO","FP_noCTC"
"GO:0019882","antigen processing and presentation",1.99141266594033,0.00347350151623324,"GO","FP_noCTC"
"GO:0046629","gamma-delta T cell activation",2.01986908787663,0.00369694313423655,"GO","FP_noCTC"
"GO:0032606","type I interferon production",2.05572561217473,0.00380257008092902,"GO","FP_noCTC"
"GO:0002396","MHC protein complex assembly",2.03836864606398,0.00390442463666819,"GO","FP_noCTC"
"GO:0009615","response to virus",1.98117562903412,0.0039893034331175,"GO","FP_noCTC"
"GO:0002269","leukocyte activation involved in inflammatory response",2.04324695926982,0.00415906102601612,"GO","FP_noCTC"
"GO:0001655","urogenital system development",2.02032170342453,0.00415906102601612,"GO","FP_noCTC"
"GO:0002250","adaptive immune response",1.96322251426379,0.00427789134104515,"GO","FP_noCTC"
"GO:0071706","tumor necrosis factor superfamily cytokine production",2.06138210394203,0.0044561368135887,"GO","FP_noCTC"
"GO:0001818","negative regulation of cytokine production",1.9567030853964,0.00482748154805442,"GO","FP_noCTC"
"GO:0032612","interleukin-1 production",1.93641027395851,0.0058754989097688,"GO","FP_noCTC"
"GO:0070269","pyroptosis",2.07616860872552,0.0059415157514516,"GO","FP_noCTC"
"GO:0035590","purinergic nucleotide receptor signaling pathway",2.06182480965851,0.0059415157514516,"GO","FP_noCTC"
"GO:0045088","regulation of innate immune response",1.93017882329402,0.00606660029358742,"GO","FP_noCTC"
"GO:0043331","response to dsRNA",1.93700884585242,0.00622111649269638,"GO","FP_noCTC"
"GO:0002443","leukocyte mediated immunity",1.91557695190814,0.00662054612304606,"GO","FP_noCTC"
"GO:0002683","negative regulation of immune system process",1.90393936366076,0.00668420522038305,"GO","FP_noCTC"
"GO:0006882","intracellular zinc ion homeostasis",-1.97584749106452,0.00688056782791338,"GO","FP_noCTC"
"GO:0006949","syncytium formation",1.91686885773312,0.00689215827168385,"GO","FP_noCTC"
"GO:0070661","leukocyte proliferation",1.90509577663957,0.00692315748430012,"GO","FP_noCTC"
"GO:0140253","cell-cell fusion",1.89071054236835,0.0070384109671042,"GO","FP_noCTC"
"GO:0050866","negative regulation of cell activation",1.90622069694279,0.00712981890174192,"GO","FP_noCTC"
"GO:0007162","negative regulation of cell adhesion",1.885067657076,0.00726185258510751,"GO","FP_noCTC"
"GO:0001906","cell killing",1.89074414348099,0.00731994740578837,"GO","FP_noCTC"
"GO:0032637","interleukin-8 production",1.85106036943793,0.0103552131668156,"GO","FP_noCTC"
"GO:0016072","rRNA metabolic process",-1.9244232745915,0.0112764861624136,"GO","FP_noCTC"
"GO:0015698","inorganic anion transport",1.83470458032238,0.0118420555322035,"GO","FP_noCTC"
"GO:0140115","export across plasma membrane",1.83022246635714,0.0120414719229419,"GO","FP_noCTC"
"GO:0033627","cell adhesion mediated by integrin",1.82638396421998,0.0123046874594578,"GO","FP_noCTC"
"GO:0034470","ncRNA processing",-1.88623994543858,0.0125101233234789,"GO","FP_noCTC"
"GO:0060541","respiratory system development",1.81893043922309,0.0125885864983881,"GO","FP_noCTC"
"GO:0009141","nucleoside triphosphate metabolic process",-1.89279211119898,0.012843726612105,"GO","FP_noCTC"
"GO:0007005","mitochondrion organization",-1.90208856006275,0.0129966281193919,"GO","FP_noCTC"
"GO:0002347","response to tumor cell",1.80631711945784,0.0139715643125044,"GO","FP_noCTC"
"GO:0006749","glutathione metabolic process",-1.85859477959096,0.014584451464295,"GO","FP_noCTC"
"GO:1902600","proton transmembrane transport",-1.85112091328739,0.0149625046416529,"GO","FP_noCTC"
"GO:0072522","purine-containing compound biosynthetic process",-1.86180525534052,0.0150990238445877,"GO","FP_noCTC"
"GO:0032635","interleukin-6 production",1.79300261184851,0.0151178567453602,"GO","FP_noCTC"
"GO:0032615","interleukin-12 production",1.79743803514841,0.0152382403978406,"GO","FP_noCTC"
"GO:0002274","myeloid leukocyte activation",1.79458947041759,0.0153121348794553,"GO","FP_noCTC"
"GO:0015697","quaternary ammonium group transport",1.78689393409481,0.0154479409537742,"GO","FP_noCTC"
"GO:0030522","intracellular receptor signaling pathway",1.78705433370045,0.0158333365700845,"GO","FP_noCTC"
"GO:0046631","alpha-beta T cell activation",1.77594283683003,0.0168739047341225,"GO","FP_noCTC"
"GO:0055062","phosphate ion homeostasis",1.77814485980389,0.0169409372195235,"GO","FP_noCTC"
"GO:0060216","definitive hemopoiesis",1.75818830034063,0.0193026804413013,"GO","FP_noCTC"
"GO:0050953","sensory perception of light stimulus",1.74842136111716,0.0207670121979308,"GO","FP_noCTC"
"GO:0090596","sensory organ morphogenesis",1.74227891365909,0.0213894567052257,"GO","FP_noCTC"
"GO:0051180","vitamin transport",1.74376429348039,0.0215829014041102,"GO","FP_noCTC"
"GO:0031163","metallo-sulfur cluster assembly",-1.81347178951114,0.0219668498802271,"GO","FP_noCTC"
"GO:0009595","detection of biotic stimulus",1.72961132646093,0.0221816588054193,"GO","FP_noCTC"
"GO:0050867","positive regulation of cell activation",1.73459302208624,0.0222161023749929,"GO","FP_noCTC"
"GO:0071887","leukocyte apoptotic process",1.73552462965236,0.0224985396454967,"GO","FP_noCTC"
"GO:0002697","regulation of immune effector process",1.73016645623466,0.0225777598555161,"GO","FP_noCTC"
"GO:0017004","cytochrome complex assembly",-1.80484180891838,0.0231741346981805,"GO","FP_noCTC"
"GO:0032613","interleukin-10 production",1.72001289707366,0.0234398621410208,"GO","FP_noCTC"
"GO:0006814","sodium ion transport",1.72102669766618,0.0235284023757483,"GO","FP_noCTC"
"GO:0045165","cell fate commitment",1.7218889783859,0.0237660630058064,"GO","FP_noCTC"
"GO:0007229","integrin-mediated signaling pathway",1.70548224023973,0.0238685029325556,"GO","FP_noCTC"
"GO:0045785","positive regulation of cell adhesion",1.70600664556293,0.0242455537506604,"GO","FP_noCTC"
"GO:1901293","nucleoside phosphate biosynthetic process",-1.79144230767755,0.0243792958840881,"GO","FP_noCTC"
"GO:0003205","cardiac chamber development",1.71360912978301,0.024383066564611,"GO","FP_noCTC"
"GO:0048705","skeletal system morphogenesis",1.70826109306196,0.0244790448959806,"GO","FP_noCTC"
"GO:0032623","interleukin-2 production",1.7062453050291,0.0245724115720748,"GO","FP_noCTC"
"GO:0034341","response to type II interferon",1.69892027008853,0.0245780701585048,"GO","FP_noCTC"
"GO:0060759","regulation of response to cytokine stimulus",1.71072340609052,0.0247077372003761,"GO","FP_noCTC"
"GO:0043583","ear development",1.69977871684353,0.0247932403052099,"GO","FP_noCTC"
"GO:0030323","respiratory tube development",1.70836186284067,0.0249103549283082,"GO","FP_noCTC"
"GO:0071826","protein-RNA complex organization",-1.79283799297214,0.025408632828569,"GO","FP_noCTC"
"GO:0048732","gland development",1.6943104027957,0.0254608560234336,"GO","FP_noCTC"
"GO:0021510","spinal cord development",1.69091014782972,0.0256899823919907,"GO","FP_noCTC"
"GO:0042113","B cell activation",1.68863328340131,0.0259198624657076,"GO","FP_noCTC"
"GO:1903706","regulation of hemopoiesis",1.6913558248808,0.0259701736877965,"GO","FP_noCTC"
"GO:0072337","modified amino acid transport",1.67688816596277,0.0268315406978597,"GO","FP_noCTC"
"GO:0042476","odontogenesis",1.68298634939401,0.0269287775442714,"GO","FP_noCTC"
"GO:0007249","canonical NF-kappaB signal transduction",1.68050726228531,0.0270789081520703,"GO","FP_noCTC"
"GO:0001763","morphogenesis of a branching structure",1.67717570849027,0.0271736970397272,"GO","FP_noCTC"
"GO:0002009","morphogenesis of an epithelium",1.67374678282427,0.0273479482159672,"GO","FP_noCTC"
"GO:0051249","regulation of lymphocyte activation",1.6779989149205,0.0273664441925069,"GO","FP_noCTC"
"GO:0031349","positive regulation of defense response",1.66667797001995,0.0290883221859799,"GO","FP_noCTC"
"GO:0006820","monoatomic anion transport",1.66154704058389,0.0301036798073548,"GO","FP_noCTC"
"GO:0010324","membrane invagination",1.65819640578993,0.030700544403391,"GO","FP_noCTC"
"GO:0045216","cell-cell junction organization",1.65506108658171,0.0310885797157035,"GO","FP_noCTC"
"GO:0045116","protein neddylation",-1.7631730889942,0.0314252834713471,"GO","FP_noCTC"
"GO:0098742","cell-cell adhesion via plasma-membrane adhesion molecules",1.62733579583336,0.0315730869286815,"GO","FP_noCTC"
"GO:0042092","type 2 immune response",1.62552118169527,0.0317049393715757,"GO","FP_noCTC"
"GO:0034394","protein localization to cell surface",1.62819152685452,0.0317096112387254,"GO","FP_noCTC"
"GO:0031589","cell-substrate adhesion",1.62863750096265,0.0319013691885632,"GO","FP_noCTC"
"GO:0071216","cellular response to biotic stimulus",1.64518546323936,0.0319036833134907,"GO","FP_noCTC"
"GO:0060348","bone development",1.64662517074128,0.0319166038443361,"GO","FP_noCTC"
"GO:0097242","amyloid-beta clearance",1.64786689835284,0.031960724990276,"GO","FP_noCTC"
"GO:0032495","response to muramyl dipeptide",1.64283336678148,0.0320247699003241,"GO","FP_noCTC"
"GO:0007187","G protein-coupled receptor signaling pathway",0.489280504114514,0.00924214417744917,"GO","FP_noCTC"
"GO:0010721","negative regulation of cell development",1.62112592855387,0.0321699388934266,"GO","FP_noCTC"
"GO:0006909","phagocytosis",1.62875555814294,0.0322162187412042,"GO","FP_noCTC"
"GO:0007159","leukocyte cell-cell adhesion",1.64995756851528,0.0322426254778773,"GO","FP_noCTC"
"GO:0022407","regulation of cell-cell adhesion",1.62970131934471,0.032244405707316,"GO","FP_noCTC"
"GO:0007200","phospholipase C-activating G protein-coupled receptor signaling pathway",1.64079350151345,0.0322749003782556,"GO","FP_noCTC"
"GO:0002532","production of molecular mediator involved in inflammatory response",1.62257377557643,0.0323843879589646,"GO","FP_noCTC"
"GO:0006968","cellular defense response",1.62168299039325,0.0323936390032267,"GO","FP_noCTC"
"GO:0060004","reflex",1.63035069228949,0.0324217711800802,"GO","FP_noCTC"
"GO:0042908","xenobiotic transport",1.63117314231184,0.0326168726769343,"GO","FP_noCTC"
"GO:0002263","cell activation involved in immune response",1.61809628655027,0.0327268388023834,"GO","FP_noCTC"
"GO:0043588","skin development",1.63123588934629,0.0329546862028187,"GO","FP_noCTC"
"GO:0006925","inflammatory cell apoptotic process",1.63481063406423,0.0331722698701527,"GO","FP_noCTC"
"GO:0010463","mesenchymal cell proliferation",1.61553515024645,0.0332244759596324,"GO","FP_noCTC"
"GO:0051703","biological process involved in intraspecies interaction between organisms",1.63141190311403,0.0333004482822534,"GO","FP_noCTC"
"GO:0002064","epithelial cell development",1.63539642564385,0.0334318947282898,"GO","FP_noCTC"
"GO:0032963","collagen metabolic process",1.63149429524352,0.0336685892582257,"GO","FP_noCTC"
"GO:0031579","membrane raft organization",1.61182924110985,0.0340805343503264,"GO","FP_noCTC"
"GO:0043062","extracellular structure organization",1.60738653557685,0.0346704919143528,"GO","FP_noCTC"
"GO:0048880","sensory system development",1.60773954720348,0.0348961103342682,"GO","FP_noCTC"
"GO:0006839","mitochondrial transport",-1.73928042857713,0.0358171780819713,"GO","FP_noCTC"
"GO:0061458","reproductive system development",1.60079209296378,0.0363528468598524,"GO","FP_noCTC"
"GO:0033028","myeloid cell apoptotic process",1.59614940752511,0.0371203269804976,"GO","FP_noCTC"
"GO:0042303","molting cycle",1.59688853313728,0.0372487333648696,"GO","FP_noCTC"
"GO:0007009","plasma membrane organization",1.59381267149308,0.0374988116766143,"GO","FP_noCTC"
"GO:0048568","embryonic organ development",1.5920057034009,0.0378480106185926,"GO","FP_noCTC"
"GO:0035456","response to interferon-beta",1.58974763638513,0.0379493877629413,"GO","FP_noCTC"
"GO:0045229","external encapsulating structure organization",1.58991374499461,0.0382127485273915,"GO","FP_noCTC"
"GO:0150146","cell junction disassembly",1.58742406480353,0.0383281779748187,"GO","FP_noCTC"
"GO:0002251","organ or tissue specific immune response",1.58449933861931,0.0389998952838526,"GO","FP_noCTC"
"GO:0019693","ribose phosphate metabolic process",-1.72308473573347,0.0392811253244367,"GO","FP_noCTC"
"GO:0002065","columnar/cuboidal epithelial cell differentiation",1.58281417988507,0.039309492605586,"GO","FP_noCTC"
"GO:0043269","regulation of monoatomic ion transport",1.5816534733568,0.0393612273587315,"GO","FP_noCTC"
"GO:0042742","defense response to bacterium",1.57926843043449,0.0394723307313828,"GO","FP_noCTC"
"GO:0019221","cytokine-mediated signaling pathway",1.57994464051765,0.0396101050096773,"GO","FP_noCTC"
"GO:0098743","cell aggregation",1.57751949998009,0.0396135196739023,"GO","FP_noCTC"
"GO:1903131","mononuclear cell differentiation",1.57313651449751,0.0400727776648324,"GO","FP_noCTC"
"GO:0046530","photoreceptor cell differentiation",1.57096854980895,0.0403428919523563,"GO","FP_noCTC"
"GO:0001819","positive regulation of cytokine production",1.57315195967883,0.0404123774755513,"GO","FP_noCTC"
"GO:0007530","sex determination",1.57384759030228,0.0405444972304184,"GO","FP_noCTC"
"GO:0009566","fertilization",1.56462662258186,0.0417854140552907,"GO","FP_noCTC"
"GO:0098739","import across plasma membrane",1.56535969351005,0.0418557688143582,"GO","FP_noCTC"
"GO:0007548","sex differentiation",1.56200722195893,0.0423924733615766,"GO","FP_noCTC"
"GO:0048771","tissue remodeling",1.55921519881153,0.0426268106072143,"GO","FP_noCTC"
"GO:0141060","disruption of anatomical structure in another organism",1.55971099313799,0.0427980795902949,"GO","FP_noCTC"
"GO:0035272","exocrine system development",1.55725406147906,0.0430807046867157,"GO","FP_noCTC"
"GO:0046717","acid secretion",1.55358233488134,0.0439952867138983,"GO","FP_noCTC"
"GO:0031128","developmental induction",1.55034060299913,0.0447470405031198,"GO","FP_noCTC"
"GO:0006399","tRNA metabolic process",-1.70448423916673,0.0449669432793935,"GO","FP_noCTC"
"GO:0002520","immune system development",1.54554691444396,0.0454185791870506,"GO","FP_noCTC"
"GO:0042692","muscle cell differentiation",1.54632632627381,0.0455028698626555,"GO","FP_noCTC"
"GO:0031348","negative regulation of defense response",1.54421505492032,0.0455696253543151,"GO","FP_noCTC"
"GO:0035988","chondrocyte proliferation",1.5471787060292,0.0456068906750959,"GO","FP_noCTC"
"GO:0072001","renal system development",1.54355460262139,0.0456111848288126,"GO","FP_noCTC"
"GO:0060037","pharyngeal system development",1.54202287957693,0.0456132364800328,"GO","FP_noCTC"
"GO:0060021","roof of mouth development",1.54067330787545,0.0457147211935217,"GO","FP_noCTC"
"GO:2000027","regulation of animal organ morphogenesis",1.54213332493034,0.0459181620313677,"GO","FP_noCTC"
"GO:0010720","positive regulation of cell development",1.53646059880319,0.0466107605255181,"GO","FP_noCTC"
"GO:0098664","G protein-coupled serotonin receptor signaling pathway",1.53718853866698,0.0466907726862247,"GO","FP_noCTC"
"GO:0060249","anatomical structure homeostasis",1.53433927179536,0.0470790320046675,"GO","FP_noCTC"
"GO:0035270","endocrine system development",1.53125121305104,0.0479055927159897,"GO","FP_noCTC"
"GO:0060485","mesenchyme development",1.53034625216244,0.0479366547436265,"GO","FP_noCTC"
"GO:0007498","mesoderm development",1.52353260493172,0.0503522539105412,"GO","FP_noCTC"
"GO:0033687","osteoblast proliferation",1.51776051124173,0.0520942129312588,"GO","FP_noCTC"
"GO:0003007","heart morphogenesis",1.51682253853975,0.0522028175606706,"GO","FP_noCTC"
"GO:0050673","epithelial cell proliferation",1.50856744692429,0.0541116568773142,"GO","FP_noCTC"
"GO:0048706","embryonic skeletal system development",1.50918667554283,0.0542604911463647,"GO","FP_noCTC"
"GO:0034109","homotypic cell-cell adhesion",1.50932453631904,0.0546053590490551,"GO","FP_noCTC"
"GO:0043491","phosphatidylinositol 3-kinase/protein kinase B signal transduction",1.50434876144175,0.0551026401214094,"GO","FP_noCTC"
"GO:0071559","response to transforming growth factor beta",1.5049904062531,0.0552244084044921,"GO","FP_noCTC"
"GO:0030099","myeloid cell differentiation",1.50938350577349,0.0553257556386893,"GO","FP_noCTC"
"GO:0044703","multi-organism reproductive process",-1.6699081412089,0.0565735576961767,"GO","FP_noCTC"
"GO:0070555","response to interleukin-1",-1.67397621802623,0.0565735576961767,"GO","FP_noCTC"
"GO:0055081","monoatomic anion homeostasis",1.49074409397904,0.0599518105501309,"GO","FP_noCTC"
"GO:1902742","apoptotic process involved in development",1.49153958225611,0.0599707278185478,"GO","FP_noCTC"
"GO:0016032","viral process",1.48878749542288,0.0605272873859415,"GO","FP_noCTC"
"GO:0030101","natural killer cell activation",1.48489850417383,0.0614834066685023,"GO","FP_noCTC"
"GO:0018149","peptide cross-linking",1.48058703337273,0.0633014319682956,"GO","FP_noCTC"
"GO:0032616","interleukin-13 production",1.4791610121237,0.0636262068033573,"GO","FP_noCTC"
"GO:0061383","trabecula morphogenesis",1.47254417417694,0.0655957830462089,"GO","FP_noCTC"
"GO:0035265","organ growth",1.47163347130195,0.0656159394078491,"GO","FP_noCTC"
"GO:0048736","appendage development",1.47258470169936,0.0659325993326727,"GO","FP_noCTC"
"GO:0007369","gastrulation",1.46838593416495,0.0659649713071876,"GO","FP_noCTC"
"GO:0031214","biomineral tissue development",1.46889351014969,0.066103809977228,"GO","FP_noCTC"
"GO:0032102","negative regulation of response to external stimulus",1.47272833630567,0.0662955794587895,"GO","FP_noCTC"
"GO:0070849","response to epidermal growth factor",1.46898941523648,0.0664590749837068,"GO","FP_noCTC"
"GO:0006414","translational elongation",-1.64400209961997,0.0676130465222955,"GO","FP_noCTC"
"GO:0018212","peptidyl-tyrosine modification",1.46439530252583,0.067648903011498,"GO","FP_noCTC"
"GO:1904888","cranial skeletal system development",1.45926202407161,0.0702077461265645,"GO","FP_noCTC"
"GO:0042063","gliogenesis",1.45728920040617,0.0709576810971605,"GO","FP_noCTC"
"GO:0006929","substrate-dependent cell migration",1.45653475098263,0.0710080219690925,"GO","FP_noCTC"
"GO:0003170","heart valve development",1.45215282122965,0.0726982013496578,"GO","FP_noCTC"
"GO:0072089","stem cell proliferation",1.44929056150548,0.0735802712037722,"GO","FP_noCTC"
"GO:0008544","epidermis development",1.44853596880965,0.0735875188154361,"GO","FP_noCTC"
"GO:0003018","vascular process in circulatory system",1.44981943525065,0.0736272631919882,"GO","FP_noCTC"
"GO:0002544","chronic inflammatory response",-1.6116349137828,0.0776521226293081,"GO","FP_noCTC"
"GO:0001659","temperature homeostasis",-1.60513161306586,0.0794824214603787,"GO","FP_noCTC"
"GO:0044706","multi-multicellular organism process",-1.61246459053193,0.0800184554801778,"GO","FP_noCTC"
"GO:0009620","response to fungus",-1.6166865764039,0.0803026954616728,"GO","FP_noCTC"
"GO:1904019","epithelial cell apoptotic process",1.4340446839218,0.0811280967439874,"GO","FP_noCTC"
"GO:0002437","inflammatory response to antigenic stimulus",1.43227626472661,0.0817500045713539,"GO","FP_noCTC"
"GO:0070741","response to interleukin-6",1.43048871410296,0.0819799304503567,"GO","FP_noCTC"
"GO:0061053","somite development",1.43105470973713,0.0820712670282929,"GO","FP_noCTC"
"GO:0071774","response to fibroblast growth factor",1.42852078355253,0.0827226905003734,"GO","FP_noCTC"
"GO:0009582","detection of abiotic stimulus",1.42643927238588,0.0834176034050575,"GO","FP_noCTC"
"GO:0035148","tube formation",1.42378234806981,0.08402372116656,"GO","FP_noCTC"
"GO:0001578","microtubule bundle formation",1.42415400907824,0.0842241461575452,"GO","FP_noCTC"
"GO:0104004","cellular response to environmental stimulus",1.4242625367912,0.0845156786035361,"GO","FP_noCTC"
"GO:0150076","neuroinflammatory response",1.42129575417086,0.0850699971065733,"GO","FP_noCTC"
"GO:0030865","cortical cytoskeleton organization",1.41687310544962,0.0870493948376736,"GO","FP_noCTC"
"GO:0044403","biological process involved in symbiotic interaction",1.41714563111352,0.0873309493226451,"GO","FP_noCTC"
"GO:0198738","cell-cell signaling by wnt",1.41555391671728,0.087417244185606,"GO","FP_noCTC"
"GO:0042060","wound healing",1.41191326551171,0.0892881186689793,"GO","FP_noCTC"
"GO:0007389","pattern specification process",1.40956032895957,0.0898623943551179,"GO","FP_noCTC"
"GO:0030048","actin filament-based movement",1.40782373047196,0.090733279120137,"GO","FP_noCTC"
"GO:0034340","response to type I interferon",1.40582431571108,0.0911948025690138,"GO","FP_noCTC"
"GO:0009581","detection of external stimulus",1.40585756982564,0.0916373777867822,"GO","FP_noCTC"
"GO:0061842","microtubule organizing center localization",1.40387890292522,0.0920756696002454,"GO","FP_noCTC"
"GO:1901342","regulation of vasculature development",1.40291710298976,0.0923092805404629,"GO","FP_noCTC"
"GO:0031032","actomyosin structure organization",1.39421436675533,0.0970331072428242,"GO","FP_noCTC"
"GO:0034694","response to prostaglandin",1.39446796278937,0.0973296378319071,"GO","FP_noCTC"
"GO:0048863","stem cell differentiation",1.38804274112042,0.10050968005174,"GO","FP_noCTC"
"GO:0035966","response to topologically incorrect protein",-1.56316470474671,0.107234923777257,"GO","FP_noCTC"
"GO:0014812","muscle cell migration",1.37766671422343,0.107487421321715,"GO","FP_noCTC"
"GO:0043410","positive regulation of MAPK cascade",1.37793388246335,0.107804232913357,"GO","FP_noCTC"
"GO:0015669","gas transport",-1.54979231346707,0.115736576402858,"GO","FP_noCTC"
"GO:0061448","connective tissue development",1.35945264003677,0.121290999382699,"GO","FP_noCTC"
"GO:0051438","regulation of ubiquitin-protein transferase activity",-1.53926677776833,0.121413353130055,"GO","FP_noCTC"
"GO:0001503","ossification",1.35642529759956,0.121768064483916,"GO","FP_noCTC"
"GO:0015849","organic acid transport",1.35802834906524,0.12207164897419,"GO","FP_noCTC"
"GO:0048483","autonomic nervous system development",1.35075486863931,0.125309008916916,"GO","FP_noCTC"
"GO:0006413","translational initiation",-1.52001735338228,0.125719017102615,"GO","FP_noCTC"
"GO:0050878","regulation of body fluid levels",1.34636425746193,0.128014123991457,"GO","FP_noCTC"
"GO:0072348","sulfur compound transport",1.34493487243235,0.128925539089606,"GO","FP_noCTC"
"GO:0007219","Notch signaling pathway",1.34072328760337,0.130744894403182,"GO","FP_noCTC"
"GO:0060976","coronary vasculature development",1.34084132730762,0.131188667792051,"GO","FP_noCTC"
"GO:0035150","regulation of tube size",1.33686706404261,0.133655312921641,"GO","FP_noCTC"
"GO:0009636","response to toxic substance",-1.50121139269885,0.136726137305554,"GO","FP_noCTC"
"GO:0051131","chaperone-mediated protein complex assembly",-1.50454749167801,0.136805524290134,"GO","FP_noCTC"
"GO:0032609","type II interferon production",1.32838208057666,0.13866268484767,"GO","FP_noCTC"
"GO:0006858","extracellular transport",1.32944485377353,0.138798974489345,"GO","FP_noCTC"
"GO:0003012","muscle system process",1.32646705880661,0.139929070963586,"GO","FP_noCTC"
"GO:0031016","pancreas development",1.32512002751309,0.140727593593356,"GO","FP_noCTC"
"GO:0009593","detection of chemical stimulus",1.32030049777129,0.14500838059947,"GO","FP_noCTC"
"GO:0007178","transmembrane receptor protein serine/threonine kinase signaling pathway",1.31919156324316,0.145562100727724,"GO","FP_noCTC"
"GO:0006813","potassium ion transport",1.31692752332324,0.146610645819853,"GO","FP_noCTC"
"GO:1903008","organelle disassembly",-1.48573955060826,0.148255653796322,"GO","FP_noCTC"
"GO:0055123","digestive system development",1.3099407760548,0.152191556169548,"GO","FP_noCTC"
"GO:0070585","protein localization to mitochondrion",-1.47470720093045,0.15245399068027,"GO","FP_noCTC"
"GO:0006457","protein folding",-1.47583982040041,0.154984790323749,"GO","FP_noCTC"
"GO:0030856","regulation of epithelial cell differentiation",1.30421355026045,0.155531906613713,"GO","FP_noCTC"
"GO:0042330","taxis",1.30267249504367,0.156686948316939,"GO","FP_noCTC"
"GO:0071772","response to BMP",1.30164254001716,0.157101373978665,"GO","FP_noCTC"
"GO:0097035","regulation of membrane lipid distribution",1.2998374574083,0.158494724214932,"GO","FP_noCTC"
"GO:0006090","pyruvate metabolic process",-1.43748346746735,0.166116566131052,"GO","FP_noCTC"
"GO:0043161","proteasome-mediated ubiquitin-dependent protein catabolic process",-1.43952001981119,0.167076751191693,"GO","FP_noCTC"
"GO:0007218","neuropeptide signaling pathway",-1.43386176238107,0.167350699725582,"GO","FP_noCTC"
"GO:0018198","peptidyl-cysteine modification",-1.42675155788011,0.169514844136413,"GO","FP_noCTC"
"GO:0051090","regulation of DNA-binding transcription factor activity",1.28454184511231,0.170521502066661,"GO","FP_noCTC"
"GO:0070371","ERK1 and ERK2 cascade",1.28724932068595,0.1705854147859,"GO","FP_noCTC"
"GO:0015844","monoamine transport",1.28671518418012,0.170625242817877,"GO","FP_noCTC"
"GO:0002440","production of molecular mediator of immune response",1.28491183342038,0.170798772801729,"GO","FP_noCTC"
"GO:0050886","endocrine process",-1.45044064297631,0.173080950399837,"GO","FP_noCTC"
"GO:0050808","synapse organization",1.28133721902745,0.17358011114805,"GO","FP_noCTC"
"GO:0010586","miRNA metabolic process",1.27811469699687,0.175599212835786,"GO","FP_noCTC"
"GO:0034612","response to tumor necrosis factor",1.27818388784822,0.176203793385713,"GO","FP_noCTC"
"GO:0007398","ectoderm development",1.2783528666661,0.176697914952472,"GO","FP_noCTC"
"GO:0001963","synaptic transmission",-0.474744974524543,0.0761316872427984,"GO","FP_noCTC"
"GO:0070542","response to fatty acid",-1.4007312752999,0.188055202042672,"GO","FP_noCTC"
"GO:0034113","heterotypic cell-cell adhesion",1.26558894740276,0.188778159557485,"GO","FP_noCTC"
"GO:0032602","chemokine production",1.26617530287684,0.18943003578254,"GO","FP_noCTC"
"GO:0003015","heart process",1.26560484954667,0.189482392447624,"GO","FP_noCTC"
"GO:0120254","olefinic compound metabolic process",-1.40184811006566,0.190014873146618,"GO","FP_noCTC"
"GO:0042430","indole-containing compound metabolic process",1.26373437891048,0.190348228025184,"GO","FP_noCTC"
"GO:0071604","transforming growth factor beta production",1.26086243244011,0.192567418377384,"GO","FP_noCTC"
"GO:0097722","sperm motility",1.26095306705532,0.193148402278016,"GO","FP_noCTC"
"GO:0098727","maintenance of cell number",1.25691260979856,0.19651176818091,"GO","FP_noCTC"
"GO:0001945","lymph vessel development",1.2570026181737,0.19713417187279,"GO","FP_noCTC"
"GO:0033002","muscle cell proliferation",1.25347776388916,0.199106309097358,"GO","FP_noCTC"
"GO:0060537","muscle tissue development",1.25285554392941,0.19918659509317,"GO","FP_noCTC"
"GO:0006022","aminoglycan metabolic process",1.24504152299647,0.208778381852462,"GO","FP_noCTC"
"GO:0032526","response to retinoic acid",1.24421715245289,0.20922746337503,"GO","FP_noCTC"
"GO:0007492","endoderm development",-1.37566229041135,0.211328023927381,"GO","FP_noCTC"
"GO:0006907","pinocytosis",1.23247691391752,0.225119329903561,"GO","FP_noCTC"
"GO:0097193","intrinsic apoptotic signaling pathway",-1.36200314697492,0.227453733881633,"GO","FP_noCTC"
"GO:0050900","leukocyte migration",-1.35034533473981,0.229949532443286,"GO","FP_noCTC"
"GO:0006081","cellular aldehyde metabolic process",-1.35243596253011,0.230565764956533,"GO","FP_noCTC"
"GO:0035051","cardiocyte differentiation",1.22613468862377,0.233319079619682,"GO","FP_noCTC"
"GO:0002237","response to molecule of bacterial origin",-1.35452228300942,0.234829142789823,"GO","FP_noCTC"
"GO:0098781","ncRNA transcription",1.22350037319458,0.236768345486138,"GO","FP_noCTC"
"GO:0010171","body morphogenesis",1.21848737839196,0.241346454566333,"GO","FP_noCTC"
"GO:0001562","response to protozoan",1.21604733739252,0.244420662315135,"GO","FP_noCTC"
"GO:0001890","placenta development",-1.33969793037958,0.244618888350329,"GO","FP_noCTC"
"GO:0035329","hippo signaling",1.21193539751662,0.248647294478741,"GO","FP_noCTC"
"GO:0001539","cilium or flagellum-dependent cell motility",1.21227444447183,0.248895871301955,"GO","FP_noCTC"
"GO:0042176","regulation of protein catabolic process",-1.30777752419155,0.255901522650273,"GO","FP_noCTC"
"GO:0099003","vesicle-mediated transport in synapse",-1.32787823337108,0.256566447115476,"GO","FP_noCTC"
"GO:0071825","protein-lipid complex organization",1.20605757590496,0.257460219100143,"GO","FP_noCTC"
"GO:0006959","humoral immune response",-1.30781183211008,0.259198232780474,"GO","FP_noCTC"
"GO:0043434","response to peptide hormone",-1.32849322554698,0.259376556906795,"GO","FP_noCTC"
"GO:0010573","vascular endothelial growth factor production",-1.30297897568584,0.261177337479213,"GO","FP_noCTC"
"GO:2001233","regulation of apoptotic signaling pathway",-1.30850322436532,0.261430997159251,"GO","FP_noCTC"
"GO:0008217","regulation of blood pressure",-1.31222541509773,0.262006158171593,"GO","FP_noCTC"
"GO:0014074","response to purine-containing compound",1.19560484039056,0.270937146412465,"GO","FP_noCTC"
"GO:0002209","behavioral defense response",-1.29544630219533,0.271293725017895,"GO","FP_noCTC"
"GO:0023058","adaptation of signaling pathway",1.19399519214572,0.272884183573764,"GO","FP_noCTC"
"GO:0046685","response to arsenic-containing substance",-1.29243979775123,0.273158542768161,"GO","FP_noCTC"
"GO:0040013","negative regulation of locomotion",1.19206908040644,0.275498282894076,"GO","FP_noCTC"
"GO:0050817","coagulation",1.18897472217599,0.279279060124419,"GO","FP_noCTC"
"GO:0007606","sensory perception of chemical stimulus",1.1873283017801,0.280313212236591,"GO","FP_noCTC"
"GO:0034367","protein-containing complex remodeling",1.18511095892621,0.282486719192778,"GO","FP_noCTC"
"GO:0007204","positive regulation of cytosolic calcium ion concentration",1.1855211198799,0.282639084730145,"GO","FP_noCTC"
"GO:0097164","ammonium ion metabolic process",1.18369585970627,0.284195988624532,"GO","FP_noCTC"
"GO:0090287","regulation of cellular response to growth factor stimulus",1.17536603730656,0.291274742161578,"GO","FP_noCTC"
"GO:0032355","response to estradiol",1.17540648240581,0.292158802421859,"GO","FP_noCTC"
"GO:0150115","cell-substrate junction organization",1.17266360355273,0.292637456563294,"GO","FP_noCTC"
"GO:0050906","detection of stimulus involved in sensory perception",1.17751184874579,0.293131550080248,"GO","FP_noCTC"
"GO:0010927","cellular component assembly involved in morphogenesis",1.17324131986134,0.293390161611203,"GO","FP_noCTC"
"GO:0034976","response to endoplasmic reticulum stress",-1.27571172513411,0.294197237514797,"GO","FP_noCTC"
"GO:0097305","response to alcohol",1.16992671581591,0.296047663216843,"GO","FP_noCTC"
"GO:0070972","protein localization to endoplasmic reticulum",-1.26996331580272,0.298409776986288,"GO","FP_noCTC"
"GO:0048545","response to steroid hormone",-1.25877939738745,0.29994739091574,"GO","FP_noCTC"
"GO:0048499","synaptic vesicle membrane organization",-1.26164185825371,0.300923910296456,"GO","FP_noCTC"
"GO:0006979","response to oxidative stress",-1.26461387407512,0.301883815019331,"GO","FP_noCTC"
"GO:0050727","regulation of inflammatory response",-1.25070518094972,0.302696699741677,"GO","FP_noCTC"
"GO:0070482","response to oxygen levels",-1.26511774530583,0.304416233461325,"GO","FP_noCTC"
"GO:0000959","mitochondrial RNA metabolic process",-1.25099615557532,0.305201168215458,"GO","FP_noCTC"
"GO:0006879","intracellular iron ion homeostasis",-1.25416077077736,0.305670056741504,"GO","FP_noCTC"
"GO:0099072","regulation of postsynaptic membrane neurotransmitter receptor levels",-1.25218752603746,0.306131835019706,"GO","FP_noCTC"
"GO:0042391","regulation of membrane potential",1.1605234639351,0.311700773239041,"GO","FP_noCTC"
"GO:1904645","response to amyloid-beta",1.1599684144295,0.311721715873836,"GO","FP_noCTC"
"GO:0048645","animal organ formation",1.15947284238811,0.311826884086369,"GO","FP_noCTC"
"GO:0038061","non-canonical NF-kappaB signal transduction",1.15466721290869,0.317458084900425,"GO","FP_noCTC"
"GO:0046683","response to organophosphorus",1.15353890619994,0.318707239144278,"GO","FP_noCTC"
"GO:0061008","hepaticobiliary system development",1.1514894472965,0.320945961730526,"GO","FP_noCTC"
"GO:0140467","integrated stress response signaling",-1.23229598895981,0.330891343524687,"GO","FP_noCTC"
"GO:2001057","reactive nitrogen species metabolic process",-1.23239808587829,0.334074030380028,"GO","FP_noCTC"
"GO:0015837","amine transport",-1.22524620830886,0.336231928400343,"GO","FP_noCTC"
"GO:0051047","positive regulation of secretion",-1.21829031536185,0.341301157780118,"GO","FP_noCTC"
"GO:0009743","response to carbohydrate",-1.22099807050822,0.341997199803768,"GO","FP_noCTC"
"GO:0097194","execution phase of apoptosis",1.13789724522901,0.34246334281,"GO","FP_noCTC"
"GO:0042490","mechanoreceptor differentiation",1.13642474801113,0.342530996641163,"GO","FP_noCTC"
"GO:0050890","cognition",-1.21191699211175,0.342556006510683,"GO","FP_noCTC"
"GO:0097006","regulation of plasma lipoprotein particle levels",1.13722597784644,0.342708030671339,"GO","FP_noCTC"
"GO:0043171","peptide catabolic process",1.13825742827761,0.342717912134473,"GO","FP_noCTC"
"GO:0072593","reactive oxygen species metabolic process",-1.21912804187516,0.34288534129265,"GO","FP_noCTC"
"GO:0032620","interleukin-17 production",1.13893217194374,0.343291912184916,"GO","FP_noCTC"
"GO:0006690","icosanoid metabolic process",-1.21421568647954,0.34354516493396,"GO","FP_noCTC"
"GO:0023061","signal release",-1.20554060772801,0.343639311667305,"GO","FP_noCTC"
"GO:0007274","neuromuscular synaptic transmission",-1.21558180792988,0.343766274526034,"GO","FP_noCTC"
"GO:0050803","regulation of synapse structure or activity",1.13257256159181,0.345813388745325,"GO","FP_noCTC"
"GO:0019932","second-messenger-mediated signaling",-1.19961940880685,0.347239323048695,"GO","FP_noCTC"
"GO:0017145","stem cell division",1.12652970534619,0.357061194012666,"GO","FP_noCTC"
"GO:1903034","regulation of response to wounding",1.1269122948068,0.357288854695216,"GO","FP_noCTC"
"GO:0071496","cellular response to external stimulus",-1.18095005961606,0.362271760753013,"GO","FP_noCTC"
"GO:0099177","regulation of trans-synaptic signaling",-1.18198592670536,0.362774364809388,"GO","FP_noCTC"
"GO:0072594","establishment of protein localization to organelle",-1.18814709232036,0.363484460310192,"GO","FP_noCTC"
"GO:1990868","response to chemokine",-1.18572857835251,0.365999952526821,"GO","FP_noCTC"
"GO:0051450","myoblast proliferation",1.12160885999783,0.366882639111984,"GO","FP_noCTC"
"GO:0045730","respiratory burst",-1.18262816290664,0.367355348623085,"GO","FP_noCTC"
"GO:0036314","response to sterol",1.1201112409085,0.369120909998753,"GO","FP_noCTC"
"GO:0051345","positive regulation of hydrolase activity",1.11951013927377,0.36946410084753,"GO","FP_noCTC"
"GO:0090130","tissue migration",-1.18294810079363,0.369550201320318,"GO","FP_noCTC"
"GO:0071241","cellular response to inorganic substance",-1.16517245584386,0.384304307811258,"GO","FP_noCTC"
"GO:0003158","endothelium development",1.11120415334204,0.386511589546838,"GO","FP_noCTC"
"GO:0009612","response to mechanical stimulus",-1.16305759148231,0.386593818693478,"GO","FP_noCTC"
"GO:0071806","protein transmembrane transport",-1.15974448110988,0.388769457448388,"GO","FP_noCTC"
"GO:1901616","organic hydroxy compound catabolic process",-1.16074331466476,0.389245218817783,"GO","FP_noCTC"
"GO:0048872","homeostasis of number of cells",1.10583387948632,0.396859778868789,"GO","FP_noCTC"
"GO:0001667","ameboidal-type cell migration",1.10080833080776,0.406719221103569,"GO","FP_noCTC"
"GO:0031400","negative regulation of protein modification process",-1.14914382055812,0.408606457103921,"GO","FP_noCTC"
"GO:0062012","regulation of small molecule metabolic process",-1.14277384954591,0.415540537960722,"GO","FP_noCTC"
"GO:0035640","exploration behavior",-1.14301941867809,0.417927038998405,"GO","FP_noCTC"
"GO:0007517","muscle organ development",1.09325789424673,0.422963100697486,"GO","FP_noCTC"
"GO:0042180","cellular ketone metabolic process",-1.13417819249137,0.428326268823843,"GO","FP_noCTC"
"GO:0045861","negative regulation of proteolysis",1.07950212525867,0.44884742435802,"GO","FP_noCTC"
"GO:1903513","endoplasmic reticulum to cytosol transport",-1.12371243979818,0.449912685191891,"GO","FP_noCTC"
"GO:0097191","extrinsic apoptotic signaling pathway",1.07098339880203,0.464488803905125,"GO","FP_noCTC"
"GO:0010876","lipid localization",1.07150290696873,0.465669919895477,"GO","FP_noCTC"
"GO:0006984","ER-nucleus signaling pathway",-1.11594390409012,0.467370722676003,"GO","FP_noCTC"
"GO:0048284","organelle fusion",-1.107472920482,0.478358086351961,"GO","FP_noCTC"
"GO:0097696","receptor signaling pathway via STAT",1.0633592706578,0.479209388023878,"GO","FP_noCTC"
"GO:1901654","response to ketone",1.0523357053645,0.502908655884183,"GO","FP_noCTC"
"GO:0030534","adult behavior",1.04803345599795,0.507704835837806,"GO","FP_noCTC"
"GO:0002244","hematopoietic progenitor cell differentiation",1.0472382733519,0.508584512807544,"GO","FP_noCTC"
"GO:1990089","response to nerve growth factor",-1.09089874923831,0.510404344012296,"GO","FP_noCTC"
"GO:0051347","positive regulation of transferase activity",-1.08513932520825,0.520848063036808,"GO","FP_noCTC"
"GO:0045103","intermediate filament-based process",1.03937898420509,0.524184528787145,"GO","FP_noCTC"
"GO:0007205","protein kinase C-activating G protein-coupled receptor signaling pathway",-1.07860021977073,0.530894485094307,"GO","FP_noCTC"
"GO:0045454","cell redox homeostasis",-1.07954935853108,0.531298432996847,"GO","FP_noCTC"
"GO:0044331","cell-cell adhesion mediated by cadherin",1.03216176814311,0.538013253590535,"GO","FP_noCTC"
"GO:0001701","in utero embryonic development",1.02950219128091,0.542970940466073,"GO","FP_noCTC"
"GO:0060840","artery development",1.0275509834555,0.544438423900096,"GO","FP_noCTC"
"GO:0043549","regulation of kinase activity",1.02180890286337,0.552391624386923,"GO","FP_noCTC"
"GO:0009299","mRNA transcription",1.02037913070044,0.554876408523432,"GO","FP_noCTC"
"GO:0009112","nucleobase metabolic process",1.01958087204284,0.555806281801561,"GO","FP_noCTC"
"GO:0055094","response to lipoprotein particle",1.01852460401843,0.55731417748616,"GO","FP_noCTC"
"GO:0006066","alcohol metabolic process",1.0160382554455,0.56189722046143,"GO","FP_noCTC"
"GO:0048013","ephrin receptor signaling pathway",1.01541766863385,0.5621738482388,"GO","FP_noCTC"
"GO:0009266","response to temperature stimulus",-1.06400418717862,0.565845474920129,"GO","FP_noCTC"
"GO:0038034","signal transduction in absence of ligand",-1.06064184182885,0.57319071256551,"GO","FP_noCTC"
"GO:0043627","response to estrogen",1.01000595327669,0.574683447147994,"GO","FP_noCTC"
"GO:0002526","acute inflammatory response",1.00494962736362,0.583618501397718,"GO","FP_noCTC"
"GO:0019216","regulation of lipid metabolic process",-1.05117436635101,0.586754928746637,"GO","FP_noCTC"
"GO:0051051","negative regulation of transport",-1.05200366119013,0.587493924786602,"GO","FP_noCTC"
"GO:0010563","negative regulation of phosphorus metabolic process",-1.04537161275921,0.598750470871496,"GO","FP_noCTC"
"GO:0052547","regulation of peptidase activity",0.995770663867736,0.600327404193852,"GO","FP_noCTC"
"GO:0001570","vasculogenesis",-1.04237825985617,0.601352633953318,"GO","FP_noCTC"
"GO:0030431","sleep",-1.03482720125715,0.615813030157601,"GO","FP_noCTC"
"GO:0071402","cellular response to lipoprotein particle stimulus",0.985680133355326,0.621512805320942,"GO","FP_noCTC"
"GO:0002040","sprouting angiogenesis",-1.02943126890634,0.626887442647564,"GO","FP_noCTC"
"GO:0042044","fluid transport",0.976507478529068,0.645642886307279,"GO","FP_noCTC"
"GO:0016485","protein processing",0.973952717920388,0.647275237213275,"GO","FP_noCTC"
"GO:0006887","exocytosis",0.975234514763097,0.647843755418622,"GO","FP_noCTC"
"GO:0043462","regulation of ATP-dependent activity",0.974746501392016,0.647859606979153,"GO","FP_noCTC"
"GO:0034698","response to gonadotropin",0.971261473923314,0.653742677317463,"GO","FP_noCTC"
"GO:0036119","response to platelet-derived growth factor",-1.01405013567819,0.665113014714646,"GO","FP_noCTC"
"GO:0140962","multicellular organismal-level chemical homeostasis",0.964048267287642,0.672487967855455,"GO","FP_noCTC"
"GO:0019755","one-carbon compound transport",-1.00182961600297,0.680835063750929,"GO","FP_noCTC"
"GO:0003014","renal system process",0.938800134094034,0.735586115578712,"GO","FP_noCTC"
"GO:0044843","cell cycle G1/S phase transition",0.93647714759991,0.736029200281147,"GO","FP_noCTC"
"GO:0032069","regulation of nuclease activity",0.933390367356378,0.74168659330571,"GO","FP_noCTC"
"GO:0033622","integrin activation",0.928984973286285,0.75090358195501,"GO","FP_noCTC"
"GO:0043086","negative regulation of catalytic activity",-0.966559572138128,0.762082068362374,"GO","FP_noCTC"
"GO:1903317","regulation of protein maturation",0.915753837441369,0.782326209803498,"GO","FP_noCTC"
"GO:0006836","neurotransmitter transport",-0.954905855876923,0.787313442845084,"GO","FP_noCTC"
"GO:0007215","glutamate receptor signaling pathway",0.908853983503117,0.794979918525515,"GO","FP_noCTC"
"GO:0006040","amino sugar metabolic process",0.904111883401481,0.803648404897625,"GO","FP_noCTC"
"GO:0048144","fibroblast proliferation",0.903466581939233,0.803678051299548,"GO","FP_noCTC"
"GO:0035924","cellular response to vascular endothelial growth factor stimulus",0.90090495928392,0.808981614890199,"GO","FP_noCTC"
"GO:0090594","inflammatory response to wounding",-0.943399621207833,0.812067363811177,"GO","FP_noCTC"
"GO:0099565","chemical synaptic transmission",-0.226334253087715,0.59698275862069,"GO","FP_noCTC"
"GO:0090077","foam cell differentiation",0.88734914591497,0.834470908680238,"GO","FP_noCTC"
"GO:0007271","synaptic transmission",-0.302932562460556,0.57979797979798,"GO","FP_noCTC"
"GO:0031503","protein-containing complex localization",-0.913238153232506,0.872736912650943,"GO","FP_noCTC"
"GO:1990806","ligand-gated ion channel signaling pathway",0.862754276947018,0.877437178010667,"GO","FP_noCTC"
"GO:0044346","fibroblast apoptotic process",0.857069745659164,0.883117799994125,"GO","FP_noCTC"
"GO:0006766","vitamin metabolic process",-0.888209007994524,0.920735684623568,"GO","FP_noCTC"
"GO:0035249","synaptic transmission",-0.216682756100528,0.727659574468085,"GO","FP_noCTC"
"GO:0098926","postsynaptic signal transduction",0.827760393338613,0.926457336275645,"GO","FP_noCTC"
"GO:0007214","gamma-aminobutyric acid signaling pathway",-0.879939816081294,0.931462391147092,"GO","FP_noCTC"
"GO:0070050","neuron cellular homeostasis",-0.878265738782472,0.931887328040107,"GO","FP_noCTC"
"GO:0106027","neuron projection organization",0.800959731880753,0.959598325757018,"GO","FP_noCTC"
"GO:0070670","response to interleukin-4",0.781809711008979,0.975561936295696,"GO","FP_noCTC"
"GO:0007029","endoplasmic reticulum organization",-0.843371313013958,0.976622743969631,"GO","FP_noCTC"
"GO:0048010","vascular endothelial growth factor receptor signaling pathway",-0.848792770274155,0.977116097972876,"GO","FP_noCTC"
"GO:0106030","neuron projection fasciculation",0.725319685790321,0.991437933299217,"GO","FP_noCTC"
"GO:0051932","synaptic transmission",0.204126600629589,0.929759704251386,"GO","FP_noCTC"
"GO:0070841","inclusion body assembly",0.658454365135839,1,"GO","FP_noCTC"
"GO:0051648","vesicle localization",-0.77539446280016,1,"GO","FP_noCTC"
"GO:0016358","dendrite development",0.630958262412196,1,"GO","FP_noCTC"
"GO:0022613","ribonucleoprotein complex biogenesis",-2.25790613714168,0,"GO","IFG_CTCDT"
"GO:0002237","response to molecule of bacterial origin",-2.30089377187075,0,"GO","IFG_CTCDT"
"GO:0050900","leukocyte migration",-2.40657327077147,0,"GO","IFG_CTCDT"
"GO:0070555","response to interleukin-1",-2.4849283479709,0,"GO","IFG_CTCDT"
"GO:0002181","cytoplasmic translation",-2.7750141377639,0,"GO","IFG_CTCDT"
"GO:0022900","electron transport chain",-2.17345028393245,0.000358455329544668,"GO","IFG_CTCDT"
"GO:0035966","response to topologically incorrect protein",-2.16288742429796,0.000418197884468779,"GO","IFG_CTCDT"
"GO:0010257","NADH dehydrogenase complex assembly",-2.21966898030569,0.000418197884468779,"GO","IFG_CTCDT"
"GO:0050727","regulation of inflammatory response",-2.16843299900164,0.000470472620027377,"GO","IFG_CTCDT"
"GO:0007606","sensory perception of chemical stimulus",2.20466785893304,0.000671512842000672,"GO","IFG_CTCDT"
"GO:0042330","taxis",-2.13643340699787,0.000752756192043803,"GO","IFG_CTCDT"
"GO:0002526","acute inflammatory response",-2.1006154912709,0.00136864762189782,"GO","IFG_CTCDT"
"GO:1990868","response to chemokine",-2.06854861333878,0.00175643111476887,"GO","IFG_CTCDT"
"GO:0044703","multi-organism reproductive process",-2.08280212969152,0.00177734100899231,"GO","IFG_CTCDT"
"GO:0044706","multi-multicellular organism process",-2.07187438945552,0.00183363687805542,"GO","IFG_CTCDT"
"GO:0007005","mitochondrion organization",-2.06861295944407,0.00188189048010951,"GO","IFG_CTCDT"
"GO:1901342","regulation of vasculature development",-2.04583886107453,0.00194462016277982,"GO","IFG_CTCDT"
"GO:2001233","regulation of apoptotic signaling pathway",-2.05087822917474,0.00195159012752097,"GO","IFG_CTCDT"
"GO:0001578","microtubule bundle formation",2.09946244388743,0.00201453852600201,"GO","IFG_CTCDT"
"GO:0032609","type II interferon production",-2.04776156161426,0.00204696859239981,"GO","IFG_CTCDT"
"GO:0016072","rRNA metabolic process",-2.05102561162897,0.00206638954678691,"GO","IFG_CTCDT"
"GO:0034612","response to tumor necrosis factor",-2.05295351439283,0.0021171267901232,"GO","IFG_CTCDT"
"GO:0006858","extracellular transport",2.05326342896365,0.00246221375400246,"GO","IFG_CTCDT"
"GO:0071216","cellular response to biotic stimulus",-2.02351288849425,0.0026286724166609,"GO","IFG_CTCDT"
"GO:0097193","intrinsic apoptotic signaling pathway",-2.00732816467257,0.00342161905474456,"GO","IFG_CTCDT"
"GO:0015980","energy derivation by oxidation of organic compounds",-1.9940996531488,0.00351286222953775,"GO","IFG_CTCDT"
"GO:0140053","mitochondrial gene expression",-1.99736626541607,0.00354559075962661,"GO","IFG_CTCDT"
"GO:0045730","respiratory burst",-1.99468814903612,0.00355468201798462,"GO","IFG_CTCDT"
"GO:0002544","chronic inflammatory response",-1.98028170663654,0.00390318025504194,"GO","IFG_CTCDT"
"GO:0006959","humoral immune response",-1.98248074728937,0.00400504897048946,"GO","IFG_CTCDT"
"GO:0009620","response to fungus",-1.97553759240203,0.0040774293735706,"GO","IFG_CTCDT"
"GO:0050886","endocrine process",-1.96340584785906,0.00458575611245075,"GO","IFG_CTCDT"
"GO:0001819","positive regulation of cytokine production",-1.95542825661542,0.00470472620027377,"GO","IFG_CTCDT"
"GO:0006457","protein folding",-1.95784487769393,0.0047350792725336,"GO","IFG_CTCDT"
"GO:0002274","myeloid leukocyte activation",-1.959223938294,0.00480927567139096,"GO","IFG_CTCDT"
"GO:0034976","response to endoplasmic reticulum stress",-1.93224602678871,0.00585477038256291,"GO","IFG_CTCDT"
"GO:0090594","inflammatory response to wounding",-1.91968688269658,0.00645746733370909,"GO","IFG_CTCDT"
"GO:0006882","intracellular zinc ion homeostasis",-1.91386501462199,0.00663142359657636,"GO","IFG_CTCDT"
"GO:0043086","negative regulation of catalytic activity",-1.90607188460216,0.00728361315449791,"GO","IFG_CTCDT"
"GO:0010573","vascular endothelial growth factor production",-1.90289334946691,0.00732411430096673,"GO","IFG_CTCDT"
"GO:0032602","chemokine production",-1.87944232301565,0.00929686066242133,"GO","IFG_CTCDT"
"GO:0045454","cell redox homeostasis",-1.87968689391685,0.00954151489037978,"GO","IFG_CTCDT"
"GO:0097722","sperm motility",1.93918958829088,0.0098040874932098,"GO","IFG_CTCDT"
"GO:0046685","response to arsenic-containing substance",-1.85383955690728,0.0113768833570257,"GO","IFG_CTCDT"
"GO:0051131","chaperone-mediated protein complex assembly",-1.8622601059871,0.0114168022459977,"GO","IFG_CTCDT"
"GO:0001539","cilium or flagellum-dependent cell motility",1.91655295366654,0.0115276371210115,"GO","IFG_CTCDT"
"GO:0072522","purine-containing compound biosynthetic process",-1.85417393709235,0.0116122854431563,"GO","IFG_CTCDT"
"GO:0009593","detection of chemical stimulus",1.90091371318147,0.0117994399380118,"GO","IFG_CTCDT"
"GO:0097191","extrinsic apoptotic signaling pathway",-1.85455535494272,0.0118588971524361,"GO","IFG_CTCDT"
"GO:0090130","tissue migration",-1.84499056246897,0.0120440990727008,"GO","IFG_CTCDT"
"GO:0051438","regulation of ubiquitin-protein transferase activity",-1.85537713396028,0.0120869388559879,"GO","IFG_CTCDT"
"GO:0050906","detection of stimulus involved in sensory perception",1.93974336936875,0.0120872311560121,"GO","IFG_CTCDT"
"GO:2001057","reactive nitrogen species metabolic process",-1.838140979964,0.0129823169352482,"GO","IFG_CTCDT"
"GO:0007159","leukocyte cell-cell adhesion",-1.83459132970562,0.0131064996557981,"GO","IFG_CTCDT"
"GO:0019221","cytokine-mediated signaling pathway",-1.82732407780894,0.0138517380916904,"GO","IFG_CTCDT"
"GO:0072593","reactive oxygen species metabolic process",-1.82835347379603,0.0139050796585869,"GO","IFG_CTCDT"
"GO:0046683","response to organophosphorus",-1.82527729003202,0.0139761732989466,"GO","IFG_CTCDT"
"GO:0042742","defense response to bacterium",-1.81783818401776,0.0146369259564073,"GO","IFG_CTCDT"
"GO:0009141","nucleoside triphosphate metabolic process",-1.81026693214072,0.015585913463471,"GO","IFG_CTCDT"
"GO:0045116","protein neddylation",-1.80523444566657,0.0160493301322547,"GO","IFG_CTCDT"
"GO:0001659","temperature homeostasis",-1.80305353998933,0.016100618552048,"GO","IFG_CTCDT"
"GO:0070670","response to interleukin-4",-1.8007601437636,0.0163325282879807,"GO","IFG_CTCDT"
"GO:1901293","nucleoside phosphate biosynthetic process",-1.79676955798743,0.0169370143209856,"GO","IFG_CTCDT"
"GO:0060216","definitive hemopoiesis",1.85985462147783,0.0175432729972675,"GO","IFG_CTCDT"
"GO:0034341","response to type II interferon",-1.78441094904809,0.0185547798214306,"GO","IFG_CTCDT"
"GO:0140467","integrated stress response signaling",-1.78288284000604,0.018580964625449,"GO","IFG_CTCDT"
"GO:0006814","sodium ion transport",1.8369046164724,0.0196977100320197,"GO","IFG_CTCDT"
"GO:0006879","intracellular iron ion homeostasis",-1.77062296976817,0.0202407776082889,"GO","IFG_CTCDT"
"GO:0002263","cell activation involved in immune response",-1.77142978618171,0.0203924629426556,"GO","IFG_CTCDT"
"GO:0070542","response to fatty acid",-1.76828546315817,0.0204437064178016,"GO","IFG_CTCDT"
"GO:0038034","signal transduction in absence of ligand",-1.75961100342733,0.0215709166859864,"GO","IFG_CTCDT"
"GO:0017004","cytochrome complex assembly",-1.75668254855174,0.0216865474374524,"GO","IFG_CTCDT"
"GO:0002697","regulation of immune effector process",-1.75071052974429,0.0222690373479625,"GO","IFG_CTCDT"
"GO:0043434","response to peptide hormone",-1.74402241657991,0.0234319491574661,"GO","IFG_CTCDT"
"GO:0009743","response to carbohydrate",-1.74250305044215,0.0234380905250002,"GO","IFG_CTCDT"
"GO:0051347","positive regulation of transferase activity",-1.74005333333985,0.0235002244033575,"GO","IFG_CTCDT"
"GO:0009581","detection of external stimulus",1.79235850831672,0.0241185029085241,"GO","IFG_CTCDT"
"GO:0048010","vascular endothelial growth factor receptor signaling pathway",-1.73303111230975,0.024649075308101,"GO","IFG_CTCDT"
"GO:0009582","detection of abiotic stimulus",1.79498286592893,0.024968068398025,"GO","IFG_CTCDT"
"GO:0048545","response to steroid hormone",-1.71426095348949,0.0258639307009922,"GO","IFG_CTCDT"
"GO:0070371","ERK1 and ERK2 cascade",-1.72381784980253,0.0260597024578974,"GO","IFG_CTCDT"
"GO:0014074","response to purine-containing compound",-1.71445724542059,0.0261672390567608,"GO","IFG_CTCDT"
"GO:0042060","wound healing",-1.72488306012416,0.0262555541379529,"GO","IFG_CTCDT"
"GO:0071826","protein-RNA complex organization",-1.71931580627204,0.026260535649382,"GO","IFG_CTCDT"
"GO:0150076","neuroinflammatory response",-1.72182414350401,0.0262934557220934,"GO","IFG_CTCDT"
"GO:0006413","translational initiation",-1.72040332852772,0.0262941919859745,"GO","IFG_CTCDT"
"GO:0043549","regulation of kinase activity",-1.71486681083747,0.0264290057776783,"GO","IFG_CTCDT"
"GO:0006090","pyruvate metabolic process",-1.71743005642111,0.0265329603727151,"GO","IFG_CTCDT"
"GO:0072594","establishment of protein localization to organelle",-1.70973244195226,0.0266640853679651,"GO","IFG_CTCDT"
"GO:0070585","protein localization to mitochondrion",-1.71521968077782,0.0267312087752444,"GO","IFG_CTCDT"
"GO:0021510","spinal cord development",1.79614273210639,0.0268605136800269,"GO","IFG_CTCDT"
"GO:0007492","endoderm development",-1.70500487866152,0.0274599185889312,"GO","IFG_CTCDT"
"GO:0001890","placenta development",-1.69953973204072,0.0283600120911976,"GO","IFG_CTCDT"
"GO:0032623","interleukin-2 production",-1.69546017532749,0.0285986890631903,"GO","IFG_CTCDT"
"GO:0031349","positive regulation of defense response",-1.69580714885999,0.0289015537961533,"GO","IFG_CTCDT"
"GO:0006839","mitochondrial transport",-1.68949603282967,0.0301251833204831,"GO","IFG_CTCDT"
"GO:0051047","positive regulation of secretion",-1.68414865273598,0.0303409775490452,"GO","IFG_CTCDT"
"GO:0070482","response to oxygen levels",-1.68436766164118,0.0306646030169782,"GO","IFG_CTCDT"
"GO:0034470","ncRNA processing",-1.68057139728489,0.0307375445084553,"GO","IFG_CTCDT"
"GO:0002250","adaptive immune response",-1.68481285665562,0.0309663233511353,"GO","IFG_CTCDT"
"GO:0033622","integrin activation",-1.67535660576843,0.0317172552827445,"GO","IFG_CTCDT"
"GO:0006984","ER-nucleus signaling pathway",-1.66334411717147,0.0345495790707284,"GO","IFG_CTCDT"
"GO:1903034","regulation of response to wounding",-1.66123387563158,0.0347058787817297,"GO","IFG_CTCDT"
"GO:0050867","positive regulation of cell activation",-1.6640252099054,0.0348080039172847,"GO","IFG_CTCDT"
"GO:1904019","epithelial cell apoptotic process",-1.65819740669088,0.0353174858561053,"GO","IFG_CTCDT"
"GO:0042176","regulation of protein catabolic process",-1.64939420367125,0.0377579302711333,"GO","IFG_CTCDT"
"GO:0071241","cellular response to inorganic substance",-1.64185246858869,0.0396979844435732,"GO","IFG_CTCDT"
"GO:0009612","response to mechanical stimulus",-1.64024164511408,0.0397549363923133,"GO","IFG_CTCDT"
"GO:0006414","translational elongation",-1.6359342978315,0.0397794896771969,"GO","IFG_CTCDT"
"GO:0042908","xenobiotic transport",1.71548814801221,0.0397871358885398,"GO","IFG_CTCDT"
"GO:0006399","tRNA metabolic process",-1.63413489800991,0.0398458944321853,"GO","IFG_CTCDT"
"GO:0034113","heterotypic cell-cell adhesion",-1.63604866374921,0.0401726008611132,"GO","IFG_CTCDT"
"GO:0031400","negative regulation of protein modification process",-1.63637337158655,0.040560883475075,"GO","IFG_CTCDT"
"GO:0019693","ribose phosphate metabolic process",-1.63074884381386,0.0405693353665852,"GO","IFG_CTCDT"
"GO:0098743","cell aggregation",1.73457414108905,0.0415304865360415,"GO","IFG_CTCDT"
"GO:0001655","urogenital system development",1.71765494218939,0.0418128662952418,"GO","IFG_CTCDT"
"GO:0002443","leukocyte mediated immunity",-1.61926392095881,0.0422300958052247,"GO","IFG_CTCDT"
"GO:0045861","negative regulation of proteolysis",-1.61969588406796,0.0425366991059673,"GO","IFG_CTCDT"
"GO:0055062","phosphate ion homeostasis",1.7236276998928,0.0426410654670427,"GO","IFG_CTCDT"
"GO:0019932","second-messenger-mediated signaling",-1.6204512423166,0.042668247616329,"GO","IFG_CTCDT"
"GO:1903008","organelle disassembly",-1.62050810477339,0.0430459608848349,"GO","IFG_CTCDT"
"GO:0018198","peptidyl-cysteine modification",-1.62151241985761,0.0430989819758413,"GO","IFG_CTCDT"
"GO:0071496","cellular response to external stimulus",-1.6131840828555,0.0436410988596111,"GO","IFG_CTCDT"
"GO:0052547","regulation of peptidase activity",-1.60796331063985,0.0439446858058004,"GO","IFG_CTCDT"
"GO:0033002","muscle cell proliferation",-1.61009227249514,0.0440143681708793,"GO","IFG_CTCDT"
"GO:0050817","coagulation",-1.6108078042889,0.0441314934193581,"GO","IFG_CTCDT"
"GO:0045785","positive regulation of cell adhesion",-1.60801512266647,0.0443441829494895,"GO","IFG_CTCDT"
"GO:0048736","appendage development",1.69797258745303,0.0444383498382797,"GO","IFG_CTCDT"
"GO:0018212","peptidyl-tyrosine modification",-1.60331461783901,0.0450869594192903,"GO","IFG_CTCDT"
"GO:0070050","neuron cellular homeostasis",-1.60104477629354,0.0454873468850068,"GO","IFG_CTCDT"
"GO:0003158","endothelium development",-1.59413668548018,0.047773605696815,"GO","IFG_CTCDT"
"GO:0043410","positive regulation of MAPK cascade",-1.59279807348891,0.0478054729497963,"GO","IFG_CTCDT"
"GO:0006979","response to oxidative stress",-1.58927542078726,0.0483608322808768,"GO","IFG_CTCDT"
"GO:0032635","interleukin-6 production",-1.58554169189142,0.0483645853388143,"GO","IFG_CTCDT"
"GO:0051051","negative regulation of transport",-1.590342698478,0.0483883793563789,"GO","IFG_CTCDT"
"GO:0010563","negative regulation of phosphorus metabolic process",-1.58770716810627,0.0485463950970622,"GO","IFG_CTCDT"
"GO:0071604","transforming growth factor beta production",-1.58626218687606,0.0485706971533025,"GO","IFG_CTCDT"
"GO:0140115","export across plasma membrane",1.68272683240506,0.049020437466049,"GO","IFG_CTCDT"
"GO:0030431","sleep",1.67639179164442,0.049055780247207,"GO","IFG_CTCDT"
"GO:0009266","response to temperature stimulus",-1.57326664054574,0.0503911986301239,"GO","IFG_CTCDT"
"GO:0060021","roof of mouth development",1.64633305453613,0.0505033616588005,"GO","IFG_CTCDT"
"GO:0071806","protein transmembrane transport",-1.57353098057967,0.0507413433155452,"GO","IFG_CTCDT"
"GO:0002440","production of molecular mediator of immune response",-1.57509918375095,0.0509628083242559,"GO","IFG_CTCDT"
"GO:0055094","response to lipoprotein particle",-1.57534353211498,0.051275140615233,"GO","IFG_CTCDT"
"GO:0009636","response to toxic substance",-1.57619015184311,0.0513457877988348,"GO","IFG_CTCDT"
"GO:0035590","purinergic nucleotide receptor signaling pathway",1.64636565433206,0.0526991599917918,"GO","IFG_CTCDT"
"GO:0046717","acid secretion",1.64802971215007,0.0544535868240545,"GO","IFG_CTCDT"
"GO:0001667","ameboidal-type cell migration",-1.55677107493135,0.0547459048759129,"GO","IFG_CTCDT"
"GO:1902600","proton transmembrane transport",-1.55947633149743,0.0550270611703338,"GO","IFG_CTCDT"
"GO:0022407","regulation of cell-cell adhesion",-1.5530081113105,0.055436186729992,"GO","IFG_CTCDT"
"GO:0071402","cellular response to lipoprotein particle stimulus",-1.55380463772562,0.0554945448345074,"GO","IFG_CTCDT"
"GO:0072337","modified amino acid transport",1.65323055987549,0.0569107133595569,"GO","IFG_CTCDT"
"GO:0060004","reflex",1.64825338993169,0.0569187075600569,"GO","IFG_CTCDT"
"GO:0014812","muscle cell migration",-1.54256071926209,0.0598394706243216,"GO","IFG_CTCDT"
"GO:0006909","phagocytosis",-1.54014248939066,0.0605987184501929,"GO","IFG_CTCDT"
"GO:0006968","cellular defense response",-1.53401857304109,0.0621382313765682,"GO","IFG_CTCDT"
"GO:0060840","artery development",-1.53434184782356,0.0624498812080464,"GO","IFG_CTCDT"
"GO:0015669","gas transport",-1.52399856623507,0.0649100799162369,"GO","IFG_CTCDT"
"GO:0006749","glutathione metabolic process",-1.51284344039459,0.0700853824464527,"GO","IFG_CTCDT"
"GO:1903513","endoplasmic reticulum to cytosol transport",-1.50847363765923,0.0715711771331737,"GO","IFG_CTCDT"
"GO:0051090","regulation of DNA-binding transcription factor activity",-1.49634989262688,0.0742462090272264,"GO","IFG_CTCDT"
"GO:0019882","antigen processing and presentation",-1.49539198252499,0.074332676203731,"GO","IFG_CTCDT"
"GO:0048284","organelle fusion",-1.49351418926746,0.0748309530993755,"GO","IFG_CTCDT"
"GO:0031163","metallo-sulfur cluster assembly",-1.49257651421224,0.0748653118460336,"GO","IFG_CTCDT"
"GO:1903317","regulation of protein maturation",-1.48501587751028,0.0777460844848533,"GO","IFG_CTCDT"
"GO:0044403","biological process involved in symbiotic interaction",-1.48224645107533,0.0789316436544908,"GO","IFG_CTCDT"
"GO:0001562","response to protozoan",-1.47659652532912,0.0806718834726461,"GO","IFG_CTCDT"
"GO:0030099","myeloid cell differentiation",-1.47578193059676,0.0807447460288103,"GO","IFG_CTCDT"
"GO:0040013","negative regulation of locomotion",-1.47452927982046,0.0809287584640743,"GO","IFG_CTCDT"
"GO:0006690","icosanoid metabolic process",-1.4693129044391,0.0834564606603199,"GO","IFG_CTCDT"
"GO:0051249","regulation of lymphocyte activation",-1.46818074785358,0.0836075970555318,"GO","IFG_CTCDT"
"GO:0043161","proteasome-mediated ubiquitin-dependent protein catabolic process",-1.46414243005613,0.0857672503410532,"GO","IFG_CTCDT"
"GO:0061053","somite development",1.57851499469855,0.0874846930558475,"GO","IFG_CTCDT"
"GO:0099003","vesicle-mediated transport in synapse",-1.45968509434411,0.0877055239554697,"GO","IFG_CTCDT"
"GO:0032637","interleukin-8 production",-1.46000262853921,0.0880184977654319,"GO","IFG_CTCDT"
"GO:0140962","multicellular organismal-level chemical homeostasis",-1.45217315626121,0.0902109223030771,"GO","IFG_CTCDT"
"GO:0006081","cellular aldehyde metabolic process",-1.45000410517474,0.0912348915440799,"GO","IFG_CTCDT"
"GO:0015697","quaternary ammonium group transport",1.56312312800931,0.0960521638230961,"GO","IFG_CTCDT"
"GO:0035270","endocrine system development",1.55705992733833,0.0964491407880965,"GO","IFG_CTCDT"
"GO:0070972","protein localization to endoplasmic reticulum",-1.4398469377289,0.0970681189077478,"GO","IFG_CTCDT"
"GO:0097696","receptor signaling pathway via STAT",-1.43445351912349,0.0977375419402328,"GO","IFG_CTCDT"
"GO:0006887","exocytosis",-1.43496441600244,0.0979392464917206,"GO","IFG_CTCDT"
"GO:0001906","cell killing",-1.43727451966143,0.0982512271538491,"GO","IFG_CTCDT"
"GO:0035924","cellular response to vascular endothelial growth factor stimulus",-1.43519660673673,0.0982923265538998,"GO","IFG_CTCDT"
"GO:0002040","sprouting angiogenesis",-1.43636210162547,0.098441039722741,"GO","IFG_CTCDT"
"GO:0048144","fibroblast proliferation",-1.42418009508651,0.103589817024414,"GO","IFG_CTCDT"
"GO:0055081","monoatomic anion homeostasis",1.53779426847464,0.105033870735002,"GO","IFG_CTCDT"
"GO:0001570","vasculogenesis",-1.41943712575487,0.106287606074518,"GO","IFG_CTCDT"
"GO:0009566","fertilization",1.52796785554534,0.106445616309397,"GO","IFG_CTCDT"
"GO:0002269","leukocyte activation involved in inflammatory response",-1.41233520831679,0.109709389630179,"GO","IFG_CTCDT"
"GO:0050878","regulation of body fluid levels",-1.40880750583631,0.109751852799986,"GO","IFG_CTCDT"
"GO:0046530","photoreceptor cell differentiation",1.52813618740652,0.10983711718991,"GO","IFG_CTCDT"
"GO:0008217","regulation of blood pressure",-1.40889703322252,0.110240324741021,"GO","IFG_CTCDT"
"GO:0042180","cellular ketone metabolic process",-1.40935269405833,0.110423250494506,"GO","IFG_CTCDT"
"GO:0032102","negative regulation of response to external stimulus",-1.41046732820241,0.110749894853247,"GO","IFG_CTCDT"
"GO:0034109","homotypic cell-cell adhesion",-1.40960608556312,0.110792719737615,"GO","IFG_CTCDT"
"GO:0030856","regulation of epithelial cell differentiation",-1.40434286773051,0.112087384470417,"GO","IFG_CTCDT"
"GO:0010876","lipid localization",-1.39926258713147,0.115102817731142,"GO","IFG_CTCDT"
"GO:0009112","nucleobase metabolic process",-1.3907038011756,0.120922121302829,"GO","IFG_CTCDT"
"GO:0046629","gamma-delta T cell activation",1.49910171639672,0.125918832312126,"GO","IFG_CTCDT"
"GO:0061842","microtubule organizing center localization",1.50004486562452,0.128699633124691,"GO","IFG_CTCDT"
"GO:0007530","sex determination",1.48333459284143,0.131112882400631,"GO","IFG_CTCDT"
"GO:0050953","sensory perception of light stimulus",1.48632074307008,0.131232795408131,"GO","IFG_CTCDT"
"GO:0002437","inflammatory response to antigenic stimulus",-1.37414118822157,0.131467278610467,"GO","IFG_CTCDT"
"GO:0070661","leukocyte proliferation",-1.37307737580449,0.131749921369162,"GO","IFG_CTCDT"
"GO:0019216","regulation of lipid metabolic process",-1.37451314692301,0.131767840975215,"GO","IFG_CTCDT"
"GO:0007029","endoplasmic reticulum organization",-1.37022609295555,0.131922249160704,"GO","IFG_CTCDT"
"GO:1904645","response to amyloid-beta",-1.37060628703518,0.132748786799083,"GO","IFG_CTCDT"
"GO:0090596","sensory organ morphogenesis",1.47773757355766,0.13315918166916,"GO","IFG_CTCDT"
"GO:0061448","connective tissue development",-1.36742113890537,0.13412694615161,"GO","IFG_CTCDT"
"GO:0006766","vitamin metabolic process",-1.36656037416632,0.134389791073517,"GO","IFG_CTCDT"
"GO:0007204","positive regulation of cytosolic calcium ion concentration",-1.36455921614778,0.135027054778548,"GO","IFG_CTCDT"
"GO:1901654","response to ketone",-1.36394233979003,0.135034784166184,"GO","IFG_CTCDT"
"GO:0016485","protein processing",-1.36516251190847,0.135047639913499,"GO","IFG_CTCDT"
"GO:0051180","vitamin transport",1.4622865222391,0.138734553157339,"GO","IFG_CTCDT"
"GO:0045229","external encapsulating structure organization",-1.3499284334326,0.145039792053622,"GO","IFG_CTCDT"
"GO:0120254","olefinic compound metabolic process",-1.34800102032999,0.145717522601264,"GO","IFG_CTCDT"
"GO:0062012","regulation of small molecule metabolic process",-1.33979738337547,0.15088083504652,"GO","IFG_CTCDT"
"GO:0051345","positive regulation of hydrolase activity",-1.34031373252706,0.150989011513353,"GO","IFG_CTCDT"
"GO:0031348","negative regulation of defense response",-1.3389059017147,0.151122951972338,"GO","IFG_CTCDT"
"GO:0104004","cellular response to environmental stimulus",-1.34036758285789,0.151575287074575,"GO","IFG_CTCDT"
"GO:0043062","extracellular structure organization",-1.34049664597955,0.152058904601695,"GO","IFG_CTCDT"
"GO:0007271","synaptic transmission",0.471750451228359,0.046218487394958,"GO","IFG_CTCDT"
"GO:0015698","inorganic anion transport",1.41579104697304,0.159258178303874,"GO","IFG_CTCDT"
"GO:0048705","skeletal system morphogenesis",1.41733991549312,0.160785356106536,"GO","IFG_CTCDT"
"GO:0070269","pyroptosis",1.42503457151929,0.161759982384162,"GO","IFG_CTCDT"
"GO:0043583","ear development",1.42750586563253,0.162567154386163,"GO","IFG_CTCDT"
"GO:0061383","trabecula morphogenesis",1.41766286068097,0.163763408404504,"GO","IFG_CTCDT"
"GO:0007214","gamma-aminobutyric acid signaling pathway",-1.31935601234892,0.166702211399959,"GO","IFG_CTCDT"
"GO:0002683","negative regulation of immune system process",-1.31792969278503,0.166866035229575,"GO","IFG_CTCDT"
"GO:0060249","anatomical structure homeostasis",-1.30779486383437,0.17419016309567,"GO","IFG_CTCDT"
"GO:0072348","sulfur compound transport",1.38918272489824,0.178571735757688,"GO","IFG_CTCDT"
"GO:0050890","cognition",-1.30223587914316,0.178959174701969,"GO","IFG_CTCDT"
"GO:0017145","stem cell division",1.38985659340209,0.181308467340181,"GO","IFG_CTCDT"
"GO:0023058","adaptation of signaling pathway",1.39252640143942,0.181584972628064,"GO","IFG_CTCDT"
"GO:0002764","immune response-regulating signaling pathway",-1.29472183565436,0.186763595299687,"GO","IFG_CTCDT"
"GO:1903131","mononuclear cell differentiation",-1.29521844466953,0.186934454357544,"GO","IFG_CTCDT"
"GO:0042490","mechanoreceptor differentiation",1.38056797666388,0.186954149382187,"GO","IFG_CTCDT"
"GO:0048872","homeostasis of number of cells",-1.29301545025272,0.188043165027997,"GO","IFG_CTCDT"
"GO:0031589","cell-substrate adhesion",-1.29128127637269,0.189327385881802,"GO","IFG_CTCDT"
"GO:0043171","peptide catabolic process",1.36851871532158,0.189331888021327,"GO","IFG_CTCDT"
"GO:0048771","tissue remodeling",-1.28991960073176,0.190235000738044,"GO","IFG_CTCDT"
"GO:0003012","muscle system process",-1.28840619088961,0.19133274245282,"GO","IFG_CTCDT"
"GO:0072089","stem cell proliferation",1.37135141496748,0.192124620616692,"GO","IFG_CTCDT"
"GO:0023061","signal release",-1.28595903562173,0.192968906720887,"GO","IFG_CTCDT"
"GO:0099072","regulation of postsynaptic membrane neurotransmitter receptor levels",-1.28543787048179,0.19298406693628,"GO","IFG_CTCDT"
"GO:0034698","response to gonadotropin",-1.28467079646559,0.19316954809919,"GO","IFG_CTCDT"
"GO:0048706","embryonic skeletal system development",1.37309445899874,0.193224767954593,"GO","IFG_CTCDT"
"GO:0038061","non-canonical NF-kappaB signal transduction",-1.28238764325896,0.19528269032194,"GO","IFG_CTCDT"
"GO:0046631","alpha-beta T cell activation",-1.27985078597965,0.197967360343305,"GO","IFG_CTCDT"
"GO:0002065","columnar/cuboidal epithelial cell differentiation",1.35434167811849,0.19938427203797,"GO","IFG_CTCDT"
"GO:0060541","respiratory system development",1.34917480228975,0.2001108269162,"GO","IFG_CTCDT"
"GO:0035456","response to interferon-beta",-1.27364131544663,0.203480276192505,"GO","IFG_CTCDT"
"GO:0048483","autonomic nervous system development",-1.26486290101354,0.211330846161283,"GO","IFG_CTCDT"
"GO:0001818","negative regulation of cytokine production",-1.26149847277803,0.213555222917277,"GO","IFG_CTCDT"
"GO:0071706","tumor necrosis factor superfamily cytokine production",-1.2608611300066,0.213764835773963,"GO","IFG_CTCDT"
"GO:0050673","epithelial cell proliferation",-1.25708910234843,0.216654581044598,"GO","IFG_CTCDT"
"GO:0036119","response to platelet-derived growth factor",-1.25268699966275,0.220562828298149,"GO","IFG_CTCDT"
"GO:0001503","ossification",-1.24879311637806,0.224384946157316,"GO","IFG_CTCDT"
"GO:0141060","disruption of anatomical structure in another organism",-1.24731367892525,0.225883292621772,"GO","IFG_CTCDT"
"GO:0003205","cardiac chamber development",1.32615437670245,0.226899023828627,"GO","IFG_CTCDT"
"GO:0099565","chemical synaptic transmission",0.320936071012916,0.0735632183908046,"GO","IFG_CTCDT"
"GO:0007249","canonical NF-kappaB signal transduction",-1.23898155801688,0.236829342161227,"GO","IFG_CTCDT"
"GO:0060537","muscle tissue development",-1.23674495567873,0.239408263566625,"GO","IFG_CTCDT"
"GO:0006949","syncytium formation",1.30956062259359,0.239535443190761,"GO","IFG_CTCDT"
"GO:0007517","muscle organ development",-1.23602858729702,0.239661642917427,"GO","IFG_CTCDT"
"GO:0001701","in utero embryonic development",-1.23235298115569,0.243471973097829,"GO","IFG_CTCDT"
"GO:0003014","renal system process",-1.23253511378139,0.244039802214291,"GO","IFG_CTCDT"
"GO:0003007","heart morphogenesis",1.30492056281307,0.244190848473244,"GO","IFG_CTCDT"
"GO:0032613","interleukin-10 production",-1.23076582540088,0.244295152066651,"GO","IFG_CTCDT"
"GO:0018149","peptide cross-linking",-1.2301665213013,0.244325798932159,"GO","IFG_CTCDT"
"GO:0150146","cell junction disassembly",-1.22846632960027,0.246290580849471,"GO","IFG_CTCDT"
"GO:0045165","cell fate commitment",1.3002449503093,0.24842191983084,"GO","IFG_CTCDT"
"GO:0007200","phospholipase C-activating G protein-coupled receptor signaling pathway",-1.22389716672949,0.251789860493766,"GO","IFG_CTCDT"
"GO:0048732","gland development",1.29270669737123,0.257944870433508,"GO","IFG_CTCDT"
"GO:0016032","viral process",-1.21816160067266,0.259315812955552,"GO","IFG_CTCDT"
"GO:1903706","regulation of hemopoiesis",-1.2139439203895,0.264649332697892,"GO","IFG_CTCDT"
"GO:0048499","synaptic vesicle membrane organization",-1.21417256294185,0.265123702243849,"GO","IFG_CTCDT"
"GO:0002833","positive regulation of response to biotic stimulus",-1.21125817635482,0.266637811553005,"GO","IFG_CTCDT"
"GO:0070841","inclusion body assembly",-1.20932228118632,0.268130946190742,"GO","IFG_CTCDT"
"GO:0060037","pharyngeal system development",1.27369337776016,0.277052061497014,"GO","IFG_CTCDT"
"GO:0048013","ephrin receptor signaling pathway",-1.20132581576283,0.278944669418063,"GO","IFG_CTCDT"
"GO:0042063","gliogenesis",-1.1948082514322,0.287579862945679,"GO","IFG_CTCDT"
"GO:0035150","regulation of tube size",-1.19102120406531,0.292675394919169,"GO","IFG_CTCDT"
"GO:0090287","regulation of cellular response to growth factor stimulus",-1.18797414827338,0.296225243989904,"GO","IFG_CTCDT"
"GO:0034340","response to type I interferon",-1.18633880437737,0.298362694415534,"GO","IFG_CTCDT"
"GO:0048568","embryonic organ development",1.25688046586058,0.298950717128653,"GO","IFG_CTCDT"
"GO:0098739","import across plasma membrane",1.2577652830363,0.301001326857301,"GO","IFG_CTCDT"
"GO:0002064","epithelial cell development",-1.18281953991767,0.303025151301844,"GO","IFG_CTCDT"
"GO:0007229","integrin-mediated signaling pathway",-1.17831879411568,0.307536585553798,"GO","IFG_CTCDT"
"GO:0045088","regulation of innate immune response",-1.17528954594801,0.30946011731831,"GO","IFG_CTCDT"
"GO:0043269","regulation of monoatomic ion transport",-1.17085934756807,0.314371209098174,"GO","IFG_CTCDT"
"GO:1901616","organic hydroxy compound catabolic process",-1.17016400636818,0.314768586256412,"GO","IFG_CTCDT"
"GO:0045103","intermediate filament-based process",-1.16902501100301,0.315077462335494,"GO","IFG_CTCDT"
"GO:0051648","vesicle localization",-1.16850936802541,0.315184272838793,"GO","IFG_CTCDT"
"GO:0010721","negative regulation of cell development",-1.16704230237869,0.31706533606645,"GO","IFG_CTCDT"
"GO:0097305","response to alcohol",-1.16571964702047,0.318674146285758,"GO","IFG_CTCDT"
"GO:0042476","odontogenesis",1.24461021388413,0.321302107076271,"GO","IFG_CTCDT"
"GO:0140253","cell-cell fusion",1.24215732949942,0.322574872620323,"GO","IFG_CTCDT"
"GO:0035051","cardiocyte differentiation",-1.15542854615958,0.332933723286078,"GO","IFG_CTCDT"
"GO:0030101","natural killer cell activation",-1.15555125402503,0.333747293758611,"GO","IFG_CTCDT"
"GO:0043627","response to estrogen",-1.15589401047766,0.333983740046797,"GO","IFG_CTCDT"
"GO:0006022","aminoglycan metabolic process",-1.15375269468509,0.335272128101962,"GO","IFG_CTCDT"
"GO:0032526","response to retinoic acid",-1.15264826681159,0.335589464073014,"GO","IFG_CTCDT"
"GO:0033627","cell adhesion mediated by integrin",-1.15076417889766,0.33748925695282,"GO","IFG_CTCDT"
"GO:0001963","synaptic transmission",-0.392640671032711,0.273897058823529,"GO","IFG_CTCDT"
"GO:0006066","alcohol metabolic process",-1.14633966287006,0.341769585381157,"GO","IFG_CTCDT"
"GO:0007389","pattern specification process",1.22802787006894,0.346257910987286,"GO","IFG_CTCDT"
"GO:0048880","sensory system development",1.22410314566386,0.346990435839453,"GO","IFG_CTCDT"
"GO:0061458","reproductive system development",1.22534845929312,0.348435222993348,"GO","IFG_CTCDT"
"GO:0015849","organic acid transport",-1.13971303754894,0.350613871658855,"GO","IFG_CTCDT"
"GO:0044346","fibroblast apoptotic process",-1.14007381812718,0.350914362785036,"GO","IFG_CTCDT"
"GO:0001763","morphogenesis of a branching structure",-1.13835308534134,0.351513704220601,"GO","IFG_CTCDT"
"GO:0099177","regulation of trans-synaptic signaling",-1.13678250369907,0.353802284746359,"GO","IFG_CTCDT"
"GO:0032615","interleukin-12 production",-1.13111547322094,0.363927877804719,"GO","IFG_CTCDT"
"GO:0051932","synaptic transmission",0.324146453764693,0.195020746887967,"GO","IFG_CTCDT"
"GO:0031016","pancreas development",1.20567906410216,0.377741235280878,"GO","IFG_CTCDT"
"GO:0035988","chondrocyte proliferation",-1.12358137192727,0.37801348774897,"GO","IFG_CTCDT"
"GO:0032612","interleukin-1 production",-1.11374671628503,0.396913635687469,"GO","IFG_CTCDT"
"GO:0030323","respiratory tube development",1.18735848775313,0.402041237017176,"GO","IFG_CTCDT"
"GO:0055123","digestive system development",1.18558972337587,0.4023290611557,"GO","IFG_CTCDT"
"GO:0043588","skin development",1.18385690795277,0.403020802100108,"GO","IFG_CTCDT"
"GO:0007548","sex differentiation",1.18183084421363,0.403935959239716,"GO","IFG_CTCDT"
"GO:0060485","mesenchyme development",-1.10830640735533,0.404062352262451,"GO","IFG_CTCDT"
"GO:0010720","positive regulation of cell development",-1.10511262029741,0.407150215946002,"GO","IFG_CTCDT"
"GO:0060348","bone development",1.17727007779622,0.407272538673407,"GO","IFG_CTCDT"
"GO:0048863","stem cell differentiation",1.17392812172116,0.407541143810208,"GO","IFG_CTCDT"
"GO:0098664","G protein-coupled serotonin receptor signaling pathway",1.17527751350644,0.408035621448408,"GO","IFG_CTCDT"
"GO:0051703","biological process involved in intraspecies interaction between organisms",1.17773497337927,0.410211272708761,"GO","IFG_CTCDT"
"GO:0006040","amino sugar metabolic process",-1.10129369776729,0.413727643896938,"GO","IFG_CTCDT"
"GO:0019755","one-carbon compound transport",1.16659887527967,0.4180694118193,"GO","IFG_CTCDT"
"GO:0007218","neuropeptide signaling pathway",-1.09575207937258,0.423766633500307,"GO","IFG_CTCDT"
"GO:0198738","cell-cell signaling by wnt",1.16068904384079,0.425119283820425,"GO","IFG_CTCDT"
"GO:0007187","G protein-coupled receptor signaling pathway",0.326797118874901,0.244725738396624,"GO","IFG_CTCDT"
"GO:0032616","interleukin-13 production",-1.09309314931986,0.426932737454149,"GO","IFG_CTCDT"
"GO:0071774","response to fibroblast growth factor",-1.09088130691327,0.428840593895975,"GO","IFG_CTCDT"
"GO:0007009","plasma membrane organization",1.14982525434388,0.42957897435223,"GO","IFG_CTCDT"
"GO:0000959","mitochondrial RNA metabolic process",-1.08840470660104,0.432334883512535,"GO","IFG_CTCDT"
"GO:0006836","neurotransmitter transport",1.14349882794844,0.438569833630939,"GO","IFG_CTCDT"
"GO:0006813","potassium ion transport",1.14028677816434,0.443341097916974,"GO","IFG_CTCDT"
"GO:0003015","heart process",-1.07928578585838,0.450218990997953,"GO","IFG_CTCDT"
"GO:0008544","epidermis development",1.1347103188249,0.454596522643876,"GO","IFG_CTCDT"
"GO:0002520","immune system development",1.12442150984759,0.467572115570349,"GO","IFG_CTCDT"
"GO:0050866","negative regulation of cell activation",-1.06763376111466,0.475848553832223,"GO","IFG_CTCDT"
"GO:0032355","response to estradiol",1.11306528802376,0.491989479632142,"GO","IFG_CTCDT"
"GO:0003170","heart valve development",-1.05551630864655,0.496969760986696,"GO","IFG_CTCDT"
"GO:0072001","renal system development",1.10878913256593,0.500310365447955,"GO","IFG_CTCDT"
"GO:0015844","monoamine transport",1.09827955960769,0.503078534928222,"GO","IFG_CTCDT"
"GO:0035148","tube formation",1.09878908777305,0.50954501040351,"GO","IFG_CTCDT"
"GO:0042391","regulation of membrane potential",1.09472294326152,0.509600164189905,"GO","IFG_CTCDT"
"GO:0097006","regulation of plasma lipoprotein particle levels",-1.04298693005572,0.524852555616043,"GO","IFG_CTCDT"
"GO:0001945","lymph vessel development",-1.03580513028174,0.540348951846254,"GO","IFG_CTCDT"
"GO:0007178","transmembrane receptor protein serine/threonine kinase signaling pathway",-1.03588421141325,0.541463226125678,"GO","IFG_CTCDT"
"GO:0035249","synaptic transmission",-0.258892044410692,0.354779411764706,"GO","IFG_CTCDT"
"GO:0033687","osteoblast proliferation",1.07636183992061,0.553769169818054,"GO","IFG_CTCDT"
"GO:0042044","fluid transport",1.07182423581106,0.556221548282956,"GO","IFG_CTCDT"
"GO:0007369","gastrulation",-1.02559340830782,0.558674716020882,"GO","IFG_CTCDT"
"GO:0042113","B cell activation",1.06951520634655,0.559143068042941,"GO","IFG_CTCDT"
"GO:0002251","organ or tissue specific immune response",1.07306123946093,0.560480970508666,"GO","IFG_CTCDT"
"GO:0042303","molting cycle",1.06563717246375,0.563691236543781,"GO","IFG_CTCDT"
"GO:0002009","morphogenesis of an epithelium",1.06180079094424,0.568123846934068,"GO","IFG_CTCDT"
"GO:0006820","monoatomic anion transport",1.05882655234851,0.569324665924668,"GO","IFG_CTCDT"
"GO:0002532","production of molecular mediator involved in inflammatory response",-1.02082582196088,0.569405022861436,"GO","IFG_CTCDT"
"GO:0009299","mRNA transcription",-1.01882839150894,0.570898875468662,"GO","IFG_CTCDT"
"GO:0042092","type 2 immune response",-1.01955448004101,0.571604676432195,"GO","IFG_CTCDT"
"GO:0031032","actomyosin structure organization",-1.01420683919075,0.581072800396081,"GO","IFG_CTCDT"
"GO:0043491","phosphatidylinositol 3-kinase/protein kinase B signal transduction",-1.01362921146231,0.581349522391906,"GO","IFG_CTCDT"
"GO:0015837","amine transport",1.05148020851264,0.58503224717496,"GO","IFG_CTCDT"
"GO:0007498","mesoderm development",1.05007305729868,0.585739812023468,"GO","IFG_CTCDT"
"GO:0031214","biomineral tissue development",-1.00947122840694,0.591568561037486,"GO","IFG_CTCDT"
"GO:0140546","defense response to symbiont",-1.00547735295022,0.599927561922392,"GO","IFG_CTCDT"
"GO:0030865","cortical cytoskeleton organization",-1.00215611875835,0.608206189636129,"GO","IFG_CTCDT"
"GO:0003018","vascular process in circulatory system",-1.00124078573524,0.609383536631199,"GO","IFG_CTCDT"
"GO:0044843","cell cycle G1/S phase transition",-0.999297211672694,0.610818111433656,"GO","IFG_CTCDT"
"GO:1904888","cranial skeletal system development",1.03654137152196,0.621953367015193,"GO","IFG_CTCDT"
"GO:0071559","response to transforming growth factor beta",-0.991357149836877,0.623795241719954,"GO","IFG_CTCDT"
"GO:0043331","response to dsRNA",1.0347291398192,0.623821818471826,"GO","IFG_CTCDT"
"GO:0150115","cell-substrate junction organization",-0.990087535926943,0.626019729127729,"GO","IFG_CTCDT"
"GO:0035265","organ growth",1.03288461605478,0.626034747446116,"GO","IFG_CTCDT"
"GO:0009615","response to virus",-0.988028150859404,0.628879070931237,"GO","IFG_CTCDT"
"GO:0043462","regulation of ATP-dependent activity",-0.983068276737862,0.640369692571663,"GO","IFG_CTCDT"
"GO:0010927","cellular component assembly involved in morphogenesis",-0.978701439672212,0.650123769635943,"GO","IFG_CTCDT"
"GO:0090077","foam cell differentiation",-0.976175160504242,0.654682340150871,"GO","IFG_CTCDT"
"GO:0042692","muscle cell differentiation",-0.976439974080308,0.655349319231542,"GO","IFG_CTCDT"
"GO:0010171","body morphogenesis",1.01808525042459,0.664064350871638,"GO","IFG_CTCDT"
"GO:0007215","glutamate receptor signaling pathway",1.01547294752156,0.664806434526665,"GO","IFG_CTCDT"
"GO:0031503","protein-containing complex localization",-0.965796848761876,0.677559839105106,"GO","IFG_CTCDT"
"GO:0060976","coronary vasculature development",1.00968049109975,0.681022330311584,"GO","IFG_CTCDT"
"GO:0010586","miRNA metabolic process",-0.962332246602727,0.681753778436446,"GO","IFG_CTCDT"
"GO:0007162","negative regulation of cell adhesion",-0.963818438806208,0.681920743421478,"GO","IFG_CTCDT"
"GO:0061008","hepaticobiliary system development",1.00419087445948,0.691564129919774,"GO","IFG_CTCDT"
"GO:0098742","cell-cell adhesion via plasma-membrane adhesion molecules",0.99325741645123,0.704482886629698,"GO","IFG_CTCDT"
"GO:0071772","response to BMP",0.991965252299747,0.704646268326705,"GO","IFG_CTCDT"
"GO:1990806","ligand-gated ion channel signaling pathway",0.993594729531044,0.707629455533708,"GO","IFG_CTCDT"
"GO:0030534","adult behavior",0.994476092675022,0.708650421784361,"GO","IFG_CTCDT"
"GO:0098727","maintenance of cell number",0.994892125472835,0.715993176918603,"GO","IFG_CTCDT"
"GO:0070741","response to interleukin-6",-0.941388948564836,0.727616575453982,"GO","IFG_CTCDT"
"GO:0030048","actin filament-based movement",-0.93928360907516,0.732208912441707,"GO","IFG_CTCDT"
"GO:0097035","regulation of membrane lipid distribution",0.976191333354211,0.733667280641145,"GO","IFG_CTCDT"
"GO:0032620","interleukin-17 production",-0.937936425674375,0.73446289595224,"GO","IFG_CTCDT"
"GO:0097194","execution phase of apoptosis",0.9746205384915,0.734839251884314,"GO","IFG_CTCDT"
"GO:0048645","animal organ formation",-0.936091078025632,0.738106966149617,"GO","IFG_CTCDT"
"GO:0002244","hematopoietic progenitor cell differentiation",-0.932633425263749,0.740429352946093,"GO","IFG_CTCDT"
"GO:0002396","MHC protein complex assembly",-0.927842406552254,0.749044253796535,"GO","IFG_CTCDT"
"GO:0007205","protein kinase C-activating G protein-coupled receptor signaling pathway",-0.919334433940202,0.76817713169327,"GO","IFG_CTCDT"
"GO:0034694","response to prostaglandin",0.956956658684747,0.77486858846065,"GO","IFG_CTCDT"
"GO:2000027","regulation of animal organ morphogenesis",0.955515470429751,0.775529043069216,"GO","IFG_CTCDT"
"GO:0098781","ncRNA transcription",-0.912607215621101,0.782093200371823,"GO","IFG_CTCDT"
"GO:0035640","exploration behavior",-0.911997453314787,0.782176540975209,"GO","IFG_CTCDT"
"GO:0031579","membrane raft organization",0.950567254581123,0.788005229911563,"GO","IFG_CTCDT"
"GO:0032606","type I interferon production",-0.908190550655438,0.791373196692554,"GO","IFG_CTCDT"
"GO:0032963","collagen metabolic process",-0.906997496148978,0.793060967464999,"GO","IFG_CTCDT"
"GO:0071887","leukocyte apoptotic process",-0.904477470074608,0.796813972805747,"GO","IFG_CTCDT"
"GO:0002347","response to tumor cell",0.938451507201906,0.807283198033594,"GO","IFG_CTCDT"
"GO:0051450","myoblast proliferation",0.939478888440734,0.812801369967034,"GO","IFG_CTCDT"
"GO:0097242","amyloid-beta clearance",0.926918149871374,0.831805845613509,"GO","IFG_CTCDT"
"GO:0045216","cell-cell junction organization",0.917731145514692,0.843331772599949,"GO","IFG_CTCDT"
"GO:0030522","intracellular receptor signaling pathway",0.914660751014283,0.843878297169,"GO","IFG_CTCDT"
"GO:0070849","response to epidermal growth factor",0.918546673536469,0.849610192080435,"GO","IFG_CTCDT"
"GO:1902742","apoptotic process involved in development",0.902215049985422,0.868204118906068,"GO","IFG_CTCDT"
"GO:0034367","protein-containing complex remodeling",-0.858863164891152,0.888080107482788,"GO","IFG_CTCDT"
"GO:0035329","hippo signaling",0.888911789393755,0.893105296902893,"GO","IFG_CTCDT"
"GO:0009595","detection of biotic stimulus",-0.850013051409573,0.897802779229091,"GO","IFG_CTCDT"
"GO:0010324","membrane invagination",-0.852090015461624,0.898325739863891,"GO","IFG_CTCDT"
"GO:0060759","regulation of response to cytokine stimulus",-0.853191247410157,0.899497001196034,"GO","IFG_CTCDT"
"GO:0033028","myeloid cell apoptotic process",-0.84302537254835,0.909389061077473,"GO","IFG_CTCDT"
"GO:0035272","exocrine system development",0.855784229845398,0.923208645903323,"GO","IFG_CTCDT"
"GO:0002832","negative regulation of response to biotic stimulus",0.839888718824936,0.934386694777353,"GO","IFG_CTCDT"
"GO:0098926","postsynaptic signal transduction",0.826990356181816,0.936513175771836,"GO","IFG_CTCDT"
"GO:0031128","developmental induction",-0.821548720680401,0.93947557320362,"GO","IFG_CTCDT"
"GO:0006925","inflammatory cell apoptotic process",-0.818285091071879,0.943776423831547,"GO","IFG_CTCDT"
"GO:0007398","ectoderm development",0.81382842109277,0.945261225142362,"GO","IFG_CTCDT"
"GO:0036314","response to sterol",-0.810602551697219,0.950217397300777,"GO","IFG_CTCDT"
"GO:0032495","response to muramyl dipeptide",-0.800275954464032,0.95797722828782,"GO","IFG_CTCDT"
"GO:0032069","regulation of nuclease activity",-0.793235584383446,0.963045210414106,"GO","IFG_CTCDT"
"GO:0071825","protein-lipid complex organization",0.789914881196289,0.97030919617729,"GO","IFG_CTCDT"
"GO:0006907","pinocytosis",0.780970780681433,0.976774854605198,"GO","IFG_CTCDT"
"GO:0050803","regulation of synapse structure or activity",0.772268048781655,0.977908247554057,"GO","IFG_CTCDT"
"GO:0042430","indole-containing compound metabolic process",-0.774497438374889,0.98077280167931,"GO","IFG_CTCDT"
"GO:0007274","neuromuscular synaptic transmission",-0.777325159871896,0.980996980778961,"GO","IFG_CTCDT"
"GO:0034394","protein localization to cell surface",0.75946582718825,0.982131325741765,"GO","IFG_CTCDT"
"GO:1990089","response to nerve growth factor",-0.771037669209295,0.983111601334064,"GO","IFG_CTCDT"
"GO:0006929","substrate-dependent cell migration",0.731759292741087,0.983697733496056,"GO","IFG_CTCDT"
"GO:0106030","neuron projection fasciculation",-0.766381574555539,0.986797870600755,"GO","IFG_CTCDT"
"GO:0016358","dendrite development",0.691881935334618,0.998409260229125,"GO","IFG_CTCDT"
"GO:0050808","synapse organization",-0.737190340535717,0.998697384794558,"GO","IFG_CTCDT"
"GO:0097164","ammonium ion metabolic process",-0.740618388686901,0.999346460773845,"GO","IFG_CTCDT"
"GO:0010463","mesenchymal cell proliferation",-0.708735964534117,1,"GO","IFG_CTCDT"
"GO:0002209","behavioral defense response",-0.705237188008547,1,"GO","IFG_CTCDT"
"GO:0106027","neuron projection organization",-0.686290302531361,1,"GO","IFG_CTCDT"
"GO:0007219","Notch signaling pathway",-0.72134242373105,1,"GO","IFG_CTCDT"
"GO:0044331","cell-cell adhesion mediated by cadherin",0.577690123101086,1,"GO","IFG_CTCDT"
"GO:0007606","sensory perception of chemical stimulus",2.17710351498731,0,"GO","IFG_noCTC"
"GO:0015980","energy derivation by oxidation of organic compounds",-2.34285172255156,0,"GO","IFG_noCTC"
"GO:0099003","vesicle-mediated transport in synapse",-2.38899344191574,0,"GO","IFG_noCTC"
"GO:0140053","mitochondrial gene expression",-2.50502455139584,0,"GO","IFG_noCTC"
"GO:0022900","electron transport chain",-2.51191940081793,0,"GO","IFG_noCTC"
"GO:0022613","ribonucleoprotein complex biogenesis",-2.52045932930914,0,"GO","IFG_noCTC"
"GO:0010257","NADH dehydrogenase complex assembly",-2.63632258825335,0,"GO","IFG_noCTC"
"GO:0002181","cytoplasmic translation",-2.71525423196101,0,"GO","IFG_noCTC"
"GO:0009141","nucleoside triphosphate metabolic process",-2.19043190800745,0.000241322588497848,"GO","IFG_noCTC"
"GO:0072522","purine-containing compound biosynthetic process",-2.2027039448281,0.000263261005634016,"GO","IFG_noCTC"
"GO:1902600","proton transmembrane transport",-2.23236129112819,0.000289587106197417,"GO","IFG_noCTC"
"GO:0007005","mitochondrion organization",-2.2368892278671,0.000321763451330464,"GO","IFG_noCTC"
"GO:0070050","neuron cellular homeostasis",-2.25009013183894,0.000361983882746772,"GO","IFG_noCTC"
"GO:0016072","rRNA metabolic process",-2.15904117877292,0.000445518624919104,"GO","IFG_noCTC"
"GO:1901293","nucleoside phosphate biosynthetic process",-2.12983309925722,0.000965290353991391,"GO","IFG_noCTC"
"GO:0006457","protein folding",-2.13238099866833,0.00103423966499078,"GO","IFG_noCTC"
"GO:0045116","protein neddylation",-2.09319760833265,0.0012669435896137,"GO","IFG_noCTC"
"GO:0070585","protein localization to mitochondrion",-2.06818769130508,0.00204414427904059,"GO","IFG_noCTC"
"GO:0071826","protein-RNA complex organization",-2.02474566687781,0.00281543019914156,"GO","IFG_noCTC"
"GO:0051131","chaperone-mediated protein complex assembly",-2.0187769685908,0.00289587106197417,"GO","IFG_noCTC"
"GO:0070555","response to interleukin-1",-2.00446909767485,0.00347504527436901,"GO","IFG_noCTC"
"GO:0009593","detection of chemical stimulus",1.96476035069383,0.00485108043016801,"GO","IFG_noCTC"
"GO:0050906","detection of stimulus involved in sensory perception",1.98391705870467,0.00494261024960514,"GO","IFG_noCTC"
"GO:0042476","odontogenesis",1.97245666487894,0.00514855234333869,"GO","IFG_noCTC"
"GO:0035966","response to topologically incorrect protein",-1.97445010979327,0.00517119832495388,"GO","IFG_noCTC"
"GO:0001578","microtubule bundle formation",1.9873252046375,0.00535449443707223,"GO","IFG_noCTC"
"GO:0035590","purinergic nucleotide receptor signaling pathway",2.04877870237334,0.00576637862453933,"GO","IFG_noCTC"
"GO:0072337","modified amino acid transport",2.03312356380035,0.00604096808285073,"GO","IFG_noCTC"
"GO:0006858","extracellular transport",2.00486464387701,0.00617826281200642,"GO","IFG_noCTC"
"GO:0046629","gamma-delta T cell activation",1.98870592321254,0.00642539332448668,"GO","IFG_noCTC"
"GO:0097722","sperm motility",1.93174761335096,0.0065077701619801,"GO","IFG_noCTC"
"GO:0070269","pyroptosis",1.92014888770673,0.0068148111017283,"GO","IFG_noCTC"
"GO:0001539","cilium or flagellum-dependent cell motility",1.90417922258193,0.00722381498019213,"GO","IFG_noCTC"
"GO:0060216","definitive hemopoiesis",1.9065061026663,0.00748256273898556,"GO","IFG_noCTC"
"GO:0019693","ribose phosphate metabolic process",-1.93658087939662,0.00750293866056945,"GO","IFG_noCTC"
"GO:0051180","vitamin transport",1.87195315471888,0.00895848107740931,"GO","IFG_noCTC"
"GO:0015697","quaternary ammonium group transport",1.87481380881169,0.00922620579926293,"GO","IFG_noCTC"
"GO:0060021","roof of mouth development",1.86119398310333,0.00954602175659032,"GO","IFG_noCTC"
"GO:0098743","cell aggregation",1.87538362179535,0.00988522049921028,"GO","IFG_noCTC"
"GO:0099177","regulation of trans-synaptic signaling",-1.90674681019312,0.0101985024356482,"GO","IFG_noCTC"
"GO:0006413","translational initiation",-1.89632136909849,0.0108595164824031,"GO","IFG_noCTC"
"GO:0007214","gamma-aminobutyric acid signaling pathway",-1.88882330801973,0.0110622274567413,"GO","IFG_noCTC"
"GO:0055062","phosphate ion homeostasis",1.84531029103022,0.0112581677907673,"GO","IFG_noCTC"
"GO:0006414","translational elongation",-1.8637040459473,0.0140338366849518,"GO","IFG_noCTC"
"GO:0071706","tumor necrosis factor superfamily cytokine production",1.80567769199461,0.0179061230972537,"GO","IFG_noCTC"
"GO:0034976","response to endoplasmic reticulum stress",-1.81141018739086,0.0210984891658118,"GO","IFG_noCTC"
"GO:0007029","endoplasmic reticulum organization",-1.81204172855763,0.0218262874485831,"GO","IFG_noCTC"
"GO:0050866","negative regulation of cell activation",1.78050943480705,0.0224888766357034,"GO","IFG_noCTC"
"GO:0015669","gas transport",-1.79381227758565,0.0232634975311925,"GO","IFG_noCTC"
"GO:0060037","pharyngeal system development",1.76836494088482,0.0235522867197093,"GO","IFG_noCTC"
"GO:0006839","mitochondrial transport",-1.79626932649095,0.0237661142327536,"GO","IFG_noCTC"
"GO:0042908","xenobiotic transport",1.77034208185325,0.0242815535278221,"GO","IFG_noCTC"
"GO:0045454","cell redox homeostasis",-1.77844838142349,0.0265299155355053,"GO","IFG_noCTC"
"GO:0006949","syncytium formation",1.75226751744364,0.0270410923076223,"GO","IFG_noCTC"
"GO:0051648","vesicle localization",-1.76200241966935,0.0279934202657503,"GO","IFG_noCTC"
"GO:0140253","cell-cell fusion",1.71571112684675,0.0281625813180626,"GO","IFG_noCTC"
"GO:0043161","proteasome-mediated ubiquitin-dependent protein catabolic process",-1.76328721448209,0.0287777186783683,"GO","IFG_noCTC"
"GO:1903008","organelle disassembly",-1.74771086616299,0.028998931051158,"GO","IFG_noCTC"
"GO:0007218","neuropeptide signaling pathway",-1.75411889865843,0.0290438832980351,"GO","IFG_noCTC"
"GO:0002347","response to tumor cell",1.71591350083042,0.0290444785097764,"GO","IFG_noCTC"
"GO:0006090","pyruvate metabolic process",-1.74275090306787,0.0295065781179531,"GO","IFG_noCTC"
"GO:0023058","adaptation of signaling pathway",1.72211989369615,0.0295136324674698,"GO","IFG_noCTC"
"GO:0017004","cytochrome complex assembly",-1.74816040911452,0.0297447327651347,"GO","IFG_noCTC"
"GO:0060541","respiratory system development",1.72514252035961,0.02977334269405,"GO","IFG_noCTC"
"GO:0001818","negative regulation of cytokine production",1.71621176566043,0.0299302509559422,"GO","IFG_noCTC"
"GO:0048736","appendage development",1.7330675394943,0.030116971787594,"GO","IFG_noCTC"
"GO:0072348","sulfur compound transport",1.73677978464897,0.0303421351434093,"GO","IFG_noCTC"
"GO:0046717","acid secretion",1.72536350258028,0.030723509391064,"GO","IFG_noCTC"
"GO:0048732","gland development",1.70312742083372,0.0311034968232727,"GO","IFG_noCTC"
"GO:0001655","urogenital system development",1.70091910202743,0.0311093703945735,"GO","IFG_noCTC"
"GO:0050953","sensory perception of light stimulus",1.69167145038202,0.0314367823082994,"GO","IFG_noCTC"
"GO:0035270","endocrine system development",1.72624796788594,0.0315249820407507,"GO","IFG_noCTC"
"GO:0048705","skeletal system morphogenesis",1.68630270497631,0.0319157439621939,"GO","IFG_noCTC"
"GO:0003007","heart morphogenesis",1.69213356253391,0.0320812017127148,"GO","IFG_noCTC"
"GO:0061383","trabecula morphogenesis",1.68736720342401,0.0323437477737319,"GO","IFG_noCTC"
"GO:0009581","detection of external stimulus",1.69285719119234,0.0327859813223808,"GO","IFG_noCTC"
"GO:0061053","somite development",1.67844178391109,0.0334861844410748,"GO","IFG_noCTC"
"GO:0043062","extracellular structure organization",1.66820559358705,0.0363261761434394,"GO","IFG_noCTC"
"GO:0090596","sensory organ morphogenesis",1.65213154237052,0.0370871038587393,"GO","IFG_noCTC"
"GO:0072089","stem cell proliferation",1.65611953923568,0.0371244947637008,"GO","IFG_noCTC"
"GO:0045229","external encapsulating structure organization",1.66210127161387,0.0375403016577152,"GO","IFG_noCTC"
"GO:0001906","cell killing",1.65304192186984,0.0376784491491638,"GO","IFG_noCTC"
"GO:0043583","ear development",1.65640995263388,0.0377997352043666,"GO","IFG_noCTC"
"GO:0140115","export across plasma membrane",1.65697552737683,0.0385446969852928,"GO","IFG_noCTC"
"GO:0009582","detection of abiotic stimulus",1.64464734962777,0.0385826208259993,"GO","IFG_noCTC"
"GO:0002832","negative regulation of response to biotic stimulus",1.6459612661402,0.0388887320333515,"GO","IFG_noCTC"
"GO:0007229","integrin-mediated signaling pathway",1.6411595915187,0.0391619485443714,"GO","IFG_noCTC"
"GO:0035329","hippo signaling",1.6331265393212,0.0398672807869094,"GO","IFG_noCTC"
"GO:0042113","B cell activation",1.63051852636491,0.0402426106125258,"GO","IFG_noCTC"
"GO:0055081","monoatomic anion homeostasis",1.6340463062199,0.0403646503717753,"GO","IFG_noCTC"
"GO:0030431","sleep",1.62688816796532,0.0409337994308208,"GO","IFG_noCTC"
"GO:0007162","negative regulation of cell adhesion",1.63460489410846,0.0410268955359381,"GO","IFG_noCTC"
"GO:0031163","metallo-sulfur cluster assembly",-1.7038181407075,0.0414947840327615,"GO","IFG_noCTC"
"GO:0032963","collagen metabolic process",1.61911197220377,0.0437038543201693,"GO","IFG_noCTC"
"GO:0031579","membrane raft organization",1.61643166433792,0.0438909570995638,"GO","IFG_noCTC"
"GO:0034470","ncRNA processing",-1.67950518588125,0.0447849827026239,"GO","IFG_noCTC"
"GO:0003205","cardiac chamber development",1.60633730261368,0.0448211022361734,"GO","IFG_noCTC"
"GO:0030323","respiratory tube development",1.60414705882437,0.0448953764339134,"GO","IFG_noCTC"
"GO:0048284","organelle fusion",-1.67506897689024,0.0451492624662337,"GO","IFG_noCTC"
"GO:0007498","mesoderm development",1.61117461992851,0.0451510286882033,"GO","IFG_noCTC"
"GO:0048568","embryonic organ development",1.60746331257976,0.0451562364193092,"GO","IFG_noCTC"
"GO:0099072","regulation of postsynaptic membrane neurotransmitter receptor levels",-1.68076817500157,0.0454031212930951,"GO","IFG_noCTC"
"GO:0032612","interleukin-1 production",1.6078480089067,0.0457959367760024,"GO","IFG_noCTC"
"GO:0051438","regulation of ubiquitin-protein transferase activity",-1.68178526045883,0.0460867284862963,"GO","IFG_noCTC"
"GO:0010573","vascular endothelial growth factor production",-1.68554945174145,0.0468908352727357,"GO","IFG_noCTC"
"GO:0072594","establishment of protein localization to organelle",-1.68230111364918,0.0471303015336297,"GO","IFG_noCTC"
"GO:0002009","morphogenesis of an epithelium",1.59582006144238,0.0475955061073088,"GO","IFG_noCTC"
"GO:0002532","production of molecular mediator involved in inflammatory response",1.5912173149213,0.0482981734903723,"GO","IFG_noCTC"
"GO:0043588","skin development",1.58866591131297,0.0487146661722446,"GO","IFG_noCTC"
"GO:1903513","endoplasmic reticulum to cytosol transport",-1.64967794892411,0.0488456618922787,"GO","IFG_noCTC"
"GO:0007009","plasma membrane organization",1.59136957902331,0.0490142183085843,"GO","IFG_noCTC"
"GO:0002064","epithelial cell development",1.57570943681714,0.0492479904149845,"GO","IFG_noCTC"
"GO:0006399","tRNA metabolic process",-1.64687309602309,0.0492587667641807,"GO","IFG_noCTC"
"GO:0044706","multi-multicellular organism process",-1.64183883238048,0.0492854978816758,"GO","IFG_noCTC"
"GO:0051047","positive regulation of secretion",-1.64389276006144,0.0496272805522633,"GO","IFG_noCTC"
"GO:0141060","disruption of anatomical structure in another organism",1.57884949321096,0.0497857760118677,"GO","IFG_noCTC"
"GO:0071806","protein transmembrane transport",-1.63813905161155,0.0498035183582917,"GO","IFG_noCTC"
"GO:0002065","columnar/cuboidal epithelial cell differentiation",1.57599233103332,0.0498097754378016,"GO","IFG_noCTC"
"GO:0106030","neuron projection fasciculation",-1.64982421456817,0.0498632798483678,"GO","IFG_noCTC"
"GO:0046631","alpha-beta T cell activation",1.57708738276794,0.0499981638675335,"GO","IFG_noCTC"
"GO:0008544","epidermis development",1.57928190028759,0.0503675520674048,"GO","IFG_noCTC"
"GO:0032615","interleukin-12 production",1.57097729130546,0.0506233125342891,"GO","IFG_noCTC"
"GO:0046685","response to arsenic-containing substance",-1.63070344179266,0.0506514174839846,"GO","IFG_noCTC"
"GO:0048499","synaptic vesicle membrane organization",-1.65307094112354,0.0508036510220252,"GO","IFG_noCTC"
"GO:1990868","response to chemokine",-1.6500174486747,0.0508933935572482,"GO","IFG_noCTC"
"GO:0042742","defense response to bacterium",1.58102593073616,0.0510009538010726,"GO","IFG_noCTC"
"GO:0002764","immune response-regulating signaling pathway",1.57944945406425,0.0510497619017188,"GO","IFG_noCTC"
"GO:0046683","response to organophosphorus",-1.63229982340617,0.0511335751405995,"GO","IFG_noCTC"
"GO:0050890","cognition",-1.65315649539016,0.0519326210447368,"GO","IFG_noCTC"
"GO:0060004","reflex",1.56218629920527,0.0542169659397476,"GO","IFG_noCTC"
"GO:0072001","renal system development",1.55938405372276,0.0548715324030839,"GO","IFG_noCTC"
"GO:0045088","regulation of innate immune response",1.55268020906299,0.0555992803180891,"GO","IFG_noCTC"
"GO:0032613","interleukin-10 production",1.55587587776438,0.055963443830465,"GO","IFG_noCTC"
"GO:0070972","protein localization to endoplasmic reticulum",-1.60373145955639,0.055971016099468,"GO","IFG_noCTC"
"GO:0048771","tissue remodeling",1.55421068517705,0.0560371043910929,"GO","IFG_noCTC"
"GO:0006814","sodium ion transport",1.55287142857761,0.0561604089611384,"GO","IFG_noCTC"
"GO:0009743","response to carbohydrate",-1.60546355945514,0.056179898602299,"GO","IFG_noCTC"
"GO:0023061","signal release",-1.60643854723653,0.0567885223509173,"GO","IFG_noCTC"
"GO:0044703","multi-organism reproductive process",-1.59535888024559,0.0585946814072033,"GO","IFG_noCTC"
"GO:0046530","photoreceptor cell differentiation",1.54420214143752,0.0589898524099215,"GO","IFG_noCTC"
"GO:0060249","anatomical structure homeostasis",1.53507253411774,0.0595079040847346,"GO","IFG_noCTC"
"GO:0045165","cell fate commitment",1.54125698189037,0.0597579444033585,"GO","IFG_noCTC"
"GO:0001763","morphogenesis of a branching structure",1.53518108240101,0.0601256227681851,"GO","IFG_noCTC"
"GO:0060348","bone development",1.53830779348131,0.0605273620249264,"GO","IFG_noCTC"
"GO:0002683","negative regulation of immune system process",1.5353004352951,0.0607577070024136,"GO","IFG_noCTC"
"GO:0010586","miRNA metabolic process",1.5353519057455,0.0614434293774443,"GO","IFG_noCTC"
"GO:0048880","sensory system development",1.52808847330083,0.0625323498994987,"GO","IFG_noCTC"
"GO:0021510","spinal cord development",1.52496413505554,0.0634759297796512,"GO","IFG_noCTC"
"GO:0061458","reproductive system development",1.52273450126799,0.0641453044481722,"GO","IFG_noCTC"
"GO:0015837","amine transport",-1.57329802971999,0.0671706342421978,"GO","IFG_noCTC"
"GO:0031214","biomineral tissue development",1.51490092017929,0.0678265808709401,"GO","IFG_noCTC"
"GO:0002833","positive regulation of response to biotic stimulus",1.51270335900962,0.0684613523641543,"GO","IFG_noCTC"
"GO:0032635","interleukin-6 production",1.51021421822394,0.0692841784279756,"GO","IFG_noCTC"
"GO:0060759","regulation of response to cytokine stimulus",1.50720661460377,0.0703324767272759,"GO","IFG_noCTC"
"GO:0050886","endocrine process",-1.55498653857394,0.0720986721753276,"GO","IFG_noCTC"
"GO:0018198","peptidyl-cysteine modification",-1.5556165856324,0.0728506070889175,"GO","IFG_noCTC"
"GO:0097193","intrinsic apoptotic signaling pathway",-1.54915384908581,0.0731000595215481,"GO","IFG_noCTC"
"GO:0001963","synaptic transmission",-0.480625811771408,0.0292553191489362,"GO","IFG_noCTC"
"GO:0035272","exocrine system development",1.50025018175542,0.0741048300617882,"GO","IFG_noCTC"
"GO:0007530","sex determination",1.4986764558063,0.0743684500958629,"GO","IFG_noCTC"
"GO:0035148","tube formation",1.49402977364972,0.0766524878676008,"GO","IFG_noCTC"
"GO:0031589","cell-substrate adhesion",1.49121781715475,0.0776672122387447,"GO","IFG_noCTC"
"GO:0042490","mechanoreceptor differentiation",1.4836878825255,0.0790421597448873,"GO","IFG_noCTC"
"GO:0042303","molting cycle",1.48239223573772,0.0791131456460607,"GO","IFG_noCTC"
"GO:0070661","leukocyte proliferation",1.48782061819388,0.0792629930361678,"GO","IFG_noCTC"
"GO:0048706","embryonic skeletal system development",1.48442281539677,0.0793536875349226,"GO","IFG_noCTC"
"GO:0033627","cell adhesion mediated by integrin",1.48076622647653,0.0793848485844599,"GO","IFG_noCTC"
"GO:0006887","exocytosis",-1.52802808677005,0.0794212205442782,"GO","IFG_noCTC"
"GO:0015698","inorganic anion transport",1.48535539322778,0.0794532673784565,"GO","IFG_noCTC"
"GO:2001233","regulation of apoptotic signaling pathway",-1.53237810586687,0.0796565644199979,"GO","IFG_noCTC"
"GO:0070849","response to epidermal growth factor",1.48572315570256,0.0799789374713333,"GO","IFG_noCTC"
"GO:0010463","mesenchymal cell proliferation",1.4755521686706,0.0800103756163353,"GO","IFG_noCTC"
"GO:0032606","type I interferon production",1.47608333777886,0.0803438678341778,"GO","IFG_noCTC"
"GO:0071774","response to fibroblast growth factor",1.47333402420978,0.0807886714372396,"GO","IFG_noCTC"
"GO:0051347","positive regulation of transferase activity",-1.50295018482192,0.0846082810275587,"GO","IFG_noCTC"
"GO:0006836","neurotransmitter transport",-1.51504834391705,0.0846851767794421,"GO","IFG_noCTC"
"GO:0002443","leukocyte mediated immunity",1.46596111574534,0.0849143382912073,"GO","IFG_noCTC"
"GO:2001057","reactive nitrogen species metabolic process",-1.50568693402868,0.085017054140427,"GO","IFG_noCTC"
"GO:0061008","hepaticobiliary system development",1.46187593057929,0.0856002789605528,"GO","IFG_noCTC"
"GO:0014074","response to purine-containing compound",-1.50574559330929,0.0860435689289076,"GO","IFG_noCTC"
"GO:0043171","peptide catabolic process",1.46199291041479,0.0870497182751253,"GO","IFG_noCTC"
"GO:0006984","ER-nucleus signaling pathway",-1.49046486314146,0.0899082792064688,"GO","IFG_noCTC"
"GO:0007369","gastrulation",1.45470590788217,0.0901813327007696,"GO","IFG_noCTC"
"GO:0051051","negative regulation of transport",-1.48466702628701,0.0903314325581717,"GO","IFG_noCTC"
"GO:0045730","respiratory burst",-1.48545913401435,0.0909869373322575,"GO","IFG_noCTC"
"GO:0032495","response to muramyl dipeptide",1.4507517699126,0.092698584823791,"GO","IFG_noCTC"
"GO:0003170","heart valve development",1.44704393202559,0.0946775144140465,"GO","IFG_noCTC"
"GO:0042176","regulation of protein catabolic process",-1.47545706573573,0.0950106011344336,"GO","IFG_noCTC"
"GO:0002250","adaptive immune response",1.44448553599112,0.0957924938852044,"GO","IFG_noCTC"
"GO:0038034","signal transduction in absence of ligand",-1.46444394792908,0.0979458325316104,"GO","IFG_noCTC"
"GO:0002237","response to molecule of bacterial origin",-1.46150149850408,0.098829301774608,"GO","IFG_noCTC"
"GO:0035249","synaptic transmission",-0.324757020830653,0.00940438871473354,"GO","IFG_noCTC"
"GO:0002520","immune system development",1.4332071623658,0.104364588367704,"GO","IFG_noCTC"
"GO:0009595","detection of biotic stimulus",1.42818504490417,0.105409135524845,"GO","IFG_noCTC"
"GO:0019755","one-carbon compound transport",1.42836138326272,0.106045109339089,"GO","IFG_noCTC"
"GO:0002697","regulation of immune effector process",1.42311555206254,0.108077103222517,"GO","IFG_noCTC"
"GO:0090077","foam cell differentiation",1.42373874107225,0.108388147700341,"GO","IFG_noCTC"
"GO:0030856","regulation of epithelial cell differentiation",1.41498174788362,0.111296766930994,"GO","IFG_noCTC"
"GO:0006907","pinocytosis",1.41668516298333,0.111451391067647,"GO","IFG_noCTC"
"GO:0140546","defense response to symbiont",1.41360920555817,0.111651818151118,"GO","IFG_noCTC"
"GO:0031400","negative regulation of protein modification process",-1.43168659636762,0.111835099774557,"GO","IFG_noCTC"
"GO:0006909","phagocytosis",1.41685444988297,0.112199826942208,"GO","IFG_noCTC"
"GO:0006749","glutathione metabolic process",-1.42947395861177,0.112200808205117,"GO","IFG_noCTC"
"GO:0061842","microtubule organizing center localization",1.4174848302947,0.112531949108136,"GO","IFG_noCTC"
"GO:0045216","cell-cell junction organization",1.40994855882404,0.114429479149693,"GO","IFG_noCTC"
"GO:0043331","response to dsRNA",1.40745237786351,0.11577634182937,"GO","IFG_noCTC"
"GO:0001503","ossification",1.40253387762115,0.11685572251965,"GO","IFG_noCTC"
"GO:0050673","epithelial cell proliferation",1.40415282660121,0.117138651491561,"GO","IFG_noCTC"
"GO:0015849","organic acid transport",1.40286964491693,0.117432090236969,"GO","IFG_noCTC"
"GO:0035640","exploration behavior",-1.41747577226712,0.117586154978351,"GO","IFG_noCTC"
"GO:0042044","fluid transport",1.40423749646542,0.117920917374839,"GO","IFG_noCTC"
"GO:0034612","response to tumor necrosis factor",-1.41484389586305,0.118539476772698,"GO","IFG_noCTC"
"GO:0031016","pancreas development",1.3949468096489,0.121041370155224,"GO","IFG_noCTC"
"GO:0051249","regulation of lymphocyte activation",1.39500209696987,0.121864762951871,"GO","IFG_noCTC"
"GO:0009615","response to virus",1.39584077479982,0.121965130619753,"GO","IFG_noCTC"
"GO:0003014","renal system process",1.39208494762337,0.122061734940423,"GO","IFG_noCTC"
"GO:1903706","regulation of hemopoiesis",1.38902737154932,0.124102993929322,"GO","IFG_noCTC"
"GO:0055123","digestive system development",1.38487154577261,0.125173830972263,"GO","IFG_noCTC"
"GO:0007548","sex differentiation",1.38671190300794,0.125860445367531,"GO","IFG_noCTC"
"GO:0030101","natural killer cell activation",1.37671688417747,0.13284785423687,"GO","IFG_noCTC"
"GO:0050900","leukocyte migration",-1.38335613996184,0.137233535724528,"GO","IFG_noCTC"
"GO:0007389","pattern specification process",1.37136688512337,0.137591285770675,"GO","IFG_noCTC"
"GO:0071241","cellular response to inorganic substance",-1.38035742479752,0.138798591952867,"GO","IFG_noCTC"
"GO:0150076","neuroinflammatory response",-1.38545253089276,0.138817528270817,"GO","IFG_noCTC"
"GO:0050803","regulation of synapse structure or activity",-1.37658180961269,0.139538545697454,"GO","IFG_noCTC"
"GO:1903131","mononuclear cell differentiation",1.36397429046416,0.141241731175813,"GO","IFG_noCTC"
"GO:0030865","cortical cytoskeleton organization",1.36693149931138,0.141551774996142,"GO","IFG_noCTC"
"GO:0003018","vascular process in circulatory system",1.36415036398677,0.141960966898561,"GO","IFG_noCTC"
"GO:0042092","type 2 immune response",1.36486555869507,0.142118889050738,"GO","IFG_noCTC"
"GO:0098727","maintenance of cell number",1.35661275529783,0.147617194015277,"GO","IFG_noCTC"
"GO:0140467","integrated stress response signaling",-1.36258678472752,0.147920607144622,"GO","IFG_noCTC"
"GO:0001570","vasculogenesis",1.35253175656971,0.150573460884983,"GO","IFG_noCTC"
"GO:0032637","interleukin-8 production",1.35100605289627,0.150585882252721,"GO","IFG_noCTC"
"GO:0002251","organ or tissue specific immune response",1.35123624278737,0.151351993237127,"GO","IFG_noCTC"
"GO:0031348","negative regulation of defense response",1.34640733476056,0.154267053035989,"GO","IFG_noCTC"
"GO:0002526","acute inflammatory response",-1.35197223588716,0.155611187148397,"GO","IFG_noCTC"
"GO:0098781","ncRNA transcription",1.3417832891539,0.15883660702542,"GO","IFG_noCTC"
"GO:0001659","temperature homeostasis",-1.34593862419778,0.159143418239142,"GO","IFG_noCTC"
"GO:0061448","connective tissue development",1.33599243218828,0.163007483341768,"GO","IFG_noCTC"
"GO:0042060","wound healing",1.33623035964969,0.163661933767046,"GO","IFG_noCTC"
"GO:0034109","homotypic cell-cell adhesion",1.33688068217971,0.1637501753301,"GO","IFG_noCTC"
"GO:0060976","coronary vasculature development",1.32975892952421,0.168300724695378,"GO","IFG_noCTC"
"GO:0002396","MHC protein complex assembly",1.32999054882629,0.168984627350405,"GO","IFG_noCTC"
"GO:0050878","regulation of body fluid levels",1.3282841724479,0.169310896523024,"GO","IFG_noCTC"
"GO:0070482","response to oxygen levels",-1.33175517455402,0.169580830402988,"GO","IFG_noCTC"
"GO:1904019","epithelial cell apoptotic process",1.32560700145109,0.169786236955545,"GO","IFG_noCTC"
"GO:0033687","osteoblast proliferation",1.32604554301267,0.170220068596228,"GO","IFG_noCTC"
"GO:0098742","cell-cell adhesion via plasma-membrane adhesion molecules",1.32667768719586,0.170400319835951,"GO","IFG_noCTC"
"GO:0048863","stem cell differentiation",1.32155037200542,0.171990736133859,"GO","IFG_noCTC"
"GO:0010171","body morphogenesis",1.32228989666716,0.172041216803727,"GO","IFG_noCTC"
"GO:0002263","cell activation involved in immune response",1.31839546479407,0.174293741139009,"GO","IFG_noCTC"
"GO:0071887","leukocyte apoptotic process",1.31635370247487,0.176309314690776,"GO","IFG_noCTC"
"GO:0097242","amyloid-beta clearance",1.31283630635584,0.178190552577978,"GO","IFG_noCTC"
"GO:0032102","negative regulation of response to external stimulus",1.31311357273307,0.178726053961683,"GO","IFG_noCTC"
"GO:0050808","synapse organization",-1.31910043748664,0.180596021501632,"GO","IFG_noCTC"
"GO:0043549","regulation of kinase activity",-1.31770014663014,0.180666436486575,"GO","IFG_noCTC"
"GO:0035988","chondrocyte proliferation",1.30986787630053,0.181434984579255,"GO","IFG_noCTC"
"GO:0097035","regulation of membrane lipid distribution",1.30556482818032,0.186385387232407,"GO","IFG_noCTC"
"GO:0030522","intracellular receptor signaling pathway",1.30226723091537,0.188011986338703,"GO","IFG_noCTC"
"GO:0007249","canonical NF-kappaB signal transduction",1.30246799606843,0.188695820001636,"GO","IFG_noCTC"
"GO:0022407","regulation of cell-cell adhesion",1.30258722655358,0.189462297372633,"GO","IFG_noCTC"
"GO:1902742","apoptotic process involved in development",1.30040921839655,0.189702088627702,"GO","IFG_noCTC"
"GO:0019932","second-messenger-mediated signaling",-1.30392154275238,0.192981286338302,"GO","IFG_noCTC"
"GO:0050817","coagulation",1.29602887423862,0.194916604378507,"GO","IFG_noCTC"
"GO:0002274","myeloid leukocyte activation",1.29060006596235,0.201538598912564,"GO","IFG_noCTC"
"GO:0042692","muscle cell differentiation",1.28792431324874,0.204504789537699,"GO","IFG_noCTC"
"GO:0048545","response to steroid hormone",-1.29001971913637,0.205553218158278,"GO","IFG_noCTC"
"GO:0071559","response to transforming growth factor beta",1.28639364072175,0.205613440029558,"GO","IFG_noCTC"
"GO:0198738","cell-cell signaling by wnt",1.2838897274787,0.208370936570982,"GO","IFG_noCTC"
"GO:0006979","response to oxidative stress",-1.28428154127749,0.209897807630683,"GO","IFG_noCTC"
"GO:0043086","negative regulation of catalytic activity",-1.2829752229002,0.209982128852497,"GO","IFG_noCTC"
"GO:0043434","response to peptide hormone",-1.28515638132894,0.210472334647674,"GO","IFG_noCTC"
"GO:0007492","endoderm development",-1.28049348228208,0.211815259619363,"GO","IFG_noCTC"
"GO:0042180","cellular ketone metabolic process",-1.27509146408624,0.21256301120288,"GO","IFG_noCTC"
"GO:0010324","membrane invagination",1.27975046525099,0.212662530629056,"GO","IFG_noCTC"
"GO:0000959","mitochondrial RNA metabolic process",-1.27825106738939,0.212960289418251,"GO","IFG_noCTC"
"GO:0038061","non-canonical NF-kappaB signal transduction",1.28009526992504,0.213225051058607,"GO","IFG_noCTC"
"GO:0032616","interleukin-13 production",1.2751493433804,0.217774403118966,"GO","IFG_noCTC"
"GO:0009566","fertilization",1.2741654904121,0.218199270407819,"GO","IFG_noCTC"
"GO:0050867","positive regulation of cell activation",1.27162341852819,0.221185927511705,"GO","IFG_noCTC"
"GO:0045103","intermediate filament-based process",-1.25916732476896,0.22781837344354,"GO","IFG_noCTC"
"GO:0009266","response to temperature stimulus",-1.25205605279821,0.233445819209278,"GO","IFG_noCTC"
"GO:0106027","neuron projection organization",-1.24558077157584,0.235144730232303,"GO","IFG_noCTC"
"GO:0048013","ephrin receptor signaling pathway",-1.24275959607072,0.237739876222457,"GO","IFG_noCTC"
"GO:0071604","transforming growth factor beta production",-1.23998935833867,0.238698587187472,"GO","IFG_noCTC"
"GO:0010563","negative regulation of phosphorus metabolic process",-1.24083786727335,0.238798692381202,"GO","IFG_noCTC"
"GO:0019221","cytokine-mediated signaling pathway",1.25729605048068,0.242078336978813,"GO","IFG_noCTC"
"GO:0034694","response to prostaglandin",1.25610938469723,0.243112622612318,"GO","IFG_noCTC"
"GO:0006879","intracellular iron ion homeostasis",-1.23241189169954,0.243807317372011,"GO","IFG_noCTC"
"GO:0032620","interleukin-17 production",1.25459757962159,0.244490435298151,"GO","IFG_noCTC"
"GO:0001945","lymph vessel development",1.25093464276062,0.247332494149111,"GO","IFG_noCTC"
"GO:0036314","response to sterol",1.2510394997347,0.248324379690306,"GO","IFG_noCTC"
"GO:0007159","leukocyte cell-cell adhesion",1.25155514383749,0.248622093081473,"GO","IFG_noCTC"
"GO:0060485","mesenchyme development",1.2456056708071,0.253599631898579,"GO","IFG_noCTC"
"GO:0070741","response to interleukin-6",1.24051346654735,0.260809708452756,"GO","IFG_noCTC"
"GO:0031349","positive regulation of defense response",1.23757487008974,0.26486462885092,"GO","IFG_noCTC"
"GO:0042330","taxis",-1.21047452797171,0.268928168889227,"GO","IFG_noCTC"
"GO:0072593","reactive oxygen species metabolic process",-1.21189500708489,0.269760856426733,"GO","IFG_noCTC"
"GO:0001562","response to protozoan",1.23210909959608,0.27119821523179,"GO","IFG_noCTC"
"GO:0097191","extrinsic apoptotic signaling pathway",-1.20505313327261,0.27441785219337,"GO","IFG_noCTC"
"GO:0001890","placenta development",-1.20596674344117,0.274567987938125,"GO","IFG_noCTC"
"GO:0098926","postsynaptic signal transduction",-1.2021605991799,0.276000083249667,"GO","IFG_noCTC"
"GO:0002544","chronic inflammatory response",-1.1988516496679,0.278569481812205,"GO","IFG_noCTC"
"GO:0045785","positive regulation of cell adhesion",1.22153903502967,0.287948235458246,"GO","IFG_noCTC"
"GO:2000027","regulation of animal organ morphogenesis",1.22204624828682,0.288224893741243,"GO","IFG_noCTC"
"GO:1904888","cranial skeletal system development",1.21827697398572,0.292037020919237,"GO","IFG_noCTC"
"GO:0015844","monoamine transport",-1.1851439151804,0.292853005228422,"GO","IFG_noCTC"
"GO:0030534","adult behavior",-1.18227714489822,0.292949798004355,"GO","IFG_noCTC"
"GO:0006022","aminoglycan metabolic process",1.21686562348736,0.293545981677782,"GO","IFG_noCTC"
"GO:0006929","substrate-dependent cell migration",1.21376291049091,0.294716744641103,"GO","IFG_noCTC"
"GO:1903317","regulation of protein maturation",1.21526113428127,0.295486451596372,"GO","IFG_noCTC"
"GO:0070371","ERK1 and ERK2 cascade",-1.17437911344256,0.304160381649839,"GO","IFG_noCTC"
"GO:0032355","response to estradiol",1.20828658857033,0.305058049126397,"GO","IFG_noCTC"
"GO:0050727","regulation of inflammatory response",-1.16966530989659,0.306111957733603,"GO","IFG_noCTC"
"GO:0070542","response to fatty acid",-1.16845830748891,0.306657504036423,"GO","IFG_noCTC"
"GO:0071772","response to BMP",1.20134065155384,0.312480446567311,"GO","IFG_noCTC"
"GO:0043491","phosphatidylinositol 3-kinase/protein kinase B signal transduction",1.20181471511678,0.314183831761156,"GO","IFG_noCTC"
"GO:0010720","positive regulation of cell development",1.19853926894713,0.316960723955447,"GO","IFG_noCTC"
"GO:0001819","positive regulation of cytokine production",1.19389459722505,0.32288592063085,"GO","IFG_noCTC"
"GO:0031503","protein-containing complex localization",-1.15049938811946,0.327562506260124,"GO","IFG_noCTC"
"GO:0035456","response to interferon-beta",1.18753297328568,0.331257430504656,"GO","IFG_noCTC"
"GO:0002040","sprouting angiogenesis",1.18275436810466,0.340277610875708,"GO","IFG_noCTC"
"GO:0150115","cell-substrate junction organization",1.179479075997,0.343746774740395,"GO","IFG_noCTC"
"GO:0051090","regulation of DNA-binding transcription factor activity",1.17996538712588,0.343943553134408,"GO","IFG_noCTC"
"GO:0060537","muscle tissue development",1.18042375801186,0.344338570715804,"GO","IFG_noCTC"
"GO:0048872","homeostasis of number of cells",1.17770480164932,0.34620037984785,"GO","IFG_noCTC"
"GO:0042391","regulation of membrane potential",-1.13178728348876,0.355929524864752,"GO","IFG_noCTC"
"GO:0071825","protein-lipid complex organization",1.17127429089909,0.359266399405003,"GO","IFG_noCTC"
"GO:0006959","humoral immune response",1.16655473677863,0.367523102569534,"GO","IFG_noCTC"
"GO:0097194","execution phase of apoptosis",1.16260589823006,0.37526603566452,"GO","IFG_noCTC"
"GO:0034113","heterotypic cell-cell adhesion",-1.11497118499348,0.376429248959671,"GO","IFG_noCTC"
"GO:0010721","negative regulation of cell development",1.15321833469881,0.393520339108878,"GO","IFG_noCTC"
"GO:0048483","autonomic nervous system development",-1.10484602222965,0.393563624813809,"GO","IFG_noCTC"
"GO:0010876","lipid localization",1.15371082097756,0.393800510284016,"GO","IFG_noCTC"
"GO:0032526","response to retinoic acid",1.15093127243455,0.396096908846297,"GO","IFG_noCTC"
"GO:0043627","response to estrogen",1.15131712826507,0.396751497555902,"GO","IFG_noCTC"
"GO:0035265","organ growth",1.14863783537747,0.400264548397222,"GO","IFG_noCTC"
"GO:0007517","muscle organ development",1.14783309186384,0.400726453174698,"GO","IFG_noCTC"
"GO:0002440","production of molecular mediator of immune response",1.14493888191452,0.402036841375928,"GO","IFG_noCTC"
"GO:0034367","protein-containing complex remodeling",1.14551194807646,0.403573350541601,"GO","IFG_noCTC"
"GO:0030099","myeloid cell differentiation",1.14267688433218,0.406064358222808,"GO","IFG_noCTC"
"GO:0007271","synaptic transmission",0.375033621805337,0.288244766505636,"GO","IFG_noCTC"
"GO:0019216","regulation of lipid metabolic process",-1.08880830426841,0.421310106124513,"GO","IFG_noCTC"
"GO:0090130","tissue migration",-1.08652571336159,0.421548732857067,"GO","IFG_noCTC"
"GO:0071216","cellular response to biotic stimulus",-1.08687647201072,0.422525687136169,"GO","IFG_noCTC"
"GO:0006820","monoatomic anion transport",1.13360803795705,0.422735632526378,"GO","IFG_noCTC"
"GO:0007178","transmembrane receptor protein serine/threonine kinase signaling pathway",1.13373071257796,0.424020005337823,"GO","IFG_noCTC"
"GO:0048010","vascular endothelial growth factor receptor signaling pathway",-1.08096000804094,0.42757093629668,"GO","IFG_noCTC"
"GO:0098664","G protein-coupled serotonin receptor signaling pathway",-1.0824551970329,0.42969088580638,"GO","IFG_noCTC"
"GO:0042063","gliogenesis",1.12612443800141,0.432551082285297,"GO","IFG_noCTC"
"GO:0032602","chemokine production",1.12759539499706,0.433375661278575,"GO","IFG_noCTC"
"GO:0051450","myoblast proliferation",1.12773263703898,0.434654620756321,"GO","IFG_noCTC"
"GO:0014812","muscle cell migration",1.12185121574604,0.442236883743516,"GO","IFG_noCTC"
"GO:0034698","response to gonadotropin",1.11929139453371,0.447354330852035,"GO","IFG_noCTC"
"GO:0009620","response to fungus",1.11639080660634,0.452066773089338,"GO","IFG_noCTC"
"GO:0017145","stem cell division",1.11271548557042,0.45525265037747,"GO","IFG_noCTC"
"GO:0044403","biological process involved in symbiotic interaction",1.11079086269139,0.457083365003821,"GO","IFG_noCTC"
"GO:0007398","ectoderm development",1.11136441815185,0.457103501286881,"GO","IFG_noCTC"
"GO:0009612","response to mechanical stimulus",1.0999626188887,0.481696389431255,"GO","IFG_noCTC"
"GO:0043462","regulation of ATP-dependent activity",1.09766097128537,0.483031460238321,"GO","IFG_noCTC"
"GO:0140962","multicellular organismal-level chemical homeostasis",1.09814072764991,0.483342506151282,"GO","IFG_noCTC"
"GO:0060840","artery development",1.09669407823871,0.483990999165054,"GO","IFG_noCTC"
"GO:0051703","biological process involved in intraspecies interaction between organisms",1.09508810037506,0.486915283520584,"GO","IFG_noCTC"
"GO:0099565","chemical synaptic transmission",-0.232816397757714,0.302547770700637,"GO","IFG_noCTC"
"GO:1990089","response to nerve growth factor",-1.04596778032052,0.497842467006348,"GO","IFG_noCTC"
"GO:0006925","inflammatory cell apoptotic process",1.09006847288656,0.499042278518122,"GO","IFG_noCTC"
"GO:0104004","cellular response to environmental stimulus",1.08631579339249,0.508098640984665,"GO","IFG_noCTC"
"GO:0016358","dendrite development",-1.03415085688182,0.520346660250159,"GO","IFG_noCTC"
"GO:0007215","glutamate receptor signaling pathway",-1.03484162863041,0.520562494199919,"GO","IFG_noCTC"
"GO:1903034","regulation of response to wounding",1.07879748293572,0.520713142777845,"GO","IFG_noCTC"
"GO:0031032","actomyosin structure organization",1.07921846836862,0.521328495280142,"GO","IFG_noCTC"
"GO:0098739","import across plasma membrane",1.07363883225323,0.531903658093376,"GO","IFG_noCTC"
"GO:0006882","intracellular zinc ion homeostasis",-1.02328681217448,0.544115564538123,"GO","IFG_noCTC"
"GO:0030048","actin filament-based movement",1.06616408983058,0.546642362517798,"GO","IFG_noCTC"
"GO:0070841","inclusion body assembly",-1.01664677179547,0.557501145637361,"GO","IFG_noCTC"
"GO:1904645","response to amyloid-beta",-1.0125871280825,0.565532835522189,"GO","IFG_noCTC"
"GO:0007187","G protein-coupled receptor signaling pathway",-0.26605574046421,0.433908045977011,"GO","IFG_noCTC"
"GO:0010927","cellular component assembly involved in morphogenesis",1.05110690807031,0.581719550481124,"GO","IFG_noCTC"
"GO:0002244","hematopoietic progenitor cell differentiation",1.04792019939694,0.587118322036967,"GO","IFG_noCTC"
"GO:0002269","leukocyte activation involved in inflammatory response",1.04586459634517,0.589496041896015,"GO","IFG_noCTC"
"GO:0003158","endothelium development",1.04611916820472,0.590604842007078,"GO","IFG_noCTC"
"GO:0097305","response to alcohol",1.04245858286002,0.597937407049276,"GO","IFG_noCTC"
"GO:0003015","heart process",1.04073766977069,0.599303260884265,"GO","IFG_noCTC"
"GO:0001701","in utero embryonic development",1.03689311865174,0.609033335856804,"GO","IFG_noCTC"
"GO:0007219","Notch signaling pathway",1.03348492494455,0.613580904371828,"GO","IFG_noCTC"
"GO:0001667","ameboidal-type cell migration",1.03193424776048,0.614307943374989,"GO","IFG_noCTC"
"GO:0002437","inflammatory response to antigenic stimulus",1.03384145364807,0.614450903236683,"GO","IFG_noCTC"
"GO:0016032","viral process",1.02783762338418,0.621065419810723,"GO","IFG_noCTC"
"GO:0051345","positive regulation of hydrolase activity",1.02275470901365,0.630696717370486,"GO","IFG_noCTC"
"GO:0006040","amino sugar metabolic process",1.02338178296757,0.630839800007118,"GO","IFG_noCTC"
"GO:0003012","muscle system process",1.02173189605499,0.631837878041368,"GO","IFG_noCTC"
"GO:0097006","regulation of plasma lipoprotein particle levels",1.01918383592175,0.637446490884485,"GO","IFG_noCTC"
"GO:0120254","olefinic compound metabolic process",1.01789303487442,0.639426486498538,"GO","IFG_noCTC"
"GO:0016485","protein processing",1.01181080034682,0.647983580753457,"GO","IFG_noCTC"
"GO:0033002","muscle cell proliferation",1.01281868765724,0.648773255286008,"GO","IFG_noCTC"
"GO:0033028","myeloid cell apoptotic process",1.011833573947,0.649842261065974,"GO","IFG_noCTC"
"GO:0062012","regulation of small molecule metabolic process",1.00542176186345,0.657740281814365,"GO","IFG_noCTC"
"GO:0018212","peptidyl-tyrosine modification",1.00453261055639,0.658418011417708,"GO","IFG_noCTC"
"GO:0070670","response to interleukin-4",-0.970787629326848,0.662679031674448,"GO","IFG_noCTC"
"GO:0044843","cell cycle G1/S phase transition",0.996759584118831,0.67977269952391,"GO","IFG_noCTC"
"GO:0034341","response to type II interferon",0.995375344625404,0.679987268051054,"GO","IFG_noCTC"
"GO:0032623","interleukin-2 production",0.993132678640315,0.682725420311426,"GO","IFG_noCTC"
"GO:0006690","icosanoid metabolic process",-0.96122501622714,0.687849818081699,"GO","IFG_noCTC"
"GO:1990806","ligand-gated ion channel signaling pathway",-0.958340392961967,0.688819528263318,"GO","IFG_noCTC"
"GO:0007274","neuromuscular synaptic transmission",-0.954800015333545,0.694329841479266,"GO","IFG_noCTC"
"GO:0008217","regulation of blood pressure",0.987220684641664,0.694486307794088,"GO","IFG_noCTC"
"GO:0036119","response to platelet-derived growth factor",0.98726468213934,0.696370702030215,"GO","IFG_noCTC"
"GO:0032609","type II interferon production",0.985328212964689,0.698249610833503,"GO","IFG_noCTC"
"GO:0009636","response to toxic substance",0.983086355924069,0.702864524213079,"GO","IFG_noCTC"
"GO:0043269","regulation of monoatomic ion transport",0.97995772085815,0.704110797407834,"GO","IFG_noCTC"
"GO:0019882","antigen processing and presentation",0.980567330921864,0.704240514542962,"GO","IFG_noCTC"
"GO:0002209","behavioral defense response",-0.948030805933879,0.708134225874116,"GO","IFG_noCTC"
"GO:0045861","negative regulation of proteolysis",-0.940413064573332,0.718263001829054,"GO","IFG_noCTC"
"GO:0006066","alcohol metabolic process",-0.938577281173565,0.721301320836127,"GO","IFG_noCTC"
"GO:1901342","regulation of vasculature development",0.970349330375196,0.724647699468919,"GO","IFG_noCTC"
"GO:0007204","positive regulation of cytosolic calcium ion concentration",0.970522930796773,0.726204746171034,"GO","IFG_noCTC"
"GO:0032069","regulation of nuclease activity",0.97056688999754,0.728107407092042,"GO","IFG_noCTC"
"GO:0043410","positive regulation of MAPK cascade",0.964475193286752,0.733721187282981,"GO","IFG_noCTC"
"GO:0097696","receptor signaling pathway via STAT",0.958481541121236,0.741331097913262,"GO","IFG_noCTC"
"GO:0007200","phospholipase C-activating G protein-coupled receptor signaling pathway",0.960322980731027,0.742052809040376,"GO","IFG_noCTC"
"GO:0035051","cardiocyte differentiation",0.955983115922759,0.742530602606111,"GO","IFG_noCTC"
"GO:0035924","cellular response to vascular endothelial growth factor stimulus",0.958758933887109,0.742549751286727,"GO","IFG_noCTC"
"GO:0006968","cellular defense response",0.954169805818462,0.743657452595416,"GO","IFG_noCTC"
"GO:0051932","synaptic transmission",0.260422058292226,0.55625,"GO","IFG_noCTC"
"GO:1901654","response to ketone",0.94584773447753,0.75957343836339,"GO","IFG_noCTC"
"GO:0034340","response to type I interferon",0.939817032168225,0.760552175875928,"GO","IFG_noCTC"
"GO:0007205","protein kinase C-activating G protein-coupled receptor signaling pathway",0.945879814397669,0.761505945553193,"GO","IFG_noCTC"
"GO:0042430","indole-containing compound metabolic process",0.940110779161175,0.761775514260106,"GO","IFG_noCTC"
"GO:0055094","response to lipoprotein particle",0.933342257779008,0.774423159255315,"GO","IFG_noCTC"
"GO:0071496","cellular response to external stimulus",0.930739021983127,0.777734758136453,"GO","IFG_noCTC"
"GO:0006766","vitamin metabolic process",0.923223044029989,0.784244134722701,"GO","IFG_noCTC"
"GO:0009112","nucleobase metabolic process",-0.888751817854786,0.82333598544058,"GO","IFG_noCTC"
"GO:0052547","regulation of peptidase activity",0.895418971321926,0.833001445469911,"GO","IFG_noCTC"
"GO:0006081","cellular aldehyde metabolic process",-0.869991681853641,0.846171631582669,"GO","IFG_noCTC"
"GO:0006813","potassium ion transport",-0.861803111193475,0.861719729837321,"GO","IFG_noCTC"
"GO:0071402","cellular response to lipoprotein particle stimulus",0.874455394884036,0.865114452700026,"GO","IFG_noCTC"
"GO:0090287","regulation of cellular response to growth factor stimulus",0.868207386949711,0.869992881192908,"GO","IFG_noCTC"
"GO:1901616","organic hydroxy compound catabolic process",0.870120591936676,0.871621472104772,"GO","IFG_noCTC"
"GO:0035150","regulation of tube size",0.869053935371888,0.872065464716851,"GO","IFG_noCTC"
"GO:0018149","peptide cross-linking",-0.851814297393021,0.87400191106247,"GO","IFG_noCTC"
"GO:0034394","protein localization to cell surface",0.848419744176727,0.902752208421761,"GO","IFG_noCTC"
"GO:0048144","fibroblast proliferation",-0.818419294281868,0.908155150797384,"GO","IFG_noCTC"
"GO:0097164","ammonium ion metabolic process",-0.80899242108941,0.913539399392157,"GO","IFG_noCTC"
"GO:0044331","cell-cell adhesion mediated by cadherin",0.819765824547714,0.939465611137646,"GO","IFG_noCTC"
"GO:0048645","animal organ formation",-0.774204395780592,0.945710653176151,"GO","IFG_noCTC"
"GO:0040013","negative regulation of locomotion",0.807896792235034,0.94994779703081,"GO","IFG_noCTC"
"GO:0031128","developmental induction",0.760180822294293,0.97639504075569,"GO","IFG_noCTC"
"GO:0009299","mRNA transcription",0.753052151547882,0.979845023038388,"GO","IFG_noCTC"
"GO:0090594","inflammatory response to wounding",-0.588255378916785,0.996043768671046,"GO","IFG_noCTC"
"GO:0150146","cell junction disassembly",0.642149898909453,1,"GO","IFG_noCTC"
"GO:0044346","fibroblast apoptotic process",0.617480279620543,1,"GO","IFG_noCTC"
"GO:0033622","integrin activation",0.536687176096956,1,"GO","IFG_noCTC"
"GO:0010257","NADH dehydrogenase complex assembly",-2.13779608555513,0,"GO","PHG_CTCDT"
"GO:0007606","sensory perception of chemical stimulus",-2.19140060629485,0,"GO","PHG_CTCDT"
"GO:0048499","synaptic vesicle membrane organization",-2.23490019710962,0,"GO","PHG_CTCDT"
"GO:0099003","vesicle-mediated transport in synapse",-2.26044230876002,0,"GO","PHG_CTCDT"
"GO:0099565","chemical synaptic transmission, postsynaptic",-2.09537607100374,0.00051325401021793,"GO","PHG_CTCDT"
"GO:0006836","neurotransmitter transport",-2.00305613860138,0.00207745670802495,"GO","PHG_CTCDT"
"GO:0050906","detection of stimulus involved in sensory perception",-2.00935343046774,0.00228112893430191,"GO","PHG_CTCDT"
"GO:0009593","detection of chemical stimulus",-1.95445687848255,0.00342169340145287,"GO","PHG_CTCDT"
"GO:0099177","regulation of trans-synaptic signaling",-1.95735234789185,0.00374247715783907,"GO","PHG_CTCDT"
"GO:0035249","synaptic transmission, glutamatergic",-1.93834994139964,0.00419157441677976,"GO","PHG_CTCDT"
"GO:0050808","synapse organization",-1.83401460968649,0.0134534763284397,"GO","PHG_CTCDT"
"GO:1904019","epithelial cell apoptotic process",2.12094463172811,0.0151087219201912,"GO","PHG_CTCDT"
"GO:0022900","electron transport chain",-1.81075286652432,0.0152002149179925,"GO","PHG_CTCDT"
"GO:0007214","gamma-aminobutyric acid signaling pathway",-1.8127920891646,0.0162530436569011,"GO","PHG_CTCDT"
"GO:0007215","glutamate receptor signaling pathway",-1.77530330043204,0.0224243121130929,"GO","PHG_CTCDT"
"GO:0001655","urogenital system development",1.96461884696079,0.0259006661488993,"GO","PHG_CTCDT"
"GO:0042476","odontogenesis",1.99703254457257,0.0269798605717701,"GO","PHG_CTCDT"
"GO:0001578","microtubule bundle formation",1.97921169023889,0.0272496591774878,"GO","PHG_CTCDT"
"GO:0070849","response to epidermal growth factor",2.01820640233257,0.0285986522060763,"GO","PHG_CTCDT"
"GO:0140546","defense response to symbiont",1.88245777884247,0.0293181151546568,"GO","PHG_CTCDT"
"GO:0097191","extrinsic apoptotic signaling pathway",1.87334887463056,0.0296363391511444,"GO","PHG_CTCDT"
"GO:0050890","cognition",-1.7433205565454,0.0299968454860701,"GO","PHG_CTCDT"
"GO:0033687","osteoblast proliferation",1.85704331611014,0.0301454975455244,"GO","PHG_CTCDT"
"GO:0006858","extracellular transport",1.86463158520529,0.0302174438403825,"GO","PHG_CTCDT"
"GO:0016358","dendrite development",-1.73508189901524,0.0304744568566896,"GO","PHG_CTCDT"
"GO:0002065","columnar/cuboidal epithelial cell differentiation",1.78065591850459,0.0310088530838211,"GO","PHG_CTCDT"
"GO:0036314","response to sterol",1.77710490143957,0.0310529492000244,"GO","PHG_CTCDT"
"GO:0009112","nucleobase metabolic process",1.88450188884322,0.0311985296793559,"GO","PHG_CTCDT"
"GO:0035272","exocrine system development",1.74824500113233,0.0313236181238251,"GO","PHG_CTCDT"
"GO:0002251","organ or tissue specific immune response",1.71398291635735,0.0314365338365884,"GO","PHG_CTCDT"
"GO:1903034","regulation of response to wounding",1.78353205428968,0.0314454926664079,"GO","PHG_CTCDT"
"GO:0007369","gastrulation",1.89792619292912,0.0316563697375436,"GO","PHG_CTCDT"
"GO:0070269","pyroptosis",1.77171517459731,0.0317013361718298,"GO","PHG_CTCDT"
"GO:0033028","myeloid cell apoptotic process",1.78933693496982,0.0317363100651636,"GO","PHG_CTCDT"
"GO:0098743","cell aggregation",1.71503986213035,0.0317649679184614,"GO","PHG_CTCDT"
"GO:0007498","mesoderm development",1.72593769265925,0.0318137522575456,"GO","PHG_CTCDT"
"GO:1901654","response to ketone",1.74871671702194,0.0319607579080969,"GO","PHG_CTCDT"
"GO:0006925","inflammatory cell apoptotic process",1.79246426337107,0.0319607579080969,"GO","PHG_CTCDT"
"GO:0031214","biomineral tissue development",1.7207803732815,0.0319657388054332,"GO","PHG_CTCDT"
"GO:0043588","skin development",1.78452628927679,0.0321445767383661,"GO","PHG_CTCDT"
"GO:0032606","type I interferon production",1.79531286606713,0.0322031615784648,"GO","PHG_CTCDT"
"GO:0030323","respiratory tube development",1.71749367532175,0.0322488686363746,"GO","PHG_CTCDT"
"GO:0060216","definitive hemopoiesis",1.71533267033513,0.0322513102527159,"GO","PHG_CTCDT"
"GO:0097242","amyloid-beta clearance",1.76344780137128,0.0323758326861241,"GO","PHG_CTCDT"
"GO:0071887","leukocyte apoptotic process",1.76630383458743,0.0324412384087223,"GO","PHG_CTCDT"
"GO:0098781","ncRNA transcription",1.72598899137246,0.0324906406034508,"GO","PHG_CTCDT"
"GO:0070841","inclusion body assembly",1.72124928421236,0.0325520276939397,"GO","PHG_CTCDT"
"GO:0030522","intracellular receptor signaling pathway",1.70778547173704,0.0327094018713751,"GO","PHG_CTCDT"
"GO:0010463","mesenchymal cell proliferation",1.748946969302,0.0327450307781588,"GO","PHG_CTCDT"
"GO:0007530","sex determination",1.72652542040215,0.0329858121425293,"GO","PHG_CTCDT"
"GO:0018149","peptide cross-linking",1.93041318290985,0.0330952956347046,"GO","PHG_CTCDT"
"GO:0071774","response to fibroblast growth factor",1.72842934797983,0.0330952956347046,"GO","PHG_CTCDT"
"GO:0001818","negative regulation of cytokine production",1.67529103379183,0.0330952956347046,"GO","PHG_CTCDT"
"GO:0010324","membrane invagination",1.67633238369225,0.0332422282087105,"GO","PHG_CTCDT"
"GO:0007249","canonical NF-kappaB signal transduction",1.67161070797317,0.0332654388995716,"GO","PHG_CTCDT"
"GO:0048732","gland development",1.6637427813797,0.033332080908921,"GO","PHG_CTCDT"
"GO:0032620","interleukin-17 production",1.67273517225397,0.0333811096827709,"GO","PHG_CTCDT"
"GO:0032637","interleukin-8 production",1.79544528347833,0.0334550271089949,"GO","PHG_CTCDT"
"GO:0060541","respiratory system development",1.7350957864495,0.0335321124249142,"GO","PHG_CTCDT"
"GO:0035924","cellular response to vascular endothelial growth factor stimulus",1.67888426220704,0.033548870102288,"GO","PHG_CTCDT"
"GO:0001539","cilium or flagellum-dependent cell motility",1.74924964513051,0.0335716967763323,"GO","PHG_CTCDT"
"GO:0050953","sensory perception of light stimulus",1.66445193613499,0.0335795495424031,"GO","PHG_CTCDT"
"GO:0001503","ossification",1.67687012511451,0.0336091977408336,"GO","PHG_CTCDT"
"GO:0141060","disruption of anatomical structure in another organism",1.66902576762094,0.0336420874756258,"GO","PHG_CTCDT"
"GO:0098727","maintenance of cell number",1.69934579300126,0.0337011591703514,"GO","PHG_CTCDT"
"GO:0008544","epidermis development",1.68057806988081,0.0337248257147126,"GO","PHG_CTCDT"
"GO:0061053","somite development",1.72903023714532,0.0337493528606869,"GO","PHG_CTCDT"
"GO:0033627","cell adhesion mediated by integrin",1.88610420703648,0.0337787854358561,"GO","PHG_CTCDT"
"GO:0002347","response to tumor cell",1.75555722323838,0.0338250366254078,"GO","PHG_CTCDT"
"GO:0048568","embryonic organ development",1.70119969417947,0.0338404536885916,"GO","PHG_CTCDT"
"GO:0030856","regulation of epithelial cell differentiation",1.6835480184557,0.033896515736533,"GO","PHG_CTCDT"
"GO:0035265","organ growth",1.66674502551062,0.0339378246139634,"GO","PHG_CTCDT"
"GO:0019882","antigen processing and presentation",1.66463240792676,0.0340156475884083,"GO","PHG_CTCDT"
"GO:0001763","morphogenesis of a branching structure",1.73622412110689,0.0340867506736022,"GO","PHG_CTCDT"
"GO:0034698","response to gonadotropin",1.6811463307136,0.0341315370457199,"GO","PHG_CTCDT"
"GO:0035329","hippo signaling",1.73027303684788,0.0342330509952506,"GO","PHG_CTCDT"
"GO:0060348","bone development",1.6839438970406,0.0342353676916861,"GO","PHG_CTCDT"
"GO:0090077","foam cell differentiation",1.68505022647795,0.0343487349904348,"GO","PHG_CTCDT"
"GO:0002009","morphogenesis of an epithelium",1.74978165354947,0.0343843334175781,"GO","PHG_CTCDT"
"GO:0010586","miRNA metabolic process",1.79747910729336,0.0344403785385726,"GO","PHG_CTCDT"
"GO:0031589","cell-substrate adhesion",1.80197954388589,0.0345342215318657,"GO","PHG_CTCDT"
"GO:0014812","muscle cell migration",1.69022750385126,0.0345881812530092,"GO","PHG_CTCDT"
"GO:0043331","response to dsRNA",1.69455920550474,0.0345900419330487,"GO","PHG_CTCDT"
"GO:0050866","negative regulation of cell activation",1.68569249666337,0.0346712620935001,"GO","PHG_CTCDT"
"GO:0007178","transmembrane receptor protein serine/threonine kinase signaling pathway",1.68643866557732,0.0348823487650498,"GO","PHG_CTCDT"
"GO:0071706","tumor necrosis factor superfamily cytokine production",1.69140986572319,0.0349183415806841,"GO","PHG_CTCDT"
"GO:0045229","external encapsulating structure organization",1.89946157581573,0.0349389194404423,"GO","PHG_CTCDT"
"GO:0061448","connective tissue development",1.81695972554951,0.0350454188900677,"GO","PHG_CTCDT"
"GO:0002520","immune system development",1.65511265877431,0.0353436173490188,"GO","PHG_CTCDT"
"GO:0042113","B cell activation",1.68680033461097,0.0353657319888317,"GO","PHG_CTCDT"
"GO:0071559","response to transforming growth factor beta",1.82594706669126,0.0358038620293608,"GO","PHG_CTCDT"
"GO:0042060","wound healing",1.80218173171406,0.0361273180608655,"GO","PHG_CTCDT"
"GO:0140467","integrated stress response signaling",1.65063033781684,0.036212968411887,"GO","PHG_CTCDT"
"GO:0009615","response to virus",1.81822869559636,0.0365726998861772,"GO","PHG_CTCDT"
"GO:0007162","negative regulation of cell adhesion",1.64251314057906,0.036781485212432,"GO","PHG_CTCDT"
"GO:0050673","epithelial cell proliferation",1.82964631456138,0.0368275096804662,"GO","PHG_CTCDT"
"GO:0001562","response to protozoan",1.64295075252754,0.0370651894045508,"GO","PHG_CTCDT"
"GO:0002064","epithelial cell development",1.64439800414552,0.0370696783084899,"GO","PHG_CTCDT"
"GO:0060485","mesenchyme development",1.64568394608592,0.0371927248662548,"GO","PHG_CTCDT"
"GO:0070661","leukocyte proliferation",1.8026872520343,0.0377718048004781,"GO","PHG_CTCDT"
"GO:0006887","exocytosis",-1.70541905968656,0.0386953268487832,"GO","PHG_CTCDT"
"GO:0043062","extracellular structure organization",1.90181392656521,0.039313511118865,"GO","PHG_CTCDT"
"GO:0007274","neuromuscular synaptic transmission",-1.6963385101397,0.0396821387529603,"GO","PHG_CTCDT"
"GO:0007229","integrin-mediated signaling pathway",1.6279605024312,0.0404387795236646,"GO","PHG_CTCDT"
"GO:0072337","modified amino acid transport",1.62521555100733,0.0408622251932445,"GO","PHG_CTCDT"
"GO:0032355","response to estradiol",1.62814975430742,0.0408713515731419,"GO","PHG_CTCDT"
"GO:0002683","negative regulation of immune system process",1.62341135859514,0.0411670232095099,"GO","PHG_CTCDT"
"GO:0015980","energy derivation by oxidation of organic compounds",-1.67722599725585,0.0416306030510099,"GO","PHG_CTCDT"
"GO:0009266","response to temperature stimulus",1.60876977157431,0.0424891082571505,"GO","PHG_CTCDT"
"GO:0006813","potassium ion transport",-1.65713203311183,0.0427027336501318,"GO","PHG_CTCDT"
"GO:0060840","artery development",1.61381104487904,0.0427036072705866,"GO","PHG_CTCDT"
"GO:0033002","muscle cell proliferation",1.60937492190906,0.0428080454405419,"GO","PHG_CTCDT"
"GO:0044331","cell-cell adhesion mediated by cadherin",-1.66943989678238,0.0428100503977228,"GO","PHG_CTCDT"
"GO:0023061","signal release",-1.67925261429092,0.042813938685679,"GO","PHG_CTCDT"
"GO:0043627","response to estrogen",1.61091114515809,0.0428156187347375,"GO","PHG_CTCDT"
"GO:0035051","cardiocyte differentiation",1.61434700711457,0.0430035516765692,"GO","PHG_CTCDT"
"GO:0048144","fibroblast proliferation",1.61160994567607,0.0430529689975055,"GO","PHG_CTCDT"
"GO:0018198","peptidyl-cysteine modification",-1.68354332424319,0.0432213903341415,"GO","PHG_CTCDT"
"GO:0032963","collagen metabolic process",1.61512875149574,0.0432389325910654,"GO","PHG_CTCDT"
"GO:0048705","skeletal system morphogenesis",1.60548614172985,0.0433659962986247,"GO","PHG_CTCDT"
"GO:0071496","cellular response to external stimulus",1.61571592981998,0.0435155173399794,"GO","PHG_CTCDT"
"GO:0042391","regulation of membrane potential",-1.65810844007679,0.0438048040665164,"GO","PHG_CTCDT"
"GO:0050803","regulation of synapse structure or activity",-1.64935997345968,0.0442846088303419,"GO","PHG_CTCDT"
"GO:0007205","protein kinase C-activating G protein-coupled receptor signaling pathway",-1.66027154642195,0.0449655143734404,"GO","PHG_CTCDT"
"GO:0090596","sensory organ morphogenesis",1.59643983266932,0.0450828179985539,"GO","PHG_CTCDT"
"GO:0060759","regulation of response to cytokine stimulus",1.5975124552785,0.0451552042678417,"GO","PHG_CTCDT"
"GO:0044843","cell cycle G1/S phase transition",1.59817070463162,0.0452937899278876,"GO","PHG_CTCDT"
"GO:0061458","reproductive system development",1.59418687466807,0.0454518971496461,"GO","PHG_CTCDT"
"GO:0046631","alpha-beta T cell activation",1.5982541385671,0.0456967981886304,"GO","PHG_CTCDT"
"GO:0051932","synaptic transmission, GABAergic",-1.63734641685846,0.0464067167572045,"GO","PHG_CTCDT"
"GO:0097006","regulation of plasma lipoprotein particle levels",1.59007394186203,0.0464987520085007,"GO","PHG_CTCDT"
"GO:0048013","ephrin receptor signaling pathway",-1.63779364222595,0.0478720252740304,"GO","PHG_CTCDT"
"GO:0071772","response to BMP",1.57968420387839,0.0501362894739408,"GO","PHG_CTCDT"
"GO:0017145","stem cell division",1.57261335063161,0.0505259207071331,"GO","PHG_CTCDT"
"GO:0097305","response to alcohol",1.57778310547133,0.0505897838419342,"GO","PHG_CTCDT"
"GO:0007389","pattern specification process",1.57276434215137,0.0509201552002252,"GO","PHG_CTCDT"
"GO:0003170","heart valve development",1.57504038527987,0.0511356609715418,"GO","PHG_CTCDT"
"GO:0097194","execution phase of apoptosis",1.56466084271386,0.0515315336920809,"GO","PHG_CTCDT"
"GO:0045785","positive regulation of cell adhesion",1.56908114513464,0.0519277244374141,"GO","PHG_CTCDT"
"GO:0042303","molting cycle",1.56659247599753,0.0521928984158314,"GO","PHG_CTCDT"
"GO:0034612","response to tumor necrosis factor",1.56172646977349,0.0522348548437381,"GO","PHG_CTCDT"
"GO:0019221","cytokine-mediated signaling pathway",1.56734208447272,0.0522927511867844,"GO","PHG_CTCDT"
"GO:0035988","chondrocyte proliferation",1.56487911325952,0.052340929509234,"GO","PHG_CTCDT"
"GO:0002244","hematopoietic progenitor cell differentiation",1.55927738541638,0.0528073609970849,"GO","PHG_CTCDT"
"GO:0045165","cell fate commitment",1.55397443109358,0.0545673348101985,"GO","PHG_CTCDT"
"GO:0060537","muscle tissue development",1.55286636601616,0.0546342176578344,"GO","PHG_CTCDT"
"GO:0007492","endoderm development",1.54739006394279,0.0553783396187655,"GO","PHG_CTCDT"
"GO:0051450","myoblast proliferation",1.54549582500857,0.0557209664416653,"GO","PHG_CTCDT"
"GO:0016032","viral process",1.54748215589072,0.0557934742685808,"GO","PHG_CTCDT"
"GO:0009299","mRNA transcription",1.54773023743067,0.056180030980758,"GO","PHG_CTCDT"
"GO:0048863","stem cell differentiation",1.54786987753074,0.0565551391357336,"GO","PHG_CTCDT"
"GO:0045103","intermediate filament-based process",1.54259238244914,0.0567176624464322,"GO","PHG_CTCDT"
"GO:0043583","ear development",1.53555752084565,0.0591347558169915,"GO","PHG_CTCDT"
"GO:1901342","regulation of vasculature development",1.53123875464151,0.0606540990479107,"GO","PHG_CTCDT"
"GO:0060021","roof of mouth development",1.52757942822021,0.0620411305427123,"GO","PHG_CTCDT"
"GO:1903706","regulation of hemopoiesis",1.5262370611906,0.0622529152085243,"GO","PHG_CTCDT"
"GO:0060037","pharyngeal system development",1.51876241895723,0.0651277482771881,"GO","PHG_CTCDT"
"GO:2001233","regulation of apoptotic signaling pathway",1.51900999696928,0.0655260491565983,"GO","PHG_CTCDT"
"GO:0030099","myeloid cell differentiation",1.51203116667714,0.0681434192726993,"GO","PHG_CTCDT"
"GO:0097722","sperm motility",1.51026838216777,0.068722134405646,"GO","PHG_CTCDT"
"GO:0030534","adult behavior",-1.57716305583027,0.0693411352188366,"GO","PHG_CTCDT"
"GO:0015837","amine transport",-1.59181027697457,0.069436778163966,"GO","PHG_CTCDT"
"GO:0003007","heart morphogenesis",1.50711563072931,0.0702675479780324,"GO","PHG_CTCDT"
"GO:0002764","immune response-regulating signaling pathway",1.50593873625493,0.0703460188143359,"GO","PHG_CTCDT"
"GO:0006882","intracellular zinc ion homeostasis",-1.57800799029461,0.0711337979786413,"GO","PHG_CTCDT"
"GO:1903131","mononuclear cell differentiation",1.50340600325314,0.0712504639041345,"GO","PHG_CTCDT"
"GO:0001570","vasculogenesis",1.49890884830749,0.0727252817196462,"GO","PHG_CTCDT"
"GO:0007517","muscle organ development",1.49593287601514,0.0738246070559549,"GO","PHG_CTCDT"
"GO:0034341","response to type II interferon",1.49479872356616,0.0738674140079867,"GO","PHG_CTCDT"
"GO:0050817","coagulation",1.49181708255918,0.0751712115254586,"GO","PHG_CTCDT"
"GO:0048645","animal organ formation",1.48671344758932,0.0766153613036694,"GO","PHG_CTCDT"
"GO:0003205","cardiac chamber development",1.48692630413188,0.0769900299038317,"GO","PHG_CTCDT"
"GO:0035966","response to topologically incorrect protein",1.48073121907134,0.078635355785397,"GO","PHG_CTCDT"
"GO:0002833","positive regulation of response to biotic stimulus",1.48229649918001,0.0787220589285895,"GO","PHG_CTCDT"
"GO:0048736","appendage development",1.48075233496637,0.0791556072611769,"GO","PHG_CTCDT"
"GO:0003012","muscle system process",1.4768090572961,0.0805122496955158,"GO","PHG_CTCDT"
"GO:0032623","interleukin-2 production",1.47231764115518,0.0827957961226481,"GO","PHG_CTCDT"
"GO:0009620","response to fungus",-1.55309364615352,0.0827999484130985,"GO","PHG_CTCDT"
"GO:0070371","ERK1 and ERK2 cascade",1.4706677022926,0.0828068720654091,"GO","PHG_CTCDT"
"GO:0001906","cell killing",1.47074605572127,0.0832909391002407,"GO","PHG_CTCDT"
"GO:0198738","cell-cell signaling by wnt",1.46869259053731,0.0835705589684529,"GO","PHG_CTCDT"
"GO:0002832","negative regulation of response to biotic stimulus",1.46640168270373,0.084017026456658,"GO","PHG_CTCDT"
"GO:1902742","apoptotic process involved in development",1.46647310610806,0.0845135372715708,"GO","PHG_CTCDT"
"GO:0051090","regulation of DNA-binding transcription factor activity",1.4606128901957,0.0854803431549365,"GO","PHG_CTCDT"
"GO:0050878","regulation of body fluid levels",1.45937243341856,0.0857554868273713,"GO","PHG_CTCDT"
"GO:0036119","response to platelet-derived growth factor",1.45865044702027,0.0857657927989561,"GO","PHG_CTCDT"
"GO:0090594","inflammatory response to wounding",1.46283584439922,0.0858374640960317,"GO","PHG_CTCDT"
"GO:0034694","response to prostaglandin",1.46157467618139,0.0861362121846755,"GO","PHG_CTCDT"
"GO:1990806","ligand-gated ion channel signaling pathway",-1.54294627854135,0.0865688430567576,"GO","PHG_CTCDT"
"GO:0003018","vascular process in circulatory system",1.45586236610724,0.0866003868168719,"GO","PHG_CTCDT"
"GO:0010721","negative regulation of cell development",1.45605939197719,0.0870416933903082,"GO","PHG_CTCDT"
"GO:0031032","actomyosin structure organization",1.44996689922807,0.0887524323575307,"GO","PHG_CTCDT"
"GO:0035270","endocrine system development",1.45070118509751,0.0887669918667347,"GO","PHG_CTCDT"
"GO:0050867","positive regulation of cell activation",1.45077008380634,0.0892461084852856,"GO","PHG_CTCDT"
"GO:0003158","endothelium development",1.45090484239295,0.0896389416362567,"GO","PHG_CTCDT"
"GO:0042692","muscle cell differentiation",1.44563562914498,0.0900873414997622,"GO","PHG_CTCDT"
"GO:0032495","response to muramyl dipeptide",1.44568227113584,0.0905757023313579,"GO","PHG_CTCDT"
"GO:0048545","response to steroid hormone",1.44614751974759,0.0907743832713532,"GO","PHG_CTCDT"
"GO:0001819","positive regulation of cytokine production",1.44237338035389,0.0907895701182756,"GO","PHG_CTCDT"
"GO:0090287","regulation of cellular response to growth factor stimulus",1.44032746931338,0.0917501327444127,"GO","PHG_CTCDT"
"GO:0048483","autonomic nervous system development",1.43881230031412,0.0922433724417228,"GO","PHG_CTCDT"
"GO:0038034","signal transduction in absence of ligand",1.43417845516753,0.0947435148982454,"GO","PHG_CTCDT"
"GO:0070482","response to oxygen levels",1.43338129190644,0.0947872225121469,"GO","PHG_CTCDT"
"GO:0008217","regulation of blood pressure",1.43155467090393,0.0949451271143448,"GO","PHG_CTCDT"
"GO:0097696","receptor signaling pathway via STAT",1.43226090799989,0.0949871962699973,"GO","PHG_CTCDT"
"GO:0055123","digestive system development",1.42965911525578,0.0956607476272883,"GO","PHG_CTCDT"
"GO:0034109","homotypic cell-cell adhesion",1.42687210781763,0.0964670074826263,"GO","PHG_CTCDT"
"GO:0038061","non-canonical NF-kappaB signal transduction",1.42694406503295,0.0969436792281032,"GO","PHG_CTCDT"
"GO:0002250","adaptive immune response",1.41973277702286,0.100121392263755,"GO","PHG_CTCDT"
"GO:0104004","cellular response to environmental stimulus",1.41977395550691,0.100598420661659,"GO","PHG_CTCDT"
"GO:0051249","regulation of lymphocyte activation",1.41748124481689,0.101403878097662,"GO","PHG_CTCDT"
"GO:0099072","regulation of postsynaptic membrane neurotransmitter receptor levels",-1.51630842257922,0.101980335093301,"GO","PHG_CTCDT"
"GO:0006040","amino sugar metabolic process",1.41535671590688,0.102506248985127,"GO","PHG_CTCDT"
"GO:0043410","positive regulation of MAPK cascade",1.41361856045564,0.10258594984984,"GO","PHG_CTCDT"
"GO:0007204","positive regulation of cytosolic calcium ion concentration",1.41278377136484,0.102715578080462,"GO","PHG_CTCDT"
"GO:0032069","regulation of nuclease activity",1.41383167494419,0.103025952232052,"GO","PHG_CTCDT"
"GO:0031016","pancreas development",1.41104622875935,0.103597043791311,"GO","PHG_CTCDT"
"GO:0002040","sprouting angiogenesis",1.40601566121611,0.10680130785926,"GO","PHG_CTCDT"
"GO:0001963","synaptic transmission, dopaminergic",-1.50421391040214,0.107147258116008,"GO","PHG_CTCDT"
"GO:0071604","transforming growth factor beta production",1.40374493838879,0.108063334876796,"GO","PHG_CTCDT"
"GO:0043491","phosphatidylinositol 3-kinase/protein kinase B signal transduction",1.39813132566468,0.110538793574751,"GO","PHG_CTCDT"
"GO:0003015","heart process",1.3988041829886,0.110552022621659,"GO","PHG_CTCDT"
"GO:0042742","defense response to bacterium",1.39738180221521,0.110606636400028,"GO","PHG_CTCDT"
"GO:0045088","regulation of innate immune response",1.39920058100928,0.110811902466145,"GO","PHG_CTCDT"
"GO:0071216","cellular response to biotic stimulus",1.39929249997701,0.111289171811554,"GO","PHG_CTCDT"
"GO:0050886","endocrine process",1.39585438472938,0.111393267120898,"GO","PHG_CTCDT"
"GO:0001667","ameboidal-type cell migration",1.39272865796737,0.111936151285375,"GO","PHG_CTCDT"
"GO:0043462","regulation of ATP-dependent activity",1.39283546277508,0.112357893859573,"GO","PHG_CTCDT"
"GO:0006909","phagocytosis",1.39289374521457,0.112879483649338,"GO","PHG_CTCDT"
"GO:0032612","interleukin-1 production",1.38592117011818,0.113041815815354,"GO","PHG_CTCDT"
"GO:0072001","renal system development",1.38622181514198,0.11391894493176,"GO","PHG_CTCDT"
"GO:0052547","regulation of peptidase activity",1.38672958273541,0.114060572455321,"GO","PHG_CTCDT"
"GO:0046683","response to organophosphorus",1.38782556034683,0.114213013608918,"GO","PHG_CTCDT"
"GO:0034367","protein-containing complex remodeling",1.38383919312498,0.114283663603262,"GO","PHG_CTCDT"
"GO:0009595","detection of biotic stimulus",1.38681533135458,0.114534026285633,"GO","PHG_CTCDT"
"GO:2000027","regulation of animal organ morphogenesis",1.38883507275609,0.114546534252767,"GO","PHG_CTCDT"
"GO:0031128","developmental induction",1.3809333991875,0.116181554008221,"GO","PHG_CTCDT"
"GO:0048880","sensory system development",1.37911296970371,0.117292445700532,"GO","PHG_CTCDT"
"GO:0061383","trabecula morphogenesis",1.37585014057512,0.119038115102529,"GO","PHG_CTCDT"
"GO:0031579","membrane raft organization",1.37424475322874,0.119417768319849,"GO","PHG_CTCDT"
"GO:0032102","negative regulation of response to external stimulus",1.3735878910506,0.119434104952824,"GO","PHG_CTCDT"
"GO:0010876","lipid localization",1.36968458225023,0.12169731906696,"GO","PHG_CTCDT"
"GO:0006090","pyruvate metabolic process",-1.47516800533209,0.123425369123835,"GO","PHG_CTCDT"
"GO:0072089","stem cell proliferation",1.36386465102536,0.124687366205429,"GO","PHG_CTCDT"
"GO:0007009","plasma membrane organization",1.36411154368065,0.125024196369926,"GO","PHG_CTCDT"
"GO:0031349","positive regulation of defense response",1.36461054483122,0.125081031820554,"GO","PHG_CTCDT"
"GO:0002181","cytoplasmic translation",-1.47669148926195,0.125163040947047,"GO","PHG_CTCDT"
"GO:0060004","reflex",1.36143809969062,0.12565310435373,"GO","PHG_CTCDT"
"GO:0034340","response to type I interferon",1.35927293586529,0.127241714606132,"GO","PHG_CTCDT"
"GO:0006749","glutathione metabolic process",-1.47684534639344,0.128099646716891,"GO","PHG_CTCDT"
"GO:0019216","regulation of lipid metabolic process",1.35677565552328,0.128545080524188,"GO","PHG_CTCDT"
"GO:1904645","response to amyloid-beta",1.35699153267701,0.128895991891798,"GO","PHG_CTCDT"
"GO:0032526","response to retinoic acid",1.35425485948271,0.130249040195493,"GO","PHG_CTCDT"
"GO:0006022","aminoglycan metabolic process",1.35164576531486,0.1322797198153,"GO","PHG_CTCDT"
"GO:0044703","multi-organism reproductive process",1.34958488696992,0.133645600401643,"GO","PHG_CTCDT"
"GO:0007548","sex differentiation",1.34659027739352,0.135190730888655,"GO","PHG_CTCDT"
"GO:0048771","tissue remodeling",1.34707942067156,0.135342870058081,"GO","PHG_CTCDT"
"GO:0007159","leukocyte cell-cell adhesion",1.34574925820067,0.135534123107598,"GO","PHG_CTCDT"
"GO:0006457","protein folding",1.33906677570508,0.141907293420756,"GO","PHG_CTCDT"
"GO:0048872","homeostasis of number of cells",1.33585662849367,0.143909008995016,"GO","PHG_CTCDT"
"GO:0048284","organelle fusion",-1.42327208745869,0.144179184694238,"GO","PHG_CTCDT"
"GO:0018212","peptidyl-tyrosine modification",1.3359713230958,0.144418696997256,"GO","PHG_CTCDT"
"GO:0098926","postsynaptic signal transduction",-1.4170010479637,0.145064247069777,"GO","PHG_CTCDT"
"GO:0051345","positive regulation of hydrolase activity",1.33261714231194,0.146471656277651,"GO","PHG_CTCDT"
"GO:0042430","indole-containing compound metabolic process",-1.43753008557061,0.146586801357986,"GO","PHG_CTCDT"
"GO:0002544","chronic inflammatory response",-1.42462100362305,0.148424337791453,"GO","PHG_CTCDT"
"GO:0051648","vesicle localization",-1.40206695244591,0.14905751880079,"GO","PHG_CTCDT"
"GO:0098664","G protein-coupled serotonin receptor signaling pathway",-1.44108811195708,0.149166822895559,"GO","PHG_CTCDT"
"GO:0070050","neuron cellular homeostasis",-1.43791687793155,0.149420143916705,"GO","PHG_CTCDT"
"GO:0106030","neuron projection fasciculation",-1.40255829912905,0.15113445769807,"GO","PHG_CTCDT"
"GO:1902600","proton transmembrane transport",-1.4268717342539,0.151951119215539,"GO","PHG_CTCDT"
"GO:0034113","heterotypic cell-cell adhesion",1.3250193593078,0.15292405215839,"GO","PHG_CTCDT"
"GO:0061008","hepaticobiliary system development",1.32301557032388,0.154539763961259,"GO","PHG_CTCDT"
"GO:0046629","gamma-delta T cell activation",1.32231957641834,0.154648123876567,"GO","PHG_CTCDT"
"GO:0071825","protein-lipid complex organization",1.31785536400956,0.154991863590173,"GO","PHG_CTCDT"
"GO:0044706","multi-multicellular organism process",1.31560054639539,0.156758280090723,"GO","PHG_CTCDT"
"GO:0016485","protein processing",1.31326991834461,0.158683736194151,"GO","PHG_CTCDT"
"GO:0009612","response to mechanical stimulus",1.30693430795549,0.161965663746957,"GO","PHG_CTCDT"
"GO:0006066","alcohol metabolic process",1.30770918795267,0.162344047182011,"GO","PHG_CTCDT"
"GO:0002443","leukocyte mediated immunity",1.30792552123188,0.162737518840317,"GO","PHG_CTCDT"
"GO:0044346","fibroblast apoptotic process",1.30546905848871,0.163065046275524,"GO","PHG_CTCDT"
"GO:0044403","biological process involved in symbiotic interaction",1.30409783276733,0.163988497984413,"GO","PHG_CTCDT"
"GO:0043269","regulation of monoatomic ion transport",-1.36968093010882,0.170877294714979,"GO","PHG_CTCDT"
"GO:0042063","gliogenesis",1.29593329867854,0.171466613509457,"GO","PHG_CTCDT"
"GO:0019693","ribose phosphate metabolic process",-1.37007801580263,0.173124525754279,"GO","PHG_CTCDT"
"GO:0022407","regulation of cell-cell adhesion",1.29370759135964,0.173488557166204,"GO","PHG_CTCDT"
"GO:0007219","Notch signaling pathway",1.28978052851591,0.176855983810238,"GO","PHG_CTCDT"
"GO:0035150","regulation of tube size",1.28762719107127,0.178871497756782,"GO","PHG_CTCDT"
"GO:0009141","nucleoside triphosphate metabolic process",-1.35857417536438,0.17997855696539,"GO","PHG_CTCDT"
"GO:0062012","regulation of small molecule metabolic process",1.28470867708968,0.18092121300926,"GO","PHG_CTCDT"
"GO:0007218","neuropeptide signaling pathway",-1.3545174265433,0.182093596668622,"GO","PHG_CTCDT"
"GO:1903317","regulation of protein maturation",1.28273531224501,0.182639870740664,"GO","PHG_CTCDT"
"GO:0002526","acute inflammatory response",1.28217076904197,0.182811610890958,"GO","PHG_CTCDT"
"GO:0051047","positive regulation of secretion",-1.34759317508645,0.182822979380405,"GO","PHG_CTCDT"
"GO:0015844","monoamine transport",-1.3442189383692,0.184794879934629,"GO","PHG_CTCDT"
"GO:0032602","chemokine production",1.27892051032382,0.18559416867255,"GO","PHG_CTCDT"
"GO:0002697","regulation of immune effector process",1.27807377692995,0.185963056234543,"GO","PHG_CTCDT"
"GO:0001701","in utero embryonic development",1.27913623649122,0.186004632956391,"GO","PHG_CTCDT"
"GO:0021510","spinal cord development",1.27610466445977,0.187888135829843,"GO","PHG_CTCDT"
"GO:0042180","cellular ketone metabolic process",1.27449401111681,0.189259867645171,"GO","PHG_CTCDT"
"GO:0030048","actin filament-based movement",1.27188776133036,0.191216413238165,"GO","PHG_CTCDT"
"GO:0043086","negative regulation of catalytic activity",1.27137711128384,0.191250030727267,"GO","PHG_CTCDT"
"GO:0009636","response to toxic substance",1.2708656506919,0.191363211061094,"GO","PHG_CTCDT"
"GO:0006907","pinocytosis",1.26853772822768,0.192574160203771,"GO","PHG_CTCDT"
"GO:0002440","production of molecular mediator of immune response",1.26666309534519,0.193612707394482,"GO","PHG_CTCDT"
"GO:0032609","type II interferon production",1.26514527042062,0.193667352578263,"GO","PHG_CTCDT"
"GO:0060249","anatomical structure homeostasis",1.26574358287217,0.194225225236113,"GO","PHG_CTCDT"
"GO:0010927","cellular component assembly involved in morphogenesis",1.26519407872638,0.194254996116744,"GO","PHG_CTCDT"
"GO:0010720","positive regulation of cell development",1.26248378003398,0.195862775563062,"GO","PHG_CTCDT"
"GO:0010171","body morphogenesis",1.26260273524788,0.19639128541799,"GO","PHG_CTCDT"
"GO:0002237","response to molecule of bacterial origin",1.26065694238037,0.197715734842289,"GO","PHG_CTCDT"
"GO:0014074","response to purine-containing compound",1.25915143832349,0.198335586476623,"GO","PHG_CTCDT"
"GO:0150115","cell-substrate junction organization",1.25728025086852,0.199622093463931,"GO","PHG_CTCDT"
"GO:0090130","tissue migration",1.25416785815702,0.203054027977884,"GO","PHG_CTCDT"
"GO:0140253","cell-cell fusion",1.25100458276719,0.203248282974001,"GO","PHG_CTCDT"
"GO:0033622","integrin activation",1.2523358094121,0.203494040119803,"GO","PHG_CTCDT"
"GO:0006690","icosanoid metabolic process",1.25289036805365,0.203506765523408,"GO","PHG_CTCDT"
"GO:0060976","coronary vasculature development",1.25306919882395,0.203942648377864,"GO","PHG_CTCDT"
"GO:0015698","inorganic anion transport",1.24873632664316,0.205637509280444,"GO","PHG_CTCDT"
"GO:0045861","negative regulation of proteolysis",1.24770590003167,0.206413452764023,"GO","PHG_CTCDT"
"GO:0032635","interleukin-6 production",1.24503675733727,0.209702494279714,"GO","PHG_CTCDT"
"GO:0070555","response to interleukin-1",1.2422851281532,0.211522106882677,"GO","PHG_CTCDT"
"GO:0043549","regulation of kinase activity",1.23936442894574,0.21380383223389,"GO","PHG_CTCDT"
"GO:0070741","response to interleukin-6",1.23870183520733,0.214001521917501,"GO","PHG_CTCDT"
"GO:0045730","respiratory burst",-1.31020267333295,0.218407128493378,"GO","PHG_CTCDT"
"GO:0072522","purine-containing compound biosynthetic process",-1.30763900012618,0.219172456135467,"GO","PHG_CTCDT"
"GO:1990868","response to chemokine",-1.31331922463466,0.219258511382572,"GO","PHG_CTCDT"
"GO:0030865","cortical cytoskeleton organization",1.22950647447388,0.224058916860513,"GO","PHG_CTCDT"
"GO:0006949","syncytium formation",1.23048593913598,0.224059707293835,"GO","PHG_CTCDT"
"GO:2001057","reactive nitrogen species metabolic process",1.23075617119835,0.22437402285567,"GO","PHG_CTCDT"
"GO:0035456","response to interferon-beta",1.22643397680212,0.227365883827734,"GO","PHG_CTCDT"
"GO:0032613","interleukin-10 production",1.22533804323125,0.228236297049238,"GO","PHG_CTCDT"
"GO:0006929","substrate-dependent cell migration",1.22419075444556,0.228524384661403,"GO","PHG_CTCDT"
"GO:0061842","microtubule organizing center localization",1.22423566925271,0.229164445247947,"GO","PHG_CTCDT"
"GO:0015849","organic acid transport",1.2214146636135,0.231441140529201,"GO","PHG_CTCDT"
"GO:0048010","vascular endothelial growth factor receptor signaling pathway",1.22185265893728,0.23146575182888,"GO","PHG_CTCDT"
"GO:0007398","ectoderm development",1.21997676788782,0.232879659731649,"GO","PHG_CTCDT"
"GO:0040013","negative regulation of locomotion",1.21070814172587,0.245994380698427,"GO","PHG_CTCDT"
"GO:0002274","myeloid leukocyte activation",1.20967945561614,0.246868974817307,"GO","PHG_CTCDT"
"GO:0140053","mitochondrial gene expression",-1.28098269723992,0.251807424769114,"GO","PHG_CTCDT"
"GO:0070542","response to fatty acid",1.20509675238101,0.252651046429751,"GO","PHG_CTCDT"
"GO:0019932","second-messenger-mediated signaling",-1.26269301462494,0.273564387446157,"GO","PHG_CTCDT"
"GO:0106027","neuron projection organization",-1.26328371261364,0.275904581326079,"GO","PHG_CTCDT"
"GO:0006979","response to oxidative stress",1.18805781207802,0.278387460739957,"GO","PHG_CTCDT"
"GO:0002263","cell activation involved in immune response",1.18810084826186,0.279149489144356,"GO","PHG_CTCDT"
"GO:1901616","organic hydroxy compound catabolic process",-1.24819144064147,0.29427546497725,"GO","PHG_CTCDT"
"GO:0006959","humoral immune response",1.17468218356631,0.299514318817626,"GO","PHG_CTCDT"
"GO:0042330","taxis",1.17130414519169,0.303341219620436,"GO","PHG_CTCDT"
"GO:0050727","regulation of inflammatory response",-1.2378317473996,0.304302599835875,"GO","PHG_CTCDT"
"GO:0006820","monoatomic anion transport",1.16844818619608,0.306100473287027,"GO","PHG_CTCDT"
"GO:1904888","cranial skeletal system development",1.16677152055133,0.308263073987299,"GO","PHG_CTCDT"
"GO:0051347","positive regulation of transferase activity",1.16552893240318,0.3097102988881,"GO","PHG_CTCDT"
"GO:0055094","response to lipoprotein particle",1.15824381199069,0.321123013567998,"GO","PHG_CTCDT"
"GO:0007005","mitochondrion organization",-1.21713871019756,0.331904259940928,"GO","PHG_CTCDT"
"GO:0002269","leukocyte activation involved in inflammatory response",1.15085840369218,0.333316472971667,"GO","PHG_CTCDT"
"GO:1990089","response to nerve growth factor",-1.21777596423076,0.334038219266565,"GO","PHG_CTCDT"
"GO:0071402","cellular response to lipoprotein particle stimulus",1.14252837826352,0.34557838251923,"GO","PHG_CTCDT"
"GO:0055081","monoatomic anion homeostasis",1.14355198582746,0.34631590190689,"GO","PHG_CTCDT"
"GO:0050900","leukocyte migration",1.13601210862315,0.35646918418963,"GO","PHG_CTCDT"
"GO:0150076","neuroinflammatory response",-1.20031910845039,0.357584598046678,"GO","PHG_CTCDT"
"GO:0001659","temperature homeostasis",-1.19647073556205,0.35920868203333,"GO","PHG_CTCDT"
"GO:1901293","nucleoside phosphate biosynthetic process",-1.19148133287174,0.36010807099261,"GO","PHG_CTCDT"
"GO:0051051","negative regulation of transport",-1.19683035185206,0.362036111016988,"GO","PHG_CTCDT"
"GO:0051703","biological process involved in intraspecies interaction between organisms",1.13178718688648,0.364649447048373,"GO","PHG_CTCDT"
"GO:0042044","fluid transport",1.12919090580563,0.366153997197109,"GO","PHG_CTCDT"
"GO:0098742","cell-cell adhesion via plasma-membrane adhesion molecules",-1.18704394154482,0.36669424454939,"GO","PHG_CTCDT"
"GO:0120254","olefinic compound metabolic process",1.12549136268346,0.371242881467556,"GO","PHG_CTCDT"
"GO:0001945","lymph vessel development",1.12578308928458,0.371574493770002,"GO","PHG_CTCDT"
"GO:0035590","purinergic nucleotide receptor signaling pathway",1.12284739996913,0.375840307574639,"GO","PHG_CTCDT"
"GO:0071241","cellular response to inorganic substance",-1.17681962404946,0.375994538233014,"GO","PHG_CTCDT"
"GO:0043434","response to peptide hormone",1.12007607847273,0.379023988064372,"GO","PHG_CTCDT"
"GO:0032615","interleukin-12 production",1.11422260308886,0.389512101340441,"GO","PHG_CTCDT"
"GO:0007187","G protein-coupled receptor signaling pathway, coupled to cyclic nucleotide second messenger",-1.16397500555151,0.392816567700125,"GO","PHG_CTCDT"
"GO:0007200","phospholipase C-activating G protein-coupled receptor signaling pathway",-1.15979302961317,0.395970169800432,"GO","PHG_CTCDT"
"GO:0042490","mechanoreceptor differentiation",1.10814796777719,0.397800081038202,"GO","PHG_CTCDT"
"GO:0023058","adaptation of signaling pathway",1.10883358494135,0.398299220384254,"GO","PHG_CTCDT"
"GO:0140115","export across plasma membrane",1.10895799509139,0.39911733741618,"GO","PHG_CTCDT"
"GO:0007271","synaptic transmission, cholinergic",-1.15297389446867,0.405991360546299,"GO","PHG_CTCDT"
"GO:0072348","sulfur compound transport",1.1020506456164,0.406461334514954,"GO","PHG_CTCDT"
"GO:0035640","exploration behavior",-1.15365778334528,0.40790187127846,"GO","PHG_CTCDT"
"GO:0002532","production of molecular mediator involved in inflammatory response",1.09736915925422,0.415107984009474,"GO","PHG_CTCDT"
"GO:0042908","xenobiotic transport",1.07659616394392,0.456039835691818,"GO","PHG_CTCDT"
"GO:0032616","interleukin-13 production",-1.10857676042083,0.467877392953243,"GO","PHG_CTCDT"
"GO:0009743","response to carbohydrate",-1.10939087255441,0.469015462644916,"GO","PHG_CTCDT"
"GO:0150146","cell junction disassembly",-1.1096234503996,0.472074328002771,"GO","PHG_CTCDT"
"GO:0071806","protein transmembrane transport",1.06439159424022,0.478352927937484,"GO","PHG_CTCDT"
"GO:0009582","detection of abiotic stimulus",-1.09563575250534,0.49034133736672,"GO","PHG_CTCDT"
"GO:0009581","detection of external stimulus",-1.09634289276185,0.492002485342116,"GO","PHG_CTCDT"
"GO:0140962","multicellular organismal-level chemical homeostasis",1.05606086328385,0.492586449502542,"GO","PHG_CTCDT"
"GO:0097193","intrinsic apoptotic signaling pathway",1.05639685617112,0.492872578574286,"GO","PHG_CTCDT"
"GO:1903008","organelle disassembly",-1.0905232429122,0.49483141458547,"GO","PHG_CTCDT"
"GO:0072593","reactive oxygen species metabolic process",1.04979358108645,0.503895165987,"GO","PHG_CTCDT"
"GO:0006766","vitamin metabolic process",1.04745246606648,0.507421133486203,"GO","PHG_CTCDT"
"GO:0046685","response to arsenic-containing substance",1.04764079143208,0.508201755369572,"GO","PHG_CTCDT"
"GO:0030101","natural killer cell activation",-1.0811190662605,0.508669663952956,"GO","PHG_CTCDT"
"GO:0006414","translational elongation",-1.07811434754582,0.510580812248045,"GO","PHG_CTCDT"
"GO:0045216","cell-cell junction organization",1.04423449260808,0.512148583835082,"GO","PHG_CTCDT"
"GO:0010563","negative regulation of phosphorus metabolic process",1.03906322742714,0.516713729694106,"GO","PHG_CTCDT"
"GO:0031348","negative regulation of defense response",1.02903664861114,0.535782558926782,"GO","PHG_CTCDT"
"GO:0070585","protein localization to mitochondrion",-1.06517930755708,0.536321541240225,"GO","PHG_CTCDT"
"GO:0006814","sodium ion transport",-1.05962185718338,0.539226238914814,"GO","PHG_CTCDT"
"GO:0002396","MHC protein complex assembly",1.02449838107063,0.546346538218622,"GO","PHG_CTCDT"
"GO:0002437","inflammatory response to antigenic stimulus",1.00354120277986,0.594508295316188,"GO","PHG_CTCDT"
"GO:0046530","photoreceptor cell differentiation",1.00160681116894,0.597261922048843,"GO","PHG_CTCDT"
"GO:0006984","ER-nucleus signaling pathway",0.997232368278166,0.605017296776771,"GO","PHG_CTCDT"
"GO:0019755","one-carbon compound transport",-1.03002062473445,0.617784564209767,"GO","PHG_CTCDT"
"GO:0098739","import across plasma membrane",-1.02691839987687,0.624247896963477,"GO","PHG_CTCDT"
"GO:0009566","fertilization",0.97491282556079,0.657728231172669,"GO","PHG_CTCDT"
"GO:0045116","protein neddylation",-1.01101066459948,0.66424151194809,"GO","PHG_CTCDT"
"GO:0006968","cellular defense response",-1.00432775054646,0.67603848160008,"GO","PHG_CTCDT"
"GO:0015697","quaternary ammonium group transport",0.960541037435027,0.689354370844215,"GO","PHG_CTCDT"
"GO:0035148","tube formation",0.958951977929094,0.692254812018516,"GO","PHG_CTCDT"
"GO:0048706","embryonic skeletal system development",0.958298627791648,0.692649601267608,"GO","PHG_CTCDT"
"GO:0001890","placenta development",0.953429504052235,0.700226658380664,"GO","PHG_CTCDT"
"GO:0051180","vitamin transport",-0.975997357664415,0.725773849542437,"GO","PHG_CTCDT"
"GO:0046717","acid secretion",-0.97703809090512,0.726206095455526,"GO","PHG_CTCDT"
"GO:0031503","protein-containing complex localization",-0.979316820031922,0.726220207524357,"GO","PHG_CTCDT"
"GO:0010573","vascular endothelial growth factor production",-0.980809216891116,0.729062982048004,"GO","PHG_CTCDT"
"GO:0030431","sleep",-0.981032860253528,0.732530844622083,"GO","PHG_CTCDT"
"GO:0043171","peptide catabolic process",0.932971860303067,0.747441294590561,"GO","PHG_CTCDT"
"GO:0003014","renal system process",0.932975363603244,0.749037189463676,"GO","PHG_CTCDT"
"GO:0006081","cellular aldehyde metabolic process",0.924853698928269,0.763685531343711,"GO","PHG_CTCDT"
"GO:0045454","cell redox homeostasis",0.919427352143352,0.77207518817227,"GO","PHG_CTCDT"
"GO:0042092","type 2 immune response",0.918843242189906,0.772101391856243,"GO","PHG_CTCDT"
"GO:0015669","gas transport",-0.955915107230548,0.773851295442169,"GO","PHG_CTCDT"
"GO:0017004","cytochrome complex assembly",-0.952661626845261,0.776931359391986,"GO","PHG_CTCDT"
"GO:0002209","behavioral defense response",-0.939682474497997,0.796327853908959,"GO","PHG_CTCDT"
"GO:0055062","phosphate ion homeostasis",0.899298296036492,0.812624499849156,"GO","PHG_CTCDT"
"GO:0031163","metallo-sulfur cluster assembly",-0.917859083392734,0.847129651890153,"GO","PHG_CTCDT"
"GO:0034976","response to endoplasmic reticulum stress",0.872226905029287,0.859120943747583,"GO","PHG_CTCDT"
"GO:0000959","mitochondrial RNA metabolic process",-0.907610310268732,0.870219165297641,"GO","PHG_CTCDT"
"GO:0097164","ammonium ion metabolic process",0.845119980872886,0.907014051258096,"GO","PHG_CTCDT"
"GO:0006839","mitochondrial transport",-0.874075976177383,0.933922976650918,"GO","PHG_CTCDT"
"GO:0007029","endoplasmic reticulum organization",-0.874815767370106,0.936655186273075,"GO","PHG_CTCDT"
"GO:0006399","tRNA metabolic process",-0.864100094714995,0.944612490208983,"GO","PHG_CTCDT"
"GO:0031400","negative regulation of protein modification process",0.804147331904729,0.952637886764849,"GO","PHG_CTCDT"
"GO:0070670","response to interleukin-4",-0.840622484547318,0.96831138161836,"GO","PHG_CTCDT"
"GO:0006413","translational initiation",0.780311253057495,0.973641139570691,"GO","PHG_CTCDT"
"GO:0042176","regulation of protein catabolic process",0.76528524061279,0.983323986464257,"GO","PHG_CTCDT"
"GO:0051438","regulation of ubiquitin-protein transferase activity",0.75955962512696,0.984145814989822,"GO","PHG_CTCDT"
"GO:0006879","intracellular iron ion homeostasis",0.750203522219604,0.990118309259024,"GO","PHG_CTCDT"
"GO:0097035","regulation of membrane lipid distribution",0.741019415900454,0.99700764027485,"GO","PHG_CTCDT"
"GO:0051131","chaperone-mediated protein complex assembly",0.679059077059726,0.999999999999999,"GO","PHG_CTCDT"
"GO:1903513","endoplasmic reticulum to cytosol transport",-0.674202728689043,0.999999999999999,"GO","PHG_CTCDT"
"GO:0034394","protein localization to cell surface",0.702931971801297,0.999999999999999,"GO","PHG_CTCDT"
"GO:0071826","protein-RNA complex organization",-0.675448392483167,0.999999999999999,"GO","PHG_CTCDT"
"GO:0070972","protein localization to endoplasmic reticulum",0.529504634258075,0.999999999999999,"GO","PHG_CTCDT"
"GO:0016072","rRNA metabolic process",-0.506789821458169,0.999999999999999,"GO","PHG_CTCDT"
"GO:0034470","ncRNA processing",-0.565075273149083,0.999999999999999,"GO","PHG_CTCDT"
"GO:0072594","establishment of protein localization to organelle",-0.605300302326409,0.999999999999999,"GO","PHG_CTCDT"
"GO:0043161","proteasome-mediated ubiquitin-dependent protein catabolic process",-0.704677205442077,0.999999999999999,"GO","PHG_CTCDT"
"GO:0022613","ribonucleoprotein complex biogenesis",-0.761216496536364,0.999999999999999,"GO","PHG_CTCDT"
"GO:0043062","extracellular structure organization",2.21937328187004,0,"GO","PHG_noCTC"
"GO:0045229","external encapsulating structure organization",2.21319670770345,0,"GO","PHG_noCTC"
"GO:0032637","interleukin-8 production",2.2022327296472,0,"GO","PHG_noCTC"
"GO:0033627","cell adhesion mediated by integrin",2.14286376577103,0,"GO","PHG_noCTC"
"GO:0007229","integrin-mediated signaling pathway",2.11529548955816,0,"GO","PHG_noCTC"
"GO:0042060","wound healing",2.11108677128387,0,"GO","PHG_noCTC"
"GO:1904019","epithelial cell apoptotic process",2.11074486337995,0,"GO","PHG_noCTC"
"GO:0042742","defense response to bacterium",2.10478754560419,0,"GO","PHG_noCTC"
"GO:0050866","negative regulation of cell activation",2.09240048456299,0,"GO","PHG_noCTC"
"GO:0035924","cellular response to vascular endothelial growth factor stimulus",2.08061993660133,0,"GO","PHG_noCTC"
"GO:0071706","tumor necrosis factor superfamily cytokine production",2.07896311460671,0,"GO","PHG_noCTC"
"GO:0018149","peptide cross-linking",2.07060767022377,0,"GO","PHG_noCTC"
"GO:0001906","cell killing",2.06626242495504,0,"GO","PHG_noCTC"
"GO:0042476","odontogenesis",2.06304090885854,0,"GO","PHG_noCTC"
"GO:0014812","muscle cell migration",2.05609339099735,0,"GO","PHG_noCTC"
"GO:0019882","antigen processing and presentation",2.05596537581392,0,"GO","PHG_noCTC"
"GO:0046631","alpha-beta T cell activation",2.05097115163915,0,"GO","PHG_noCTC"
"GO:0001818","negative regulation of cytokine production",2.0457701085906,0,"GO","PHG_noCTC"
"GO:0099565","chemical synaptic transmission, postsynaptic",-2.25447786908318,0,"GO","PHG_noCTC"
"GO:0035249","synaptic transmission, glutamatergic",-2.31018696356756,0,"GO","PHG_noCTC"
"GO:0006836","neurotransmitter transport",-2.33845434389638,0,"GO","PHG_noCTC"
"GO:0048499","synaptic vesicle membrane organization",-2.37251590927915,0,"GO","PHG_noCTC"
"GO:0099177","regulation of trans-synaptic signaling",-2.3870773655832,0,"GO","PHG_noCTC"
"GO:0010257","NADH dehydrogenase complex assembly",-2.53996959175052,0,"GO","PHG_noCTC"
"GO:0099003","vesicle-mediated transport in synapse",-2.74587024919031,0,"GO","PHG_noCTC"
"GO:0070661","leukocyte proliferation",2.03435066328981,9.04908170938428e-05,"GO","PHG_noCTC"
"GO:0070269","pyroptosis",2.03436039055187,9.52534916777292e-05,"GO","PHG_noCTC"
"GO:0022900","electron transport chain",-2.16808106689739,0.000167271772302972,"GO","PHG_noCTC"
"GO:0031589","cell-substrate adhesion",2.02729260774122,0.000172363461131129,"GO","PHG_noCTC"
"GO:0051932","synaptic transmission, GABAergic",-2.17422648011074,0.000188180743840844,"GO","PHG_noCTC"
"GO:1901342","regulation of vasculature development",2.01609771844177,0.000246793137528662,"GO","PHG_noCTC"
"GO:0098664","G protein-coupled serotonin receptor signaling pathway",-2.11823735453174,0.000250907658454459,"GO","PHG_noCTC"
"GO:0007214","gamma-aminobutyric acid signaling pathway",-2.14381458343253,0.000273717445586682,"GO","PHG_noCTC"
"GO:0032963","collagen metabolic process",2.0130289306947,0.000275406834633434,"GO","PHG_noCTC"
"GO:0007215","glutamate receptor signaling pathway",-2.14987376343922,0.00030108919014535,"GO","PHG_noCTC"
"GO:0141060","disruption of anatomical structure in another organism",2.00056830910398,0.000301636056979476,"GO","PHG_noCTC"
"GO:0002832","negative regulation of response to biotic stimulus",2.00358222512477,0.000313237443786378,"GO","PHG_noCTC"
"GO:0030856","regulation of epithelial cell differentiation",1.99706707140722,0.000323181489620867,"GO","PHG_noCTC"
"GO:0007369","gastrulation",2.00473306373755,0.000325766941537834,"GO","PHG_noCTC"
"GO:0006959","humoral immune response",2.00571603260633,0.00033934056410191,"GO","PHG_noCTC"
"GO:0060840","artery development",1.98874429022864,0.000374444760388315,"GO","PHG_noCTC"
"GO:0003158","endothelium development",1.96626433364437,0.000464682574265679,"GO","PHG_noCTC"
"GO:0071216","cellular response to biotic stimulus",1.96527871871594,0.000476267458388646,"GO","PHG_noCTC"
"GO:0010586","miRNA metabolic process",1.96733450411242,0.000477590423550837,"GO","PHG_noCTC"
"GO:0060037","pharyngeal system development",1.96888330169215,0.000491235864223718,"GO","PHG_noCTC"
"GO:0001655","urogenital system development",1.97068435933287,0.000505683977877356,"GO","PHG_noCTC"
"GO:0140546","defense response to symbiont",1.97358921291454,0.000509010846152865,"GO","PHG_noCTC"
"GO:0001570","vasculogenesis",1.96028999867856,0.000510461019503728,"GO","PHG_noCTC"
"GO:0002347","response to tumor cell",1.97162218169519,0.000521007734782731,"GO","PHG_noCTC"
"GO:1903034","regulation of response to wounding",1.97705957814798,0.000525430550867474,"GO","PHG_noCTC"
"GO:0099072","regulation of postsynaptic membrane neurotransmitter receptor levels",-2.07765619745881,0.000537659268116697,"GO","PHG_noCTC"
"GO:0061448","connective tissue development",1.97778239338129,0.000542944902563056,"GO","PHG_noCTC"
"GO:0140053","mitochondrial gene expression",-2.08059327843639,0.000579017673356443,"GO","PHG_noCTC"
"GO:0002237","response to molecule of bacterial origin",1.94548019924617,0.000694464410255072,"GO","PHG_noCTC"
"GO:0071559","response to transforming growth factor beta",1.94887496256273,0.000701303832477281,"GO","PHG_noCTC"
"GO:0034109","homotypic cell-cell adhesion",1.94548586245475,0.000710999277165907,"GO","PHG_noCTC"
"GO:0002683","negative regulation of immune system process",1.94644934278256,0.000728340722950442,"GO","PHG_noCTC"
"GO:0032612","interleukin-1 production",1.94175684067337,0.000764144677681339,"GO","PHG_noCTC"
"GO:0019221","cytokine-mediated signaling pathway",1.9398072328478,0.00076720475362171,"GO","PHG_noCTC"
"GO:0002064","epithelial cell development",1.93673794145537,0.000770134613564619,"GO","PHG_noCTC"
"GO:0010324","membrane invagination",1.94238319064242,0.000781511602174097,"GO","PHG_noCTC"
"GO:0007162","negative regulation of cell adhesion",1.93149049140882,0.000810646903132341,"GO","PHG_noCTC"
"GO:0002250","adaptive immune response",1.92879428584589,0.000831038116167944,"GO","PHG_noCTC"
"GO:0050817","coagulation",1.92764639174961,0.000850613680682122,"GO","PHG_noCTC"
"GO:0070050","neuron cellular homeostasis",-2.05717555790852,0.000903267570436052,"GO","PHG_noCTC"
"GO:0072337","modified amino acid transport",1.92210675332703,0.000904908170938428,"GO","PHG_noCTC"
"GO:0032606","type I interferon production",1.9223687906136,0.000922310251148782,"GO","PHG_noCTC"
"GO:0050673","epithelial cell proliferation",1.92311238845654,0.000922651468407809,"GO","PHG_noCTC"
"GO:0097191","extrinsic apoptotic signaling pathway",1.91973357382673,0.000955180847101674,"GO","PHG_noCTC"
"GO:0045785","positive regulation of cell adhesion",1.91768520450946,0.00100362542594989,"GO","PHG_noCTC"
"GO:0034341","response to type II interferon",1.91577305712882,0.00101802169230573,"GO","PHG_noCTC"
"GO:0009615","response to virus",1.91252091480313,0.00106366399040131,"GO","PHG_noCTC"
"GO:0032615","interleukin-12 production",1.90798474838158,0.00109213055113258,"GO","PHG_noCTC"
"GO:1902600","proton transmembrane transport",-2.040786506356,0.00112908446304506,"GO","PHG_noCTC"
"GO:0034612","response to tumor necrosis factor",1.89661977772133,0.00122090784967883,"GO","PHG_noCTC"
"GO:0001763","morphogenesis of a branching structure",1.89740840192917,0.00123126849488343,"GO","PHG_noCTC"
"GO:0002697","regulation of immune effector process",1.90056695823874,0.00123670783361585,"GO","PHG_noCTC"
"GO:0007498","mesoderm development",1.89668742633096,0.00124059991177042,"GO","PHG_noCTC"
"GO:0061053","somite development",1.90254996018063,0.00124233155671207,"GO","PHG_noCTC"
"GO:0050867","positive regulation of cell activation",1.89290984524827,0.00127252711538216,"GO","PHG_noCTC"
"GO:0070849","response to epidermal growth factor",1.89064509708528,0.00128079310348208,"GO","PHG_noCTC"
"GO:0038061","non-canonical NF-kappaB signal transduction",1.88191646730658,0.00143962663558386,"GO","PHG_noCTC"
"GO:0010463","mesenchymal cell proliferation",1.88107823926973,0.00145865794718433,"GO","PHG_noCTC"
"GO:0098781","ncRNA transcription",1.87613813783108,0.00146883645137831,"GO","PHG_noCTC"
"GO:0002443","leukocyte mediated immunity",1.87205453454808,0.00147047577777494,"GO","PHG_noCTC"
"GO:0060348","bone development",1.870684627377,0.00147512427865305,"GO","PHG_noCTC"
"GO:0002274","myeloid leukocyte activation",1.87298100467568,0.0014784415187163,"GO","PHG_noCTC"
"GO:0048568","embryonic organ development",1.86838407149664,0.00148404940033902,"GO","PHG_noCTC"
"GO:0002833","positive regulation of response to biotic stimulus",1.87624772202013,0.00149043698742799,"GO","PHG_noCTC"
"GO:0042113","B cell activation",1.86854960176806,0.00149187563316875,"GO","PHG_noCTC"
"GO:0002009","morphogenesis of an epithelium",1.87401427642266,0.00149956211184082,"GO","PHG_noCTC"
"GO:0050808","synapse organization",-2.02948919434178,0.00150544595072675,"GO","PHG_noCTC"
"GO:0001963","synaptic transmission, dopaminergic",-2.0274111586587,0.00150544595072675,"GO","PHG_noCTC"
"GO:0033002","muscle cell proliferation",1.86355660022546,0.00152776704184409,"GO","PHG_noCTC"
"GO:0007159","leukocyte cell-cell adhesion",1.86438444484924,0.00153596255330338,"GO","PHG_noCTC"
"GO:0015980","energy derivation by oxidation of organic compounds",-2.01739624037333,0.00158467994813342,"GO","PHG_noCTC"
"GO:0048705","skeletal system morphogenesis",1.85850059803196,0.0016241941529664,"GO","PHG_noCTC"
"GO:0001819","positive regulation of cytokine production",1.85602975508193,0.00163799833473664,"GO","PHG_noCTC"
"GO:0032635","interleukin-6 production",1.85306340024038,0.0016757558721082,"GO","PHG_noCTC"
"GO:0006909","phagocytosis",1.85318762255692,0.00168539146837282,"GO","PHG_noCTC"
"GO:0090077","foam cell differentiation",1.85114584284316,0.0017007912610409,"GO","PHG_noCTC"
"GO:0002764","immune response-regulating signaling pathway",1.8515072959948,0.00171049715238361,"GO","PHG_noCTC"
"GO:0071774","response to fibroblast growth factor",1.85017815223056,0.00171286189499059,"GO","PHG_noCTC"
"GO:0060541","respiratory system development",1.84460731852525,0.00177896719968577,"GO","PHG_noCTC"
"GO:0032602","chemokine production",1.84618042658012,0.00179917036339522,"GO","PHG_noCTC"
"GO:0098743","cell aggregation",1.84462354837731,0.00179941509853273,"GO","PHG_noCTC"
"GO:0035270","endocrine system development",1.84467274464064,0.00182033852991102,"GO","PHG_noCTC"
"GO:1901654","response to ketone",1.83977416671083,0.00186065387957002,"GO","PHG_noCTC"
"GO:0001503","ossification",1.83773499547169,0.00189025262373804,"GO","PHG_noCTC"
"GO:0002263","cell activation involved in immune response",1.83579826032894,0.00190925680022173,"GO","PHG_noCTC"
"GO:0045088","regulation of innate immune response",1.8325518796143,0.00200653550947216,"GO","PHG_noCTC"
"GO:0032613","interleukin-10 production",1.83038142340105,0.00202160336060712,"GO","PHG_noCTC"
"GO:0048732","gland development",1.82818951221097,0.00202661725783085,"GO","PHG_noCTC"
"GO:0007249","canonical NF-kappaB signal transduction",1.83097099431468,0.00203361083576485,"GO","PHG_noCTC"
"GO:0032609","type II interferon production",1.82865697252023,0.00204795007107117,"GO","PHG_noCTC"
"GO:0030323","respiratory tube development",1.82394132367346,0.00217364540029539,"GO","PHG_noCTC"
"GO:0050878","regulation of body fluid levels",1.82203309647927,0.00221610164311451,"GO","PHG_noCTC"
"GO:0060759","regulation of response to cytokine stimulus",1.82040249998551,0.00223027872433309,"GO","PHG_noCTC"
"GO:0060021","roof of mouth development",1.81445583264923,0.00235276124443991,"GO","PHG_noCTC"
"GO:0035988","chondrocyte proliferation",1.81129727550059,0.0024130884558358,"GO","PHG_noCTC"
"GO:0002396","MHC protein complex assembly",1.81167490099323,0.00241906144706312,"GO","PHG_noCTC"
"GO:0036314","response to sterol",1.80786297299051,0.00246479749417514,"GO","PHG_noCTC"
"GO:0071772","response to BMP",1.80802596236517,0.0024797964299755,"GO","PHG_noCTC"
"GO:0007178","transmembrane receptor protein serine/threonine kinase signaling pathway",1.80831741692907,0.002486301091025,"GO","PHG_noCTC"
"GO:0097242","amyloid-beta clearance",1.8067532316902,0.00249276590484925,"GO","PHG_noCTC"
"GO:0072001","renal system development",1.80196911412334,0.00263861074142793,"GO","PHG_noCTC"
"GO:0050900","leukocyte migration",1.79904358438209,0.0026489130094743,"GO","PHG_noCTC"
"GO:0032102","negative regulation of response to external stimulus",1.79975855625351,0.00265661114403942,"GO","PHG_noCTC"
"GO:1990868","response to chemokine",1.79995615609162,0.00267283061601257,"GO","PHG_noCTC"
"GO:0050803","regulation of synapse structure or activity",-1.94519277751757,0.00287998355791205,"GO","PHG_noCTC"
"GO:0003018","vascular process in circulatory system",1.78971752526155,0.00294298963701596,"GO","PHG_noCTC"
"GO:0035329","hippo signaling",1.78879060426706,0.00294903109279041,"GO","PHG_noCTC"
"GO:1990806","ligand-gated ion channel signaling pathway",-1.94592315639439,0.0030108919014535,"GO","PHG_noCTC"
"GO:0015837","amine transport",-1.95862242826916,0.00308616419898984,"GO","PHG_noCTC"
"GO:0098926","postsynaptic signal transduction",-1.9539654610248,0.00315426770628462,"GO","PHG_noCTC"
"GO:0031214","biomineral tissue development",1.78261867915043,0.00317118261673997,"GO","PHG_noCTC"
"GO:0001578","microtubule bundle formation",1.7795933386687,0.00327830767190851,"GO","PHG_noCTC"
"GO:0006925","inflammatory cell apoptotic process",1.77827688155495,0.00329199351841393,"GO","PHG_noCTC"
"GO:0051249","regulation of lymphocyte activation",1.77870736492981,0.0032970132488974,"GO","PHG_noCTC"
"GO:0007492","endoderm development",1.77729822918628,0.0033257308846455,"GO","PHG_noCTC"
"GO:0031349","positive regulation of defense response",1.77516650529852,0.00340490871098866,"GO","PHG_noCTC"
"GO:0060216","definitive hemopoiesis",1.7718896975476,0.00355119425065752,"GO","PHG_noCTC"
"GO:0003007","heart morphogenesis",1.76871595722396,0.00356813384475721,"GO","PHG_noCTC"
"GO:0035272","exocrine system development",1.76886282798596,0.00358254628330541,"GO","PHG_noCTC"
"GO:0006858","extracellular transport",1.7691705354742,0.00358971836405326,"GO","PHG_noCTC"
"GO:0071887","leukocyte apoptotic process",1.76963329040534,0.00360455088090473,"GO","PHG_noCTC"
"GO:0060485","mesenchyme development",1.7668944575581,0.00361963268375371,"GO","PHG_noCTC"
"GO:0003170","heart valve development",1.7654669364924,0.00366306827595875,"GO","PHG_noCTC"
"GO:0043588","skin development",1.75860395655688,0.00404335952570107,"GO","PHG_noCTC"
"GO:0034698","response to gonadotropin",1.75782927550315,0.00405427361625169,"GO","PHG_noCTC"
"GO:0002065","columnar/cuboidal epithelial cell differentiation",1.75290152504853,0.00419738174673747,"GO","PHG_noCTC"
"GO:0071496","cellular response to external stimulus",1.75316756684706,0.00420186042164432,"GO","PHG_noCTC"
"GO:0031579","membrane raft organization",1.75337143813524,0.00422761786110296,"GO","PHG_noCTC"
"GO:0022407","regulation of cell-cell adhesion",1.75104948622988,0.00425514071219902,"GO","PHG_noCTC"
"GO:0016358","dendrite development",-1.90704563016806,0.00432815710833941,"GO","PHG_noCTC"
"GO:0009595","detection of biotic stimulus",1.74600896438539,0.00438846443800966,"GO","PHG_noCTC"
"GO:1903131","mononuclear cell differentiation",1.74697039205302,0.0044011442859278,"GO","PHG_noCTC"
"GO:0032623","interleukin-2 production",1.74399775836172,0.00446376344022612,"GO","PHG_noCTC"
"GO:0071604","transforming growth factor beta production",1.7430863681519,0.00447091666678467,"GO","PHG_noCTC"
"GO:0002544","chronic inflammatory response",1.73764574180438,0.00479069031673285,"GO","PHG_noCTC"
"GO:0001562","response to protozoan",1.73627519897173,0.00484819414210807,"GO","PHG_noCTC"
"GO:0034113","heterotypic cell-cell adhesion",1.73259189397199,0.00506223991278598,"GO","PHG_noCTC"
"GO:0046629","gamma-delta T cell activation",1.726321081402,0.00535351267562174,"GO","PHG_noCTC"
"GO:0035051","cardiocyte differentiation",1.72641191787407,0.00537846828360586,"GO","PHG_noCTC"
"GO:0016032","viral process",1.72691007937185,0.0053973600833987,"GO","PHG_noCTC"
"GO:0031016","pancreas development",1.7269863459132,0.00542298539583815,"GO","PHG_noCTC"
"GO:0001667","ameboidal-type cell migration",1.72347782021506,0.00542325102445975,"GO","PHG_noCTC"
"GO:0055123","digestive system development",1.72451371303879,0.00543573311015097,"GO","PHG_noCTC"
"GO:0048771","tissue remodeling",1.72705875951156,0.00544246928708291,"GO","PHG_noCTC"
"GO:0034694","response to prostaglandin",1.72351586512046,0.00546065275566292,"GO","PHG_noCTC"
"GO:0001539","cilium or flagellum-dependent cell motility",1.72223790776394,0.00546638405301581,"GO","PHG_noCTC"
"GO:0106030","neuron projection fasciculation",-1.88029689032683,0.00547982326064538,"GO","PHG_noCTC"
"GO:0031348","negative regulation of defense response",1.72062278697534,0.00554561966919698,"GO","PHG_noCTC"
"GO:0050890","cognition",-1.87210925057988,0.00555856966422186,"GO","PHG_noCTC"
"GO:0002520","immune system development",1.71683296201516,0.00568885603463291,"GO","PHG_noCTC"
"GO:0033028","myeloid cell apoptotic process",1.7169350790508,0.00572096306727516,"GO","PHG_noCTC"
"GO:0033687","osteoblast proliferation",1.71425154591303,0.00589089226511572,"GO","PHG_noCTC"
"GO:0061458","reproductive system development",1.71315354274074,0.00594738988662822,"GO","PHG_noCTC"
"GO:0002440","production of molecular mediator of immune response",1.70673178397123,0.00636984379150775,"GO","PHG_noCTC"
"GO:0033622","integrin activation",1.70269012249171,0.00659123435477087,"GO","PHG_noCTC"
"GO:0090596","sensory organ morphogenesis",1.702717489303,0.00662815855076978,"GO","PHG_noCTC"
"GO:0042330","taxis",1.70176461204856,0.00663019256014502,"GO","PHG_noCTC"
"GO:0030099","myeloid cell differentiation",1.69643337687454,0.00707211672446784,"GO","PHG_noCTC"
"GO:0072089","stem cell proliferation",1.68983560418021,0.00757504890263552,"GO","PHG_noCTC"
"GO:0060537","muscle tissue development",1.69013462191463,0.00760581044940653,"GO","PHG_noCTC"
"GO:0003205","cardiac chamber development",1.68588028661765,0.00790097946750614,"GO","PHG_noCTC"
"GO:0043583","ear development",1.68408924321636,0.00800365984730634,"GO","PHG_noCTC"
"GO:1903706","regulation of hemopoiesis",1.68255709195576,0.00804979661264245,"GO","PHG_noCTC"
"GO:0070371","ERK1 and ERK2 cascade",1.68291923563841,0.00807155745065449,"GO","PHG_noCTC"
"GO:0090130","tissue migration",1.67636002213551,0.00848075523617295,"GO","PHG_noCTC"
"GO:0031032","actomyosin structure organization",1.67361390245447,0.00871655521283461,"GO","PHG_noCTC"
"GO:0007389","pattern specification process",1.67402615765628,0.00873099277656956,"GO","PHG_noCTC"
"GO:0090594","inflammatory response to wounding",1.67132779520485,0.00888110474352145,"GO","PHG_noCTC"
"GO:0048863","stem cell differentiation",1.67023446214962,0.00900060448594115,"GO","PHG_noCTC"
"GO:0036119","response to platelet-derived growth factor",1.66714463131726,0.00927932461678281,"GO","PHG_noCTC"
"GO:0045165","cell fate commitment",1.6664476297723,0.00930458519294336,"GO","PHG_noCTC"
"GO:0060249","anatomical structure homeostasis",1.66384656024812,0.00950418172517787,"GO","PHG_noCTC"
"GO:0052547","regulation of peptidase activity",1.65991253570324,0.00992768441023729,"GO","PHG_noCTC"
"GO:0008544","epidermis development",1.65810434850581,0.0100899876401169,"GO","PHG_noCTC"
"GO:0097006","regulation of plasma lipoprotein particle levels",1.6548727178829,0.0104324470741522,"GO","PHG_noCTC"
"GO:0048144","fibroblast proliferation",1.65310874469176,0.0106468909940698,"GO","PHG_noCTC"
"GO:0008217","regulation of blood pressure",1.65078206582295,0.0109051717645477,"GO","PHG_noCTC"
"GO:0030522","intracellular receptor signaling pathway",1.64987058322102,0.0109304727088494,"GO","PHG_noCTC"
"GO:0002532","production of molecular mediator involved in inflammatory response",1.64846953585169,0.0110317456794179,"GO","PHG_noCTC"
"GO:0006968","cellular defense response",1.64742768249131,0.0111015549909541,"GO","PHG_noCTC"
"GO:0048483","autonomic nervous system development",1.64414750662171,0.0114118974890568,"GO","PHG_noCTC"
"GO:0018212","peptidyl-tyrosine modification",1.64371586220467,0.0114238407215155,"GO","PHG_noCTC"
"GO:0060976","coronary vasculature development",1.63944267329835,0.0119477710701375,"GO","PHG_noCTC"
"GO:0034367","protein-containing complex remodeling",1.63772449067296,0.0120195411400734,"GO","PHG_noCTC"
"GO:0051090","regulation of DNA-binding transcription factor activity",1.63803175869059,0.0120703871325721,"GO","PHG_noCTC"
"GO:0023061","signal release",-1.8011520599009,0.0120993248632483,"GO","PHG_noCTC"
"GO:0090287","regulation of cellular response to growth factor stimulus",1.63531253756445,0.0123458822889113,"GO","PHG_noCTC"
"GO:0048736","appendage development",1.62997509735205,0.0129119692777988,"GO","PHG_noCTC"
"GO:0032355","response to estradiol",1.62904227999125,0.0130171282343549,"GO","PHG_noCTC"
"GO:0035265","organ growth",1.62800039328354,0.0130874750892637,"GO","PHG_noCTC"
"GO:0032495","response to muramyl dipeptide",1.62695783607711,0.0131858047765313,"GO","PHG_noCTC"
"GO:0070555","response to interleukin-1",1.62597432314091,0.0132735740652915,"GO","PHG_noCTC"
"GO:0002040","sprouting angiogenesis",1.62507010698275,0.0133367356083333,"GO","PHG_noCTC"
"GO:0010927","cellular component assembly involved in morphogenesis",1.62355327333926,0.0134935004864412,"GO","PHG_noCTC"
"GO:0098727","maintenance of cell number",1.62209003258893,0.0136251976411765,"GO","PHG_noCTC"
"GO:0104004","cellular response to environmental stimulus",1.62080379532245,0.0137042278670984,"GO","PHG_noCTC"
"GO:0051450","myoblast proliferation",1.61846540837864,0.0140098347080159,"GO","PHG_noCTC"
"GO:0044403","biological process involved in symbiotic interaction",1.61639737486324,0.0142800049628191,"GO","PHG_noCTC"
"GO:0097305","response to alcohol",1.61378423132427,0.0144831009783024,"GO","PHG_noCTC"
"GO:0050727","regulation of inflammatory response",1.61382461277668,0.01455661925738,"GO","PHG_noCTC"
"GO:0032526","response to retinoic acid",1.61145316211366,0.01469570869604,"GO","PHG_noCTC"
"GO:0007517","muscle organ development",1.6116507327549,0.0147286309832641,"GO","PHG_noCTC"
"GO:0050886","endocrine process",1.61040702291701,0.0147531546077872,"GO","PHG_noCTC"
"GO:0042303","molting cycle",1.6076556748001,0.0151325732744059,"GO","PHG_noCTC"
"GO:0007274","neuromuscular synaptic transmission",-1.77180121468817,0.0157293145886278,"GO","PHG_noCTC"
"GO:0006022","aminoglycan metabolic process",1.60341857927126,0.0157801720449361,"GO","PHG_noCTC"
"GO:0007218","neuropeptide signaling pathway",-1.77406573584661,0.0159684802630659,"GO","PHG_noCTC"
"GO:0042391","regulation of membrane potential",-1.76816180333467,0.0161082716727762,"GO","PHG_noCTC"
"GO:1902742","apoptotic process involved in development",1.59803453714075,0.0163145762992377,"GO","PHG_noCTC"
"GO:0002251","organ or tissue specific immune response",1.59733413482106,0.0163710069578908,"GO","PHG_noCTC"
"GO:0140253","cell-cell fusion",1.59838483655317,0.0163762022391187,"GO","PHG_noCTC"
"GO:0061383","trabecula morphogenesis",1.59866398196561,0.0164031159180838,"GO","PHG_noCTC"
"GO:0042063","gliogenesis",1.5989211975871,0.0164569084028508,"GO","PHG_noCTC"
"GO:0003012","muscle system process",1.59509283516646,0.0166607016352682,"GO","PHG_noCTC"
"GO:0043491","phosphatidylinositol 3-kinase/protein kinase B signal transduction",1.59178023544295,0.0171544734690756,"GO","PHG_noCTC"
"GO:0010721","negative regulation of cell development",1.59137213479298,0.0171632345976094,"GO","PHG_noCTC"
"GO:0034340","response to type I interferon",1.5876343397207,0.017569595561912,"GO","PHG_noCTC"
"GO:0002526","acute inflammatory response",1.58798844316479,0.0175713624178466,"GO","PHG_noCTC"
"GO:0035456","response to interferon-beta",1.58837865865174,0.0175902196813078,"GO","PHG_noCTC"
"GO:2001233","regulation of apoptotic signaling pathway",1.58616365467338,0.0177319912751795,"GO","PHG_noCTC"
"GO:0007530","sex determination",1.58500241754744,0.0178258530895509,"GO","PHG_noCTC"
"GO:1904645","response to amyloid-beta",1.58319447264882,0.0180483519598178,"GO","PHG_noCTC"
"GO:0009112","nucleobase metabolic process",1.58341549594964,0.0180773130000833,"GO","PHG_noCTC"
"GO:0043410","positive regulation of MAPK cascade",1.58066386764449,0.0183367301183796,"GO","PHG_noCTC"
"GO:0007204","positive regulation of cytosolic calcium ion concentration",1.57978946362206,0.0183725020950259,"GO","PHG_noCTC"
"GO:0042044","fluid transport",1.58088732555678,0.0183750074710647,"GO","PHG_noCTC"
"GO:0042692","muscle cell differentiation",1.5792082187459,0.0183916471498837,"GO","PHG_noCTC"
"GO:0007606","sensory perception of chemical stimulus",-1.74998408636458,0.0185024163621578,"GO","PHG_noCTC"
"GO:0007009","plasma membrane organization",1.57540710407152,0.018926315985922,"GO","PHG_noCTC"
"GO:1903317","regulation of protein maturation",1.57546336257319,0.0189990137055323,"GO","PHG_noCTC"
"GO:0002244","hematopoietic progenitor cell differentiation",1.57449388982455,0.0190111152178931,"GO","PHG_noCTC"
"GO:0140467","integrated stress response signaling",1.57351573613618,0.0190911599957275,"GO","PHG_noCTC"
"GO:0061008","hepaticobiliary system development",1.572731803144,0.0191226629779367,"GO","PHG_noCTC"
"GO:0043627","response to estrogen",1.57108597212324,0.0193563032880119,"GO","PHG_noCTC"
"GO:0009141","nucleoside triphosphate metabolic process",-1.73989881155627,0.0194296618015671,"GO","PHG_noCTC"
"GO:0032620","interleukin-17 production",1.56902873052622,0.019698546865188,"GO","PHG_noCTC"
"GO:0035590","purinergic nucleotide receptor signaling pathway",1.56792594911835,0.0198568327770706,"GO","PHG_noCTC"
"GO:0046683","response to organophosphorus",1.56758766254101,0.0198648888953626,"GO","PHG_noCTC"
"GO:0071825","protein-lipid complex organization",1.56376049547381,0.0205281538950385,"GO","PHG_noCTC"
"GO:1904888","cranial skeletal system development",1.5602828203102,0.0211197022899706,"GO","PHG_noCTC"
"GO:0006949","syncytium formation",1.55854760328207,0.0212962790485381,"GO","PHG_noCTC"
"GO:0043331","response to dsRNA",1.55433737480373,0.0221375194669149,"GO","PHG_noCTC"
"GO:0044703","multi-organism reproductive process",1.55343320609202,0.0221530683872774,"GO","PHG_noCTC"
"GO:0097696","receptor signaling pathway via STAT",1.55377333184883,0.022174084544648,"GO","PHG_noCTC"
"GO:0070482","response to oxygen levels",1.55241686806419,0.0222272822155716,"GO","PHG_noCTC"
"GO:0106027","neuron projection organization",-1.72061117917003,0.0224448305381079,"GO","PHG_noCTC"
"GO:0044706","multi-multicellular organism process",1.5490257939751,0.0226978003872315,"GO","PHG_noCTC"
"GO:0040013","negative regulation of locomotion",1.54967551134694,0.0227590084330999,"GO","PHG_noCTC"
"GO:0016485","protein processing",1.54920022983506,0.0227622109498137,"GO","PHG_noCTC"
"GO:0051648","vesicle localization",-1.71543521328035,0.0228916340154627,"GO","PHG_noCTC"
"GO:2001057","reactive nitrogen species metabolic process",1.54747499532538,0.0229330653403528,"GO","PHG_noCTC"
"GO:0070741","response to interleukin-6",1.54581090040826,0.0229735870336205,"GO","PHG_noCTC"
"GO:0097722","sperm motility",1.54621243325547,0.0229935682779436,"GO","PHG_noCTC"
"GO:0048880","sensory system development",1.54632537975116,0.0230807442118369,"GO","PHG_noCTC"
"GO:0006813","potassium ion transport",-1.70995089980188,0.0231408548997426,"GO","PHG_noCTC"
"GO:0048545","response to steroid hormone",1.54178770350052,0.0238586764093766,"GO","PHG_noCTC"
"GO:0009612","response to mechanical stimulus",1.53715331488148,0.0247732350278771,"GO","PHG_noCTC"
"GO:0009636","response to toxic substance",1.53301354723868,0.0255845523028374,"GO","PHG_noCTC"
"GO:0007398","ectoderm development",1.53195755044637,0.0255970040384973,"GO","PHG_noCTC"
"GO:0048010","vascular endothelial growth factor receptor signaling pathway",1.53249327488472,0.0255980423395062,"GO","PHG_noCTC"
"GO:0050906","detection of stimulus involved in sensory perception",-1.69672648130141,0.0256343991054305,"GO","PHG_noCTC"
"GO:0140962","multicellular organismal-level chemical homeostasis",1.53307012958468,0.0256731205271079,"GO","PHG_noCTC"
"GO:0050953","sensory perception of light stimulus",1.52927910657727,0.0260921150474143,"GO","PHG_noCTC"
"GO:0006907","pinocytosis",1.52944227888483,0.0261202461722465,"GO","PHG_noCTC"
"GO:0007548","sex differentiation",1.52670963040111,0.0265879121248562,"GO","PHG_noCTC"
"GO:0072348","sulfur compound transport",1.52600496817153,0.0266681760964795,"GO","PHG_noCTC"
"GO:0030534","adult behavior",-1.68574741547709,0.0270980271130815,"GO","PHG_noCTC"
"GO:0051345","positive regulation of hydrolase activity",1.52292911601531,0.0273876113610583,"GO","PHG_noCTC"
"GO:0015844","monoamine transport",-1.6785655667022,0.0274941971001149,"GO","PHG_noCTC"
"GO:0001945","lymph vessel development",1.52198431237563,0.0275204757356216,"GO","PHG_noCTC"
"GO:0006040","amino sugar metabolic process",1.51769767013296,0.0285747553047882,"GO","PHG_noCTC"
"GO:0120254","olefinic compound metabolic process",1.51246454608897,0.0297958417361687,"GO","PHG_noCTC"
"GO:0009299","mRNA transcription",1.51175391621187,0.0298793050465416,"GO","PHG_noCTC"
"GO:0035150","regulation of tube size",1.5125214386673,0.029886426618561,"GO","PHG_noCTC"
"GO:0055094","response to lipoprotein particle",1.50993441783653,0.0302108082870169,"GO","PHG_noCTC"
"GO:0044346","fibroblast apoptotic process",1.50865345260501,0.0304090434021058,"GO","PHG_noCTC"
"GO:0006929","substrate-dependent cell migration",1.50769752527477,0.0305063739445151,"GO","PHG_noCTC"
"GO:0006690","icosanoid metabolic process",1.5041689499284,0.031446412627064,"GO","PHG_noCTC"
"GO:0001701","in utero embryonic development",1.49927289091144,0.0327059667496317,"GO","PHG_noCTC"
"GO:0150115","cell-substrate junction organization",1.49560520515884,0.0338205192426763,"GO","PHG_noCTC"
"GO:0198738","cell-cell signaling by wnt",1.49426713428024,0.0340792469003043,"GO","PHG_noCTC"
"GO:0044843","cell cycle G1/S phase transition",1.4895889672482,0.0351111048613194,"GO","PHG_noCTC"
"GO:0032069","regulation of nuclease activity",1.48999324369115,0.0351204915676436,"GO","PHG_noCTC"
"GO:0042180","cellular ketone metabolic process",1.49028448668836,0.0351703157143541,"GO","PHG_noCTC"
"GO:0003015","heart process",1.48448769082348,0.0363911793268997,"GO","PHG_noCTC"
"GO:0007219","Notch signaling pathway",1.48529224136131,0.0364292076168227,"GO","PHG_noCTC"
"GO:0045103","intermediate filament-based process",1.48471293247717,0.0364449279833993,"GO","PHG_noCTC"
"GO:0002269","leukocyte activation involved in inflammatory response",1.48387595830891,0.0364858974522374,"GO","PHG_noCTC"
"GO:0010720","positive regulation of cell development",1.4809028718746,0.0373045114816573,"GO","PHG_noCTC"
"GO:0006081","cellular aldehyde metabolic process",1.47604946350464,0.0388163136718065,"GO","PHG_noCTC"
"GO:0010876","lipid localization",1.4746785362979,0.0390933350106853,"GO","PHG_noCTC"
"GO:0043462","regulation of ATP-dependent activity",1.47335145548525,0.0393845875258255,"GO","PHG_noCTC"
"GO:0042908","xenobiotic transport",1.46882769415218,0.0405386070358918,"GO","PHG_noCTC"
"GO:0048645","animal organ formation",1.46988142931234,0.0405689723921074,"GO","PHG_noCTC"
"GO:0014074","response to purine-containing compound",1.46901198193628,0.04063101865398,"GO","PHG_noCTC"
"GO:0017145","stem cell division",1.46922523211636,0.0406757832993711,"GO","PHG_noCTC"
"GO:0071402","cellular response to lipoprotein particle stimulus",1.46665935020321,0.0411127821465441,"GO","PHG_noCTC"
"GO:0048872","homeostasis of number of cells",1.4651919636622,0.0412190401347667,"GO","PHG_noCTC"
"GO:0062012","regulation of small molecule metabolic process",1.46588474892226,0.0412288863145104,"GO","PHG_noCTC"
"GO:0019216","regulation of lipid metabolic process",1.46543877050563,0.041261914186042,"GO","PHG_noCTC"
"GO:0006766","vitamin metabolic process",1.46226463537537,0.0420422214920078,"GO","PHG_noCTC"
"GO:0070542","response to fatty acid",1.46235754167313,0.0421630650896623,"GO","PHG_noCTC"
"GO:0002437","inflammatory response to antigenic stimulus",1.45987186565407,0.0427834342473682,"GO","PHG_noCTC"
"GO:0043171","peptide catabolic process",1.45803054687672,0.0434076053543969,"GO","PHG_noCTC"
"GO:0072593","reactive oxygen species metabolic process",1.4568468537779,0.0437609872665121,"GO","PHG_noCTC"
"GO:0006887","exocytosis",-1.62068207813602,0.0443527537791036,"GO","PHG_noCTC"
"GO:0035148","tube formation",1.45472609845365,0.0443713846138989,"GO","PHG_noCTC"
"GO:0045216","cell-cell junction organization",1.45360232426359,0.0446729156224501,"GO","PHG_noCTC"
"GO:0030048","actin filament-based movement",1.45052065352719,0.0457362061989558,"GO","PHG_noCTC"
"GO:0031128","developmental induction",1.44668369194681,0.0471744526545637,"GO","PHG_noCTC"
"GO:0048706","embryonic skeletal system development",1.44615810493649,0.0472288941337258,"GO","PHG_noCTC"
"GO:0072522","purine-containing compound biosynthetic process",-1.60684448177876,0.0483624511670969,"GO","PHG_noCTC"
"GO:0006066","alcohol metabolic process",1.44174800359754,0.0490047250422964,"GO","PHG_noCTC"
"GO:0010171","body morphogenesis",1.44053208340104,0.0493038762968492,"GO","PHG_noCTC"
"GO:0015849","organic acid transport",1.43923570973743,0.0497096221902176,"GO","PHG_noCTC"
"GO:0003014","renal system process",1.43495593282797,0.0513933726983137,"GO","PHG_noCTC"
"GO:0042092","type 2 immune response",1.43409621706647,0.0514632924145577,"GO","PHG_noCTC"
"GO:0009620","response to fungus",1.43430806339754,0.0515468055120986,"GO","PHG_noCTC"
"GO:0070585","protein localization to mitochondrion",-1.58636271287651,0.0528306497592249,"GO","PHG_noCTC"
"GO:0019693","ribose phosphate metabolic process",-1.57166787513668,0.0545233250850167,"GO","PHG_noCTC"
"GO:0060004","reflex",1.42657460013681,0.054657644193327,"GO","PHG_noCTC"
"GO:0009266","response to temperature stimulus",1.41894788771716,0.0582612516482554,"GO","PHG_noCTC"
"GO:2000027","regulation of animal organ morphogenesis",1.40969489873877,0.0622051391054771,"GO","PHG_noCTC"
"GO:0002209","behavioral defense response",-1.53398669909918,0.0643799533046088,"GO","PHG_noCTC"
"GO:1901293","nucleoside phosphate biosynthetic process",-1.52673952286452,0.0651886501305264,"GO","PHG_noCTC"
"GO:0009593","detection of chemical stimulus",-1.52681500173485,0.0663843762503162,"GO","PHG_noCTC"
"GO:0097194","execution phase of apoptosis",1.39564153329863,0.0685368342674592,"GO","PHG_noCTC"
"GO:0007187","G protein-coupled receptor signaling pathway, coupled to cyclic nucleotide second messenger",-1.50003537367275,0.0775025878337106,"GO","PHG_noCTC"
"GO:0030865","cortical cytoskeleton organization",1.37599870367241,0.0787519929990617,"GO","PHG_noCTC"
"GO:0010573","vascular endothelial growth factor production",1.36499565053803,0.0853969267212653,"GO","PHG_noCTC"
"GO:0038034","signal transduction in absence of ligand",1.36344589509254,0.0863090444857182,"GO","PHG_noCTC"
"GO:0007005","mitochondrion organization",-1.48119935204849,0.0880275305006771,"GO","PHG_noCTC"
"GO:0031503","protein-containing complex localization",-1.47575829392804,0.090031044446141,"GO","PHG_noCTC"
"GO:0045861","negative regulation of proteolysis",1.35506311072959,0.0911356318982839,"GO","PHG_noCTC"
"GO:0042430","indole-containing compound metabolic process",-1.46754061195847,0.0919100708883351,"GO","PHG_noCTC"
"GO:0015697","quaternary ammonium group transport",1.3534673696936,0.0920521213410141,"GO","PHG_noCTC"
"GO:0019755","one-carbon compound transport",1.34988563779755,0.09308612557237,"GO","PHG_noCTC"
"GO:0035640","exploration behavior",-1.4595246896264,0.0938896457936585,"GO","PHG_noCTC"
"GO:0019932","second-messenger-mediated signaling",1.34302358379476,0.0975117470596412,"GO","PHG_noCTC"
"GO:0030101","natural killer cell activation",1.34136168329107,0.0985563029652505,"GO","PHG_noCTC"
"GO:1990089","response to nerve growth factor",-1.44432602914398,0.0994311206503813,"GO","PHG_noCTC"
"GO:0048013","ephrin receptor signaling pathway",-1.43832397673855,0.100424825266941,"GO","PHG_noCTC"
"GO:0006414","translational elongation",-1.43836466928093,0.101970440568757,"GO","PHG_noCTC"
"GO:0043086","negative regulation of catalytic activity",1.3292647624942,0.107147350303322,"GO","PHG_noCTC"
"GO:0042490","mechanoreceptor differentiation",1.32868265457375,0.107353134496301,"GO","PHG_noCTC"
"GO:0150076","neuroinflammatory response",1.32662048668641,0.108124990770572,"GO","PHG_noCTC"
"GO:0023058","adaptation of signaling pathway",1.32316757967131,0.110414091077095,"GO","PHG_noCTC"
"GO:0070841","inclusion body assembly",1.32049617549445,0.111867376874921,"GO","PHG_noCTC"
"GO:0061842","microtubule organizing center localization",1.32087818047498,0.112173026919979,"GO","PHG_noCTC"
"GO:0048284","organelle fusion",-1.40809912496802,0.113876232987116,"GO","PHG_noCTC"
"GO:0045116","protein neddylation",-1.40943019208195,0.114370256140719,"GO","PHG_noCTC"
"GO:0000959","mitochondrial RNA metabolic process",-1.40415875454689,0.115283234283117,"GO","PHG_noCTC"
"GO:0015698","inorganic anion transport",1.31544931105072,0.115397098496735,"GO","PHG_noCTC"
"GO:0001890","placenta development",1.309456041306,0.119750341021008,"GO","PHG_noCTC"
"GO:0055062","phosphate ion homeostasis",1.3075104367277,0.121282419172714,"GO","PHG_noCTC"
"GO:0006979","response to oxidative stress",1.29137387436063,0.136041937860675,"GO","PHG_noCTC"
"GO:0007205","protein kinase C-activating G protein-coupled receptor signaling pathway",-1.36630101126534,0.139484585488002,"GO","PHG_noCTC"
"GO:0140115","export across plasma membrane",1.28530459965802,0.141614489710962,"GO","PHG_noCTC"
"GO:0051347","positive regulation of transferase activity",1.27584024593743,0.150365974452089,"GO","PHG_noCTC"
"GO:0018198","peptidyl-cysteine modification",-1.34556345458389,0.150944776907678,"GO","PHG_noCTC"
"GO:1903008","organelle disassembly",-1.3285609643767,0.159123823201515,"GO","PHG_noCTC"
"GO:0006399","tRNA metabolic process",-1.33153347256419,0.160079086093944,"GO","PHG_noCTC"
"GO:0021510","spinal cord development",1.26475424773486,0.160501017225118,"GO","PHG_noCTC"
"GO:0006090","pyruvate metabolic process",-1.33172559092488,0.161891893926278,"GO","PHG_noCTC"
"GO:0051131","chaperone-mediated protein complex assembly",-1.3193826930283,0.167050734603858,"GO","PHG_noCTC"
"GO:0022613","ribonucleoprotein complex biogenesis",-1.30808259577319,0.177784311216413,"GO","PHG_noCTC"
"GO:0051180","vitamin transport",1.24973941301042,0.178250541826817,"GO","PHG_noCTC"
"GO:0017004","cytochrome complex assembly",-1.29626868551123,0.18475927577101,"GO","PHG_noCTC"
"GO:0044331","cell-cell adhesion mediated by cadherin",-1.29153972481507,0.185554577015687,"GO","PHG_noCTC"
"GO:0043549","regulation of kinase activity",1.2428294762519,0.185705208553121,"GO","PHG_noCTC"
"GO:0055081","monoatomic anion homeostasis",1.22679438025944,0.205505329429817,"GO","PHG_noCTC"
"GO:0006879","intracellular iron ion homeostasis",1.22165796919418,0.212347248232995,"GO","PHG_noCTC"
"GO:0006820","monoatomic anion transport",1.22038574693165,0.213766457220784,"GO","PHG_noCTC"
"GO:0007029","endoplasmic reticulum organization",-1.25810999648377,0.215056915761187,"GO","PHG_noCTC"
"GO:0043434","response to peptide hormone",1.21033896012371,0.227282022310131,"GO","PHG_noCTC"
"GO:0097193","intrinsic apoptotic signaling pathway",1.20580733528671,0.232928254595069,"GO","PHG_noCTC"
"GO:0097035","regulation of membrane lipid distribution",1.19303793037012,0.250968502943412,"GO","PHG_noCTC"
"GO:0046530","photoreceptor cell differentiation",1.19059772813667,0.253402566243101,"GO","PHG_noCTC"
"GO:0006839","mitochondrial transport",-1.20423006291508,0.274254250674143,"GO","PHG_noCTC"
"GO:0032616","interleukin-13 production",1.17622614143692,0.275917463389606,"GO","PHG_noCTC"
"GO:0002181","cytoplasmic translation",-1.19676016597157,0.278109835916333,"GO","PHG_noCTC"
"GO:0071826","protein-RNA complex organization",-1.19710716314803,0.280156322640007,"GO","PHG_noCTC"
"GO:0010563","negative regulation of phosphorus metabolic process",1.15937036215262,0.304195371814222,"GO","PHG_noCTC"
"GO:0035966","response to topologically incorrect protein",1.15252306947898,0.315556210269477,"GO","PHG_noCTC"
"GO:0009582","detection of abiotic stimulus",-1.16434062472296,0.321921307085137,"GO","PHG_noCTC"
"GO:0031163","metallo-sulfur cluster assembly",-1.16661232444717,0.323035553592183,"GO","PHG_noCTC"
"GO:0051051","negative regulation of transport",1.10814218736739,0.400596514959927,"GO","PHG_noCTC"
"GO:0043269","regulation of monoatomic ion transport",1.10476394300667,0.405717404488122,"GO","PHG_noCTC"
"GO:1901616","organic hydroxy compound catabolic process",1.09995753294087,0.415189239831617,"GO","PHG_noCTC"
"GO:0098742","cell-cell adhesion via plasma-membrane adhesion molecules",1.10013748498585,0.41573343823733,"GO","PHG_noCTC"
"GO:0009581","detection of external stimulus",-1.09058761861566,0.440197252269763,"GO","PHG_noCTC"
"GO:0001659","temperature homeostasis",1.0677116569934,0.474755130735446,"GO","PHG_noCTC"
"GO:0046685","response to arsenic-containing substance",1.06600465474995,0.477835986238249,"GO","PHG_noCTC"
"GO:0006882","intracellular zinc ion homeostasis",1.06093822006377,0.485262267759749,"GO","PHG_noCTC"
"GO:0043161","proteasome-mediated ubiquitin-dependent protein catabolic process",-1.05324808259066,0.496808233195348,"GO","PHG_noCTC"
"GO:0015669","gas transport",-1.04134517286017,0.51615289739203,"GO","PHG_noCTC"
"GO:0007200","phospholipase C-activating G protein-coupled receptor signaling pathway",1.032525542597,0.543166474728368,"GO","PHG_noCTC"
"GO:0098739","import across plasma membrane",1.02347433570075,0.565075203006335,"GO","PHG_noCTC"
"GO:0034394","protein localization to cell surface",1.00174246170323,0.610174471311204,"GO","PHG_noCTC"
"GO:0071241","cellular response to inorganic substance",0.997252591918342,0.619206129523126,"GO","PHG_noCTC"
"GO:0051047","positive regulation of secretion",0.996570440031889,0.619633603246053,"GO","PHG_noCTC"
"GO:0051703","biological process involved in intraspecies interaction between organisms",0.983365933433447,0.645798019600076,"GO","PHG_noCTC"
"GO:0070670","response to interleukin-4",0.978586852153496,0.655580089828168,"GO","PHG_noCTC"
"GO:0097164","ammonium ion metabolic process",0.97307222892184,0.665726746721426,"GO","PHG_noCTC"
"GO:0071806","protein transmembrane transport",0.972038904740651,0.667000552283058,"GO","PHG_noCTC"
"GO:0006814","sodium ion transport",0.969619879575364,0.671963245473866,"GO","PHG_noCTC"
"GO:0009566","fertilization",0.959718012823334,0.688804570000323,"GO","PHG_noCTC"
"GO:0006749","glutathione metabolic process",-0.944359285220038,0.751178679194567,"GO","PHG_noCTC"
"GO:0009743","response to carbohydrate",0.919139202056673,0.756037370772079,"GO","PHG_noCTC"
"GO:0031400","negative regulation of protein modification process",0.904087546026897,0.78156554108938,"GO","PHG_noCTC"
"GO:0046717","acid secretion",0.871629094628304,0.839067117757278,"GO","PHG_noCTC"
"GO:0045730","respiratory burst",0.872811421078198,0.839626915171924,"GO","PHG_noCTC"
"GO:0007271","synaptic transmission, cholinergic",-0.888391450400972,0.862593158021871,"GO","PHG_noCTC"
"GO:0006457","protein folding",0.854054775894758,0.870845539446395,"GO","PHG_noCTC"
"GO:0016072","rRNA metabolic process",-0.873074312055861,0.879714913076753,"GO","PHG_noCTC"
"GO:0034470","ncRNA processing",-0.863519183398441,0.885421033845751,"GO","PHG_noCTC"
"GO:0045454","cell redox homeostasis",0.832299464604663,0.894119495037998,"GO","PHG_noCTC"
"GO:0072594","establishment of protein localization to organelle",-0.854725501084151,0.898603298588714,"GO","PHG_noCTC"
"GO:0150146","cell junction disassembly",0.821809166892734,0.905792476996893,"GO","PHG_noCTC"
"GO:0034976","response to endoplasmic reticulum stress",0.818761520817059,0.907681327566993,"GO","PHG_noCTC"
"GO:0070972","protein localization to endoplasmic reticulum",-0.840118771900146,0.911966653003604,"GO","PHG_noCTC"
"GO:0042176","regulation of protein catabolic process",0.772334987245721,0.948942441814939,"GO","PHG_noCTC"
"GO:0051438","regulation of ubiquitin-protein transferase activity",0.727032580901318,0.981085531756299,"GO","PHG_noCTC"
"GO:0006984","ER-nucleus signaling pathway",0.716829873575854,0.985280740893197,"GO","PHG_noCTC"
"GO:0030431","sleep",-0.755286712050175,0.996004686296941,"GO","PHG_noCTC"
"GO:1903513","endoplasmic reticulum to cytosol transport",-0.665240923387137,0.999999999999999,"GO","PHG_noCTC"
"GO:0006413","translational initiation",0.470570678477594,0.999999999999999,"GO","PHG_noCTC"
"GO:0070555","response to interleukin-1",-2.01533616422176,0.0324718023763238,"GO","STG_CTCDT"
"GO:0050886","endocrine process",-1.82404747939909,0.0641152424471291,"GO","STG_CTCDT"
"GO:0002237","response to molecule of bacterial origin",-1.83396460796577,0.0674563037460536,"GO","STG_CTCDT"
"GO:0044703","multi-organism reproductive process",-1.87852524020522,0.0726749862708199,"GO","STG_CTCDT"
"GO:0022613","ribonucleoprotein complex biogenesis",-1.78809052697464,0.0729326989880924,"GO","STG_CTCDT"
"GO:0032609","type II interferon production",-1.78936675110827,0.0804546889234809,"GO","STG_CTCDT"
"GO:0050900","leukocyte migration",-1.83401067303131,0.0809475644952643,"GO","STG_CTCDT"
"GO:0002526","acute inflammatory response",-1.85080683115322,0.0823392131685354,"GO","STG_CTCDT"
"GO:0090594","inflammatory response to wounding",-1.75649529516954,0.0904571637626163,"GO","STG_CTCDT"
"GO:0044706","multi-multicellular organism process",-1.89002446587045,0.092776578218068,"GO","STG_CTCDT"
"GO:0006882","intracellular zinc ion homeostasis",-1.69654319382173,0.113982653239341,"GO","STG_CTCDT"
"GO:0045730","respiratory burst",-1.71714774833925,0.119344416525969,"GO","STG_CTCDT"
"GO:0002181","cytoplasmic translation",-1.70787208321159,0.120416267145534,"GO","STG_CTCDT"
"GO:0010573","vascular endothelial growth factor production",-1.60192603059716,0.162611122148516,"GO","STG_CTCDT"
"GO:0051047","positive regulation of secretion",-1.61157457287638,0.162911253418631,"GO","STG_CTCDT"
"GO:0140962","multicellular organismal-level chemical homeostasis",-1.57328951981442,0.163398749396132,"GO","STG_CTCDT"
"GO:0099072","regulation of postsynaptic membrane neurotransmitter receptor levels",-1.59153200242263,0.163843437133108,"GO","STG_CTCDT"
"GO:0035640","exploration behavior",-1.56866001688363,0.164871710875025,"GO","STG_CTCDT"
"GO:0032602","chemokine production",-1.63424632608042,0.165906351637016,"GO","STG_CTCDT"
"GO:0043434","response to peptide hormone",-1.57926258304571,0.167513266227067,"GO","STG_CTCDT"
"GO:1901342","regulation of vasculature development",-1.573740062497,0.168571729173008,"GO","STG_CTCDT"
"GO:0050727","regulation of inflammatory response",-1.61244934456578,0.169955094223223,"GO","STG_CTCDT"
"GO:0006879","intracellular iron ion homeostasis",-1.62138613941571,0.173505086903651,"GO","STG_CTCDT"
"GO:0006959","humoral immune response",-1.57950488572849,0.173599251165731,"GO","STG_CTCDT"
"GO:0009612","response to mechanical stimulus",-1.55410864421142,0.174318492667542,"GO","STG_CTCDT"
"GO:0001819","positive regulation of cytokine production",-1.61303616407043,0.177679354732103,"GO","STG_CTCDT"
"GO:0006040","amino sugar metabolic process",-1.54203494497161,0.179925165478055,"GO","STG_CTCDT"
"GO:0001659","temperature homeostasis",-1.53490588090077,0.184525987177293,"GO","STG_CTCDT"
"GO:0043086","negative regulation of catalytic activity",-1.52674473566219,0.192060402547264,"GO","STG_CTCDT"
"GO:0009620","response to fungus",-1.4925155314439,0.193473710055285,"GO","STG_CTCDT"
"GO:0006690","icosanoid metabolic process",-1.52205536838159,0.193765137345978,"GO","STG_CTCDT"
"GO:0050867","positive regulation of cell activation",-1.49334179124678,0.196192209699186,"GO","STG_CTCDT"
"GO:0097191","extrinsic apoptotic signaling pathway",-1.50775242154206,0.196471375702043,"GO","STG_CTCDT"
"GO:0070482","response to oxygen levels",-1.48349440674718,0.198806953324431,"GO","STG_CTCDT"
"GO:0032623","interleukin-2 production",-1.50903688482004,0.199266694403994,"GO","STG_CTCDT"
"GO:0034470","ncRNA processing",-1.48548837055923,0.200218620753419,"GO","STG_CTCDT"
"GO:0007218","neuropeptide signaling pathway",-1.49940763879735,0.200332681105758,"GO","STG_CTCDT"
"GO:0007492","endoderm development",-1.49354150858481,0.200345866407572,"GO","STG_CTCDT"
"GO:0009636","response to toxic substance",-1.51416383052379,0.200934536509131,"GO","STG_CTCDT"
"GO:0009743","response to carbohydrate",-1.49378208439852,0.204398398886681,"GO","STG_CTCDT"
"GO:0002443","leukocyte mediated immunity",-1.46722820573684,0.215841980501446,"GO","STG_CTCDT"
"GO:0045454","cell redox homeostasis",-1.46022318187094,0.222953714530295,"GO","STG_CTCDT"
"GO:0042330","taxis",-1.45621653765092,0.224830033299681,"GO","STG_CTCDT"
"GO:0046685","response to arsenic-containing substance",-1.44491101612707,0.228218174971945,"GO","STG_CTCDT"
"GO:2001057","reactive nitrogen species metabolic process",-1.44238236782454,0.228922207762642,"GO","STG_CTCDT"
"GO:0045116","protein neddylation",-1.44518280344984,0.23183790025698,"GO","STG_CTCDT"
"GO:0009581","detection of external stimulus",1.66376743063348,0.233406449599286,"GO","STG_CTCDT"
"GO:0007159","leukocyte cell-cell adhesion",-1.44540996192727,0.235736851017727,"GO","STG_CTCDT"
"GO:0048545","response to steroid hormone",-1.42670857627706,0.235935992662892,"GO","STG_CTCDT"
"GO:0045785","positive regulation of cell adhesion",-1.43290486883445,0.23752736869205,"GO","STG_CTCDT"
"GO:0022407","regulation of cell-cell adhesion",-1.42812517206853,0.237590342041512,"GO","STG_CTCDT"
"GO:0015669","gas transport",-1.41470951883102,0.239257833790676,"GO","STG_CTCDT"
"GO:1904019","epithelial cell apoptotic process",-1.42878155928416,0.240439628017194,"GO","STG_CTCDT"
"GO:0051051","negative regulation of transport",-1.4050557138232,0.241380173815272,"GO","STG_CTCDT"
"GO:0006399","tRNA metabolic process",-1.40717538253231,0.241692786600837,"GO","STG_CTCDT"
"GO:0048144","fibroblast proliferation",-1.40912499954943,0.241848658719171,"GO","STG_CTCDT"
"GO:0042742","defense response to bacterium",-1.4168501447895,0.242642380419186,"GO","STG_CTCDT"
"GO:0009112","nucleobase metabolic process",1.96976970302504,0.243127823551359,"GO","STG_CTCDT"
"GO:0001570","vasculogenesis",-1.41746148761073,0.245072899692958,"GO","STG_CTCDT"
"GO:0098743","cell aggregation",1.640832108763,0.24666116908394,"GO","STG_CTCDT"
"GO:0007187","G protein-coupled receptor signaling pathway",0.458899090099483,0.0284552845528455,"GO","STG_CTCDT"
"GO:0038034","signal transduction in absence of ligand",-1.41822990207872,0.247470650141436,"GO","STG_CTCDT"
"GO:0055094","response to lipoprotein particle",-1.39631165505207,0.247558836211878,"GO","STG_CTCDT"
"GO:0060840","artery development",-1.39687859364418,0.24965048834693,"GO","STG_CTCDT"
"GO:0015698","inorganic anion transport",1.51913228977586,0.250524013108645,"GO","STG_CTCDT"
"GO:0055081","monoatomic anion homeostasis",1.50235071494671,0.251384759760652,"GO","STG_CTCDT"
"GO:1904645","response to amyloid-beta",1.68930578180786,0.251780914651556,"GO","STG_CTCDT"
"GO:0007606","sensory perception of chemical stimulus",-1.37128671680396,0.25203864466201,"GO","STG_CTCDT"
"GO:0043583","ear development",1.50698062238131,0.252511250332021,"GO","STG_CTCDT"
"GO:0016072","rRNA metabolic process",-1.36836123690049,0.254171339146297,"GO","STG_CTCDT"
"GO:0060021","roof of mouth development",1.48143352239232,0.254200058399998,"GO","STG_CTCDT"
"GO:0002250","adaptive immune response",-1.37924289134628,0.255772014797829,"GO","STG_CTCDT"
"GO:0071826","protein-RNA complex organization",-1.38092534249326,0.255880093505141,"GO","STG_CTCDT"
"GO:0033622","integrin activation",-1.38756859857028,0.256491092054172,"GO","STG_CTCDT"
"GO:0034612","response to tumor necrosis factor",-1.38922061027676,0.256737817190624,"GO","STG_CTCDT"
"GO:0001963","synaptic transmission",-0.483607393752591,0.093812375249501,"GO","STG_CTCDT"
"GO:0034113","heterotypic cell-cell adhesion",-1.3766444308962,0.257357197921475,"GO","STG_CTCDT"
"GO:0046629","gamma-delta T cell activation",1.47016492221683,0.257556925798404,"GO","STG_CTCDT"
"GO:0032612","interleukin-1 production",1.48392769189161,0.257878139028639,"GO","STG_CTCDT"
"GO:0072593","reactive oxygen species metabolic process",-1.37423925276857,0.258435233283336,"GO","STG_CTCDT"
"GO:0034976","response to endoplasmic reticulum stress",-1.36427341908177,0.258524512331819,"GO","STG_CTCDT"
"GO:0098664","G protein-coupled serotonin receptor signaling pathway",1.47424446622916,0.258533630709782,"GO","STG_CTCDT"
"GO:0070371","ERK1 and ERK2 cascade",-1.3844497921246,0.258793128279438,"GO","STG_CTCDT"
"GO:0090596","sensory organ morphogenesis",1.62041203886669,0.260641592533197,"GO","STG_CTCDT"
"GO:0097242","amyloid-beta clearance",1.51925001371795,0.26112374489742,"GO","STG_CTCDT"
"GO:0042430","indole-containing compound metabolic process",1.50706995237765,0.262376143976463,"GO","STG_CTCDT"
"GO:0060216","definitive hemopoiesis",1.4631244884681,0.263194652871546,"GO","STG_CTCDT"
"GO:0050953","sensory perception of light stimulus",1.52452274206179,0.263356609122084,"GO","STG_CTCDT"
"GO:0032613","interleukin-10 production",1.4579859889532,0.264904769486854,"GO","STG_CTCDT"
"GO:0098926","postsynaptic signal transduction",1.5506571585222,0.266309561437071,"GO","STG_CTCDT"
"GO:0140115","export across plasma membrane",1.54290794210916,0.26650635038347,"GO","STG_CTCDT"
"GO:0006858","extracellular transport",1.55784040072913,0.268217546030606,"GO","STG_CTCDT"
"GO:0034394","protein localization to cell surface",1.4516913773331,0.26927738473494,"GO","STG_CTCDT"
"GO:0060037","pharyngeal system development",1.44365948384904,0.269583637532772,"GO","STG_CTCDT"
"GO:0007530","sex determination",1.75979935024152,0.270048551418638,"GO","STG_CTCDT"
"GO:0015697","quaternary ammonium group transport",1.70142270172368,0.270048551418638,"GO","STG_CTCDT"
"GO:0009582","detection of abiotic stimulus",1.56535103298324,0.270994983257722,"GO","STG_CTCDT"
"GO:2000027","regulation of animal organ morphogenesis",1.53311985291593,0.272025542371391,"GO","STG_CTCDT"
"GO:0061053","somite development",1.44560817905281,0.273550065009483,"GO","STG_CTCDT"
"GO:0010257","NADH dehydrogenase complex assembly",-1.34364049851718,0.273915746940513,"GO","STG_CTCDT"
"GO:0002274","myeloid leukocyte activation",-1.35257245058879,0.27457329167744,"GO","STG_CTCDT"
"GO:0031214","biomineral tissue development",1.52499773855839,0.274976006072916,"GO","STG_CTCDT"
"GO:0050878","regulation of body fluid levels",-1.35397001729448,0.27501628543213,"GO","STG_CTCDT"
"GO:0098739","import across plasma membrane",1.43644339224339,0.276390453656602,"GO","STG_CTCDT"
"GO:0051347","positive regulation of transferase activity",-1.34372029150301,0.27663201891877,"GO","STG_CTCDT"
"GO:0050817","coagulation",-1.32574569765194,0.278659559645576,"GO","STG_CTCDT"
"GO:0019932","second-messenger-mediated signaling",-1.34414967688791,0.278728384013735,"GO","STG_CTCDT"
"GO:0071402","cellular response to lipoprotein particle stimulus",-1.32247681476318,0.279698398139178,"GO","STG_CTCDT"
"GO:0035590","purinergic nucleotide receptor signaling pathway",1.5888163392206,0.28020853765701,"GO","STG_CTCDT"
"GO:1903008","organelle disassembly",-1.33895136253163,0.280461721678912,"GO","STG_CTCDT"
"GO:0042060","wound healing",-1.34482089737601,0.280478244886622,"GO","STG_CTCDT"
"GO:0021510","spinal cord development",1.56908068157315,0.281377691062784,"GO","STG_CTCDT"
"GO:0071706","tumor necrosis factor superfamily cytokine production",1.42604025676421,0.281764813318193,"GO","STG_CTCDT"
"GO:0001655","urogenital system development",1.85335964896999,0.281826369860572,"GO","STG_CTCDT"
"GO:0010563","negative regulation of phosphorus metabolic process",-1.3351610773163,0.282084430332089,"GO","STG_CTCDT"
"GO:0032635","interleukin-6 production",-1.32647018339597,0.282426644299815,"GO","STG_CTCDT"
"GO:0055062","phosphate ion homeostasis",1.791960041964,0.28322849110366,"GO","STG_CTCDT"
"GO:0006814","sodium ion transport",1.5979389187493,0.283438809290123,"GO","STG_CTCDT"
"GO:0042476","odontogenesis",1.42885810949966,0.283487883533631,"GO","STG_CTCDT"
"GO:0033002","muscle cell proliferation",-1.32862434654431,0.283697522393964,"GO","STG_CTCDT"
"GO:0150076","neuroinflammatory response",-1.31466181693981,0.284491309577165,"GO","STG_CTCDT"
"GO:0019221","cytokine-mediated signaling pathway",-1.33239850571027,0.284730863764103,"GO","STG_CTCDT"
"GO:0048284","organelle fusion",-1.32881654297945,0.286068550193067,"GO","STG_CTCDT"
"GO:0140053","mitochondrial gene expression",-1.30987995353774,0.286457513275639,"GO","STG_CTCDT"
"GO:0071496","cellular response to external stimulus",-1.31483286279661,0.286539241082053,"GO","STG_CTCDT"
"GO:1990868","response to chemokine",-1.31044145688973,0.287656952613948,"GO","STG_CTCDT"
"GO:0007204","positive regulation of cytosolic calcium ion concentration",-1.31484999077002,0.289044197890892,"GO","STG_CTCDT"
"GO:0046683","response to organophosphorus",-1.30397822864155,0.290616880653746,"GO","STG_CTCDT"
"GO:0048010","vascular endothelial growth factor receptor signaling pathway",-1.30505907446806,0.290883565394336,"GO","STG_CTCDT"
"GO:0014812","muscle cell migration",-1.3022654574277,0.291647356179154,"GO","STG_CTCDT"
"GO:0006749","glutathione metabolic process",-1.3052348100181,0.292879674914664,"GO","STG_CTCDT"
"GO:0070269","pyroptosis",1.71437760052432,0.293099424654995,"GO","STG_CTCDT"
"GO:0032069","regulation of nuclease activity",1.41659506195318,0.293243642839998,"GO","STG_CTCDT"
"GO:0034109","homotypic cell-cell adhesion",-1.28518356679843,0.297698576263536,"GO","STG_CTCDT"
"GO:0051450","myoblast proliferation",1.57075894160653,0.297870642942187,"GO","STG_CTCDT"
"GO:0002697","regulation of immune effector process",-1.29161573495709,0.29853400901224,"GO","STG_CTCDT"
"GO:0070670","response to interleukin-4",-1.29003986594241,0.299357294387931,"GO","STG_CTCDT"
"GO:0048499","synaptic vesicle membrane organization",-1.28875633886245,0.299623743520216,"GO","STG_CTCDT"
"GO:0030099","myeloid cell differentiation",-1.29624572606584,0.300995882422114,"GO","STG_CTCDT"
"GO:0036119","response to platelet-derived growth factor",-1.28233180443943,0.301291937763176,"GO","STG_CTCDT"
"GO:0097696","receptor signaling pathway via STAT",-1.29458578131365,0.30202891300144,"GO","STG_CTCDT"
"GO:0002263","cell activation involved in immune response",-1.27438626695537,0.308240169268572,"GO","STG_CTCDT"
"GO:0097193","intrinsic apoptotic signaling pathway",-1.27605255840256,0.309269369087328,"GO","STG_CTCDT"
"GO:0090130","tissue migration",-1.27276788853114,0.309451306472533,"GO","STG_CTCDT"
"GO:2001233","regulation of apoptotic signaling pathway",-1.27137993831388,0.310069523248488,"GO","STG_CTCDT"
"GO:0071241","cellular response to inorganic substance",-1.26776804856203,0.311300855420243,"GO","STG_CTCDT"
"GO:1903034","regulation of response to wounding",-1.26961403600404,0.311797905212095,"GO","STG_CTCDT"
"GO:0141060","disruption of anatomical structure in another organism",1.39098735880203,0.317562173021348,"GO","STG_CTCDT"
"GO:0045103","intermediate filament-based process",1.3942941978129,0.317739368633518,"GO","STG_CTCDT"
"GO:0006979","response to oxidative stress",-1.26278659670187,0.319799265521504,"GO","STG_CTCDT"
"GO:0003158","endothelium development",-1.25885725523003,0.3230060749985,"GO","STG_CTCDT"
"GO:0006909","phagocytosis",-1.25949338804518,0.324011078946337,"GO","STG_CTCDT"
"GO:0008217","regulation of blood pressure",-1.25143630224754,0.332341165940156,"GO","STG_CTCDT"
"GO:0001890","placenta development",-1.24944982996029,0.33396496086378,"GO","STG_CTCDT"
"GO:0043410","positive regulation of MAPK cascade",-1.23921304241001,0.345644792007137,"GO","STG_CTCDT"
"GO:0035150","regulation of tube size",-1.23767551242047,0.34677462110075,"GO","STG_CTCDT"
"GO:0009593","detection of chemical stimulus",-1.23930682990586,0.347672744890095,"GO","STG_CTCDT"
"GO:0010876","lipid localization",-1.23987088961856,0.34873300005686,"GO","STG_CTCDT"
"GO:0003014","renal system process",-1.24037803465921,0.349723737124464,"GO","STG_CTCDT"
"GO:0051249","regulation of lymphocyte activation",-1.22821559612173,0.354699657245672,"GO","STG_CTCDT"
"GO:0043269","regulation of monoatomic ion transport",1.36209121592607,0.355151702389072,"GO","STG_CTCDT"
"GO:0023061","signal release",-1.22672244971779,0.355924048128812,"GO","STG_CTCDT"
"GO:0071216","cellular response to biotic stimulus",-1.22868458125693,0.358039797896529,"GO","STG_CTCDT"
"GO:0002440","production of molecular mediator of immune response",-1.22937298006383,0.358603219323353,"GO","STG_CTCDT"
"GO:0070841","inclusion body assembly",1.36619281019006,0.35994204961608,"GO","STG_CTCDT"
"GO:0060004","reflex",1.36270822960942,0.360596969002839,"GO","STG_CTCDT"
"GO:1903317","regulation of protein maturation",-1.22142984972814,0.363917525297995,"GO","STG_CTCDT"
"GO:0006984","ER-nucleus signaling pathway",-1.22217121357088,0.364436239180685,"GO","STG_CTCDT"
"GO:0042391","regulation of membrane potential",1.3480197668576,0.374172232039915,"GO","STG_CTCDT"
"GO:0038061","non-canonical NF-kappaB signal transduction",-1.21330146876176,0.374755979735998,"GO","STG_CTCDT"
"GO:0062012","regulation of small molecule metabolic process",-1.21582669837855,0.375349313567724,"GO","STG_CTCDT"
"GO:0044331","cell-cell adhesion mediated by cadherin",-1.20946577937644,0.375645167022165,"GO","STG_CTCDT"
"GO:0009615","response to virus",1.34805588600063,0.381459455839961,"GO","STG_CTCDT"
"GO:1901654","response to ketone",-1.20356940361436,0.38568172416619,"GO","STG_CTCDT"
"GO:0043549","regulation of kinase activity",-1.20138866739037,0.386944786302618,"GO","STG_CTCDT"
"GO:0018149","peptide cross-linking",1.33759308616868,0.386985463092129,"GO","STG_CTCDT"
"GO:0072337","modified amino acid transport",1.33914081961938,0.389636265895098,"GO","STG_CTCDT"
"GO:0050673","epithelial cell proliferation",-1.19760674341313,0.392051913968587,"GO","STG_CTCDT"
"GO:0045229","external encapsulating structure organization",-1.19300399209863,0.395107210280859,"GO","STG_CTCDT"
"GO:0030856","regulation of epithelial cell differentiation",-1.18710211140481,0.403094387100133,"GO","STG_CTCDT"
"GO:0050906","detection of stimulus involved in sensory perception",-1.18198170378008,0.403187540275528,"GO","STG_CTCDT"
"GO:0006887","exocytosis",-1.18730891173737,0.404744057461417,"GO","STG_CTCDT"
"GO:1903513","endoplasmic reticulum to cytosol transport",-1.1828177852916,0.405253922551488,"GO","STG_CTCDT"
"GO:0018212","peptidyl-tyrosine modification",-1.18513473618475,0.406051746090713,"GO","STG_CTCDT"
"GO:0001667","ameboidal-type cell migration",-1.18327415576992,0.406208819538858,"GO","STG_CTCDT"
"GO:0032102","negative regulation of response to external stimulus",-1.18398614704896,0.406517267428917,"GO","STG_CTCDT"
"GO:0052547","regulation of peptidase activity",-1.1874858750066,0.406568279289813,"GO","STG_CTCDT"
"GO:0045861","negative regulation of proteolysis",-1.17967471501614,0.406889856507153,"GO","STG_CTCDT"
"GO:0046530","photoreceptor cell differentiation",1.32702745101767,0.407696068508206,"GO","STG_CTCDT"
"GO:0034341","response to type II interferon",-1.17598772406033,0.409694540678074,"GO","STG_CTCDT"
"GO:0031400","negative regulation of protein modification process",-1.17758529787314,0.409977320259022,"GO","STG_CTCDT"
"GO:0051438","regulation of ubiquitin-protein transferase activity",-1.1741033541027,0.410291596285481,"GO","STG_CTCDT"
"GO:0007214","gamma-aminobutyric acid signaling pathway",-1.17293775391182,0.411237981487725,"GO","STG_CTCDT"
"GO:0031589","cell-substrate adhesion",-1.15963662868941,0.411583836110961,"GO","STG_CTCDT"
"GO:0040013","negative regulation of locomotion",-1.16469189591176,0.412347710856351,"GO","STG_CTCDT"
"GO:0070542","response to fatty acid",-1.16067964252497,0.412737105354077,"GO","STG_CTCDT"
"GO:0001562","response to protozoan",-1.16480488894752,0.414043224490179,"GO","STG_CTCDT"
"GO:0120254","olefinic compound metabolic process",-1.16525141919361,0.41481277901719,"GO","STG_CTCDT"
"GO:0043062","extracellular structure organization",-1.16593548553977,0.414906269907831,"GO","STG_CTCDT"
"GO:0002544","chronic inflammatory response",-1.1610522051657,0.415714206378178,"GO","STG_CTCDT"
"GO:0006414","translational elongation",-1.16787363167887,0.415885792444804,"GO","STG_CTCDT"
"GO:0099177","regulation of trans-synaptic signaling",-1.16864028080198,0.415980698457427,"GO","STG_CTCDT"
"GO:0043627","response to estrogen",-1.16600525823935,0.416706451438191,"GO","STG_CTCDT"
"GO:1903131","mononuclear cell differentiation",-1.16106203725862,0.417631359909104,"GO","STG_CTCDT"
"GO:0104004","cellular response to environmental stimulus",-1.16627920036341,0.417969799089252,"GO","STG_CTCDT"
"GO:0006820","monoatomic anion transport",1.31986519064649,0.419209213803799,"GO","STG_CTCDT"
"GO:0072001","renal system development",-1.15234682422112,0.422301352300749,"GO","STG_CTCDT"
"GO:0019755","one-carbon compound transport",-1.15105323678907,0.423684931102275,"GO","STG_CTCDT"
"GO:0003205","cardiac chamber development",1.230675903195,0.457707842276429,"GO","STG_CTCDT"
"GO:0060348","bone development",1.25067473644008,0.458851187406575,"GO","STG_CTCDT"
"GO:0048736","appendage development",1.26296717706114,0.459084811121808,"GO","STG_CTCDT"
"GO:0002833","positive regulation of response to biotic stimulus",1.22185181944013,0.459299866204363,"GO","STG_CTCDT"
"GO:0030522","intracellular receptor signaling pathway",1.25661421147336,0.459673613457796,"GO","STG_CTCDT"
"GO:0015844","monoamine transport",1.23143539328747,0.460652913203942,"GO","STG_CTCDT"
"GO:0061383","trabecula morphogenesis",1.27321762516063,0.461736813886642,"GO","STG_CTCDT"
"GO:0140546","defense response to symbiont",1.25155935860425,0.46198652573819,"GO","STG_CTCDT"
"GO:0015849","organic acid transport",1.24387558946996,0.46214254032702,"GO","STG_CTCDT"
"GO:0050866","negative regulation of cell activation",1.27722652554868,0.463817521776773,"GO","STG_CTCDT"
"GO:0001578","microtubule bundle formation",1.2235651705981,0.463881371947068,"GO","STG_CTCDT"
"GO:0051180","vitamin transport",1.27459642499058,0.464642360529127,"GO","STG_CTCDT"
"GO:0010324","membrane invagination",1.24474208502017,0.464987861710619,"GO","STG_CTCDT"
"GO:0034694","response to prostaglandin",1.25685654832511,0.465002440891709,"GO","STG_CTCDT"
"GO:0033627","cell adhesion mediated by integrin",1.21787676659278,0.465501361733389,"GO","STG_CTCDT"
"GO:0061842","microtubule organizing center localization",1.23334256123207,0.4656253449942,"GO","STG_CTCDT"
"GO:0048705","skeletal system morphogenesis",1.30087176427189,0.466729263896354,"GO","STG_CTCDT"
"GO:0001818","negative regulation of cytokine production",1.25175347059088,0.467370152513133,"GO","STG_CTCDT"
"GO:0042490","mechanoreceptor differentiation",1.26449620926491,0.4673854320395,"GO","STG_CTCDT"
"GO:0042908","xenobiotic transport",1.28193817231938,0.470757825737718,"GO","STG_CTCDT"
"GO:0048568","embryonic organ development",1.26525257708687,0.471823672392179,"GO","STG_CTCDT"
"GO:0097164","ammonium ion metabolic process",1.23475467614977,0.47234530007246,"GO","STG_CTCDT"
"GO:0003012","muscle system process",1.28250654585233,0.476347323651567,"GO","STG_CTCDT"
"GO:0001906","cell killing",-1.12542208778709,0.477274988467905,"GO","STG_CTCDT"
"GO:0010463","mesenchymal cell proliferation",1.20418527351051,0.47884754632128,"GO","STG_CTCDT"
"GO:0042176","regulation of protein catabolic process",-1.12243988307928,0.481493445242401,"GO","STG_CTCDT"
"GO:0032616","interleukin-13 production",1.20175752154027,0.481636736161548,"GO","STG_CTCDT"
"GO:0032637","interleukin-8 production",1.2061243277446,0.48191601244342,"GO","STG_CTCDT"
"GO:0070661","leukocyte proliferation",1.28533897908323,0.483207757318565,"GO","STG_CTCDT"
"GO:0003015","heart process",1.20682877622886,0.484674054340516,"GO","STG_CTCDT"
"GO:0006813","potassium ion transport",1.20785488134076,0.486323628738747,"GO","STG_CTCDT"
"GO:0002764","immune response-regulating signaling pathway",1.28897845750631,0.487809862853531,"GO","STG_CTCDT"
"GO:0031579","membrane raft organization",-1.11876861147744,0.487865041838055,"GO","STG_CTCDT"
"GO:0042692","muscle cell differentiation",1.28965835192407,0.49385611122042,"GO","STG_CTCDT"
"GO:0045165","cell fate commitment",1.19398774736066,0.496366793123624,"GO","STG_CTCDT"
"GO:0014074","response to purine-containing compound",1.19531236180608,0.496831647336292,"GO","STG_CTCDT"
"GO:0106027","neuron projection organization",1.191863015136,0.49811208916576,"GO","STG_CTCDT"
"GO:0022900","electron transport chain",-1.11085786875319,0.504262233044744,"GO","STG_CTCDT"
"GO:0048872","homeostasis of number of cells",-1.10952439264989,0.506192714024557,"GO","STG_CTCDT"
"GO:0035966","response to topologically incorrect protein",-1.10494340118587,0.510803112026967,"GO","STG_CTCDT"
"GO:0061448","connective tissue development",-1.10555033652191,0.511156599825522,"GO","STG_CTCDT"
"GO:0072594","establishment of protein localization to organelle",-1.10307686413206,0.512286409152471,"GO","STG_CTCDT"
"GO:0140467","integrated stress response signaling",-1.10566866895308,0.513001324297979,"GO","STG_CTCDT"
"GO:1990089","response to nerve growth factor",-1.10106939240156,0.514146299472507,"GO","STG_CTCDT"
"GO:0006766","vitamin metabolic process",-1.09846915591353,0.515399042278596,"GO","STG_CTCDT"
"GO:0007005","mitochondrion organization",-1.09739490468203,0.516436183821965,"GO","STG_CTCDT"
"GO:0048771","tissue remodeling",-1.09890968733673,0.518154372245332,"GO","STG_CTCDT"
"GO:0050890","cognition",-1.0960858385475,0.518269001757914,"GO","STG_CTCDT"
"GO:0006022","aminoglycan metabolic process",-1.09258512837605,0.524641465412499,"GO","STG_CTCDT"
"GO:0035329","hippo signaling",-1.09171154800322,0.525146479994377,"GO","STG_CTCDT"
"GO:0042113","B cell activation",1.17907281338322,0.528527673057158,"GO","STG_CTCDT"
"GO:0002064","epithelial cell development",1.16691121190066,0.529822070753317,"GO","STG_CTCDT"
"GO:0048706","embryonic skeletal system development",1.16723787393247,0.533461201436801,"GO","STG_CTCDT"
"GO:0048732","gland development",1.16826422230711,0.534764165170089,"GO","STG_CTCDT"
"GO:0033687","osteoblast proliferation",1.17317334124483,0.5377172862409,"GO","STG_CTCDT"
"GO:0043331","response to dsRNA",1.16842382313747,0.538945887500846,"GO","STG_CTCDT"
"GO:0070585","protein localization to mitochondrion",-1.08529654437744,0.540473399290187,"GO","STG_CTCDT"
"GO:0045088","regulation of innate immune response",1.14838332759748,0.541799365658961,"GO","STG_CTCDT"
"GO:0001503","ossification",1.16866151133762,0.542918716737082,"GO","STG_CTCDT"
"GO:0007389","pattern specification process",1.14669084500876,0.543390457384992,"GO","STG_CTCDT"
"GO:0003007","heart morphogenesis",1.15183574258749,0.543596797460022,"GO","STG_CTCDT"
"GO:0071772","response to BMP",1.15036997466571,0.543956274639678,"GO","STG_CTCDT"
"GO:0009266","response to temperature stimulus",-1.08282810168267,0.544073499395104,"GO","STG_CTCDT"
"GO:0030048","actin filament-based movement",1.15259171070201,0.545517884481922,"GO","STG_CTCDT"
"GO:0002209","behavioral defense response",-1.07694165986397,0.545725086875564,"GO","STG_CTCDT"
"GO:0007271","synaptic transmission",0.399332534857547,0.281663516068053,"GO","STG_CTCDT"
"GO:0007162","negative regulation of cell adhesion",1.16896891474076,0.546894887078315,"GO","STG_CTCDT"
"GO:0046631","alpha-beta T cell activation",-1.07714326313611,0.547171751309504,"GO","STG_CTCDT"
"GO:0002040","sprouting angiogenesis",-1.07825358823885,0.547955050800686,"GO","STG_CTCDT"
"GO:0031348","negative regulation of defense response",-1.07887082152679,0.548213967817947,"GO","STG_CTCDT"
"GO:0015837","amine transport",1.15292948488364,0.548776575312778,"GO","STG_CTCDT"
"GO:0009595","detection of biotic stimulus",1.1556190787568,0.548878321663818,"GO","STG_CTCDT"
"GO:0035148","tube formation",1.15676124742464,0.54907768939925,"GO","STG_CTCDT"
"GO:0060537","muscle tissue development",1.14250741188921,0.552767964655576,"GO","STG_CTCDT"
"GO:0002009","morphogenesis of an epithelium",1.12692805472172,0.555162994335182,"GO","STG_CTCDT"
"GO:0048013","ephrin receptor signaling pathway",1.12884354913673,0.55694058502745,"GO","STG_CTCDT"
"GO:0042044","fluid transport",-1.06987076872934,0.557536738613514,"GO","STG_CTCDT"
"GO:0198738","cell-cell signaling by wnt",1.13482067023366,0.557589344301037,"GO","STG_CTCDT"
"GO:0048880","sensory system development",1.12710155154028,0.558479807305158,"GO","STG_CTCDT"
"GO:0006949","syncytium formation",1.11766013057647,0.558627687749274,"GO","STG_CTCDT"
"GO:0071774","response to fibroblast growth factor",1.13951838363279,0.558675744468964,"GO","STG_CTCDT"
"GO:0007498","mesoderm development",1.13319088298843,0.558772120629397,"GO","STG_CTCDT"
"GO:0060541","respiratory system development",1.12225131989441,0.559127272536559,"GO","STG_CTCDT"
"GO:1990806","ligand-gated ion channel signaling pathway",1.13517771496123,0.560614112788364,"GO","STG_CTCDT"
"GO:0003018","vascular process in circulatory system",1.11569067133264,0.561218657243144,"GO","STG_CTCDT"
"GO:0035265","organ growth",1.11782727491706,0.561884930099792,"GO","STG_CTCDT"
"GO:0097194","execution phase of apoptosis",1.13715809495354,0.562346217653722,"GO","STG_CTCDT"
"GO:0051703","biological process involved in intraspecies interaction between organisms",1.13555756833641,0.563557859336274,"GO","STG_CTCDT"
"GO:0043491","phosphatidylinositol 3-kinase/protein kinase B signal transduction",1.10778648276177,0.568635245403032,"GO","STG_CTCDT"
"GO:0099565","chemical synaptic transmission",0.289586434393432,0.264822134387352,"GO","STG_CTCDT"
"GO:0006968","cellular defense response",1.11064675544793,0.570382921687964,"GO","STG_CTCDT"
"GO:0035270","endocrine system development",1.10602024709264,0.570463813298142,"GO","STG_CTCDT"
"GO:0035272","exocrine system development",1.11158151366797,0.571157338321563,"GO","STG_CTCDT"
"GO:0072089","stem cell proliferation",-1.06398207828502,0.571281126003765,"GO","STG_CTCDT"
"GO:0006090","pyruvate metabolic process",-1.06402616568276,0.573270569893775,"GO","STG_CTCDT"
"GO:0007249","canonical NF-kappaB signal transduction",1.10304363799137,0.576893408224338,"GO","STG_CTCDT"
"GO:1904888","cranial skeletal system development",1.08814821525678,0.580176326182329,"GO","STG_CTCDT"
"GO:0006066","alcohol metabolic process",1.09942387553249,0.582028464540928,"GO","STG_CTCDT"
"GO:0070741","response to interleukin-6",1.08932440935354,0.58322234621395,"GO","STG_CTCDT"
"GO:0043588","skin development",1.08589820081571,0.583946599818462,"GO","STG_CTCDT"
"GO:0061458","reproductive system development",1.09992562421514,0.584056266063591,"GO","STG_CTCDT"
"GO:0099003","vesicle-mediated transport in synapse",-1.05836104089859,0.584762338274099,"GO","STG_CTCDT"
"GO:0060759","regulation of response to cytokine stimulus",1.08981383751294,0.585092600837001,"GO","STG_CTCDT"
"GO:0055123","digestive system development",1.09733245580417,0.5854311879294,"GO","STG_CTCDT"
"GO:0031016","pancreas development",1.09615620967942,0.585661688823818,"GO","STG_CTCDT"
"GO:0007009","plasma membrane organization",1.0929342329821,0.588916728009167,"GO","STG_CTCDT"
"GO:0044403","biological process involved in symbiotic interaction",1.09052141093512,0.589818871428507,"GO","STG_CTCDT"
"GO:0002065","columnar/cuboidal epithelial cell differentiation",1.08233389007957,0.592397855577975,"GO","STG_CTCDT"
"GO:0031349","positive regulation of defense response",-1.05413221871879,0.594159460784005,"GO","STG_CTCDT"
"GO:0150115","cell-substrate junction organization",-1.05071025379646,0.596588890761246,"GO","STG_CTCDT"
"GO:0032606","type I interferon production",1.07850167447912,0.598265794822051,"GO","STG_CTCDT"
"GO:0016485","protein processing",-1.05137838382071,0.598716522104573,"GO","STG_CTCDT"
"GO:0051090","regulation of DNA-binding transcription factor activity",1.07328286827515,0.598962695808236,"GO","STG_CTCDT"
"GO:0007178","transmembrane receptor protein serine/threonine kinase signaling pathway",1.07922234387408,0.599136943342447,"GO","STG_CTCDT"
"GO:0031032","actomyosin structure organization",1.07328530440052,0.602313476019307,"GO","STG_CTCDT"
"GO:0002683","negative regulation of immune system process",1.07370961320729,0.604338020537512,"GO","STG_CTCDT"
"GO:0045216","cell-cell junction organization",1.07528046474814,0.605740413377934,"GO","STG_CTCDT"
"GO:0007219","Notch signaling pathway",1.06698459175259,0.606576038234939,"GO","STG_CTCDT"
"GO:0009566","fertilization",1.06975428615105,0.607132519469285,"GO","STG_CTCDT"
"GO:0007369","gastrulation",1.06794422986235,0.609853022007185,"GO","STG_CTCDT"
"GO:0001763","morphogenesis of a branching structure",1.06382510913235,0.614101671665361,"GO","STG_CTCDT"
"GO:0032963","collagen metabolic process",1.06171832360093,0.617908010698256,"GO","STG_CTCDT"
"GO:0019882","antigen processing and presentation",1.06003412971916,0.620348190631147,"GO","STG_CTCDT"
"GO:0001945","lymph vessel development",-1.03824744567752,0.629806476766653,"GO","STG_CTCDT"
"GO:0140253","cell-cell fusion",1.05419067498572,0.633321757700808,"GO","STG_CTCDT"
"GO:0007517","muscle organ development",-1.03167023992014,0.645344858139776,"GO","STG_CTCDT"
"GO:1903706","regulation of hemopoiesis",-1.0289429032789,0.649939920321971,"GO","STG_CTCDT"
"GO:0061008","hepaticobiliary system development",-1.02619258915375,0.65711562081798,"GO","STG_CTCDT"
"GO:0048863","stem cell differentiation",1.04316692406913,0.658493096929354,"GO","STG_CTCDT"
"GO:0030323","respiratory tube development",1.04135567109009,0.661371146024358,"GO","STG_CTCDT"
"GO:0030865","cortical cytoskeleton organization",1.03925686540082,0.661801226737264,"GO","STG_CTCDT"
"GO:0042303","molting cycle",1.03146076365832,0.665738272128745,"GO","STG_CTCDT"
"GO:0034698","response to gonadotropin",1.03199634136352,0.667158585516822,"GO","STG_CTCDT"
"GO:0030431","sleep",1.03453299114442,0.671468034211179,"GO","STG_CTCDT"
"GO:0016032","viral process",1.03229183585963,0.672705361590541,"GO","STG_CTCDT"
"GO:0098742","cell-cell adhesion via plasma-membrane adhesion molecules",-1.01926308743611,0.674058130912411,"GO","STG_CTCDT"
"GO:0032615","interleukin-12 production",1.03243657523887,0.67551652180601,"GO","STG_CTCDT"
"GO:0007205","protein kinase C-activating G protein-coupled receptor signaling pathway",-1.01389786703703,0.683036424050587,"GO","STG_CTCDT"
"GO:0007200","phospholipase C-activating G protein-coupled receptor signaling pathway",1.02227728151897,0.684567319620171,"GO","STG_CTCDT"
"GO:0046717","acid secretion",-1.0124277722227,0.685949371412132,"GO","STG_CTCDT"
"GO:1901616","organic hydroxy compound catabolic process",1.02243552974708,0.687389597442818,"GO","STG_CTCDT"
"GO:0002437","inflammatory response to antigenic stimulus",0.991368381807335,0.696834057762642,"GO","STG_CTCDT"
"GO:0002832","negative regulation of response to biotic stimulus",0.993013489828213,0.697271299004701,"GO","STG_CTCDT"
"GO:0002396","MHC protein complex assembly",0.985057999424017,0.697633214060609,"GO","STG_CTCDT"
"GO:0033028","myeloid cell apoptotic process",0.990227144281064,0.69779492143323,"GO","STG_CTCDT"
"GO:0070849","response to epidermal growth factor",0.991866926816252,0.698109603812516,"GO","STG_CTCDT"
"GO:0042092","type 2 immune response",0.986811695174532,0.700152748038813,"GO","STG_CTCDT"
"GO:0001539","cilium or flagellum-dependent cell motility",0.993021522223914,0.700245826623909,"GO","STG_CTCDT"
"GO:0097305","response to alcohol",0.985081448450519,0.700418658594397,"GO","STG_CTCDT"
"GO:0008544","epidermis development",0.993373525214493,0.70204935876513,"GO","STG_CTCDT"
"GO:0002532","production of molecular mediator involved in inflammatory response",1.01134271246175,0.703022268528144,"GO","STG_CTCDT"
"GO:0010721","negative regulation of cell development",-1.00688097407969,0.703095700953351,"GO","STG_CTCDT"
"GO:0042063","gliogenesis",-1.00591000001668,0.704150341017954,"GO","STG_CTCDT"
"GO:0060249","anatomical structure homeostasis",-1.00304383907796,0.709702549202289,"GO","STG_CTCDT"
"GO:0090287","regulation of cellular response to growth factor stimulus",-1.0008856415484,0.710260038695666,"GO","STG_CTCDT"
"GO:0019216","regulation of lipid metabolic process",-0.998640225454733,0.71093806157419,"GO","STG_CTCDT"
"GO:0043462","regulation of ATP-dependent activity",-1.00123592136677,0.711288367111448,"GO","STG_CTCDT"
"GO:0007229","integrin-mediated signaling pathway",-0.999129293455636,0.711589577422809,"GO","STG_CTCDT"
"GO:0106030","neuron projection fasciculation",0.996407245666194,0.713406766462844,"GO","STG_CTCDT"
"GO:0007548","sex differentiation",0.997722491005258,0.71521764482145,"GO","STG_CTCDT"
"GO:0090077","foam cell differentiation",1.00089755528347,0.717006389434276,"GO","STG_CTCDT"
"GO:0071825","protein-lipid complex organization",0.999683790156414,0.71802628858507,"GO","STG_CTCDT"
"GO:0097006","regulation of plasma lipoprotein particle levels",1.00276472725068,0.720499474666627,"GO","STG_CTCDT"
"GO:0006836","neurotransmitter transport",0.965826345829591,0.721275172632768,"GO","STG_CTCDT"
"GO:0034367","protein-containing complex remodeling",0.9675228856008,0.721465609516643,"GO","STG_CTCDT"
"GO:0042180","cellular ketone metabolic process",0.961518371754794,0.72152624008499,"GO","STG_CTCDT"
"GO:0007215","glutamate receptor signaling pathway",1.00330867340346,0.721921577043191,"GO","STG_CTCDT"
"GO:0032355","response to estradiol",0.969864393213684,0.722242667466068,"GO","STG_CTCDT"
"GO:0051345","positive regulation of hydrolase activity",0.962023216235607,0.722704860962866,"GO","STG_CTCDT"
"GO:0006929","substrate-dependent cell migration",0.96601686615608,0.723441981886495,"GO","STG_CTCDT"
"GO:0010720","positive regulation of cell development",0.968599213655723,0.723564390396205,"GO","STG_CTCDT"
"GO:0010927","cellular component assembly involved in morphogenesis",0.97012669352616,0.724255393757049,"GO","STG_CTCDT"
"GO:0030534","adult behavior",0.963913972436405,0.724736906069428,"GO","STG_CTCDT"
"GO:0006081","cellular aldehyde metabolic process",0.970414694382633,0.726250570948523,"GO","STG_CTCDT"
"GO:0032526","response to retinoic acid",-0.984166884497051,0.731595181932942,"GO","STG_CTCDT"
"GO:0035249","synaptic transmission",-0.253451094658884,0.446564885496183,"GO","STG_CTCDT"
"GO:0002269","leukocyte activation involved in inflammatory response",-0.985211645956875,0.732605176179853,"GO","STG_CTCDT"
"GO:0060485","mesenchyme development",-0.987427447201784,0.734219453776231,"GO","STG_CTCDT"
"GO:0015980","energy derivation by oxidation of organic compounds",-0.981017010905007,0.735397115575448,"GO","STG_CTCDT"
"GO:0150146","cell junction disassembly",-0.976955641066084,0.742530838093615,"GO","STG_CTCDT"
"GO:0043171","peptide catabolic process",0.948573894042995,0.746271707119325,"GO","STG_CTCDT"
"GO:0050803","regulation of synapse structure or activity",0.940567101575076,0.766206290322538,"GO","STG_CTCDT"
"GO:0032495","response to muramyl dipeptide",0.938844494212402,0.769075401755441,"GO","STG_CTCDT"
"GO:0002251","organ or tissue specific immune response",0.935648751732642,0.773477872560315,"GO","STG_CTCDT"
"GO:0071887","leukocyte apoptotic process",0.929485977923699,0.787302804825803,"GO","STG_CTCDT"
"GO:0016358","dendrite development",0.924166008281014,0.797994274269792,"GO","STG_CTCDT"
"GO:0048645","animal organ formation",0.917294077301366,0.810503195172901,"GO","STG_CTCDT"
"GO:0044843","cell cycle G1/S phase transition",-0.941585575375465,0.825846395818448,"GO","STG_CTCDT"
"GO:0097722","sperm motility",0.905696508108846,0.836575887412712,"GO","STG_CTCDT"
"GO:0035456","response to interferon-beta",-0.930494979295404,0.844711635863234,"GO","STG_CTCDT"
"GO:1901293","nucleoside phosphate biosynthetic process",-0.926559935857554,0.850708953764913,"GO","STG_CTCDT"
"GO:0072522","purine-containing compound biosynthetic process",-0.927275486784381,0.850733703783093,"GO","STG_CTCDT"
"GO:0097035","regulation of membrane lipid distribution",0.89474036041626,0.862334082840725,"GO","STG_CTCDT"
"GO:0002244","hematopoietic progenitor cell differentiation",0.893309113427584,0.863510584868694,"GO","STG_CTCDT"
"GO:0071806","protein transmembrane transport",0.888383354762211,0.865069160798067,"GO","STG_CTCDT"
"GO:0031503","protein-containing complex localization",-0.919440830775364,0.866735379470191,"GO","STG_CTCDT"
"GO:0001701","in utero embryonic development",-0.917574730473916,0.870313433865626,"GO","STG_CTCDT"
"GO:0071559","response to transforming growth factor beta",0.882265358310625,0.875854241634875,"GO","STG_CTCDT"
"GO:0051932","synaptic transmission",-0.261542993891158,0.609958506224066,"GO","STG_CTCDT"
"GO:0019693","ribose phosphate metabolic process",-0.895913212271257,0.90612726640744,"GO","STG_CTCDT"
"GO:0006413","translational initiation",-0.898585584206459,0.907908947284211,"GO","STG_CTCDT"
"GO:0060976","coronary vasculature development",0.858649829799221,0.911838703774558,"GO","STG_CTCDT"
"GO:0017145","stem cell division",0.864605075469746,0.912373125851076,"GO","STG_CTCDT"
"GO:0050808","synapse organization",0.856332041859436,0.914251060360605,"GO","STG_CTCDT"
"GO:0035988","chondrocyte proliferation",-0.887495391721476,0.918921861014336,"GO","STG_CTCDT"
"GO:0009299","mRNA transcription",-0.890115412260478,0.920984759489876,"GO","STG_CTCDT"
"GO:0007398","ectoderm development",0.849954989510738,0.922970602442251,"GO","STG_CTCDT"
"GO:0031128","developmental induction",0.845386583154984,0.923997899194612,"GO","STG_CTCDT"
"GO:0034340","response to type I interferon",0.841861408655618,0.925356317957396,"GO","STG_CTCDT"
"GO:1902600","proton transmembrane transport",-0.883464621857733,0.925519805649939,"GO","STG_CTCDT"
"GO:0002520","immune system development",0.840221171217572,0.925876469403797,"GO","STG_CTCDT"
"GO:0035051","cardiocyte differentiation",0.835647467084563,0.932339163699457,"GO","STG_CTCDT"
"GO:0000959","mitochondrial RNA metabolic process",-0.879221162693922,0.93259332985305,"GO","STG_CTCDT"
"GO:0072348","sulfur compound transport",0.830159597831712,0.9369351640491,"GO","STG_CTCDT"
"GO:0048483","autonomic nervous system development",-0.866752777178939,0.955770452560335,"GO","STG_CTCDT"
"GO:0010171","body morphogenesis",-0.849188000222747,0.966755838497764,"GO","STG_CTCDT"
"GO:0023058","adaptation of signaling pathway",-0.850216481889413,0.966821917280666,"GO","STG_CTCDT"
"GO:0006925","inflammatory cell apoptotic process",0.809718691102764,0.967458299305189,"GO","STG_CTCDT"
"GO:0043161","proteasome-mediated ubiquitin-dependent protein catabolic process",-0.85245742316602,0.968920671668149,"GO","STG_CTCDT"
"GO:0035924","cellular response to vascular endothelial growth factor stimulus",-0.841578785011655,0.969276985695887,"GO","STG_CTCDT"
"GO:0032620","interleukin-17 production",-0.842886401043242,0.97129807587815,"GO","STG_CTCDT"
"GO:0006839","mitochondrial transport",0.803288839197606,0.971542233194392,"GO","STG_CTCDT"
"GO:0070972","protein localization to endoplasmic reticulum",-0.843538200929477,0.972340763479779,"GO","STG_CTCDT"
"GO:0070050","neuron cellular homeostasis",0.804573818397903,0.972583403297939,"GO","STG_CTCDT"
"GO:0098781","ncRNA transcription",0.770818630552064,0.990081950597979,"GO","STG_CTCDT"
"GO:0051131","chaperone-mediated protein complex assembly",0.748883858223855,0.990815965853864,"GO","STG_CTCDT"
"GO:0018198","peptidyl-cysteine modification",0.774178635404223,0.992401385553806,"GO","STG_CTCDT"
"GO:1902742","apoptotic process involved in development",0.738405077563918,0.993704798905005,"GO","STG_CTCDT"
"GO:0010586","miRNA metabolic process",-0.80095706021371,0.996328001702859,"GO","STG_CTCDT"
"GO:0002347","response to tumor cell",-0.816832719219493,0.996531085569974,"GO","STG_CTCDT"
"GO:0098727","maintenance of cell number",0.656949637720074,0.998250349949928,"GO","STG_CTCDT"
"GO:0017004","cytochrome complex assembly",-0.801167543675948,1,"GO","STG_CTCDT"
"GO:0007274","neuromuscular synaptic transmission",-0.769341992174911,1,"GO","STG_CTCDT"
"GO:0071604","transforming growth factor beta production",-0.782333590535412,1,"GO","STG_CTCDT"
"GO:0036314","response to sterol",-0.758419038948575,1,"GO","STG_CTCDT"
"GO:0006907","pinocytosis",-0.712601852800462,1,"GO","STG_CTCDT"
"GO:0003170","heart valve development",-0.775489670125533,1,"GO","STG_CTCDT"
"GO:0030101","natural killer cell activation",-0.773746519957137,1,"GO","STG_CTCDT"
"GO:0031163","metallo-sulfur cluster assembly",-0.666682504188784,1,"GO","STG_CTCDT"
"GO:0044346","fibroblast apoptotic process",-0.655962853586405,1,"GO","STG_CTCDT"
"GO:0006457","protein folding",-0.801734997016166,1,"GO","STG_CTCDT"
"GO:0051648","vesicle localization",-0.819793768221372,1,"GO","STG_CTCDT"
"GO:0009141","nucleoside triphosphate metabolic process",-0.745283673384349,1,"GO","STG_CTCDT"
"GO:0007029","endoplasmic reticulum organization",-0.644007427636147,1,"GO","STG_CTCDT"
"GO:0043062","extracellular structure organization",2.20507614976679,0,"GO","STG_noCTC"
"GO:0007229","integrin-mediated signaling pathway",2.20080330768501,0,"GO","STG_noCTC"
"GO:0045229","external encapsulating structure organization",2.19449484594409,0,"GO","STG_noCTC"
"GO:0071706","tumor necrosis factor superfamily cytokine production",2.14989118531622,0,"GO","STG_noCTC"
"GO:0042742","defense response to bacterium",2.14522191775211,0,"GO","STG_noCTC"
"GO:0032612","interleukin-1 production",2.07155301791916,0,"GO","STG_noCTC"
"GO:0141060","disruption of anatomical structure in another organism",2.06989761085683,0,"GO","STG_noCTC"
"GO:0007218","neuropeptide signaling pathway",-2.33490095793204,0,"GO","STG_noCTC"
"GO:0022613","ribonucleoprotein complex biogenesis",-2.37606028183276,0,"GO","STG_noCTC"
"GO:0140053","mitochondrial gene expression",-2.40935288117492,0,"GO","STG_noCTC"
"GO:0007214","gamma-aminobutyric acid signaling pathway",-2.44114565454839,0,"GO","STG_noCTC"
"GO:0010257","NADH dehydrogenase complex assembly",-2.51534528242317,0,"GO","STG_noCTC"
"GO:0099003","vesicle-mediated transport in synapse",-2.82321019586532,0,"GO","STG_noCTC"
"GO:0050866","negative regulation of cell activation",2.05264309226569,7.9405373767762e-05,"GO","STG_noCTC"
"GO:0046631","alpha-beta T cell activation",2.05549674923941,8.73459111445382e-05,"GO","STG_noCTC"
"GO:0032963","collagen metabolic process",2.05690790116421,9.70510123828202e-05,"GO","STG_noCTC"
"GO:0002274","myeloid leukocyte activation",2.06504131810033,0.000109182388930673,"GO","STG_noCTC"
"GO:0070269","pyroptosis",2.03669274435992,0.000134378324837751,"GO","STG_noCTC"
"GO:0032637","interleukin-8 production",2.03737687219745,0.00014557651857423,"GO","STG_noCTC"
"GO:0042476","odontogenesis",2.01907536048361,0.000327547166792018,"GO","STG_noCTC"
"GO:0001655","urogenital system development",2.00517384559755,0.000339678543339871,"GO","STG_noCTC"
"GO:0033627","cell adhesion mediated by integrin",2.01909312131429,0.000349383644578153,"GO","STG_noCTC"
"GO:0001906","cell killing",2.00964896215991,0.000359659634124569,"GO","STG_noCTC"
"GO:0032635","interleukin-6 production",2.02082270887454,0.000374339619190878,"GO","STG_noCTC"
"GO:0001818","negative regulation of cytokine production",2.00122585793836,0.000413743789632023,"GO","STG_noCTC"
"GO:0046629","gamma-delta T cell activation",1.97884695676746,0.000829786155873112,"GO","STG_noCTC"
"GO:0032615","interleukin-12 production",1.9596933749487,0.000911435594551702,"GO","STG_noCTC"
"GO:0032613","interleukin-10 production",1.97243538948708,0.00091505240246659,"GO","STG_noCTC"
"GO:0002064","epithelial cell development",1.95615845908332,0.000946247370732497,"GO","STG_noCTC"
"GO:0002764","immune response-regulating signaling pathway",1.96889428932548,0.000952864485213143,"GO","STG_noCTC"
"GO:0022900","electron transport chain",-2.15946423030328,0.00103245499842887,"GO","STG_noCTC"
"GO:0070661","leukocyte proliferation",1.9429499933846,0.00106756113621102,"GO","STG_noCTC"
"GO:0007162","negative regulation of cell adhesion",1.91779707080405,0.00109806288295991,"GO","STG_noCTC"
"GO:0140546","defense response to symbiont",1.92877284256725,0.00110638154116415,"GO","STG_noCTC"
"GO:0002250","adaptive immune response",1.94491645180684,0.00110862117991145,"GO","STG_noCTC"
"GO:0002697","regulation of immune effector process",1.93044162300347,0.00111441334908549,"GO","STG_noCTC"
"GO:0006959","humoral immune response",1.94854314699129,0.00111802766265009,"GO","STG_noCTC"
"GO:0002263","cell activation involved in immune response",1.91892351853649,0.00113035885010579,"GO","STG_noCTC"
"GO:0099072","regulation of postsynaptic membrane neurotransmitter receptor levels",-2.1540562672474,0.00114717222047653,"GO","STG_noCTC"
"GO:0032495","response to muramyl dipeptide",1.93513057587449,0.00115421382583854,"GO","STG_noCTC"
"GO:0002833","positive regulation of response to biotic stimulus",1.92657260319736,0.00115522011513744,"GO","STG_noCTC"
"GO:0001562","response to protozoan",1.91938551005918,0.00116461214859384,"GO","STG_noCTC"
"GO:0002532","production of molecular mediator involved in inflammatory response",1.9125049302042,0.00116461214859384,"GO","STG_noCTC"
"GO:0070050","neuron cellular homeostasis",-2.16052146099407,0.001179948569633,"GO","STG_noCTC"
"GO:0002832","negative regulation of response to biotic stimulus",1.90373039612675,0.0011870085360668,"GO","STG_noCTC"
"GO:0006909","phagocytosis",1.92013383785442,0.0012010062782374,"GO","STG_noCTC"
"GO:0006949","syncytium formation",1.89690037644473,0.0012010062782374,"GO","STG_noCTC"
"GO:0031579","membrane raft organization",1.9051159068642,0.0012182456028054,"GO","STG_noCTC"
"GO:0045088","regulation of innate immune response",1.89052550918996,0.00123909315809694,"GO","STG_noCTC"
"GO:0048771","tissue remodeling",1.89250458186066,0.00124779873063626,"GO","STG_noCTC"
"GO:0003158","endothelium development",1.90833120724581,0.00125117115963798,"GO","STG_noCTC"
"GO:0031589","cell-substrate adhesion",1.89317807802464,0.00125692896525067,"GO","STG_noCTC"
"GO:0007159","leukocyte cell-cell adhesion",1.88368686481183,0.00134989135405195,"GO","STG_noCTC"
"GO:0035249","synaptic transmission",-0.439621394622018,0,"GO","STG_noCTC"
"GO:0034341","response to type II interferon",1.87067031500489,0.00180514883032046,"GO","STG_noCTC"
"GO:0051932","synaptic transmission",-0.482434144944264,0,"GO","STG_noCTC"
"GO:0140253","cell-cell fusion",1.85808572041154,0.00215577142399286,"GO","STG_noCTC"
"GO:0010324","membrane invagination",1.8589096420262,0.00216465953706029,"GO","STG_noCTC"
"GO:0050953","sensory perception of light stimulus",1.85609114487529,0.00223823897307879,"GO","STG_noCTC"
"GO:0071216","cellular response to biotic stimulus",1.85226315884929,0.00228168910744916,"GO","STG_noCTC"
"GO:0006836","neurotransmitter transport",-2.04821050945604,0.00238258845791278,"GO","STG_noCTC"
"GO:0015980","energy derivation by oxidation of organic compounds",-2.06776279916365,0.0024090616630007,"GO","STG_noCTC"
"GO:0009615","response to virus",1.84551489047712,0.0025155622409627,"GO","STG_noCTC"
"GO:0002443","leukocyte mediated immunity",1.8417077814768,0.00251959359070783,"GO","STG_noCTC"
"GO:0002544","chronic inflammatory response",1.84394693189356,0.00253474408811601,"GO","STG_noCTC"
"GO:0060759","regulation of response to cytokine stimulus",1.83185428180209,0.00268390163335035,"GO","STG_noCTC"
"GO:1901342","regulation of vasculature development",1.83286043717001,0.00270125317798849,"GO","STG_noCTC"
"GO:0035590","purinergic nucleotide receptor signaling pathway",1.83484032068312,0.00270277913730269,"GO","STG_noCTC"
"GO:0045116","protein neddylation",-2.03865681229715,0.00294987142408249,"GO","STG_noCTC"
"GO:0042060","wound healing",1.82321266571958,0.0031350943107236,"GO","STG_noCTC"
"GO:1902600","proton transmembrane transport",-2.02582381659715,0.00316619532851521,"GO","STG_noCTC"
"GO:0002683","negative regulation of immune system process",1.82069220739095,0.00318735956457262,"GO","STG_noCTC"
"GO:0045785","positive regulation of cell adhesion",1.81702617036371,0.00322735739483209,"GO","STG_noCTC"
"GO:0072337","modified amino acid transport",1.80687057810816,0.00326182386930385,"GO","STG_noCTC"
"GO:0055062","phosphate ion homeostasis",1.80609273020127,0.00326539329355735,"GO","STG_noCTC"
"GO:0048568","embryonic organ development",1.81728859817377,0.00328300148784643,"GO","STG_noCTC"
"GO:0009620","response to fungus",1.8080677232592,0.00331359885135629,"GO","STG_noCTC"
"GO:0051180","vitamin transport",1.81037236812161,0.00332477984356629,"GO","STG_noCTC"
"GO:0019221","cytokine-mediated signaling pathway",1.8103889359411,0.00337928443116574,"GO","STG_noCTC"
"GO:0030856","regulation of epithelial cell differentiation",1.81189154882125,0.00339193288277956,"GO","STG_noCTC"
"GO:0060216","definitive hemopoiesis",1.79872436556982,0.00345585996267521,"GO","STG_noCTC"
"GO:0031214","biomineral tissue development",1.7999521383701,0.00346776303946972,"GO","STG_noCTC"
"GO:0032606","type I interferon production",1.79901485012076,0.00346814647191548,"GO","STG_noCTC"
"GO:0071887","leukocyte apoptotic process",1.80096749228701,0.00350707067474282,"GO","STG_noCTC"
"GO:0002181","cytoplasmic translation",-1.9927621305983,0.00412981999371549,"GO","STG_noCTC"
"GO:0050867","positive regulation of cell activation",1.77985956178652,0.00419978285092231,"GO","STG_noCTC"
"GO:0034109","homotypic cell-cell adhesion",1.78260236958524,0.00420508172224419,"GO","STG_noCTC"
"GO:0022407","regulation of cell-cell adhesion",1.78099336389996,0.00424427314716418,"GO","STG_noCTC"
"GO:0051249","regulation of lymphocyte activation",1.77999007201297,0.00424598179174838,"GO","STG_noCTC"
"GO:0042113","B cell activation",1.77666155122235,0.00425236672677357,"GO","STG_noCTC"
"GO:0048499","synaptic vesicle membrane organization",-2.00180054383811,0.0042588768685191,"GO","STG_noCTC"
"GO:0042430","indole-containing compound metabolic process",1.77867854947682,0.00426106404367274,"GO","STG_noCTC"
"GO:0009595","detection of biotic stimulus",1.77755583472025,0.0042741265853394,"GO","STG_noCTC"
"GO:0090596","sensory organ morphogenesis",1.77550154176622,0.00428789018345915,"GO","STG_noCTC"
"GO:0031348","negative regulation of defense response",1.77175432071445,0.0044232865259093,"GO","STG_noCTC"
"GO:1990868","response to chemokine",1.76949281741983,0.00445574711281631,"GO","STG_noCTC"
"GO:0019882","antigen processing and presentation",1.76746163962685,0.00458566033508825,"GO","STG_noCTC"
"GO:0031349","positive regulation of defense response",1.76062788627214,0.00502508575226602,"GO","STG_noCTC"
"GO:0035924","cellular response to vascular endothelial growth factor stimulus",1.75646843149163,0.00536857795327405,"GO","STG_noCTC"
"GO:0035640","exploration behavior",-1.9589982638093,0.00562114388033498,"GO","STG_noCTC"
"GO:0007009","plasma membrane organization",1.75251075842547,0.00563012800750939,"GO","STG_noCTC"
"GO:0006968","cellular defense response",1.74795727615297,0.00574427815644669,"GO","STG_noCTC"
"GO:0001819","positive regulation of cytokine production",1.7462919723182,0.00577904923735375,"GO","STG_noCTC"
"GO:0061383","trabecula morphogenesis",1.74872002698119,0.0057918657747033,"GO","STG_noCTC"
"GO:1903131","mononuclear cell differentiation",1.74218455686595,0.0058362949719305,"GO","STG_noCTC"
"GO:0032623","interleukin-2 production",1.74335433096228,0.00584314026277255,"GO","STG_noCTC"
"GO:0018149","peptide cross-linking",1.737949280152,0.00590304784108692,"GO","STG_noCTC"
"GO:0050900","leukocyte migration",1.73812393322226,0.00594922705906688,"GO","STG_noCTC"
"GO:0060037","pharyngeal system development",1.73899647970928,0.00598662986496273,"GO","STG_noCTC"
"GO:0055081","monoatomic anion homeostasis",1.73562609332517,0.00601927257235187,"GO","STG_noCTC"
"GO:0060348","bone development",1.73067880335788,0.00626888883110279,"GO","STG_noCTC"
"GO:0001570","vasculogenesis",1.73119409358913,0.00630729421527928,"GO","STG_noCTC"
"GO:0003170","heart valve development",1.73143285765828,0.00633722461708245,"GO","STG_noCTC"
"GO:0002347","response to tumor cell",1.73153407321572,0.00637719071689692,"GO","STG_noCTC"
"GO:0002237","response to molecule of bacterial origin",1.72722369582522,0.00645639363820968,"GO","STG_noCTC"
"GO:0097242","amyloid-beta clearance",1.72335342300543,0.00675593884158775,"GO","STG_noCTC"
"GO:1904019","epithelial cell apoptotic process",1.72144631576785,0.00684650778264259,"GO","STG_noCTC"
"GO:0060021","roof of mouth development",1.71648355767718,0.00719730307830994,"GO","STG_noCTC"
"GO:0060249","anatomical structure homeostasis",1.71496378221188,0.00730765296209255,"GO","STG_noCTC"
"GO:0035988","chondrocyte proliferation",1.71318137155643,0.00733876920106561,"GO","STG_noCTC"
"GO:0032602","chemokine production",1.71178647044283,0.00737776142677167,"GO","STG_noCTC"
"GO:0051090","regulation of DNA-binding transcription factor activity",1.70779937269065,0.00775194961407776,"GO","STG_noCTC"
"GO:0043583","ear development",1.70579949445064,0.00785281334480419,"GO","STG_noCTC"
"GO:0015837","amine transport",-1.92487607439248,0.0079336015668745,"GO","STG_noCTC"
"GO:0071774","response to fibroblast growth factor",1.7009469117032,0.00824480095850313,"GO","STG_noCTC"
"GO:0007249","canonical NF-kappaB signal transduction",1.70127301336421,0.00828138119813781,"GO","STG_noCTC"
"GO:0035456","response to interferon-beta",1.69843156819862,0.00839001550168179,"GO","STG_noCTC"
"GO:0042330","taxis",1.69854044799384,0.00844343807730535,"GO","STG_noCTC"
"GO:0044403","biological process involved in symbiotic interaction",1.69532599436089,0.00862342359117895,"GO","STG_noCTC"
"GO:0106030","neuron projection fasciculation",-1.91310124819724,0.00877586748664542,"GO","STG_noCTC"
"GO:0050817","coagulation",1.69126643665397,0.00901000614959425,"GO","STG_noCTC"
"GO:0050878","regulation of body fluid levels",1.68743145088609,0.00942088041630376,"GO","STG_noCTC"
"GO:0007498","mesoderm development",1.68370540470293,0.00962324081914172,"GO","STG_noCTC"
"GO:0048732","gland development",1.68444500116156,0.00963103599198987,"GO","STG_noCTC"
"GO:0001578","microtubule bundle formation",1.68444823895847,0.00971626639899863,"GO","STG_noCTC"
"GO:0001763","morphogenesis of a branching structure",1.68241405340076,0.00975111680449801,"GO","STG_noCTC"
"GO:0010463","mesenchymal cell proliferation",1.67299044822208,0.010261369236086,"GO","STG_noCTC"
"GO:0003205","cardiac chamber development",1.67724928201076,0.010279941850088,"GO","STG_noCTC"
"GO:0048705","skeletal system morphogenesis",1.67351729140814,0.0102953623135939,"GO","STG_noCTC"
"GO:0038061","non-canonical NF-kappaB signal transduction",1.67380509012646,0.0103587919415217,"GO","STG_noCTC"
"GO:0002437","inflammatory response to antigenic stimulus",1.67409818806502,0.0104305575558436,"GO","STG_noCTC"
"GO:0015698","inorganic anion transport",1.67490932493402,0.010452149367212,"GO","STG_noCTC"
"GO:0061053","somite development",1.67526715611953,0.0104741071414849,"GO","STG_noCTC"
"GO:0015697","quaternary ammonium group transport",1.66790182645491,0.0108055344915904,"GO","STG_noCTC"
"GO:0045216","cell-cell junction organization",1.66645828730895,0.0109287204024046,"GO","STG_noCTC"
"GO:0002009","morphogenesis of an epithelium",1.66414889996023,0.0111123409178329,"GO","STG_noCTC"
"GO:0042044","fluid transport",1.66218966398715,0.0112184904626266,"GO","STG_noCTC"
"GO:0002269","leukocyte activation involved in inflammatory response",1.662382318814,0.0112861921408021,"GO","STG_noCTC"
"GO:0003007","heart morphogenesis",1.66055589637257,0.0113752814513817,"GO","STG_noCTC"
"GO:0050727","regulation of inflammatory response",1.65443721410063,0.0121074870678814,"GO","STG_noCTC"
"GO:0072001","renal system development",1.6534763925677,0.0121217455313565,"GO","STG_noCTC"
"GO:0032609","type II interferon production",1.65009665345749,0.0124976893915832,"GO","STG_noCTC"
"GO:0051450","myoblast proliferation",1.65027293264845,0.0125659003987483,"GO","STG_noCTC"
"GO:0043588","skin development",1.64672064737555,0.0129715196401217,"GO","STG_noCTC"
"GO:1903034","regulation of response to wounding",1.64373414316264,0.0134448002487667,"GO","STG_noCTC"
"GO:0051131","chaperone-mediated protein complex assembly",-1.85657695647804,0.0137034936155105,"GO","STG_noCTC"
"GO:0071826","protein-RNA complex organization",-1.86334022274048,0.0139627247406571,"GO","STG_noCTC"
"GO:1903706","regulation of hemopoiesis",1.637490442919,0.0142707804825856,"GO","STG_noCTC"
"GO:0032102","negative regulation of response to external stimulus",1.6369857929873,0.0142813752528296,"GO","STG_noCTC"
"GO:0003014","renal system process",1.63580251709685,0.0143297929587851,"GO","STG_noCTC"
"GO:0007369","gastrulation",1.6330300693214,0.0144557482944211,"GO","STG_noCTC"
"GO:0001503","ossification",1.63358808600412,0.0144906238200939,"GO","STG_noCTC"
"GO:0045165","cell fate commitment",1.63225022088902,0.0145266781300668,"GO","STG_noCTC"
"GO:0034113","heterotypic cell-cell adhesion",1.63039854481203,0.0147565380870244,"GO","STG_noCTC"
"GO:0033687","osteoblast proliferation",1.62969749318419,0.0147632914151293,"GO","STG_noCTC"
"GO:0034694","response to prostaglandin",1.62526873700849,0.0153765197744031,"GO","STG_noCTC"
"GO:0001667","ameboidal-type cell migration",1.62424592787851,0.0154210712089667,"GO","STG_noCTC"
"GO:0060541","respiratory system development",1.62229194552451,0.0156385076528646,"GO","STG_noCTC"
"GO:0030101","natural killer cell activation",1.62111610099568,0.0157519734996034,"GO","STG_noCTC"
"GO:0002396","MHC protein complex assembly",1.61699223719,0.0163377888832099,"GO","STG_noCTC"
"GO:0042908","xenobiotic transport",1.61753780600203,0.0163596530873419,"GO","STG_noCTC"
"GO:0031032","actomyosin structure organization",1.61623948531232,0.0163977390522013,"GO","STG_noCTC"
"GO:0090130","tissue migration",1.61382433838973,0.0164187477419406,"GO","STG_noCTC"
"GO:0018212","peptidyl-tyrosine modification",1.6141715078376,0.0164693014039636,"GO","STG_noCTC"
"GO:0060840","artery development",1.61481537112137,0.0164800331689264,"GO","STG_noCTC"
"GO:0042303","molting cycle",1.60768877908266,0.0171220382230768,"GO","STG_noCTC"
"GO:0003018","vascular process in circulatory system",1.60780648514634,0.0171986916653633,"GO","STG_noCTC"
"GO:0002040","sprouting angiogenesis",1.60824793119802,0.0172649969820762,"GO","STG_noCTC"
"GO:0010927","cellular component assembly involved in morphogenesis",1.60494972312274,0.0175248165672163,"GO","STG_noCTC"
"GO:0055123","digestive system development",1.60228028133523,0.017933552895752,"GO","STG_noCTC"
"GO:0008544","epidermis development",1.60145056057235,0.0179580995931758,"GO","STG_noCTC"
"GO:0000959","mitochondrial RNA metabolic process",-1.8244041192532,0.0180455177986264,"GO","STG_noCTC"
"GO:0042092","type 2 immune response",1.60033427198383,0.0180478488902402,"GO","STG_noCTC"
"GO:0050673","epithelial cell proliferation",1.59936224791977,0.0181527589248214,"GO","STG_noCTC"
"GO:0002209","behavioral defense response",-1.81282288711134,0.0188423037213269,"GO","STG_noCTC"
"GO:0035329","hippo signaling",1.59009667529512,0.0198954575384781,"GO","STG_noCTC"
"GO:0034367","protein-containing complex remodeling",1.58910507913325,0.0199341588624345,"GO","STG_noCTC"
"GO:0034612","response to tumor necrosis factor",1.58687423039143,0.0203345541920638,"GO","STG_noCTC"
"GO:0030323","respiratory tube development",1.58461514107058,0.0207195088618014,"GO","STG_noCTC"
"GO:0007215","glutamate receptor signaling pathway",-1.79446665997106,0.0213924675674462,"GO","STG_noCTC"
"GO:0006858","extracellular transport",1.57577220845046,0.0221653094516199,"GO","STG_noCTC"
"GO:0097035","regulation of membrane lipid distribution",1.5777824573203,0.0221679713043337,"GO","STG_noCTC"
"GO:0002440","production of molecular mediator of immune response",1.57715520791551,0.0222130589599313,"GO","STG_noCTC"
"GO:0098743","cell aggregation",1.57586407046423,0.0222861283346301,"GO","STG_noCTC"
"GO:0090077","foam cell differentiation",1.57599666821016,0.0223823897307879,"GO","STG_noCTC"
"GO:0035272","exocrine system development",1.57365530795631,0.0225720223010359,"GO","STG_noCTC"
"GO:1902742","apoptotic process involved in development",1.5711339463804,0.0229118927614979,"GO","STG_noCTC"
"GO:1903317","regulation of protein maturation",1.57047379796959,0.0229458712552692,"GO","STG_noCTC"
"GO:0120254","olefinic compound metabolic process",1.57156998348655,0.022953692928681,"GO","STG_noCTC"
"GO:0043171","peptide catabolic process",1.5680740766788,0.0230800466905653,"GO","STG_noCTC"
"GO:0034340","response to type I interferon",1.56841871925348,0.0231565921250236,"GO","STG_noCTC"
"GO:0072348","sulfur compound transport",1.5666850948509,0.0231735045824252,"GO","STG_noCTC"
"GO:0009581","detection of external stimulus",1.56876438791733,0.0232240299746021,"GO","STG_noCTC"
"GO:0002065","columnar/cuboidal epithelial cell differentiation",1.56688295821587,0.0232546220738183,"GO","STG_noCTC"
"GO:0061842","microtubule organizing center localization",1.5646286169311,0.0235882485596444,"GO","STG_noCTC"
"GO:0002251","organ or tissue specific immune response",1.56374252804463,0.0236557821232335,"GO","STG_noCTC"
"GO:0042063","gliogenesis",1.56239973540064,0.0238953456916844,"GO","STG_noCTC"
"GO:0071559","response to transforming growth factor beta",1.56144833147999,0.0239461440553086,"GO","STG_noCTC"
"GO:2000027","regulation of animal organ morphogenesis",1.55972613084739,0.0241452426807118,"GO","STG_noCTC"
"GO:0070741","response to interleukin-6",1.55980507913625,0.0242195021010562,"GO","STG_noCTC"
"GO:0032616","interleukin-13 production",1.55879790045552,0.0242643184346144,"GO","STG_noCTC"
"GO:0001539","cilium or flagellum-dependent cell motility",1.55824848006906,0.0242887025642566,"GO","STG_noCTC"
"GO:0072089","stem cell proliferation",1.55765345377862,0.0242942430518505,"GO","STG_noCTC"
"GO:0007005","mitochondrion organization",-1.77096610917967,0.0245406611165017,"GO","STG_noCTC"
"GO:0050890","cognition",-1.76575966587762,0.0246259636662294,"GO","STG_noCTC"
"GO:0097006","regulation of plasma lipoprotein particle levels",1.55527713105256,0.0247480081576191,"GO","STG_noCTC"
"GO:0016032","viral process",1.5535463163883,0.0251234423371,"GO","STG_noCTC"
"GO:0006907","pinocytosis",1.5514832778688,0.0255909800400437,"GO","STG_noCTC"
"GO:0021510","spinal cord development",1.54817956910226,0.0263357020633193,"GO","STG_noCTC"
"GO:1990089","response to nerve growth factor",-1.74826012580629,0.027212563887161,"GO","STG_noCTC"
"GO:0061448","connective tissue development",1.54143067128379,0.0279959485150318,"GO","STG_noCTC"
"GO:0034698","response to gonadotropin",1.53838403765283,0.0282300211298109,"GO","STG_noCTC"
"GO:0035270","endocrine system development",1.53854859751183,0.0283250311854431,"GO","STG_noCTC"
"GO:0150076","neuroinflammatory response",1.53911765503013,0.0283359094307871,"GO","STG_noCTC"
"GO:0019755","one-carbon compound transport",1.53740383583402,0.0283830097123211,"GO","STG_noCTC"
"GO:0060485","mesenchyme development",1.53912559379775,0.0284819708196056,"GO","STG_noCTC"
"GO:0042692","muscle cell differentiation",1.53619119676407,0.0285871316223305,"GO","STG_noCTC"
"GO:0035148","tube formation",1.53552656470431,0.0285970513087218,"GO","STG_noCTC"
"GO:0006925","inflammatory cell apoptotic process",1.53440424847408,0.0286555125324185,"GO","STG_noCTC"
"GO:0010586","miRNA metabolic process",1.53371114183309,0.0287251873300954,"GO","STG_noCTC"
"GO:0046530","photoreceptor cell differentiation",1.53469572214733,0.0287285481878877,"GO","STG_noCTC"
"GO:0030522","intracellular receptor signaling pathway",1.53102928799248,0.0293993554584055,"GO","STG_noCTC"
"GO:1904645","response to amyloid-beta",1.53110127653675,0.0295220616343917,"GO","STG_noCTC"
"GO:0097164","ammonium ion metabolic process",1.52883573627467,0.0298672135001032,"GO","STG_noCTC"
"GO:0043331","response to dsRNA",1.51850284005613,0.0328834147608399,"GO","STG_noCTC"
"GO:0006690","icosanoid metabolic process",1.51749670298395,0.0330570679100867,"GO","STG_noCTC"
"GO:0042490","mechanoreceptor differentiation",1.51291026075321,0.0343783476112426,"GO","STG_noCTC"
"GO:0043491","phosphatidylinositol 3-kinase/protein kinase B signal transduction",1.51144209507339,0.0344995650937716,"GO","STG_noCTC"
"GO:0002520","immune system development",1.511690467503,0.0346056181296456,"GO","STG_noCTC"
"GO:0070849","response to epidermal growth factor",1.510379219376,0.0347612005814372,"GO","STG_noCTC"
"GO:0032620","interleukin-17 production",1.50703368427678,0.0356723981711895,"GO","STG_noCTC"
"GO:0001945","lymph vessel development",1.50203652904777,0.0373393613641605,"GO","STG_noCTC"
"GO:0070371","ERK1 and ERK2 cascade",1.50209378360606,0.0374975180226576,"GO","STG_noCTC"
"GO:1901654","response to ketone",1.49827315646971,0.0386020401752667,"GO","STG_noCTC"
"GO:0061458","reproductive system development",1.49641238612374,0.0390520751117193,"GO","STG_noCTC"
"GO:0023058","adaptation of signaling pathway",1.49463990881149,0.039170670879637,"GO","STG_noCTC"
"GO:0009112","nucleobase metabolic process",1.49563903016056,0.0391894659130609,"GO","STG_noCTC"
"GO:0071825","protein-lipid complex organization",1.49479792826674,0.0392976832195039,"GO","STG_noCTC"
"GO:0097194","execution phase of apoptosis",1.49228534995133,0.0399024578694687,"GO","STG_noCTC"
"GO:0050808","synapse organization",-1.69878512347708,0.0399904236058117,"GO","STG_noCTC"
"GO:0010720","positive regulation of cell development",1.49150398642201,0.0400217391064073,"GO","STG_noCTC"
"GO:0017004","cytochrome complex assembly",-1.70351425279707,0.0400877354562383,"GO","STG_noCTC"
"GO:0052547","regulation of peptidase activity",1.49076684256498,0.0401712854124836,"GO","STG_noCTC"
"GO:0006820","monoatomic anion transport",1.48928576386042,0.0402216326230623,"GO","STG_noCTC"
"GO:0051345","positive regulation of hydrolase activity",1.48966603415476,0.0402334676934219,"GO","STG_noCTC"
"GO:0048736","appendage development",1.48983344701257,0.0403545908229833,"GO","STG_noCTC"
"GO:0048880","sensory system development",1.48828938737193,0.0404638591011438,"GO","STG_noCTC"
"GO:0016485","protein processing",1.48215133090613,0.0428378060709748,"GO","STG_noCTC"
"GO:0007219","Notch signaling pathway",1.47617157253018,0.0441918052153926,"GO","STG_noCTC"
"GO:0030865","cortical cytoskeleton organization",1.4780458155808,0.0441970310391363,"GO","STG_noCTC"
"GO:0007530","sex determination",1.47855697682722,0.0442069480421483,"GO","STG_noCTC"
"GO:1901616","organic hydroxy compound catabolic process",1.47715541808053,0.0443497918534324,"GO","STG_noCTC"
"GO:0009582","detection of abiotic stimulus",1.47622999112614,0.0443739721123561,"GO","STG_noCTC"
"GO:0033622","integrin activation",1.47664900164233,0.0443882884652632,"GO","STG_noCTC"
"GO:0050803","regulation of synapse structure or activity",-1.68231042401569,0.0444954799322895,"GO","STG_noCTC"
"GO:0006399","tRNA metabolic process",-1.6567182606415,0.0445908942564686,"GO","STG_noCTC"
"GO:0030534","adult behavior",-1.67763133138587,0.0447182071194506,"GO","STG_noCTC"
"GO:0070972","protein localization to endoplasmic reticulum",-1.65811535879595,0.0453133027088228,"GO","STG_noCTC"
"GO:0048010","vascular endothelial growth factor receptor signaling pathway",1.47244622402042,0.045520228671794,"GO","STG_noCTC"
"GO:0001963","synaptic transmission",-0.504527167435286,0.0343347639484979,"GO","STG_noCTC"
"GO:0060976","coronary vasculature development",1.47087672221091,0.045997245072217,"GO","STG_noCTC"
"GO:0009141","nucleoside triphosphate metabolic process",-1.65919887007626,0.0461359890726502,"GO","STG_noCTC"
"GO:0006414","translational elongation",-1.63994064996785,0.0464604749292993,"GO","STG_noCTC"
"GO:0023061","signal release",-1.66257912356555,0.0465819402232321,"GO","STG_noCTC"
"GO:0070585","protein localization to mitochondrion",-1.64526254391628,0.0466778338763369,"GO","STG_noCTC"
"GO:0060004","reflex",1.46652138105477,0.0474860816932428,"GO","STG_noCTC"
"GO:0032526","response to retinoic acid",1.46681311495282,0.0475095417959595,"GO","STG_noCTC"
"GO:1990806","ligand-gated ion channel signaling pathway",-1.66269611569839,0.047868368108975,"GO","STG_noCTC"
"GO:0043161","proteasome-mediated ubiquitin-dependent protein catabolic process",-1.63129664791055,0.0479845751650752,"GO","STG_noCTC"
"GO:0016358","dendrite development",-1.63140981542048,0.0491549306569063,"GO","STG_noCTC"
"GO:0031503","protein-containing complex localization",-1.62201687641059,0.049797945738174,"GO","STG_noCTC"
"GO:0061008","hepaticobiliary system development",1.45910503762444,0.0506204274168618,"GO","STG_noCTC"
"GO:0072522","purine-containing compound biosynthetic process",-1.61649979304091,0.0506372246956706,"GO","STG_noCTC"
"GO:0007517","muscle organ development",1.45737391423021,0.0511119156714122,"GO","STG_noCTC"
"GO:0030099","myeloid cell differentiation",1.45654237516045,0.05114067004161,"GO","STG_noCTC"
"GO:0043410","positive regulation of MAPK cascade",1.45683912030586,0.0511752807203684,"GO","STG_noCTC"
"GO:0150115","cell-substrate junction organization",1.45530205826813,0.051552059984978,"GO","STG_noCTC"
"GO:0009593","detection of chemical stimulus",1.45121950019235,0.053298904550452,"GO","STG_noCTC"
"GO:1904888","cranial skeletal system development",1.45005513692366,0.0535983031896729,"GO","STG_noCTC"
"GO:0097722","sperm motility",1.44837510147463,0.0540941039141073,"GO","STG_noCTC"
"GO:0140962","multicellular organismal-level chemical homeostasis",1.44467892911068,0.0554805667994599,"GO","STG_noCTC"
"GO:0007029","endoplasmic reticulum organization",-1.59460041520803,0.0558423486106747,"GO","STG_noCTC"
"GO:0015849","organic acid transport",1.44232800873874,0.0562241069809099,"GO","STG_noCTC"
"GO:0048483","autonomic nervous system development",1.44239987538139,0.0564120749516963,"GO","STG_noCTC"
"GO:0007389","pattern specification process",1.44032523734402,0.0569774847578051,"GO","STG_noCTC"
"GO:0048706","embryonic skeletal system development",1.43482251926669,0.0592398612383055,"GO","STG_noCTC"
"GO:0060537","muscle tissue development",1.43507249730875,0.0593154991038286,"GO","STG_noCTC"
"GO:0071604","transforming growth factor beta production",1.43198900375629,0.0605231510292863,"GO","STG_noCTC"
"GO:0072593","reactive oxygen species metabolic process",1.4312808279887,0.0606660169521928,"GO","STG_noCTC"
"GO:0006929","substrate-dependent cell migration",1.42796860034929,0.0621861943953263,"GO","STG_noCTC"
"GO:0032069","regulation of nuclease activity",1.42705870242702,0.0624030457013566,"GO","STG_noCTC"
"GO:0071402","cellular response to lipoprotein particle stimulus",1.42546249951531,0.0628182350150314,"GO","STG_noCTC"
"GO:0046717","acid secretion",1.42396533330319,0.0634467260721441,"GO","STG_noCTC"
"GO:0036314","response to sterol",1.41977955367724,0.0654094189563297,"GO","STG_noCTC"
"GO:0008217","regulation of blood pressure",1.41978338173583,0.0656566831702948,"GO","STG_noCTC"
"GO:0034394","protein localization to cell surface",1.41395777628461,0.0676963648178872,"GO","STG_noCTC"
"GO:0106027","neuron projection organization",-1.55913152273361,0.0688733521868594,"GO","STG_noCTC"
"GO:0014812","muscle cell migration",1.40753813254423,0.0712977295596238,"GO","STG_noCTC"
"GO:0030048","actin filament-based movement",1.40249132069104,0.0738946408282793,"GO","STG_noCTC"
"GO:0140115","export across plasma membrane",1.40114831274302,0.0742568694597904,"GO","STG_noCTC"
"GO:0055094","response to lipoprotein particle",1.39876430612744,0.0751908031447526,"GO","STG_noCTC"
"GO:0007178","transmembrane receptor protein serine/threonine kinase signaling pathway",1.39889812337984,0.0753766417822042,"GO","STG_noCTC"
"GO:0050906","detection of stimulus involved in sensory perception",1.39329165897037,0.0783961199591485,"GO","STG_noCTC"
"GO:0014074","response to purine-containing compound",1.38881294789992,0.080936355074939,"GO","STG_noCTC"
"GO:0010721","negative regulation of cell development",1.38673577236621,0.0821458552875103,"GO","STG_noCTC"
"GO:0071772","response to BMP",1.38132775990003,0.0850073947291436,"GO","STG_noCTC"
"GO:0031163","metallo-sulfur cluster assembly",-1.49726711634349,0.0856031986416641,"GO","STG_noCTC"
"GO:0034470","ncRNA processing",-1.50212436832407,0.0856374491424094,"GO","STG_noCTC"
"GO:0019693","ribose phosphate metabolic process",-1.50254155005571,0.0869938933861365,"GO","STG_noCTC"
"GO:0007274","neuromuscular synaptic transmission",-1.5087363309487,0.0870041885214485,"GO","STG_noCTC"
"GO:1901293","nucleoside phosphate biosynthetic process",-1.5109662022132,0.0874955000629331,"GO","STG_noCTC"
"GO:0033002","muscle cell proliferation",1.37420079608787,0.0893839824045774,"GO","STG_noCTC"
"GO:0010876","lipid localization",1.37277055205512,0.0898628124865776,"GO","STG_noCTC"
"GO:0009612","response to mechanical stimulus",1.37075932873616,0.090336755619246,"GO","STG_noCTC"
"GO:0033028","myeloid cell apoptotic process",1.36864166245003,0.0916531751477138,"GO","STG_noCTC"
"GO:0104004","cellular response to environmental stimulus",1.3650342815515,0.0942079495063728,"GO","STG_noCTC"
"GO:0051648","vesicle localization",-1.47313270352731,0.0976204001962748,"GO","STG_noCTC"
"GO:0048863","stem cell differentiation",1.35939357133977,0.0977267506181907,"GO","STG_noCTC"
"GO:0003012","muscle system process",1.35805713478443,0.0985356305722438,"GO","STG_noCTC"
"GO:0099565","chemical synaptic transmission",-0.318685371823474,0,"GO","STG_noCTC"
"GO:0016072","rRNA metabolic process",-1.46226713244436,0.0996572955860525,"GO","STG_noCTC"
"GO:0098664","G protein-coupled serotonin receptor signaling pathway",-1.46609331556132,0.10072560967723,"GO","STG_noCTC"
"GO:0001701","in utero embryonic development",1.35465154773006,0.100740904900597,"GO","STG_noCTC"
"GO:0090287","regulation of cellular response to growth factor stimulus",1.35228202816725,0.102390440990504,"GO","STG_noCTC"
"GO:0097305","response to alcohol",1.35128843543581,0.102522625938091,"GO","STG_noCTC"
"GO:0006766","vitamin metabolic process",1.35031190050379,0.103039252663421,"GO","STG_noCTC"
"GO:0048284","organelle fusion",-1.43359559699537,0.114455011254401,"GO","STG_noCTC"
"GO:0010171","body morphogenesis",1.33342704944468,0.116665116823511,"GO","STG_noCTC"
"GO:0040013","negative regulation of locomotion",1.33132732494582,0.117973514615447,"GO","STG_noCTC"
"GO:0031016","pancreas development",1.32938675733595,0.119102188228503,"GO","STG_noCTC"
"GO:0036119","response to platelet-derived growth factor",1.32957231345468,0.119325785063587,"GO","STG_noCTC"
"GO:0042391","regulation of membrane potential",-1.42321697800922,0.120894027472281,"GO","STG_noCTC"
"GO:0007548","sex differentiation",1.32270672982043,0.122134149817574,"GO","STG_noCTC"
"GO:0006413","translational initiation",-1.41644705623599,0.122205127995854,"GO","STG_noCTC"
"GO:0002526","acute inflammatory response",1.32492178546891,0.122287057319269,"GO","STG_noCTC"
"GO:0097191","extrinsic apoptotic signaling pathway",1.32406875183773,0.122736256031451,"GO","STG_noCTC"
"GO:0198738","cell-cell signaling by wnt",1.31514618275525,0.129247535040491,"GO","STG_noCTC"
"GO:0098781","ncRNA transcription",1.31410385489093,0.129474138103047,"GO","STG_noCTC"
"GO:0035265","organ growth",1.30543525126281,0.136349614142416,"GO","STG_noCTC"
"GO:0071496","cellular response to external stimulus",1.30612650800777,0.136467334222957,"GO","STG_noCTC"
"GO:0006066","alcohol metabolic process",1.30005663704581,0.141497745153214,"GO","STG_noCTC"
"GO:0006022","aminoglycan metabolic process",1.29165159153507,0.149739572448681,"GO","STG_noCTC"
"GO:0070542","response to fatty acid",1.28991990397513,0.151344988122734,"GO","STG_noCTC"
"GO:0042180","cellular ketone metabolic process",1.28926406437459,0.151730474311941,"GO","STG_noCTC"
"GO:0098727","maintenance of cell number",1.28769451660768,0.152852767927392,"GO","STG_noCTC"
"GO:0097696","receptor signaling pathway via STAT",1.28514506495118,0.155563067748422,"GO","STG_noCTC"
"GO:0035051","cardiocyte differentiation",1.28331007865272,0.1564637747097,"GO","STG_noCTC"
"GO:0046683","response to organophosphorus",1.27825398425741,0.160965676655902,"GO","STG_noCTC"
"GO:0007204","positive regulation of cytosolic calcium ion concentration",1.27831955363372,0.161362735270488,"GO","STG_noCTC"
"GO:0003015","heart process",1.27692774872935,0.162199851031422,"GO","STG_noCTC"
"GO:1903008","organelle disassembly",-1.34531018401471,0.162747511594446,"GO","STG_noCTC"
"GO:0048872","homeostasis of number of cells",1.26599729978034,0.173810940012378,"GO","STG_noCTC"
"GO:0006887","exocytosis",-1.32856305674884,0.17485551960571,"GO","STG_noCTC"
"GO:0015844","monoamine transport",-1.32435488563234,0.176902669097889,"GO","STG_noCTC"
"GO:0045730","respiratory burst",1.26026064358139,0.180116592219991,"GO","STG_noCTC"
"GO:0006814","sodium ion transport",1.25601738936717,0.184948867273759,"GO","STG_noCTC"
"GO:0035150","regulation of tube size",1.25450108441822,0.186056495839105,"GO","STG_noCTC"
"GO:0002244","hematopoietic progenitor cell differentiation",1.25013101900465,0.190138130806587,"GO","STG_noCTC"
"GO:0044703","multi-organism reproductive process",1.24805194003332,0.19255585589713,"GO","STG_noCTC"
"GO:0006813","potassium ion transport",-1.28010817109532,0.205880912641248,"GO","STG_noCTC"
"GO:0051047","positive regulation of secretion",-1.28106584337542,0.207108099225065,"GO","STG_noCTC"
"GO:0007200","phospholipase C-activating G protein-coupled receptor signaling pathway",1.23594723534083,0.207711401906385,"GO","STG_noCTC"
"GO:0007398","ectoderm development",1.23385499018058,0.21062574229327,"GO","STG_noCTC"
"GO:0007187","G protein-coupled receptor signaling pathway",-0.323563661074695,0.11734693877551,"GO","STG_noCTC"
"GO:0006081","cellular aldehyde metabolic process",1.23138442239695,0.213521050061512,"GO","STG_noCTC"
"GO:0098742","cell-cell adhesion via plasma-membrane adhesion molecules",1.23096615800152,0.213643440210946,"GO","STG_noCTC"
"GO:0009636","response to toxic substance",1.22739525165753,0.218137724829723,"GO","STG_noCTC"
"GO:0019216","regulation of lipid metabolic process",1.22771997728222,0.218151059142587,"GO","STG_noCTC"
"GO:0062012","regulation of small molecule metabolic process",1.22593428077692,0.219836718215818,"GO","STG_noCTC"
"GO:0001890","placenta development",1.21938384534419,0.23013688641349,"GO","STG_noCTC"
"GO:0006090","pyruvate metabolic process",-1.25122004749765,0.231673923777887,"GO","STG_noCTC"
"GO:0044706","multi-multicellular organism process",1.21645455529667,0.233981584861781,"GO","STG_noCTC"
"GO:0044346","fibroblast apoptotic process",1.21390335465056,0.23580900411564,"GO","STG_noCTC"
"GO:0007606","sensory perception of chemical stimulus",1.21087536093877,0.240404911916988,"GO","STG_noCTC"
"GO:0031128","developmental induction",1.20803234824363,0.244309665127861,"GO","STG_noCTC"
"GO:0090594","inflammatory response to wounding",1.20834821494224,0.244338337175334,"GO","STG_noCTC"
"GO:0015669","gas transport",-1.21720030368405,0.261972419803366,"GO","STG_noCTC"
"GO:0140467","integrated stress response signaling",1.19519667605663,0.262683429789417,"GO","STG_noCTC"
"GO:0006457","protein folding",-1.21918616847855,0.264585220112834,"GO","STG_noCTC"
"GO:0006839","mitochondrial transport",-1.20730556218954,0.269086114492482,"GO","STG_noCTC"
"GO:0072594","establishment of protein localization to organelle",-1.19896311325902,0.271555144869783,"GO","STG_noCTC"
"GO:0098926","postsynaptic signal transduction",-1.19582196075313,0.273957591732641,"GO","STG_noCTC"
"GO:0070555","response to interleukin-1",1.18587512767268,0.278067244363255,"GO","STG_noCTC"
"GO:0032355","response to estradiol",1.1749784905867,0.297594707336942,"GO","STG_noCTC"
"GO:0048545","response to steroid hormone",1.16489462462261,0.315599108823111,"GO","STG_noCTC"
"GO:0043269","regulation of monoatomic ion transport",1.16246780680763,0.318493591835394,"GO","STG_noCTC"
"GO:2001233","regulation of apoptotic signaling pathway",1.15977058924465,0.32260679684216,"GO","STG_noCTC"
"GO:0006749","glutathione metabolic process",-1.15838972878783,0.327194374956641,"GO","STG_noCTC"
"GO:0070670","response to interleukin-4",1.14831631560524,0.345115509837925,"GO","STG_noCTC"
"GO:0019932","second-messenger-mediated signaling",1.14688138110532,0.345940079160368,"GO","STG_noCTC"
"GO:0050886","endocrine process",1.14312625511581,0.353500186323481,"GO","STG_noCTC"
"GO:0042176","regulation of protein catabolic process",-1.13295057280088,0.353717317581393,"GO","STG_noCTC"
"GO:0070482","response to oxygen levels",1.13222862230891,0.37805353278748,"GO","STG_noCTC"
"GO:0007492","endoderm development",1.1199125230926,0.405467170842902,"GO","STG_noCTC"
"GO:0043627","response to estrogen",1.11735634204763,0.409979870434676,"GO","STG_noCTC"
"GO:2001057","reactive nitrogen species metabolic process",1.10466521402537,0.433253874316177,"GO","STG_noCTC"
"GO:0046685","response to arsenic-containing substance",-1.07305376148841,0.452475435453183,"GO","STG_noCTC"
"GO:0150146","cell junction disassembly",1.08639285297481,0.472628527139805,"GO","STG_noCTC"
"GO:0045861","negative regulation of proteolysis",1.08527515402951,0.474568911075533,"GO","STG_noCTC"
"GO:0009299","mRNA transcription",1.0836390154527,0.476621456312532,"GO","STG_noCTC"
"GO:0098739","import across plasma membrane",1.0819660142594,0.477823168952437,"GO","STG_noCTC"
"GO:0048645","animal organ formation",1.08251270179792,0.478588856870296,"GO","STG_noCTC"
"GO:0007271","synaptic transmission",0.384846821901478,0.357519788918206,"GO","STG_noCTC"
"GO:1903513","endoplasmic reticulum to cytosol transport",-1.05518352876721,0.485158545723254,"GO","STG_noCTC"
"GO:0009743","response to carbohydrate",-1.03517954531957,0.529758916996875,"GO","STG_noCTC"
"GO:0051438","regulation of ubiquitin-protein transferase activity",-1.02963450079926,0.539997252636912,"GO","STG_noCTC"
"GO:0001659","temperature homeostasis",1.04283434291583,0.572195816867207,"GO","STG_noCTC"
"GO:0043549","regulation of kinase activity",1.04038042426311,0.577788444818552,"GO","STG_noCTC"
"GO:0045103","intermediate filament-based process",1.03943704473186,0.57799309362298,"GO","STG_noCTC"
"GO:0007205","protein kinase C-activating G protein-coupled receptor signaling pathway",-1.00700298053096,0.578828439694714,"GO","STG_noCTC"
"GO:0051347","positive regulation of transferase activity",1.0395463999633,0.578960979076639,"GO","STG_noCTC"
"GO:0035966","response to topologically incorrect protein",-1.00360934659959,0.584104040682575,"GO","STG_noCTC"
"GO:0044843","cell cycle G1/S phase transition",1.02698006613979,0.611869451192314,"GO","STG_noCTC"
"GO:0048144","fibroblast proliferation",1.01757345577944,0.635921529596814,"GO","STG_noCTC"
"GO:0010573","vascular endothelial growth factor production",1.01097774668607,0.649284337400426,"GO","STG_noCTC"
"GO:0034976","response to endoplasmic reticulum stress",-0.97713802142033,0.653185217587583,"GO","STG_noCTC"
"GO:0071806","protein transmembrane transport",-0.968434726141266,0.658706288997621,"GO","STG_noCTC"
"GO:0009266","response to temperature stimulus",1.00188421606833,0.661402243317738,"GO","STG_noCTC"
"GO:0010563","negative regulation of phosphorus metabolic process",1.00461828114596,0.663215092499151,"GO","STG_noCTC"
"GO:0030431","sleep",0.993211978877881,0.677039091425309,"GO","STG_noCTC"
"GO:0006882","intracellular zinc ion homeostasis",0.993229173331009,0.678382959747998,"GO","STG_noCTC"
"GO:0017145","stem cell division",0.987503480299893,0.682767510646448,"GO","STG_noCTC"
"GO:0009566","fertilization",0.976034841038833,0.702388906193541,"GO","STG_noCTC"
"GO:0097193","intrinsic apoptotic signaling pathway",0.96061054780157,0.730418146092302,"GO","STG_noCTC"
"GO:0006984","ER-nucleus signaling pathway",-0.93543970497819,0.736028797123199,"GO","STG_noCTC"
"GO:0043434","response to peptide hormone",0.956812572334948,0.738901791510892,"GO","STG_noCTC"
"GO:0045454","cell redox homeostasis",-0.930267843763611,0.740270233873502,"GO","STG_noCTC"
"GO:0006979","response to oxidative stress",0.95145301071551,0.745482057587499,"GO","STG_noCTC"
"GO:0043086","negative regulation of catalytic activity",0.949200100456302,0.749634834147509,"GO","STG_noCTC"
"GO:0006879","intracellular iron ion homeostasis",0.9356184399952,0.767753953273961,"GO","STG_noCTC"
"GO:0051051","negative regulation of transport",0.919262395806565,0.801092200044102,"GO","STG_noCTC"
"GO:0044331","cell-cell adhesion mediated by cadherin",0.909016516764012,0.815564742317918,"GO","STG_noCTC"
"GO:0038034","signal transduction in absence of ligand",0.891755008310313,0.838453557825147,"GO","STG_noCTC"
"GO:0071241","cellular response to inorganic substance",0.872249696340517,0.86633427078722,"GO","STG_noCTC"
"GO:0051703","biological process involved in intraspecies interaction between organisms",0.864729046055472,0.874503192497951,"GO","STG_noCTC"
"GO:0043462","regulation of ATP-dependent activity",0.863858649966605,0.874537263121405,"GO","STG_noCTC"
"GO:0031400","negative regulation of protein modification process",0.831657510288269,0.915248766582622,"GO","STG_noCTC"
"GO:0048013","ephrin receptor signaling pathway",0.826765101211851,0.915259066870847,"GO","STG_noCTC"
"GO:0018198","peptidyl-cysteine modification",0.780350591966742,0.944378450151802,"GO","STG_noCTC"
"GO:0070841","inclusion body assembly",0.700843066210495,0.991054883946299,"GO","STG_noCTC"
"GO:0006040","amino sugar metabolic process",0.610073467958655,1,"GO","STG_noCTC"
