ensembl_gene_id,gene_biotype,gene
ENSG00000000419,protein_coding,DPM1
ENSG00000000457,protein_coding,SCYL3
ENSG00000000460,protein_coding,C1orf112
ENSG00000000971,protein_coding,CFH
ENSG00000001036,protein_coding,FUCA2
ENSG00000001084,protein_coding,GCLC
ENSG00000001167,protein_coding,NFYA
ENSG00000001460,protein_coding,STPG1
ENSG00000001461,protein_coding,NIPAL3
ENSG00000001497,protein_coding,LAS1L
ENSG00000001561,protein_coding,ENPP4
ENSG00000001617,protein_coding,SEMA3F
ENSG00000001626,protein_coding,CFTR
ENSG00000001629,protein_coding,ANKIB1
ENSG00000001631,protein_coding,KRIT1
ENSG00000002016,protein_coding,RAD52
ENSG00000002330,protein_coding,BAD
ENSG00000002549,protein_coding,LAP3
ENSG00000002586,protein_coding,CD99
ENSG00000002587,protein_coding,HS3ST1
ENSG00000002745,protein_coding,WNT16
ENSG00000002746,protein_coding,HECW1
ENSG00000002822,protein_coding,MAD1L1
ENSG00000002834,protein_coding,LASP1
ENSG00000002919,protein_coding,SNX11
ENSG00000002933,protein_coding,TMEM176A
ENSG00000003056,protein_coding,M6PR
ENSG00000003096,protein_coding,KLHL13
ENSG00000003137,protein_coding,CYP26B1
ENSG00000003147,protein_coding,ICA1
ENSG00000003249,protein_coding,DBNDD1
ENSG00000003393,protein_coding,ALS2
ENSG00000003400,protein_coding,CASP10
ENSG00000003402,protein_coding,CFLAR
ENSG00000003436,protein_coding,TFPI
ENSG00000003509,protein_coding,NDUFAF7
ENSG00000003756,protein_coding,RBM5
ENSG00000003987,protein_coding,MTMR7
ENSG00000003989,protein_coding,SLC7A2
ENSG00000004059,protein_coding,ARF5
ENSG00000004139,protein_coding,SARM1
ENSG00000004142,protein_coding,POLDIP2
ENSG00000004399,protein_coding,PLXND1
ENSG00000004455,protein_coding,AK2
ENSG00000004468,protein_coding,CD38
ENSG00000004478,protein_coding,FKBP4
ENSG00000004487,protein_coding,KDM1A
ENSG00000004534,protein_coding,RBM6
ENSG00000004660,protein_coding,CAMKK1
ENSG00000004700,protein_coding,RECQL
ENSG00000004766,protein_coding,VPS50
ENSG00000004777,protein_coding,ARHGAP33
ENSG00000004779,protein_coding,NDUFAB1
ENSG00000004799,protein_coding,PDK4
ENSG00000004846,protein_coding,ABCB5
ENSG00000004848,protein_coding,ARX
ENSG00000004864,protein_coding,SLC25A13
ENSG00000004866,protein_coding,ST7
ENSG00000004897,protein_coding,CDC27
ENSG00000004948,protein_coding,CALCR
ENSG00000004961,protein_coding,HCCS
ENSG00000004975,protein_coding,DVL2
ENSG00000005007,protein_coding,UPF1
ENSG00000005020,protein_coding,SKAP2
ENSG00000005022,protein_coding,SLC25A5
ENSG00000005059,protein_coding,MCUB
ENSG00000005075,protein_coding,POLR2J
ENSG00000005100,protein_coding,DHX33
ENSG00000005102,protein_coding,MEOX1
ENSG00000005108,protein_coding,THSD7A
ENSG00000005156,protein_coding,LIG3
ENSG00000005175,protein_coding,RPAP3
ENSG00000005187,protein_coding,ACSM3
ENSG00000005189,protein_coding,REXO5
ENSG00000005194,protein_coding,CIAPIN1
ENSG00000005238,protein_coding,FAM214B
ENSG00000005249,protein_coding,PRKAR2B
ENSG00000005302,protein_coding,MSL3
ENSG00000005339,protein_coding,CREBBP
ENSG00000005379,protein_coding,TSPOAP1
ENSG00000005421,protein_coding,PON1
ENSG00000005436,protein_coding,GCFC2
ENSG00000005448,protein_coding,WDR54
ENSG00000005469,protein_coding,CROT
ENSG00000005483,protein_coding,KMT2E
ENSG00000005486,protein_coding,RHBDD2
ENSG00000005513,protein_coding,SOX8
ENSG00000005700,protein_coding,IBTK
ENSG00000005801,protein_coding,ZNF195
ENSG00000005810,protein_coding,MYCBP2
ENSG00000005812,protein_coding,FBXL3
ENSG00000005844,protein_coding,ITGAL
ENSG00000005882,protein_coding,PDK2
ENSG00000005884,protein_coding,ITGA3
ENSG00000005889,protein_coding,ZFX
ENSG00000005893,protein_coding,LAMP2
ENSG00000005961,protein_coding,ITGA2B
ENSG00000005981,protein_coding,ASB4
ENSG00000006007,protein_coding,GDE1
ENSG00000006015,protein_coding,REX1BD
ENSG00000006016,protein_coding,CRLF1
ENSG00000006025,protein_coding,OSBPL7
ENSG00000006042,protein_coding,TMEM98
ENSG00000006071,protein_coding,ABCC8
ENSG00000006116,protein_coding,CACNG3
ENSG00000006118,protein_coding,TMEM132A
ENSG00000006125,protein_coding,AP2B1
ENSG00000006128,protein_coding,TAC1
ENSG00000006194,protein_coding,ZNF263
ENSG00000006210,protein_coding,CX3CL1
ENSG00000006282,protein_coding,SPATA20
ENSG00000006283,protein_coding,CACNA1G
ENSG00000006327,protein_coding,TNFRSF12A
ENSG00000006377,protein_coding,DLX6
ENSG00000006432,protein_coding,MAP3K9
ENSG00000006451,protein_coding,RALA
ENSG00000006453,protein_coding,BAIAP2L1
ENSG00000006459,protein_coding,KDM7A
ENSG00000006468,protein_coding,ETV1
ENSG00000006530,protein_coding,AGK
ENSG00000006576,protein_coding,PHTF2
ENSG00000006607,protein_coding,FARP2
ENSG00000006611,protein_coding,USH1C
ENSG00000006625,protein_coding,GGCT
ENSG00000006634,protein_coding,DBF4
ENSG00000006652,protein_coding,IFRD1
ENSG00000006695,protein_coding,COX10
ENSG00000006704,protein_coding,GTF2IRD1
ENSG00000006712,protein_coding,PAF1
ENSG00000006715,protein_coding,VPS41
ENSG00000006740,protein_coding,ARHGAP44
ENSG00000006744,protein_coding,ELAC2
ENSG00000006747,protein_coding,SCIN
ENSG00000006756,protein_coding,ARSD
ENSG00000006757,protein_coding,PNPLA4
ENSG00000006788,protein_coding,MYH13
ENSG00000006831,protein_coding,ADIPOR2
ENSG00000006837,protein_coding,CDKL3
ENSG00000007001,protein_coding,UPP2
ENSG00000007047,protein_coding,MARK4
ENSG00000007062,protein_coding,PROM1
ENSG00000007080,protein_coding,CCDC124
ENSG00000007168,protein_coding,PAFAH1B1
ENSG00000007171,protein_coding,NOS2
ENSG00000007174,protein_coding,DNAH9
ENSG00000007202,protein_coding,KIAA0100
ENSG00000007237,protein_coding,GAS7
ENSG00000007255,protein_coding,TRAPPC6A
ENSG00000007264,protein_coding,MATK
ENSG00000007341,protein_coding,ST7L
ENSG00000007372,protein_coding,PAX6
ENSG00000007376,protein_coding,RPUSD1
ENSG00000007384,protein_coding,RHBDF1
ENSG00000007392,protein_coding,LUC7L
ENSG00000007402,protein_coding,CACNA2D2
ENSG00000007516,protein_coding,BAIAP3
ENSG00000007520,protein_coding,TSR3
ENSG00000007541,protein_coding,PIGQ
ENSG00000007866,protein_coding,TEAD3
ENSG00000007908,protein_coding,SELE
ENSG00000007923,protein_coding,DNAJC11
ENSG00000007944,protein_coding,MYLIP
ENSG00000008018,protein_coding,PSMB1
ENSG00000008056,protein_coding,SYN1
ENSG00000008083,protein_coding,JARID2
ENSG00000008086,protein_coding,CDKL5
ENSG00000008118,protein_coding,CAMK1G
ENSG00000008128,protein_coding,CDK11A
ENSG00000008130,protein_coding,NADK
ENSG00000008197,protein_coding,TFAP2D
ENSG00000008226,protein_coding,DLEC1
ENSG00000008256,protein_coding,CYTH3
ENSG00000008277,protein_coding,ADAM22
ENSG00000008282,protein_coding,SYPL1
ENSG00000008283,protein_coding,CYB561
ENSG00000008294,protein_coding,SPAG9
ENSG00000008300,protein_coding,CELSR3
ENSG00000008311,protein_coding,AASS
ENSG00000008324,protein_coding,SS18L2
ENSG00000008382,protein_coding,MPND
ENSG00000008394,protein_coding,MGST1
ENSG00000008405,protein_coding,CRY1
ENSG00000008438,protein_coding,PGLYRP1
ENSG00000008441,protein_coding,NFIX
ENSG00000008513,protein_coding,ST3GAL1
ENSG00000008516,protein_coding,MMP25
ENSG00000008517,protein_coding,IL32
ENSG00000008710,protein_coding,PKD1
ENSG00000008735,protein_coding,MAPK8IP2
ENSG00000008838,protein_coding,MED24
ENSG00000008853,protein_coding,RHOBTB2
ENSG00000008869,protein_coding,HEATR5B
ENSG00000008952,protein_coding,SEC62
ENSG00000009307,protein_coding,CSDE1
ENSG00000009335,protein_coding,UBE3C
ENSG00000009413,protein_coding,REV3L
ENSG00000009694,protein_coding,TENM1
ENSG00000009709,protein_coding,PAX7
ENSG00000009724,protein_coding,MASP2
ENSG00000009780,protein_coding,FAM76A
ENSG00000009790,protein_coding,TRAF3IP3
ENSG00000009830,protein_coding,POMT2
ENSG00000009844,protein_coding,VTA1
ENSG00000009950,protein_coding,MLXIPL
ENSG00000009954,protein_coding,BAZ1B
ENSG00000010017,protein_coding,RANBP9
ENSG00000010072,protein_coding,SPRTN
ENSG00000010165,protein_coding,EEF1AKNMT
ENSG00000010244,protein_coding,ZNF207
ENSG00000010256,protein_coding,UQCRC1
ENSG00000010270,protein_coding,STARD3NL
ENSG00000010278,protein_coding,CD9
ENSG00000010292,protein_coding,NCAPD2
ENSG00000010295,protein_coding,IFFO1
ENSG00000010310,protein_coding,GIPR
ENSG00000010318,protein_coding,PHF7
ENSG00000010322,protein_coding,NISCH
ENSG00000010327,protein_coding,STAB1
ENSG00000010361,protein_coding,FUZ
ENSG00000010379,protein_coding,SLC6A13
ENSG00000010404,protein_coding,IDS
ENSG00000010438,protein_coding,PRSS3
ENSG00000010539,protein_coding,ZNF200
ENSG00000010610,protein_coding,CD4
ENSG00000010626,protein_coding,LRRC23
ENSG00000010704,protein_coding,HFE
ENSG00000010803,protein_coding,SCMH1
ENSG00000010810,protein_coding,FYN
ENSG00000010818,protein_coding,HIVEP2
ENSG00000011007,protein_coding,ELOA
ENSG00000011009,protein_coding,LYPLA2
ENSG00000011021,protein_coding,CLCN6
ENSG00000011028,protein_coding,MRC2
ENSG00000011083,protein_coding,SLC6A7
ENSG00000011105,protein_coding,TSPAN9
ENSG00000011114,protein_coding,BTBD7
ENSG00000011132,protein_coding,APBA3
ENSG00000011143,protein_coding,MKS1
ENSG00000011198,protein_coding,ABHD5
ENSG00000011201,protein_coding,ANOS1
ENSG00000011243,protein_coding,AKAP8L
ENSG00000011258,protein_coding,MBTD1
ENSG00000011260,protein_coding,UTP18
ENSG00000011275,protein_coding,RNF216
ENSG00000011295,protein_coding,TTC19
ENSG00000011304,protein_coding,PTBP1
ENSG00000011332,protein_coding,DPF1
ENSG00000011347,protein_coding,SYT7
ENSG00000011376,protein_coding,LARS2
ENSG00000011405,protein_coding,PIK3C2A
ENSG00000011422,protein_coding,PLAUR
ENSG00000011426,protein_coding,ANLN
ENSG00000011451,protein_coding,WIZ
ENSG00000011454,protein_coding,RABGAP1
ENSG00000011465,protein_coding,DCN
ENSG00000011478,protein_coding,QPCTL
ENSG00000011485,protein_coding,PPP5C
ENSG00000011523,protein_coding,CEP68
ENSG00000011566,protein_coding,MAP4K3
ENSG00000011590,protein_coding,ZBTB32
ENSG00000011600,protein_coding,TYROBP
ENSG00000011638,protein_coding,TMEM159
ENSG00000011677,protein_coding,GABRA3
ENSG00000012048,protein_coding,BRCA1
ENSG00000012061,protein_coding,ERCC1
ENSG00000012124,protein_coding,CD22
ENSG00000012174,protein_coding,MBTPS2
ENSG00000012232,protein_coding,EXTL3
ENSG00000012660,protein_coding,ELOVL5
ENSG00000012779,protein_coding,ALOX5
ENSG00000012817,protein_coding,KDM5D
ENSG00000012822,protein_coding,CALCOCO1
ENSG00000012963,protein_coding,UBR7
ENSG00000012983,protein_coding,MAP4K5
ENSG00000013016,protein_coding,EHD3
ENSG00000013275,protein_coding,PSMC4
ENSG00000013288,protein_coding,MAN2B2
ENSG00000013293,protein_coding,SLC7A14
ENSG00000013297,protein_coding,CLDN11
ENSG00000013306,protein_coding,SLC25A39
ENSG00000013364,protein_coding,MVP
ENSG00000013374,protein_coding,NUB1
ENSG00000013375,protein_coding,PGM3
ENSG00000013392,protein_coding,RWDD2A
ENSG00000013441,protein_coding,CLK1
ENSG00000013503,protein_coding,POLR3B
ENSG00000013523,protein_coding,ANGEL1
ENSG00000013561,protein_coding,RNF14
ENSG00000013563,protein_coding,DNASE1L1
ENSG00000013573,protein_coding,DDX11
ENSG00000013583,protein_coding,HEBP1
ENSG00000013588,protein_coding,GPRC5A
ENSG00000013619,protein_coding,MAMLD1
ENSG00000013725,protein_coding,CD6
ENSG00000013810,protein_coding,TACC3
ENSG00000014123,protein_coding,UFL1
ENSG00000014138,protein_coding,POLA2
ENSG00000014164,protein_coding,ZC3H3
ENSG00000014216,protein_coding,CAPN1
ENSG00000014257,protein_coding,ACPP
ENSG00000014641,protein_coding,MDH1
ENSG00000014824,protein_coding,SLC30A9
ENSG00000014914,protein_coding,MTMR11
ENSG00000014919,protein_coding,COX15
ENSG00000015133,protein_coding,CCDC88C
ENSG00000015153,protein_coding,YAF2
ENSG00000015171,protein_coding,ZMYND11
ENSG00000015475,protein_coding,BID
ENSG00000015479,protein_coding,MATR3
ENSG00000015532,protein_coding,XYLT2
ENSG00000015592,protein_coding,STMN4
ENSG00000015676,protein_coding,NUDCD3
ENSG00000016391,protein_coding,CHDH
ENSG00000016402,protein_coding,IL20RA
ENSG00000016602,protein_coding,CLCA4
ENSG00000016864,protein_coding,GLT8D1
ENSG00000017260,protein_coding,ATP2C1
ENSG00000017427,protein_coding,IGF1
ENSG00000017797,protein_coding,RALBP1
ENSG00000018189,protein_coding,RUFY3
ENSG00000018236,protein_coding,CNTN1
ENSG00000018280,protein_coding,SLC11A1
ENSG00000018408,protein_coding,WWTR1
ENSG00000018510,protein_coding,AGPS
ENSG00000018610,protein_coding,CXorf56
ENSG00000018625,protein_coding,ATP1A2
ENSG00000018699,protein_coding,TTC27
ENSG00000018869,protein_coding,ZNF582
ENSG00000019144,protein_coding,PHLDB1
ENSG00000019485,protein_coding,PRDM11
ENSG00000019505,protein_coding,SYT13
ENSG00000019549,protein_coding,SNAI2
ENSG00000019582,protein_coding,CD74
ENSG00000019991,protein_coding,HGF
ENSG00000019995,protein_coding,ZRANB1
ENSG00000020129,protein_coding,NCDN
ENSG00000020181,protein_coding,ADGRA2
ENSG00000020256,protein_coding,ZFP64
ENSG00000020426,protein_coding,MNAT1
ENSG00000020577,protein_coding,SAMD4A
ENSG00000020633,protein_coding,RUNX3
ENSG00000020922,protein_coding,MRE11
ENSG00000021300,protein_coding,PLEKHB1
ENSG00000021355,protein_coding,SERPINB1
ENSG00000021461,protein_coding,CYP3A43
ENSG00000021488,protein_coding,SLC7A9
ENSG00000021574,protein_coding,SPAST
ENSG00000021645,protein_coding,NRXN3
ENSG00000021762,protein_coding,OSBPL5
ENSG00000021776,protein_coding,AQR
ENSG00000021826,protein_coding,CPS1
ENSG00000022267,protein_coding,FHL1
ENSG00000022277,protein_coding,RTF2
ENSG00000022355,protein_coding,GABRA1
ENSG00000022556,protein_coding,NLRP2
ENSG00000022567,protein_coding,SLC45A4
ENSG00000022840,protein_coding,RNF10
ENSG00000022976,protein_coding,ZNF839
ENSG00000023041,protein_coding,ZDHHC6
ENSG00000023171,protein_coding,GRAMD1B
ENSG00000023191,protein_coding,RNH1
ENSG00000023228,protein_coding,NDUFS1
ENSG00000023287,protein_coding,RB1CC1
ENSG00000023318,protein_coding,ERP44
ENSG00000023330,protein_coding,ALAS1
ENSG00000023445,protein_coding,BIRC3
ENSG00000023516,protein_coding,AKAP11
ENSG00000023572,protein_coding,GLRX2
ENSG00000023608,protein_coding,SNAPC1
ENSG00000023697,protein_coding,DERA
ENSG00000023734,protein_coding,STRAP
ENSG00000023892,protein_coding,DEF6
ENSG00000023902,protein_coding,PLEKHO1
ENSG00000023909,protein_coding,GCLM
ENSG00000024048,protein_coding,UBR2
ENSG00000024422,protein_coding,EHD2
ENSG00000024862,protein_coding,CCDC28A
ENSG00000025039,protein_coding,RRAGD
ENSG00000025156,protein_coding,HSF2
ENSG00000025293,protein_coding,PHF20
ENSG00000025423,protein_coding,HSD17B6
ENSG00000025434,protein_coding,NR1H3
ENSG00000025708,protein_coding,TYMP
ENSG00000025770,protein_coding,NCAPH2
ENSG00000025772,protein_coding,TOMM34
ENSG00000025796,protein_coding,SEC63
ENSG00000025800,protein_coding,KPNA6
ENSG00000026025,protein_coding,VIM
ENSG00000026103,protein_coding,FAS
ENSG00000026508,protein_coding,CD44
ENSG00000026559,protein_coding,KCNG1
ENSG00000026652,protein_coding,AGPAT4
ENSG00000026950,protein_coding,BTN3A1
ENSG00000027001,protein_coding,MIPEP
ENSG00000027075,protein_coding,PRKCH
ENSG00000027697,protein_coding,IFNGR1
ENSG00000027847,protein_coding,B4GALT7
ENSG00000027869,protein_coding,SH2D2A
ENSG00000028116,protein_coding,VRK2
ENSG00000028137,protein_coding,TNFRSF1B
ENSG00000028203,protein_coding,VEZT
ENSG00000028277,protein_coding,POU2F2
ENSG00000028310,protein_coding,BRD9
ENSG00000028528,protein_coding,SNX1
ENSG00000028839,protein_coding,TBPL1
ENSG00000029153,protein_coding,ARNTL2
ENSG00000029363,protein_coding,BCLAF1
ENSG00000029364,protein_coding,SLC39A9
ENSG00000029534,protein_coding,ANK1
ENSG00000029639,protein_coding,TFB1M
ENSG00000029725,protein_coding,RABEP1
ENSG00000029993,protein_coding,HMGB3
ENSG00000030066,protein_coding,NUP160
ENSG00000030110,protein_coding,BAK1
ENSG00000030304,protein_coding,MUSK
ENSG00000030419,protein_coding,IKZF2
ENSG00000030582,protein_coding,GRN
ENSG00000031003,protein_coding,FAM13B
ENSG00000031081,protein_coding,ARHGAP31
ENSG00000031691,protein_coding,CENPQ
ENSG00000031698,protein_coding,SARS
ENSG00000031823,protein_coding,RANBP3
ENSG00000032219,protein_coding,ARID4A
ENSG00000032389,protein_coding,EIPR1
ENSG00000032444,protein_coding,PNPLA6
ENSG00000032742,protein_coding,IFT88
ENSG00000033011,protein_coding,ALG1
ENSG00000033030,protein_coding,ZCCHC8
ENSG00000033050,protein_coding,ABCF2
ENSG00000033100,protein_coding,CHPF2
ENSG00000033122,protein_coding,LRRC7
ENSG00000033170,protein_coding,FUT8
ENSG00000033178,protein_coding,UBA6
ENSG00000033327,protein_coding,GAB2
ENSG00000033627,protein_coding,ATP6V0A1
ENSG00000033800,protein_coding,PIAS1
ENSG00000033867,protein_coding,SLC4A7
ENSG00000034053,protein_coding,APBA2
ENSG00000034152,protein_coding,MAP2K3
ENSG00000034239,protein_coding,EFCAB1
ENSG00000034510,protein_coding,TMSB10
ENSG00000034533,protein_coding,ASTE1
ENSG00000034677,protein_coding,RNF19A
ENSG00000034693,protein_coding,PEX3
ENSG00000034713,protein_coding,GABARAPL2
ENSG00000035115,protein_coding,SH3YL1
ENSG00000035141,protein_coding,FAM136A
ENSG00000035403,protein_coding,VCL
ENSG00000035499,protein_coding,DEPDC1B
ENSG00000035664,protein_coding,DAPK2
ENSG00000035681,protein_coding,NSMAF
ENSG00000035687,protein_coding,ADSS
ENSG00000035862,protein_coding,TIMP2
ENSG00000035928,protein_coding,RFC1
ENSG00000036054,protein_coding,TBC1D23
ENSG00000036257,protein_coding,CUL3
ENSG00000036448,protein_coding,MYOM2
ENSG00000036530,protein_coding,CYP46A1
ENSG00000036549,protein_coding,AC118549.1
ENSG00000036672,protein_coding,USP2
ENSG00000037042,protein_coding,TUBG2
ENSG00000037241,protein_coding,RPL26L1
ENSG00000037474,protein_coding,NSUN2
ENSG00000037637,protein_coding,FBXO42
ENSG00000037749,protein_coding,MFAP3
ENSG00000037757,protein_coding,MRI1
ENSG00000038002,protein_coding,AGA
ENSG00000038210,protein_coding,PI4K2B
ENSG00000038219,protein_coding,BOD1L1
ENSG00000038274,protein_coding,MAT2B
ENSG00000038295,protein_coding,TLL1
ENSG00000038382,protein_coding,TRIO
ENSG00000038427,protein_coding,VCAN
ENSG00000038532,protein_coding,CLEC16A
ENSG00000038945,protein_coding,MSR1
ENSG00000039068,protein_coding,CDH1
ENSG00000039123,protein_coding,MTREX
ENSG00000039139,protein_coding,DNAH5
ENSG00000039319,protein_coding,ZFYVE16
ENSG00000039523,protein_coding,RIPOR1
ENSG00000039537,protein_coding,C6
ENSG00000039560,protein_coding,RAI14
ENSG00000039650,protein_coding,PNKP
ENSG00000040199,protein_coding,PHLPP2
ENSG00000040275,protein_coding,SPDL1
ENSG00000040341,protein_coding,STAU2
ENSG00000040487,protein_coding,SLC66A1
ENSG00000040531,protein_coding,CTNS
ENSG00000040608,protein_coding,RTN4R
ENSG00000040633,protein_coding,PHF23
ENSG00000040731,protein_coding,CDH10
ENSG00000040933,protein_coding,INPP4A
ENSG00000041353,protein_coding,RAB27B
ENSG00000041357,protein_coding,PSMA4
ENSG00000041515,protein_coding,MYO16
ENSG00000041802,protein_coding,LSG1
ENSG00000041880,protein_coding,PARP3
ENSG00000041982,protein_coding,TNC
ENSG00000041988,protein_coding,THAP3
ENSG00000042062,protein_coding,RIPOR3
ENSG00000042088,protein_coding,TDP1
ENSG00000042286,protein_coding,AIFM2
ENSG00000042317,protein_coding,SPATA7
ENSG00000042429,protein_coding,MED17
ENSG00000042445,protein_coding,RETSAT
ENSG00000042493,protein_coding,CAPG
ENSG00000042753,protein_coding,AP2S1
ENSG00000042781,protein_coding,USH2A
ENSG00000042813,protein_coding,ZPBP
ENSG00000042832,protein_coding,TG
ENSG00000042980,protein_coding,ADAM28
ENSG00000043039,protein_coding,BARX2
ENSG00000043093,protein_coding,DCUN1D1
ENSG00000043143,protein_coding,JADE2
ENSG00000043355,protein_coding,ZIC2
ENSG00000043462,protein_coding,LCP2
ENSG00000043514,protein_coding,TRIT1
ENSG00000043591,protein_coding,ADRB1
ENSG00000044090,protein_coding,CUL7
ENSG00000044115,protein_coding,CTNNA1
ENSG00000044446,protein_coding,PHKA2
ENSG00000044459,protein_coding,CNTLN
ENSG00000044524,protein_coding,EPHA3
ENSG00000044574,protein_coding,HSPA5
ENSG00000046647,protein_coding,GEMIN8
ENSG00000046651,protein_coding,OFD1
ENSG00000046653,protein_coding,GPM6B
ENSG00000046889,protein_coding,PREX2
ENSG00000047056,protein_coding,WDR37
ENSG00000047188,protein_coding,YTHDC2
ENSG00000047230,protein_coding,CTPS2
ENSG00000047249,protein_coding,ATP6V1H
ENSG00000047315,protein_coding,POLR2B
ENSG00000047346,protein_coding,FAM214A
ENSG00000047365,protein_coding,ARAP2
ENSG00000047410,protein_coding,TPR
ENSG00000047457,protein_coding,CP
ENSG00000047578,protein_coding,KIAA0556
ENSG00000047579,protein_coding,DTNBP1
ENSG00000047617,protein_coding,ANO2
ENSG00000047621,protein_coding,C12orf4
ENSG00000047634,protein_coding,SCML1
ENSG00000047644,protein_coding,WWC3
ENSG00000047648,protein_coding,ARHGAP6
ENSG00000047662,protein_coding,FAM184B
ENSG00000047849,protein_coding,MAP4
ENSG00000047932,protein_coding,GOPC
ENSG00000047936,protein_coding,ROS1
ENSG00000048028,protein_coding,USP28
ENSG00000048052,protein_coding,HDAC9
ENSG00000048140,protein_coding,TSPAN17
ENSG00000048162,protein_coding,NOP16
ENSG00000048342,protein_coding,CC2D2A
ENSG00000048392,protein_coding,RRM2B
ENSG00000048405,protein_coding,ZNF800
ENSG00000048471,protein_coding,SNX29
ENSG00000048540,protein_coding,LMO3
ENSG00000048544,protein_coding,MRPS10
ENSG00000048545,protein_coding,GUCA1A
ENSG00000048649,protein_coding,RSF1
ENSG00000048707,protein_coding,VPS13D
ENSG00000048740,protein_coding,CELF2
ENSG00000048828,protein_coding,FAM120A
ENSG00000048991,protein_coding,R3HDM1
ENSG00000049089,protein_coding,COL9A2
ENSG00000049130,protein_coding,KITLG
ENSG00000049167,protein_coding,ERCC8
ENSG00000049192,protein_coding,ADAMTS6
ENSG00000049239,protein_coding,H6PD
ENSG00000049245,protein_coding,VAMP3
ENSG00000049246,protein_coding,PER3
ENSG00000049283,protein_coding,EPN3
ENSG00000049323,protein_coding,LTBP1
ENSG00000049449,protein_coding,RCN1
ENSG00000049540,protein_coding,ELN
ENSG00000049541,protein_coding,RFC2
ENSG00000049618,protein_coding,ARID1B
ENSG00000049656,protein_coding,CLPTM1L
ENSG00000049759,protein_coding,NEDD4L
ENSG00000049769,protein_coding,PPP1R3F
ENSG00000049860,protein_coding,HEXB
ENSG00000049883,protein_coding,PTCD2
ENSG00000050030,protein_coding,NEXMIF
ENSG00000050130,protein_coding,JKAMP
ENSG00000050165,protein_coding,DKK3
ENSG00000050344,protein_coding,NFE2L3
ENSG00000050393,protein_coding,MCUR1
ENSG00000050405,protein_coding,LIMA1
ENSG00000050426,protein_coding,LETMD1
ENSG00000050438,protein_coding,SLC4A8
ENSG00000050555,protein_coding,LAMC3
ENSG00000050628,protein_coding,PTGER3
ENSG00000050730,protein_coding,TNIP3
ENSG00000050748,protein_coding,MAPK9
ENSG00000050767,protein_coding,COL23A1
ENSG00000050820,protein_coding,BCAR1
ENSG00000051009,protein_coding,FAM160A2
ENSG00000051108,protein_coding,HERPUD1
ENSG00000051180,protein_coding,RAD51
ENSG00000051341,protein_coding,POLQ
ENSG00000051382,protein_coding,PIK3CB
ENSG00000051523,protein_coding,CYBA
ENSG00000051596,protein_coding,THOC3
ENSG00000051620,protein_coding,HEBP2
ENSG00000051825,protein_coding,MPHOSPH9
ENSG00000052126,protein_coding,PLEKHA5
ENSG00000052723,protein_coding,SIKE1
ENSG00000052749,protein_coding,RRP12
ENSG00000052795,protein_coding,FNIP2
ENSG00000052802,protein_coding,MSMO1
ENSG00000052841,protein_coding,TTC17
ENSG00000053108,protein_coding,FSTL4
ENSG00000053254,protein_coding,FOXN3
ENSG00000053328,protein_coding,METTL24
ENSG00000053371,protein_coding,AKR7A2
ENSG00000053372,protein_coding,MRTO4
ENSG00000053438,protein_coding,NNAT
ENSG00000053501,protein_coding,USE1
ENSG00000053524,protein_coding,MCF2L2
ENSG00000053702,protein_coding,NRIP2
ENSG00000053747,protein_coding,LAMA3
ENSG00000053770,protein_coding,AP5M1
ENSG00000053900,protein_coding,ANAPC4
ENSG00000053918,protein_coding,KCNQ1
ENSG00000054116,protein_coding,TRAPPC3
ENSG00000054118,protein_coding,THRAP3
ENSG00000054148,protein_coding,PHPT1
ENSG00000054179,protein_coding,ENTPD2
ENSG00000054267,protein_coding,ARID4B
ENSG00000054277,protein_coding,OPN3
ENSG00000054282,protein_coding,SDCCAG8
ENSG00000054356,protein_coding,PTPRN
ENSG00000054392,protein_coding,HHAT
ENSG00000054523,protein_coding,KIF1B
ENSG00000054598,protein_coding,FOXC1
ENSG00000054611,protein_coding,TBC1D22A
ENSG00000054654,protein_coding,SYNE2
ENSG00000054690,protein_coding,PLEKHH1
ENSG00000054793,protein_coding,ATP9A
ENSG00000054803,protein_coding,CBLN4
ENSG00000054965,protein_coding,FAM168A
ENSG00000054967,protein_coding,RELT
ENSG00000054983,protein_coding,GALC
ENSG00000055044,protein_coding,NOP58
ENSG00000055070,protein_coding,SZRD1
ENSG00000055118,protein_coding,KCNH2
ENSG00000055130,protein_coding,CUL1
ENSG00000055147,protein_coding,FAM114A2
ENSG00000055163,protein_coding,CYFIP2
ENSG00000055208,protein_coding,TAB2
ENSG00000055211,protein_coding,GINM1
ENSG00000055332,protein_coding,EIF2AK2
ENSG00000055483,protein_coding,USP36
ENSG00000055609,protein_coding,KMT2C
ENSG00000055732,protein_coding,MCOLN3
ENSG00000055813,protein_coding,CCDC85A
ENSG00000055917,protein_coding,PUM2
ENSG00000055950,protein_coding,MRPL43
ENSG00000055955,protein_coding,ITIH4
ENSG00000056050,protein_coding,HPF1
ENSG00000056097,protein_coding,ZFR
ENSG00000056277,protein_coding,ZNF280C
ENSG00000056291,protein_coding,NPFFR2
ENSG00000056487,protein_coding,PHF21B
ENSG00000056558,protein_coding,TRAF1
ENSG00000056586,protein_coding,RC3H2
ENSG00000056736,protein_coding,IL17RB
ENSG00000056972,protein_coding,TRAF3IP2
ENSG00000056998,protein_coding,GYG2
ENSG00000057019,protein_coding,DCBLD2
ENSG00000057252,protein_coding,SOAT1
ENSG00000057294,protein_coding,PKP2
ENSG00000057468,protein_coding,MSH4
ENSG00000057608,protein_coding,GDI2
ENSG00000057657,protein_coding,PRDM1
ENSG00000057663,protein_coding,ATG5
ENSG00000057704,protein_coding,TMCC3
ENSG00000057757,protein_coding,PITHD1
ENSG00000057935,protein_coding,MTA3
ENSG00000058056,protein_coding,USP13
ENSG00000058063,protein_coding,ATP11B
ENSG00000058091,protein_coding,CDK14
ENSG00000058262,protein_coding,SEC61A1
ENSG00000058272,protein_coding,PPP1R12A
ENSG00000058335,protein_coding,RASGRF1
ENSG00000058404,protein_coding,CAMK2B
ENSG00000058453,protein_coding,CROCC
ENSG00000058600,protein_coding,POLR3E
ENSG00000058668,protein_coding,ATP2B4
ENSG00000058673,protein_coding,ZC3H11A
ENSG00000058729,protein_coding,RIOK2
ENSG00000058799,protein_coding,YIPF1
ENSG00000058804,protein_coding,NDC1
ENSG00000058866,protein_coding,DGKG
ENSG00000059122,protein_coding,FLYWCH1
ENSG00000059145,protein_coding,UNKL
ENSG00000059377,protein_coding,TBXAS1
ENSG00000059378,protein_coding,PARP12
ENSG00000059573,protein_coding,ALDH18A1
ENSG00000059588,protein_coding,TARBP1
ENSG00000059691,protein_coding,GATB
ENSG00000059728,protein_coding,MXD1
ENSG00000059758,protein_coding,CDK17
ENSG00000059804,protein_coding,SLC2A3
ENSG00000059915,protein_coding,PSD
ENSG00000060069,protein_coding,CTDP1
ENSG00000060138,protein_coding,YBX3
ENSG00000060140,protein_coding,STYK1
ENSG00000060237,protein_coding,WNK1
ENSG00000060339,protein_coding,CCAR1
ENSG00000060491,protein_coding,OGFR
ENSG00000060558,protein_coding,GNA15
ENSG00000060642,protein_coding,PIGV
ENSG00000060656,protein_coding,PTPRU
ENSG00000060688,protein_coding,SNRNP40
ENSG00000060709,protein_coding,RIMBP2
ENSG00000060718,protein_coding,COL11A1
ENSG00000060749,protein_coding,QSER1
ENSG00000060762,protein_coding,MPC1
ENSG00000060971,protein_coding,ACAA1
ENSG00000060982,protein_coding,BCAT1
ENSG00000061273,protein_coding,HDAC7
ENSG00000061337,protein_coding,LZTS1
ENSG00000061455,protein_coding,PRDM6
ENSG00000061492,protein_coding,WNT8A
ENSG00000061676,protein_coding,NCKAP1
ENSG00000061794,protein_coding,MRPS35
ENSG00000061918,protein_coding,GUCY1B1
ENSG00000061936,protein_coding,SFSWAP
ENSG00000061938,protein_coding,TNK2
ENSG00000061987,protein_coding,MON2
ENSG00000062038,protein_coding,CDH3
ENSG00000062096,protein_coding,ARSF
ENSG00000062194,protein_coding,GPBP1
ENSG00000062282,protein_coding,DGAT2
ENSG00000062370,protein_coding,ZNF112
ENSG00000062485,protein_coding,CS
ENSG00000062524,protein_coding,LTK
ENSG00000062598,protein_coding,ELMO2
ENSG00000062650,protein_coding,WAPL
ENSG00000062716,protein_coding,VMP1
ENSG00000062725,protein_coding,APPBP2
ENSG00000063015,protein_coding,SEZ6
ENSG00000063046,protein_coding,EIF4B
ENSG00000063127,protein_coding,SLC6A16
ENSG00000063176,protein_coding,SPHK2
ENSG00000063177,protein_coding,RPL18
ENSG00000063180,protein_coding,CA11
ENSG00000063241,protein_coding,ISOC2
ENSG00000063244,protein_coding,U2AF2
ENSG00000063245,protein_coding,EPN1
ENSG00000063322,protein_coding,MED29
ENSG00000063438,protein_coding,AHRR
ENSG00000063587,protein_coding,ZNF275
ENSG00000063601,protein_coding,MTMR1
ENSG00000063660,protein_coding,GPC1
ENSG00000063761,protein_coding,ADCK1
ENSG00000063854,protein_coding,HAGH
ENSG00000063978,protein_coding,RNF4
ENSG00000064012,protein_coding,CASP8
ENSG00000064042,protein_coding,LIMCH1
ENSG00000064102,protein_coding,INTS13
ENSG00000064115,protein_coding,TM7SF3
ENSG00000064199,protein_coding,SPA17
ENSG00000064205,protein_coding,CCN5
ENSG00000064225,protein_coding,ST3GAL6
ENSG00000064270,protein_coding,ATP2C2
ENSG00000064300,protein_coding,NGFR
ENSG00000064309,protein_coding,CDON
ENSG00000064313,protein_coding,TAF2
ENSG00000064393,protein_coding,HIPK2
ENSG00000064419,protein_coding,TNPO3
ENSG00000064490,protein_coding,RFXANK
ENSG00000064545,protein_coding,TMEM161A
ENSG00000064601,protein_coding,CTSA
ENSG00000064607,protein_coding,SUGP2
ENSG00000064651,protein_coding,SLC12A2
ENSG00000064652,protein_coding,SNX24
ENSG00000064655,protein_coding,EYA2
ENSG00000064666,protein_coding,CNN2
ENSG00000064687,protein_coding,ABCA7
ENSG00000064692,protein_coding,SNCAIP
ENSG00000064703,protein_coding,DDX20
ENSG00000064726,protein_coding,BTBD1
ENSG00000064763,protein_coding,FAR2
ENSG00000064787,protein_coding,BCAS1
ENSG00000064932,protein_coding,SBNO2
ENSG00000064933,protein_coding,PMS1
ENSG00000064961,protein_coding,HMG20B
ENSG00000064989,protein_coding,CALCRL
ENSG00000064995,protein_coding,TAF11
ENSG00000064999,protein_coding,ANKS1A
ENSG00000065000,protein_coding,AP3D1
ENSG00000065029,protein_coding,ZNF76
ENSG00000065054,protein_coding,SLC9A3R2
ENSG00000065057,protein_coding,NTHL1
ENSG00000065060,protein_coding,UHRF1BP1
ENSG00000065135,protein_coding,GNAI3
ENSG00000065150,protein_coding,IPO5
ENSG00000065154,protein_coding,OAT
ENSG00000065183,protein_coding,WDR3
ENSG00000065243,protein_coding,PKN2
ENSG00000065268,protein_coding,WDR18
ENSG00000065308,protein_coding,TRAM2
ENSG00000065320,protein_coding,NTN1
ENSG00000065325,protein_coding,GLP2R
ENSG00000065357,protein_coding,DGKA
ENSG00000065361,protein_coding,ERBB3
ENSG00000065413,protein_coding,ANKRD44
ENSG00000065427,protein_coding,KARS
ENSG00000065457,protein_coding,ADAT1
ENSG00000065485,protein_coding,PDIA5
ENSG00000065491,protein_coding,TBC1D22B
ENSG00000065518,protein_coding,NDUFB4
ENSG00000065526,protein_coding,SPEN
ENSG00000065534,protein_coding,MYLK
ENSG00000065548,protein_coding,ZC3H15
ENSG00000065559,protein_coding,MAP2K4
ENSG00000065600,protein_coding,PACC1
ENSG00000065609,protein_coding,SNAP91
ENSG00000065613,protein_coding,SLK
ENSG00000065615,protein_coding,CYB5R4
ENSG00000065621,protein_coding,GSTO2
ENSG00000065665,protein_coding,SEC61A2
ENSG00000065675,protein_coding,PRKCQ
ENSG00000065717,protein_coding,TLE2
ENSG00000065802,protein_coding,ASB1
ENSG00000065809,protein_coding,FAM107B
ENSG00000065833,protein_coding,ME1
ENSG00000065882,protein_coding,TBC1D1
ENSG00000065883,protein_coding,CDK13
ENSG00000065911,protein_coding,MTHFD2
ENSG00000065923,protein_coding,SLC9A7
ENSG00000065970,protein_coding,FOXJ2
ENSG00000065978,protein_coding,YBX1
ENSG00000065989,protein_coding,PDE4A
ENSG00000066027,protein_coding,PPP2R5A
ENSG00000066032,protein_coding,CTNNA2
ENSG00000066044,protein_coding,ELAVL1
ENSG00000066056,protein_coding,TIE1
ENSG00000066084,protein_coding,DIP2B
ENSG00000066117,protein_coding,SMARCD1
ENSG00000066135,protein_coding,KDM4A
ENSG00000066136,protein_coding,NFYC
ENSG00000066185,protein_coding,ZMYND12
ENSG00000066248,protein_coding,NGEF
ENSG00000066279,protein_coding,ASPM
ENSG00000066294,protein_coding,CD84
ENSG00000066322,protein_coding,ELOVL1
ENSG00000066336,protein_coding,SPI1
ENSG00000066379,protein_coding,ZNRD1
ENSG00000066382,protein_coding,MPPED2
ENSG00000066422,protein_coding,ZBTB11
ENSG00000066427,protein_coding,ATXN3
ENSG00000066455,protein_coding,GOLGA5
ENSG00000066468,protein_coding,FGFR2
ENSG00000066557,protein_coding,LRRC40
ENSG00000066583,protein_coding,ISOC1
ENSG00000066629,protein_coding,EML1
ENSG00000066651,protein_coding,TRMT11
ENSG00000066654,protein_coding,THUMPD1
ENSG00000066697,protein_coding,MSANTD3
ENSG00000066739,protein_coding,ATG2B
ENSG00000066777,protein_coding,ARFGEF1
ENSG00000066827,protein_coding,ZFAT
ENSG00000066855,protein_coding,MTFR1
ENSG00000066923,protein_coding,STAG3
ENSG00000066926,protein_coding,FECH
ENSG00000066933,protein_coding,MYO9A
ENSG00000067048,protein_coding,DDX3Y
ENSG00000067057,protein_coding,PFKP
ENSG00000067064,protein_coding,IDI1
ENSG00000067066,protein_coding,SP100
ENSG00000067082,protein_coding,KLF6
ENSG00000067113,protein_coding,PLPP1
ENSG00000067141,protein_coding,NEO1
ENSG00000067167,protein_coding,TRAM1
ENSG00000067177,protein_coding,PHKA1
ENSG00000067182,protein_coding,TNFRSF1A
ENSG00000067191,protein_coding,CACNB1
ENSG00000067208,protein_coding,EVI5
ENSG00000067221,protein_coding,STOML1
ENSG00000067225,protein_coding,PKM
ENSG00000067248,protein_coding,DHX29
ENSG00000067334,protein_coding,DNTTIP2
ENSG00000067365,protein_coding,METTL22
ENSG00000067369,protein_coding,TP53BP1
ENSG00000067445,protein_coding,TRO
ENSG00000067533,protein_coding,RRP15
ENSG00000067560,protein_coding,RHOA
ENSG00000067596,protein_coding,DHX8
ENSG00000067606,protein_coding,PRKCZ
ENSG00000067646,protein_coding,ZFY
ENSG00000067704,protein_coding,IARS2
ENSG00000067715,protein_coding,SYT1
ENSG00000067798,protein_coding,NAV3
ENSG00000067829,protein_coding,IDH3G
ENSG00000067836,protein_coding,ROGDI
ENSG00000067840,protein_coding,PDZD4
ENSG00000067842,protein_coding,ATP2B3
ENSG00000067900,protein_coding,ROCK1
ENSG00000067955,protein_coding,CBFB
ENSG00000067992,protein_coding,PDK3
ENSG00000068001,protein_coding,HYAL2
ENSG00000068024,protein_coding,HDAC4
ENSG00000068028,protein_coding,RASSF1
ENSG00000068078,protein_coding,FGFR3
ENSG00000068079,protein_coding,IFI35
ENSG00000068097,protein_coding,HEATR6
ENSG00000068120,protein_coding,COASY
ENSG00000068137,protein_coding,PLEKHH3
ENSG00000068305,protein_coding,MEF2A
ENSG00000068308,protein_coding,OTUD5
ENSG00000068323,protein_coding,TFE3
ENSG00000068354,protein_coding,TBC1D25
ENSG00000068366,protein_coding,ACSL4
ENSG00000068383,protein_coding,INPP5A
ENSG00000068394,protein_coding,GPKOW
ENSG00000068400,protein_coding,GRIPAP1
ENSG00000068438,protein_coding,FTSJ1
ENSG00000068489,protein_coding,PRR11
ENSG00000068615,protein_coding,REEP1
ENSG00000068650,protein_coding,ATP11A
ENSG00000068654,protein_coding,POLR1A
ENSG00000068697,protein_coding,LAPTM4A
ENSG00000068724,protein_coding,TTC7A
ENSG00000068745,protein_coding,IP6K2
ENSG00000068781,protein_coding,STON1-GTF2A1L
ENSG00000068784,protein_coding,SRBD1
ENSG00000068796,protein_coding,KIF2A
ENSG00000068831,protein_coding,RASGRP2
ENSG00000068878,protein_coding,PSME4
ENSG00000068903,protein_coding,SIRT2
ENSG00000068912,protein_coding,ERLEC1
ENSG00000068971,protein_coding,PPP2R5B
ENSG00000068976,protein_coding,PYGM
ENSG00000069018,protein_coding,TRPC7
ENSG00000069020,protein_coding,MAST4
ENSG00000069122,protein_coding,ADGRF5
ENSG00000069188,protein_coding,SDK2
ENSG00000069206,protein_coding,ADAM7
ENSG00000069248,protein_coding,NUP133
ENSG00000069275,protein_coding,NUCKS1
ENSG00000069329,protein_coding,VPS35
ENSG00000069345,protein_coding,DNAJA2
ENSG00000069399,protein_coding,BCL3
ENSG00000069424,protein_coding,KCNAB2
ENSG00000069431,protein_coding,ABCC9
ENSG00000069482,protein_coding,GAL
ENSG00000069493,protein_coding,CLEC2D
ENSG00000069509,protein_coding,FUNDC1
ENSG00000069535,protein_coding,MAOB
ENSG00000069667,protein_coding,RORA
ENSG00000069696,protein_coding,DRD4
ENSG00000069702,protein_coding,TGFBR3
ENSG00000069849,protein_coding,ATP1B3
ENSG00000069869,protein_coding,NEDD4
ENSG00000069943,protein_coding,PIGB
ENSG00000069956,protein_coding,MAPK6
ENSG00000069966,protein_coding,GNB5
ENSG00000069974,protein_coding,RAB27A
ENSG00000069998,protein_coding,HDHD5
ENSG00000070010,protein_coding,UFD1
ENSG00000070018,protein_coding,LRP6
ENSG00000070019,protein_coding,GUCY2C
ENSG00000070047,protein_coding,PHRF1
ENSG00000070061,protein_coding,ELP1
ENSG00000070081,protein_coding,NUCB2
ENSG00000070087,protein_coding,PFN2
ENSG00000070159,protein_coding,PTPN3
ENSG00000070182,protein_coding,SPTB
ENSG00000070193,protein_coding,FGF10
ENSG00000070214,protein_coding,SLC44A1
ENSG00000070269,protein_coding,TMEM260
ENSG00000070366,protein_coding,SMG6
ENSG00000070367,protein_coding,EXOC5
ENSG00000070371,protein_coding,CLTCL1
ENSG00000070388,protein_coding,FGF22
ENSG00000070404,protein_coding,FSTL3
ENSG00000070413,protein_coding,DGCR2
ENSG00000070423,protein_coding,RNF126
ENSG00000070444,protein_coding,MNT
ENSG00000070476,protein_coding,ZXDC
ENSG00000070495,protein_coding,JMJD6
ENSG00000070501,protein_coding,POLB
ENSG00000070540,protein_coding,WIPI1
ENSG00000070601,protein_coding,FRMPD1
ENSG00000070610,protein_coding,GBA2
ENSG00000070614,protein_coding,NDST1
ENSG00000070669,protein_coding,ASNS
ENSG00000070718,protein_coding,AP3M2
ENSG00000070729,protein_coding,CNGB1
ENSG00000070731,protein_coding,ST6GALNAC2
ENSG00000070756,protein_coding,PABPC1
ENSG00000070759,protein_coding,TESK2
ENSG00000070761,protein_coding,CFAP20
ENSG00000070770,protein_coding,CSNK2A2
ENSG00000070778,protein_coding,PTPN21
ENSG00000070785,protein_coding,EIF2B3
ENSG00000070808,protein_coding,CAMK2A
ENSG00000070814,protein_coding,TCOF1
ENSG00000070831,protein_coding,CDC42
ENSG00000070882,protein_coding,OSBPL3
ENSG00000070915,protein_coding,SLC12A3
ENSG00000070950,protein_coding,RAD18
ENSG00000070961,protein_coding,ATP2B1
ENSG00000071051,protein_coding,NCK2
ENSG00000071054,protein_coding,MAP4K4
ENSG00000071073,protein_coding,MGAT4A
ENSG00000071082,protein_coding,RPL31
ENSG00000071127,protein_coding,WDR1
ENSG00000071189,protein_coding,SNX13
ENSG00000071205,protein_coding,ARHGAP10
ENSG00000071243,protein_coding,ING3
ENSG00000071246,protein_coding,VASH1
ENSG00000071282,protein_coding,LMCD1
ENSG00000071462,protein_coding,BUD23
ENSG00000071537,protein_coding,SEL1L
ENSG00000071539,protein_coding,TRIP13
ENSG00000071553,protein_coding,ATP6AP1
ENSG00000071564,protein_coding,TCF3
ENSG00000071575,protein_coding,TRIB2
ENSG00000071626,protein_coding,DAZAP1
ENSG00000071655,protein_coding,MBD3
ENSG00000071794,protein_coding,HLTF
ENSG00000071859,protein_coding,FAM50A
ENSG00000071889,protein_coding,FAM3A
ENSG00000071894,protein_coding,CPSF1
ENSG00000071909,protein_coding,MYO3B
ENSG00000071967,protein_coding,CYBRD1
ENSG00000071991,protein_coding,CDH19
ENSG00000071994,protein_coding,PDCD2
ENSG00000072041,protein_coding,SLC6A15
ENSG00000072042,protein_coding,RDH11
ENSG00000072062,protein_coding,PRKACA
ENSG00000072071,protein_coding,ADGRL1
ENSG00000072110,protein_coding,ACTN1
ENSG00000072121,protein_coding,ZFYVE26
ENSG00000072134,protein_coding,EPN2
ENSG00000072135,protein_coding,PTPN18
ENSG00000072163,protein_coding,LIMS2
ENSG00000072182,protein_coding,ASIC4
ENSG00000072195,protein_coding,SPEG
ENSG00000072201,protein_coding,LNX1
ENSG00000072210,protein_coding,ALDH3A2
ENSG00000072274,protein_coding,TFRC
ENSG00000072310,protein_coding,SREBF1
ENSG00000072315,protein_coding,TRPC5
ENSG00000072364,protein_coding,AFF4
ENSG00000072401,protein_coding,UBE2D1
ENSG00000072415,protein_coding,MPP5
ENSG00000072422,protein_coding,RHOBTB1
ENSG00000072501,protein_coding,SMC1A
ENSG00000072506,protein_coding,HSD17B10
ENSG00000072518,protein_coding,MARK2
ENSG00000072571,protein_coding,HMMR
ENSG00000072609,protein_coding,CHFR
ENSG00000072657,protein_coding,TRHDE
ENSG00000072682,protein_coding,P4HA2
ENSG00000072694,protein_coding,FCGR2B
ENSG00000072736,protein_coding,NFATC3
ENSG00000072756,protein_coding,TRNT1
ENSG00000072778,protein_coding,ACADVL
ENSG00000072786,protein_coding,STK10
ENSG00000072803,protein_coding,FBXW11
ENSG00000072818,protein_coding,ACAP1
ENSG00000072832,protein_coding,CRMP1
ENSG00000072840,protein_coding,EVC
ENSG00000072849,protein_coding,DERL2
ENSG00000072858,protein_coding,SIDT1
ENSG00000072864,protein_coding,NDE1
ENSG00000072952,protein_coding,MRVI1
ENSG00000072954,protein_coding,TMEM38A
ENSG00000072958,protein_coding,AP1M1
ENSG00000073008,protein_coding,PVR
ENSG00000073050,protein_coding,XRCC1
ENSG00000073060,protein_coding,SCARB1
ENSG00000073146,protein_coding,MOV10L1
ENSG00000073150,protein_coding,PANX2
ENSG00000073169,protein_coding,SELENOO
ENSG00000073282,protein_coding,TP63
ENSG00000073331,protein_coding,ALPK1
ENSG00000073350,protein_coding,LLGL2
ENSG00000073417,protein_coding,PDE8A
ENSG00000073464,protein_coding,CLCN4
ENSG00000073536,protein_coding,NLE1
ENSG00000073578,protein_coding,SDHA
ENSG00000073584,protein_coding,SMARCE1
ENSG00000073605,protein_coding,GSDMB
ENSG00000073614,protein_coding,KDM5A
ENSG00000073670,protein_coding,ADAM11
ENSG00000073711,protein_coding,PPP2R3A
ENSG00000073712,protein_coding,FERMT2
ENSG00000073734,protein_coding,ABCB11
ENSG00000073756,protein_coding,PTGS2
ENSG00000073792,protein_coding,IGF2BP2
ENSG00000073803,protein_coding,MAP3K13
ENSG00000073849,protein_coding,ST6GAL1
ENSG00000073910,protein_coding,FRY
ENSG00000073921,protein_coding,PICALM
ENSG00000073969,protein_coding,NSF
ENSG00000074047,protein_coding,GLI2
ENSG00000074054,protein_coding,CLASP1
ENSG00000074071,protein_coding,MRPS34
ENSG00000074181,protein_coding,NOTCH3
ENSG00000074201,protein_coding,CLNS1A
ENSG00000074211,protein_coding,PPP2R2C
ENSG00000074266,protein_coding,EED
ENSG00000074276,protein_coding,CDHR2
ENSG00000074317,protein_coding,SNCB
ENSG00000074319,protein_coding,TSG101
ENSG00000074356,protein_coding,NCBP3
ENSG00000074410,protein_coding,CA12
ENSG00000074416,protein_coding,MGLL
ENSG00000074527,protein_coding,NTN4
ENSG00000074582,protein_coding,BCS1L
ENSG00000074590,protein_coding,NUAK1
ENSG00000074603,protein_coding,DPP8
ENSG00000074621,protein_coding,SLC24A1
ENSG00000074657,protein_coding,ZNF532
ENSG00000074660,protein_coding,SCARF1
ENSG00000074695,protein_coding,LMAN1
ENSG00000074696,protein_coding,HACD3
ENSG00000074706,protein_coding,IPCEF1
ENSG00000074755,protein_coding,ZZEF1
ENSG00000074771,protein_coding,NOX3
ENSG00000074800,protein_coding,ENO1
ENSG00000074803,protein_coding,SLC12A1
ENSG00000074842,protein_coding,MYDGF
ENSG00000074855,protein_coding,ANO8
ENSG00000074935,protein_coding,TUBE1
ENSG00000074964,protein_coding,ARHGEF10L
ENSG00000074966,protein_coding,TXK
ENSG00000075035,protein_coding,WSCD2
ENSG00000075043,protein_coding,KCNQ2
ENSG00000075089,protein_coding,ACTR6
ENSG00000075131,protein_coding,TIPIN
ENSG00000075142,protein_coding,SRI
ENSG00000075151,protein_coding,EIF4G3
ENSG00000075188,protein_coding,NUP37
ENSG00000075213,protein_coding,SEMA3A
ENSG00000075218,protein_coding,GTSE1
ENSG00000075223,protein_coding,SEMA3C
ENSG00000075234,protein_coding,TTC38
ENSG00000075239,protein_coding,ACAT1
ENSG00000075240,protein_coding,GRAMD4
ENSG00000075275,protein_coding,CELSR1
ENSG00000075292,protein_coding,ZNF638
ENSG00000075303,protein_coding,SLC25A40
ENSG00000075336,protein_coding,TIMM21
ENSG00000075340,protein_coding,ADD2
ENSG00000075391,protein_coding,RASAL2
ENSG00000075399,protein_coding,VPS9D1
ENSG00000075407,protein_coding,ZNF37A
ENSG00000075413,protein_coding,MARK3
ENSG00000075415,protein_coding,SLC25A3
ENSG00000075420,protein_coding,FNDC3B
ENSG00000075426,protein_coding,FOSL2
ENSG00000075429,protein_coding,CACNG5
ENSG00000075461,protein_coding,CACNG4
ENSG00000075539,protein_coding,FRYL
ENSG00000075568,protein_coding,TMEM131
ENSG00000075618,protein_coding,FSCN1
ENSG00000075624,protein_coding,ACTB
ENSG00000075643,protein_coding,MOCOS
ENSG00000075651,protein_coding,PLD1
ENSG00000075673,protein_coding,ATP12A
ENSG00000075702,protein_coding,WDR62
ENSG00000075711,protein_coding,DLG1
ENSG00000075785,protein_coding,RAB7A
ENSG00000075790,protein_coding,BCAP29
ENSG00000075826,protein_coding,SEC31B
ENSG00000075856,protein_coding,SART3
ENSG00000075884,protein_coding,ARHGAP15
ENSG00000075886,protein_coding,TUBA3D
ENSG00000075891,protein_coding,PAX2
ENSG00000075914,protein_coding,EXOSC7
ENSG00000075945,protein_coding,KIFAP3
ENSG00000075975,protein_coding,MKRN2
ENSG00000076003,protein_coding,MCM6
ENSG00000076043,protein_coding,REXO2
ENSG00000076067,protein_coding,RBMS2
ENSG00000076108,protein_coding,BAZ2A
ENSG00000076201,protein_coding,PTPN23
ENSG00000076242,protein_coding,MLH1
ENSG00000076248,protein_coding,UNG
ENSG00000076258,protein_coding,FMO4
ENSG00000076321,protein_coding,KLHL20
ENSG00000076344,protein_coding,RGS11
ENSG00000076351,protein_coding,SLC46A1
ENSG00000076356,protein_coding,PLXNA2
ENSG00000076513,protein_coding,ANKRD13A
ENSG00000076554,protein_coding,TPD52
ENSG00000076555,protein_coding,ACACB
ENSG00000076604,protein_coding,TRAF4
ENSG00000076641,protein_coding,PAG1
ENSG00000076650,protein_coding,GPATCH1
ENSG00000076685,protein_coding,NT5C2
ENSG00000076706,protein_coding,MCAM
ENSG00000076716,protein_coding,GPC4
ENSG00000076770,protein_coding,MBNL3
ENSG00000076826,protein_coding,CAMSAP3
ENSG00000076864,protein_coding,RAP1GAP
ENSG00000076924,protein_coding,XAB2
ENSG00000076928,protein_coding,ARHGEF1
ENSG00000076984,protein_coding,MAP2K7
ENSG00000077044,protein_coding,DGKD
ENSG00000077063,protein_coding,CTTNBP2
ENSG00000077080,protein_coding,ACTL6B
ENSG00000077092,protein_coding,RARB
ENSG00000077097,protein_coding,TOP2B
ENSG00000077147,protein_coding,TM9SF3
ENSG00000077152,protein_coding,UBE2T
ENSG00000077157,protein_coding,PPP1R12B
ENSG00000077232,protein_coding,DNAJC10
ENSG00000077235,protein_coding,GTF3C1
ENSG00000077238,protein_coding,IL4R
ENSG00000077254,protein_coding,USP33
ENSG00000077264,protein_coding,PAK3
ENSG00000077279,protein_coding,DCX
ENSG00000077312,protein_coding,SNRPA
ENSG00000077327,protein_coding,SPAG6
ENSG00000077348,protein_coding,EXOSC5
ENSG00000077380,protein_coding,DYNC1I2
ENSG00000077420,protein_coding,APBB1IP
ENSG00000077454,protein_coding,LRCH4
ENSG00000077458,protein_coding,FAM76B
ENSG00000077463,protein_coding,SIRT6
ENSG00000077498,protein_coding,TYR
ENSG00000077514,protein_coding,POLD3
ENSG00000077522,protein_coding,ACTN2
ENSG00000077549,protein_coding,CAPZB
ENSG00000077585,protein_coding,GPR137B
ENSG00000077616,protein_coding,NAALAD2
ENSG00000077684,protein_coding,JADE1
ENSG00000077713,protein_coding,SLC25A43
ENSG00000077721,protein_coding,UBE2A
ENSG00000077782,protein_coding,FGFR1
ENSG00000077935,protein_coding,SMC1B
ENSG00000077942,protein_coding,FBLN1
ENSG00000077943,protein_coding,ITGA8
ENSG00000078018,protein_coding,MAP2
ENSG00000078043,protein_coding,PIAS2
ENSG00000078053,protein_coding,AMPH
ENSG00000078061,protein_coding,ARAF
ENSG00000078070,protein_coding,MCCC1
ENSG00000078098,protein_coding,FAP
ENSG00000078114,protein_coding,NEBL
ENSG00000078124,protein_coding,ACER3
ENSG00000078140,protein_coding,UBE2K
ENSG00000078142,protein_coding,PIK3C3
ENSG00000078177,protein_coding,N4BP2
ENSG00000078237,protein_coding,TIGAR
ENSG00000078246,protein_coding,TULP3
ENSG00000078269,protein_coding,SYNJ2
ENSG00000078295,protein_coding,ADCY2
ENSG00000078304,protein_coding,PPP2R5C
ENSG00000078328,protein_coding,RBFOX1
ENSG00000078369,protein_coding,GNB1
ENSG00000078401,protein_coding,EDN1
ENSG00000078403,protein_coding,MLLT10
ENSG00000078487,protein_coding,ZCWPW1
ENSG00000078549,protein_coding,ADCYAP1R1
ENSG00000078579,protein_coding,FGF20
ENSG00000078596,protein_coding,ITM2A
ENSG00000078618,protein_coding,NRDC
ENSG00000078668,protein_coding,VDAC3
ENSG00000078674,protein_coding,PCM1
ENSG00000078687,protein_coding,TNRC6C
ENSG00000078699,protein_coding,CBFA2T2
ENSG00000078725,protein_coding,BRINP1
ENSG00000078747,protein_coding,ITCH
ENSG00000078795,protein_coding,PKD2L2
ENSG00000078804,protein_coding,TP53INP2
ENSG00000078808,protein_coding,SDF4
ENSG00000078814,protein_coding,MYH7B
ENSG00000078902,protein_coding,TOLLIP
ENSG00000078967,protein_coding,UBE2D4
ENSG00000079101,protein_coding,CLUL1
ENSG00000079102,protein_coding,RUNX1T1
ENSG00000079134,protein_coding,THOC1
ENSG00000079150,protein_coding,FKBP7
ENSG00000079156,protein_coding,OSBPL6
ENSG00000079215,protein_coding,SLC1A3
ENSG00000079246,protein_coding,XRCC5
ENSG00000079257,protein_coding,LXN
ENSG00000079263,protein_coding,SP140
ENSG00000079277,protein_coding,MKNK1
ENSG00000079308,protein_coding,TNS1
ENSG00000079313,protein_coding,REXO1
ENSG00000079332,protein_coding,SAR1A
ENSG00000079335,protein_coding,CDC14A
ENSG00000079337,protein_coding,RAPGEF3
ENSG00000079385,protein_coding,CEACAM1
ENSG00000079387,protein_coding,SENP1
ENSG00000079432,protein_coding,CIC
ENSG00000079435,protein_coding,LIPE
ENSG00000079459,protein_coding,FDFT1
ENSG00000079462,protein_coding,PAFAH1B3
ENSG00000079482,protein_coding,OPHN1
ENSG00000079616,protein_coding,KIF22
ENSG00000079689,protein_coding,SCGN
ENSG00000079691,protein_coding,CARMIL1
ENSG00000079739,protein_coding,PGM1
ENSG00000079785,protein_coding,DDX1
ENSG00000079805,protein_coding,DNM2
ENSG00000079819,protein_coding,EPB41L2
ENSG00000079841,protein_coding,RIMS1
ENSG00000079931,protein_coding,MOXD1
ENSG00000079950,protein_coding,STX7
ENSG00000079974,protein_coding,RABL2B
ENSG00000079999,protein_coding,KEAP1
ENSG00000080166,protein_coding,DCT
ENSG00000080189,protein_coding,SLC35C2
ENSG00000080200,protein_coding,CRYBG3
ENSG00000080224,protein_coding,EPHA6
ENSG00000080293,protein_coding,SCTR
ENSG00000080298,protein_coding,RFX3
ENSG00000080345,protein_coding,RIF1
ENSG00000080371,protein_coding,RAB21
ENSG00000080493,protein_coding,SLC4A4
ENSG00000080503,protein_coding,SMARCA2
ENSG00000080546,protein_coding,SESN1
ENSG00000080561,protein_coding,MID2
ENSG00000080573,protein_coding,COL5A3
ENSG00000080603,protein_coding,SRCAP
ENSG00000080608,protein_coding,PUM3
ENSG00000080618,protein_coding,CPB2
ENSG00000080709,protein_coding,KCNN2
ENSG00000080802,protein_coding,CNOT4
ENSG00000080815,protein_coding,PSEN1
ENSG00000080819,protein_coding,CPOX
ENSG00000080822,protein_coding,CLDND1
ENSG00000080823,protein_coding,MOK
ENSG00000080824,protein_coding,HSP90AA1
ENSG00000080839,protein_coding,RBL1
ENSG00000080845,protein_coding,DLGAP4
ENSG00000080854,protein_coding,IGSF9B
ENSG00000081014,protein_coding,AP4E1
ENSG00000081019,protein_coding,RSBN1
ENSG00000081026,protein_coding,MAGI3
ENSG00000081052,protein_coding,COL4A4
ENSG00000081059,protein_coding,TCF7
ENSG00000081087,protein_coding,OSTM1
ENSG00000081138,protein_coding,CDH7
ENSG00000081148,protein_coding,IMPG2
ENSG00000081154,protein_coding,PCNP
ENSG00000081177,protein_coding,EXD2
ENSG00000081181,protein_coding,ARG2
ENSG00000081189,protein_coding,MEF2C
ENSG00000081237,protein_coding,PTPRC
ENSG00000081248,protein_coding,CACNA1S
ENSG00000081277,protein_coding,PKP1
ENSG00000081307,protein_coding,UBA5
ENSG00000081320,protein_coding,STK17B
ENSG00000081377,protein_coding,CDC14B
ENSG00000081386,protein_coding,ZNF510
ENSG00000081479,protein_coding,LRP2
ENSG00000081692,protein_coding,JMJD4
ENSG00000081721,protein_coding,DUSP12
ENSG00000081760,protein_coding,AACS
ENSG00000081791,protein_coding,DELE1
ENSG00000081800,protein_coding,SLC13A1
ENSG00000081803,protein_coding,CADPS2
ENSG00000081818,protein_coding,PCDHB4
ENSG00000081870,protein_coding,HSPB11
ENSG00000081913,protein_coding,PHLPP1
ENSG00000081923,protein_coding,ATP8B1
ENSG00000081985,protein_coding,IL12RB2
ENSG00000082014,protein_coding,SMARCD3
ENSG00000082068,protein_coding,WDR70
ENSG00000082074,protein_coding,FYB1
ENSG00000082126,protein_coding,MPP4
ENSG00000082146,protein_coding,STRADB
ENSG00000082153,protein_coding,BZW1
ENSG00000082212,protein_coding,ME2
ENSG00000082213,protein_coding,C5orf22
ENSG00000082258,protein_coding,CCNT2
ENSG00000082269,protein_coding,FAM135A
ENSG00000082293,protein_coding,COL19A1
ENSG00000082397,protein_coding,EPB41L3
ENSG00000082438,protein_coding,COBLL1
ENSG00000082458,protein_coding,DLG3
ENSG00000082482,protein_coding,KCNK2
ENSG00000082497,protein_coding,SERTAD4
ENSG00000082512,protein_coding,TRAF5
ENSG00000082515,protein_coding,MRPL22
ENSG00000082516,protein_coding,GEMIN5
ENSG00000082556,protein_coding,OPRK1
ENSG00000082641,protein_coding,NFE2L1
ENSG00000082684,protein_coding,SEMA5B
ENSG00000082701,protein_coding,GSK3B
ENSG00000082781,protein_coding,ITGB5
ENSG00000082805,protein_coding,ERC1
ENSG00000082898,protein_coding,XPO1
ENSG00000082996,protein_coding,RNF13
ENSG00000083067,protein_coding,TRPM3
ENSG00000083093,protein_coding,PALB2
ENSG00000083097,protein_coding,DOP1A
ENSG00000083099,protein_coding,LYRM2
ENSG00000083123,protein_coding,BCKDHB
ENSG00000083168,protein_coding,KAT6A
ENSG00000083223,protein_coding,TUT7
ENSG00000083290,protein_coding,ULK2
ENSG00000083312,protein_coding,TNPO1
ENSG00000083444,protein_coding,PLOD1
ENSG00000083457,protein_coding,ITGAE
ENSG00000083520,protein_coding,DIS3
ENSG00000083535,protein_coding,PIBF1
ENSG00000083544,protein_coding,TDRD3
ENSG00000083635,protein_coding,NUFIP1
ENSG00000083642,protein_coding,PDS5B
ENSG00000083720,protein_coding,OXCT1
ENSG00000083750,protein_coding,RRAGB
ENSG00000083799,protein_coding,CYLD
ENSG00000083807,protein_coding,SLC27A5
ENSG00000083812,protein_coding,ZNF324
ENSG00000083814,protein_coding,ZNF671
ENSG00000083817,protein_coding,ZNF416
ENSG00000083828,protein_coding,ZNF586
ENSG00000083838,protein_coding,ZNF446
ENSG00000083844,protein_coding,ZNF264
ENSG00000083857,protein_coding,FAT1
ENSG00000083896,protein_coding,YTHDC1
ENSG00000083937,protein_coding,CHMP2B
ENSG00000084070,protein_coding,SMAP2
ENSG00000084072,protein_coding,PPIE
ENSG00000084073,protein_coding,ZMPSTE24
ENSG00000084090,protein_coding,STARD7
ENSG00000084092,protein_coding,NOA1
ENSG00000084093,protein_coding,REST
ENSG00000084112,protein_coding,SSH1
ENSG00000084207,protein_coding,GSTP1
ENSG00000084234,protein_coding,APLP2
ENSG00000084444,protein_coding,FAM234B
ENSG00000084453,protein_coding,SLCO1A2
ENSG00000084463,protein_coding,WBP11
ENSG00000084623,protein_coding,EIF3I
ENSG00000084628,protein_coding,NKAIN1
ENSG00000084636,protein_coding,COL16A1
ENSG00000084652,protein_coding,TXLNA
ENSG00000084676,protein_coding,NCOA1
ENSG00000084693,protein_coding,AGBL5
ENSG00000084710,protein_coding,EFR3B
ENSG00000084731,protein_coding,KIF3C
ENSG00000084733,protein_coding,RAB10
ENSG00000084734,protein_coding,GCKR
ENSG00000084754,protein_coding,HADHA
ENSG00000084764,protein_coding,MAPRE3
ENSG00000084774,protein_coding,CAD
ENSG00000085063,protein_coding,CD59
ENSG00000085117,protein_coding,CD82
ENSG00000085185,protein_coding,BCORL1
ENSG00000085224,protein_coding,ATRX
ENSG00000085231,protein_coding,AK6
ENSG00000085274,protein_coding,MYNN
ENSG00000085276,protein_coding,MECOM
ENSG00000085365,protein_coding,SCAMP1
ENSG00000085377,protein_coding,PREP
ENSG00000085382,protein_coding,HACE1
ENSG00000085415,protein_coding,SEH1L
ENSG00000085433,protein_coding,WDR47
ENSG00000085449,protein_coding,WDFY1
ENSG00000085465,protein_coding,OVGP1
ENSG00000085491,protein_coding,SLC25A24
ENSG00000085511,protein_coding,MAP3K4
ENSG00000085514,protein_coding,PILRA
ENSG00000085563,protein_coding,ABCB1
ENSG00000085644,protein_coding,ZNF213
ENSG00000085662,protein_coding,AKR1B1
ENSG00000085719,protein_coding,CPNE3
ENSG00000085721,protein_coding,RRN3
ENSG00000085733,protein_coding,CTTN
ENSG00000085760,protein_coding,MTIF2
ENSG00000085788,protein_coding,DDHD2
ENSG00000085831,protein_coding,TTC39A
ENSG00000085832,protein_coding,EPS15
ENSG00000085871,protein_coding,MGST2
ENSG00000085978,protein_coding,ATG16L1
ENSG00000085982,protein_coding,USP40
ENSG00000085998,protein_coding,POMGNT1
ENSG00000085999,protein_coding,RAD54L
ENSG00000086015,protein_coding,MAST2
ENSG00000086061,protein_coding,DNAJA1
ENSG00000086062,protein_coding,B4GALT1
ENSG00000086065,protein_coding,CHMP5
ENSG00000086102,protein_coding,NFX1
ENSG00000086189,protein_coding,DIMT1
ENSG00000086200,protein_coding,IPO11
ENSG00000086205,protein_coding,FOLH1
ENSG00000086232,protein_coding,EIF2AK1
ENSG00000086289,protein_coding,EPDR1
ENSG00000086300,protein_coding,SNX10
ENSG00000086475,protein_coding,SEPHS1
ENSG00000086504,protein_coding,MRPL28
ENSG00000086506,protein_coding,HBQ1
ENSG00000086544,protein_coding,ITPKC
ENSG00000086570,protein_coding,FAT2
ENSG00000086589,protein_coding,RBM22
ENSG00000086598,protein_coding,TMED2
ENSG00000086619,protein_coding,ERO1B
ENSG00000086666,protein_coding,ZFAND6
ENSG00000086712,protein_coding,TXLNG
ENSG00000086717,protein_coding,PPEF1
ENSG00000086730,protein_coding,LAT2
ENSG00000086758,protein_coding,HUWE1
ENSG00000086827,protein_coding,ZW10
ENSG00000086848,protein_coding,ALG9
ENSG00000086967,protein_coding,MYBPC2
ENSG00000086991,protein_coding,NOX4
ENSG00000087008,protein_coding,ACOX3
ENSG00000087053,protein_coding,MTMR2
ENSG00000087074,protein_coding,PPP1R15A
ENSG00000087076,protein_coding,HSD17B14
ENSG00000087077,protein_coding,TRIP6
ENSG00000087085,protein_coding,ACHE
ENSG00000087086,protein_coding,FTL
ENSG00000087087,protein_coding,SRRT
ENSG00000087088,protein_coding,BAX
ENSG00000087095,protein_coding,NLK
ENSG00000087116,protein_coding,ADAMTS2
ENSG00000087152,protein_coding,ATXN7L3
ENSG00000087157,protein_coding,PGS1
ENSG00000087191,protein_coding,PSMC5
ENSG00000087206,protein_coding,UIMC1
ENSG00000087245,protein_coding,MMP2
ENSG00000087250,protein_coding,MT3
ENSG00000087253,protein_coding,LPCAT2
ENSG00000087258,protein_coding,GNAO1
ENSG00000087263,protein_coding,OGFOD1
ENSG00000087266,protein_coding,SH3BP2
ENSG00000087269,protein_coding,NOP14
ENSG00000087274,protein_coding,ADD1
ENSG00000087299,protein_coding,L2HGDH
ENSG00000087301,protein_coding,TXNDC16
ENSG00000087302,protein_coding,RTRAF
ENSG00000087303,protein_coding,NID2
ENSG00000087338,protein_coding,GMCL1
ENSG00000087365,protein_coding,SF3B2
ENSG00000087448,protein_coding,KLHL42
ENSG00000087460,protein_coding,GNAS
ENSG00000087470,protein_coding,DNM1L
ENSG00000087494,protein_coding,PTHLH
ENSG00000087495,protein_coding,PHACTR3
ENSG00000087502,protein_coding,ERGIC2
ENSG00000087586,protein_coding,AURKA
ENSG00000087589,protein_coding,CASS4
ENSG00000087842,protein_coding,PIR
ENSG00000087884,protein_coding,AAMDC
ENSG00000087903,protein_coding,RFX2
ENSG00000087995,protein_coding,METTL2A
ENSG00000088002,protein_coding,SULT2B1
ENSG00000088035,protein_coding,ALG6
ENSG00000088038,protein_coding,CNOT3
ENSG00000088053,protein_coding,GP6
ENSG00000088179,protein_coding,PTPN4
ENSG00000088205,protein_coding,DDX18
ENSG00000088247,protein_coding,KHSRP
ENSG00000088256,protein_coding,GNA11
ENSG00000088280,protein_coding,ASAP3
ENSG00000088298,protein_coding,EDEM2
ENSG00000088305,protein_coding,DNMT3B
ENSG00000088325,protein_coding,TPX2
ENSG00000088356,protein_coding,PDRG1
ENSG00000088367,protein_coding,EPB41L1
ENSG00000088387,protein_coding,DOCK9
ENSG00000088448,protein_coding,ANKRD10
ENSG00000088451,protein_coding,TGDS
ENSG00000088538,protein_coding,DOCK3
ENSG00000088543,protein_coding,C3orf18
ENSG00000088682,protein_coding,COQ9
ENSG00000088727,protein_coding,KIF9
ENSG00000088756,protein_coding,ARHGAP28
ENSG00000088766,protein_coding,CRLS1
ENSG00000088808,protein_coding,PPP1R13B
ENSG00000088812,protein_coding,ATRN
ENSG00000088826,protein_coding,SMOX
ENSG00000088827,protein_coding,SIGLEC1
ENSG00000088832,protein_coding,FKBP1A
ENSG00000088833,protein_coding,NSFL1C
ENSG00000088854,protein_coding,C20orf194
ENSG00000088876,protein_coding,ZNF343
ENSG00000088881,protein_coding,EBF4
ENSG00000088888,protein_coding,MAVS
ENSG00000088899,protein_coding,LZTS3
ENSG00000088930,protein_coding,XRN2
ENSG00000088986,protein_coding,DYNLL1
ENSG00000088992,protein_coding,TESC
ENSG00000089006,protein_coding,SNX5
ENSG00000089009,protein_coding,RPL6
ENSG00000089022,protein_coding,MAPKAPK5
ENSG00000089041,protein_coding,P2RX7
ENSG00000089048,protein_coding,ESF1
ENSG00000089050,protein_coding,RBBP9
ENSG00000089053,protein_coding,ANAPC5
ENSG00000089057,protein_coding,SLC23A2
ENSG00000089060,protein_coding,SLC8B1
ENSG00000089063,protein_coding,TMEM230
ENSG00000089091,protein_coding,DZANK1
ENSG00000089094,protein_coding,KDM2B
ENSG00000089101,protein_coding,CFAP61
ENSG00000089123,protein_coding,TASP1
ENSG00000089127,protein_coding,OAS1
ENSG00000089154,protein_coding,GCN1
ENSG00000089157,protein_coding,RPLP0
ENSG00000089159,protein_coding,PXN
ENSG00000089163,protein_coding,SIRT4
ENSG00000089169,protein_coding,RPH3A
ENSG00000089177,protein_coding,KIF16B
ENSG00000089195,protein_coding,TRMT6
ENSG00000089199,protein_coding,CHGB
ENSG00000089220,protein_coding,PEBP1
ENSG00000089234,protein_coding,BRAP
ENSG00000089248,protein_coding,ERP29
ENSG00000089250,protein_coding,NOS1
ENSG00000089280,protein_coding,FUS
ENSG00000089289,protein_coding,IGBP1
ENSG00000089327,protein_coding,FXYD5
ENSG00000089335,protein_coding,ZNF302
ENSG00000089351,protein_coding,GRAMD1A
ENSG00000089356,protein_coding,FXYD3
ENSG00000089472,protein_coding,HEPH
ENSG00000089486,protein_coding,CDIP1
ENSG00000089558,protein_coding,KCNH4
ENSG00000089597,protein_coding,GANAB
ENSG00000089639,protein_coding,GMIP
ENSG00000089682,protein_coding,RBM41
ENSG00000089693,protein_coding,MLF2
ENSG00000089723,protein_coding,OTUB2
ENSG00000089737,protein_coding,DDX24
ENSG00000089775,protein_coding,ZBTB25
ENSG00000089818,protein_coding,NECAP1
ENSG00000089847,protein_coding,ANKRD24
ENSG00000089876,protein_coding,DHX32
ENSG00000089902,protein_coding,RCOR1
ENSG00000089916,protein_coding,GPATCH2L
ENSG00000090006,protein_coding,LTBP4
ENSG00000090013,protein_coding,BLVRB
ENSG00000090020,protein_coding,SLC9A1
ENSG00000090054,protein_coding,SPTLC1
ENSG00000090060,protein_coding,PAPOLA
ENSG00000090061,protein_coding,CCNK
ENSG00000090097,protein_coding,PCBP4
ENSG00000090104,protein_coding,RGS1
ENSG00000090238,protein_coding,YPEL3
ENSG00000090263,protein_coding,MRPS33
ENSG00000090266,protein_coding,NDUFB2
ENSG00000090273,protein_coding,NUDC
ENSG00000090316,protein_coding,MAEA
ENSG00000090339,protein_coding,ICAM1
ENSG00000090372,protein_coding,STRN4
ENSG00000090376,protein_coding,IRAK3
ENSG00000090432,protein_coding,MUL1
ENSG00000090447,protein_coding,TFAP4
ENSG00000090470,protein_coding,PDCD7
ENSG00000090487,protein_coding,SPG21
ENSG00000090520,protein_coding,DNAJB11
ENSG00000090530,protein_coding,P3H2
ENSG00000090534,protein_coding,THPO
ENSG00000090565,protein_coding,RAB11FIP3
ENSG00000090581,protein_coding,GNPTG
ENSG00000090612,protein_coding,ZNF268
ENSG00000090615,protein_coding,GOLGA3
ENSG00000090621,protein_coding,PABPC4
ENSG00000090661,protein_coding,CERS4
ENSG00000090674,protein_coding,MCOLN1
ENSG00000090686,protein_coding,USP48
ENSG00000090776,protein_coding,EFNB1
ENSG00000090857,protein_coding,PDPR
ENSG00000090861,protein_coding,AARS
ENSG00000090863,protein_coding,GLG1
ENSG00000090889,protein_coding,KIF4A
ENSG00000090905,protein_coding,TNRC6A
ENSG00000090932,protein_coding,DLL3
ENSG00000090971,protein_coding,NAT14
ENSG00000090975,protein_coding,PITPNM2
ENSG00000090989,protein_coding,EXOC1
ENSG00000091009,protein_coding,RBM27
ENSG00000091039,protein_coding,OSBPL8
ENSG00000091073,protein_coding,DTX2
ENSG00000091106,protein_coding,NLRC4
ENSG00000091127,protein_coding,PUS7
ENSG00000091128,protein_coding,LAMB4
ENSG00000091129,protein_coding,NRCAM
ENSG00000091136,protein_coding,LAMB1
ENSG00000091137,protein_coding,SLC26A4
ENSG00000091138,protein_coding,SLC26A3
ENSG00000091140,protein_coding,DLD
ENSG00000091157,protein_coding,WDR7
ENSG00000091164,protein_coding,TXNL1
ENSG00000091262,protein_coding,ABCC6
ENSG00000091317,protein_coding,CMTM6
ENSG00000091409,protein_coding,ITGA6
ENSG00000091428,protein_coding,RAPGEF4
ENSG00000091436,protein_coding,MAP3K20
ENSG00000091482,protein_coding,SMPX
ENSG00000091483,protein_coding,FH
ENSG00000091490,protein_coding,SEL1L3
ENSG00000091513,protein_coding,TF
ENSG00000091527,protein_coding,CDV3
ENSG00000091536,protein_coding,MYO15A
ENSG00000091542,protein_coding,ALKBH5
ENSG00000091592,protein_coding,NLRP1
ENSG00000091622,protein_coding,PITPNM3
ENSG00000091640,protein_coding,SPAG7
ENSG00000091651,protein_coding,ORC6
ENSG00000091656,protein_coding,ZFHX4
ENSG00000091664,protein_coding,SLC17A6
ENSG00000091732,protein_coding,ZC3HC1
ENSG00000091831,protein_coding,ESR1
ENSG00000091844,protein_coding,RGS17
ENSG00000091879,protein_coding,ANGPT2
ENSG00000091947,protein_coding,TMEM101
ENSG00000091972,protein_coding,CD200
ENSG00000091986,protein_coding,CCDC80
ENSG00000092010,protein_coding,PSME1
ENSG00000092020,protein_coding,PPP2R3C
ENSG00000092051,protein_coding,JPH4
ENSG00000092054,protein_coding,MYH7
ENSG00000092068,protein_coding,SLC7A8
ENSG00000092094,protein_coding,OSGEP
ENSG00000092096,protein_coding,SLC22A17
ENSG00000092108,protein_coding,SCFD1
ENSG00000092140,protein_coding,G2E3
ENSG00000092148,protein_coding,HECTD1
ENSG00000092199,protein_coding,HNRNPC
ENSG00000092200,protein_coding,RPGRIP1
ENSG00000092201,protein_coding,SUPT16H
ENSG00000092203,protein_coding,TOX4
ENSG00000092208,protein_coding,GEMIN2
ENSG00000092330,protein_coding,TINF2
ENSG00000092377,protein_coding,TBL1Y
ENSG00000092421,protein_coding,SEMA6A
ENSG00000092439,protein_coding,TRPM7
ENSG00000092445,protein_coding,TYRO3
ENSG00000092470,protein_coding,WDR76
ENSG00000092529,protein_coding,CAPN3
ENSG00000092531,protein_coding,SNAP23
ENSG00000092607,protein_coding,TBX15
ENSG00000092621,protein_coding,PHGDH
ENSG00000092758,protein_coding,COL9A3
ENSG00000092820,protein_coding,EZR
ENSG00000092841,protein_coding,MYL6
ENSG00000092847,protein_coding,AGO1
ENSG00000092853,protein_coding,CLSPN
ENSG00000092871,protein_coding,RFFL
ENSG00000092929,protein_coding,UNC13D
ENSG00000092931,protein_coding,MFSD11
ENSG00000092964,protein_coding,DPYSL2
ENSG00000092969,protein_coding,TGFB2
ENSG00000092978,protein_coding,GPATCH2
ENSG00000093000,protein_coding,NUP50
ENSG00000093010,protein_coding,COMT
ENSG00000093072,protein_coding,ADA2
ENSG00000093144,protein_coding,ECHDC1
ENSG00000093167,protein_coding,LRRFIP2
ENSG00000093183,protein_coding,SEC22C
ENSG00000093217,protein_coding,XYLB
ENSG00000094631,protein_coding,HDAC6
ENSG00000094796,protein_coding,KRT31
ENSG00000094804,protein_coding,CDC6
ENSG00000094841,protein_coding,UPRT
ENSG00000094880,protein_coding,CDC23
ENSG00000094914,protein_coding,AAAS
ENSG00000094916,protein_coding,CBX5
ENSG00000094975,protein_coding,SUCO
ENSG00000095002,protein_coding,MSH2
ENSG00000095015,protein_coding,MAP3K1
ENSG00000095059,protein_coding,DHPS
ENSG00000095066,protein_coding,HOOK2
ENSG00000095139,protein_coding,ARCN1
ENSG00000095203,protein_coding,EPB41L4B
ENSG00000095209,protein_coding,TMEM38B
ENSG00000095261,protein_coding,PSMD5
ENSG00000095303,protein_coding,PTGS1
ENSG00000095319,protein_coding,NUP188
ENSG00000095321,protein_coding,CRAT
ENSG00000095370,protein_coding,SH2D3C
ENSG00000095380,protein_coding,NANS
ENSG00000095383,protein_coding,TBC1D2
ENSG00000095397,protein_coding,WHRN
ENSG00000095464,protein_coding,PDE6C
ENSG00000095485,protein_coding,CWF19L1
ENSG00000095539,protein_coding,SEMA4G
ENSG00000095564,protein_coding,BTAF1
ENSG00000095574,protein_coding,IKZF5
ENSG00000095585,protein_coding,BLNK
ENSG00000095587,protein_coding,TLL2
ENSG00000095596,protein_coding,CYP26A1
ENSG00000095627,protein_coding,TDRD1
ENSG00000095637,protein_coding,SORBS1
ENSG00000095713,protein_coding,CRTAC1
ENSG00000095739,protein_coding,BAMBI
ENSG00000095777,protein_coding,MYO3A
ENSG00000095787,protein_coding,WAC
ENSG00000095794,protein_coding,CREM
ENSG00000095906,protein_coding,NUBP2
ENSG00000095932,protein_coding,SMIM24
ENSG00000095951,protein_coding,HIVEP1
ENSG00000095970,protein_coding,TREM2
ENSG00000096060,protein_coding,FKBP5
ENSG00000096063,protein_coding,SRPK1
ENSG00000096070,protein_coding,BRPF3
ENSG00000096080,protein_coding,MRPS18A
ENSG00000096092,protein_coding,TMEM14A
ENSG00000096093,protein_coding,EFHC1
ENSG00000096384,protein_coding,HSP90AB1
ENSG00000096401,protein_coding,CDC5L
ENSG00000096433,protein_coding,ITPR3
ENSG00000096654,protein_coding,ZNF184
ENSG00000096717,protein_coding,SIRT1
ENSG00000096746,protein_coding,HNRNPH3
ENSG00000096872,protein_coding,IFT74
ENSG00000096968,protein_coding,JAK2
ENSG00000096996,protein_coding,IL12RB1
ENSG00000097007,protein_coding,ABL1
ENSG00000097021,protein_coding,ACOT7
ENSG00000097033,protein_coding,SH3GLB1
ENSG00000097046,protein_coding,CDC7
ENSG00000097096,protein_coding,SYDE2
ENSG00000099139,protein_coding,PCSK5
ENSG00000099194,protein_coding,SCD
ENSG00000099203,protein_coding,TMED1
ENSG00000099204,protein_coding,ABLIM1
ENSG00000099219,protein_coding,ERMP1
ENSG00000099246,protein_coding,RAB18
ENSG00000099250,protein_coding,NRP1
ENSG00000099256,protein_coding,PRTFDC1
ENSG00000099260,protein_coding,PALMD
ENSG00000099282,protein_coding,TSPAN15
ENSG00000099284,protein_coding,H2AFY2
ENSG00000099290,protein_coding,WASHC2A
ENSG00000099308,protein_coding,MAST3
ENSG00000099326,protein_coding,MZF1
ENSG00000099330,protein_coding,OCEL1
ENSG00000099331,protein_coding,MYO9B
ENSG00000099337,protein_coding,KCNK6
ENSG00000099338,protein_coding,CATSPERG
ENSG00000099341,protein_coding,PSMD8
ENSG00000099364,protein_coding,FBXL19
ENSG00000099365,protein_coding,STX1B
ENSG00000099381,protein_coding,SETD1A
ENSG00000099385,protein_coding,BCL7C
ENSG00000099622,protein_coding,CIRBP
ENSG00000099624,protein_coding,ATP5F1D
ENSG00000099625,protein_coding,CBARP
ENSG00000099715,protein_coding,PCDH11Y
ENSG00000099783,protein_coding,HNRNPM
ENSG00000099785,protein_coding,MARCH2
ENSG00000099795,protein_coding,NDUFB7
ENSG00000099797,protein_coding,TECR
ENSG00000099800,protein_coding,TIMM13
ENSG00000099804,protein_coding,CDC34
ENSG00000099814,protein_coding,CEP170B
ENSG00000099817,protein_coding,POLR2E
ENSG00000099821,protein_coding,POLRMT
ENSG00000099822,protein_coding,HCN2
ENSG00000099840,protein_coding,IZUMO4
ENSG00000099849,protein_coding,RASSF7
ENSG00000099860,protein_coding,GADD45B
ENSG00000099864,protein_coding,PALM
ENSG00000099866,protein_coding,MADCAM1
ENSG00000099875,protein_coding,MKNK2
ENSG00000099889,protein_coding,ARVCF
ENSG00000099899,protein_coding,TRMT2A
ENSG00000099901,protein_coding,RANBP1
ENSG00000099904,protein_coding,ZDHHC8
ENSG00000099910,protein_coding,KLHL22
ENSG00000099917,protein_coding,MED15
ENSG00000099937,protein_coding,SERPIND1
ENSG00000099940,protein_coding,SNAP29
ENSG00000099942,protein_coding,CRKL
ENSG00000099949,protein_coding,LZTR1
ENSG00000099954,protein_coding,CECR2
ENSG00000099956,protein_coding,SMARCB1
ENSG00000099957,protein_coding,P2RX6
ENSG00000099960,protein_coding,SLC7A4
ENSG00000099968,protein_coding,BCL2L13
ENSG00000099977,protein_coding,DDT
ENSG00000099984,polymorphic_pseudogene,GSTT2
ENSG00000099991,protein_coding,CABIN1
ENSG00000099992,protein_coding,TBC1D10A
ENSG00000099995,protein_coding,SF3A1
ENSG00000099998,protein_coding,GGT5
ENSG00000099999,protein_coding,RNF215
ENSG00000100003,protein_coding,SEC14L2
ENSG00000100023,protein_coding,PPIL2
ENSG00000100024,protein_coding,UPB1
ENSG00000100027,protein_coding,YPEL1
ENSG00000100028,protein_coding,SNRPD3
ENSG00000100029,protein_coding,PES1
ENSG00000100030,protein_coding,MAPK1
ENSG00000100031,protein_coding,GGT1
ENSG00000100033,protein_coding,PRODH
ENSG00000100034,protein_coding,PPM1F
ENSG00000100036,protein_coding,SLC35E4
ENSG00000100038,protein_coding,TOP3B
ENSG00000100055,protein_coding,CYTH4
ENSG00000100056,protein_coding,ESS2
ENSG00000100068,protein_coding,LRP5L
ENSG00000100075,protein_coding,SLC25A1
ENSG00000100077,protein_coding,GRK3
ENSG00000100083,protein_coding,GGA1
ENSG00000100084,protein_coding,HIRA
ENSG00000100092,protein_coding,SH3BP1
ENSG00000100095,protein_coding,SEZ6L
ENSG00000100097,protein_coding,LGALS1
ENSG00000100099,protein_coding,HPS4
ENSG00000100100,protein_coding,PIK3IP1
ENSG00000100101,protein_coding,Z83844.1
ENSG00000100104,protein_coding,SRRD
ENSG00000100105,protein_coding,PATZ1
ENSG00000100109,protein_coding,TFIP11
ENSG00000100116,protein_coding,GCAT
ENSG00000100124,protein_coding,ANKRD54
ENSG00000100129,protein_coding,EIF3L
ENSG00000100138,protein_coding,SNU13
ENSG00000100139,protein_coding,MICALL1
ENSG00000100142,protein_coding,POLR2F
ENSG00000100146,protein_coding,SOX10
ENSG00000100147,protein_coding,CCDC134
ENSG00000100150,protein_coding,DEPDC5
ENSG00000100151,protein_coding,PICK1
ENSG00000100154,protein_coding,TTC28
ENSG00000100156,protein_coding,SLC16A8
ENSG00000100167,protein_coding,SEPTIN3
ENSG00000100170,protein_coding,SLC5A1
ENSG00000100181,transcribed_unprocessed_pseudogene,TPTEP1
ENSG00000100191,protein_coding,SLC5A4
ENSG00000100196,protein_coding,KDELR3
ENSG00000100197,protein_coding,CYP2D6
ENSG00000100201,protein_coding,DDX17
ENSG00000100206,protein_coding,DMC1
ENSG00000100207,protein_coding,TCF20
ENSG00000100209,protein_coding,HSCB
ENSG00000100211,protein_coding,CBY1
ENSG00000100216,protein_coding,TOMM22
ENSG00000100218,protein_coding,RSPH14
ENSG00000100219,protein_coding,XBP1
ENSG00000100220,protein_coding,RTCB
ENSG00000100221,protein_coding,JOSD1
ENSG00000100225,protein_coding,FBXO7
ENSG00000100226,protein_coding,GTPBP1
ENSG00000100227,protein_coding,POLDIP3
ENSG00000100228,protein_coding,RAB36
ENSG00000100234,protein_coding,TIMP3
ENSG00000100239,protein_coding,PPP6R2
ENSG00000100241,protein_coding,SBF1
ENSG00000100242,protein_coding,SUN2
ENSG00000100243,protein_coding,CYB5R3
ENSG00000100258,protein_coding,LMF2
ENSG00000100263,protein_coding,RHBDD3
ENSG00000100266,protein_coding,PACSIN2
ENSG00000100271,protein_coding,TTLL1
ENSG00000100276,protein_coding,RASL10A
ENSG00000100280,protein_coding,AP1B1
ENSG00000100281,protein_coding,HMGXB4
ENSG00000100284,protein_coding,TOM1
ENSG00000100285,protein_coding,NEFH
ENSG00000100288,protein_coding,CHKB
ENSG00000100292,protein_coding,HMOX1
ENSG00000100294,protein_coding,MCAT
ENSG00000100296,protein_coding,THOC5
ENSG00000100297,protein_coding,MCM5
ENSG00000100298,protein_coding,APOBEC3H
ENSG00000100299,protein_coding,ARSA
ENSG00000100300,protein_coding,TSPO
ENSG00000100302,protein_coding,RASD2
ENSG00000100304,protein_coding,TTLL12
ENSG00000100307,protein_coding,CBX7
ENSG00000100311,protein_coding,PDGFB
ENSG00000100314,protein_coding,CABP7
ENSG00000100316,protein_coding,RPL3
ENSG00000100319,protein_coding,ZMAT5
ENSG00000100320,protein_coding,RBFOX2
ENSG00000100321,protein_coding,SYNGR1
ENSG00000100324,protein_coding,TAB1
ENSG00000100325,protein_coding,ASCC2
ENSG00000100330,protein_coding,MTMR3
ENSG00000100335,protein_coding,MIEF1
ENSG00000100341,protein_coding,PNPLA5
ENSG00000100344,protein_coding,PNPLA3
ENSG00000100345,protein_coding,MYH9
ENSG00000100346,protein_coding,CACNA1I
ENSG00000100347,protein_coding,SAMM50
ENSG00000100348,protein_coding,TXN2
ENSG00000100350,protein_coding,FOXRED2
ENSG00000100351,protein_coding,GRAP2
ENSG00000100353,protein_coding,EIF3D
ENSG00000100354,protein_coding,TNRC6B
ENSG00000100359,protein_coding,SGSM3
ENSG00000100360,protein_coding,IFT27
ENSG00000100362,protein_coding,PVALB
ENSG00000100364,protein_coding,KIAA0930
ENSG00000100372,protein_coding,SLC25A17
ENSG00000100376,protein_coding,FAM118A
ENSG00000100379,protein_coding,KCTD17
ENSG00000100380,protein_coding,ST13
ENSG00000100387,protein_coding,RBX1
ENSG00000100393,protein_coding,EP300
ENSG00000100395,protein_coding,L3MBTL2
ENSG00000100399,protein_coding,CHADL
ENSG00000100401,protein_coding,RANGAP1
ENSG00000100403,protein_coding,ZC3H7B
ENSG00000100410,protein_coding,PHF5A
ENSG00000100412,protein_coding,ACO2
ENSG00000100413,protein_coding,POLR3H
ENSG00000100416,protein_coding,TRMU
ENSG00000100417,protein_coding,PMM1
ENSG00000100418,protein_coding,DESI1
ENSG00000100422,protein_coding,CERK
ENSG00000100425,protein_coding,BRD1
ENSG00000100426,protein_coding,ZBED4
ENSG00000100427,protein_coding,MLC1
ENSG00000100429,protein_coding,HDAC10
ENSG00000100433,protein_coding,KCNK10
ENSG00000100439,protein_coding,ABHD4
ENSG00000100441,protein_coding,KHNYN
ENSG00000100442,protein_coding,FKBP3
ENSG00000100445,protein_coding,SDR39U1
ENSG00000100450,protein_coding,GZMH
ENSG00000100453,protein_coding,GZMB
ENSG00000100461,protein_coding,RBM23
ENSG00000100462,protein_coding,PRMT5
ENSG00000100473,protein_coding,COCH
ENSG00000100478,protein_coding,AP4S1
ENSG00000100479,protein_coding,POLE2
ENSG00000100483,protein_coding,VCPKMT
ENSG00000100485,protein_coding,SOS2
ENSG00000100490,protein_coding,CDKL1
ENSG00000100503,protein_coding,NIN
ENSG00000100504,protein_coding,PYGL
ENSG00000100505,protein_coding,TRIM9
ENSG00000100519,protein_coding,PSMC6
ENSG00000100522,protein_coding,GNPNAT1
ENSG00000100523,protein_coding,DDHD1
ENSG00000100526,protein_coding,CDKN3
ENSG00000100528,protein_coding,CNIH1
ENSG00000100532,protein_coding,CGRRF1
ENSG00000100554,protein_coding,ATP6V1D
ENSG00000100564,protein_coding,PIGH
ENSG00000100567,protein_coding,PSMA3
ENSG00000100568,protein_coding,VTI1B
ENSG00000100575,protein_coding,TIMM9
ENSG00000100577,protein_coding,GSTZ1
ENSG00000100578,protein_coding,KIAA0586
ENSG00000100580,protein_coding,TMED8
ENSG00000100583,protein_coding,SAMD15
ENSG00000100591,protein_coding,AHSA1
ENSG00000100592,protein_coding,DAAM1
ENSG00000100596,protein_coding,SPTLC2
ENSG00000100599,protein_coding,RIN3
ENSG00000100600,protein_coding,LGMN
ENSG00000100601,protein_coding,ALKBH1
ENSG00000100603,protein_coding,SNW1
ENSG00000100604,protein_coding,CHGA
ENSG00000100605,protein_coding,ITPK1
ENSG00000100612,protein_coding,DHRS7
ENSG00000100614,protein_coding,PPM1A
ENSG00000100625,protein_coding,SIX4
ENSG00000100626,protein_coding,GALNT16
ENSG00000100628,protein_coding,ASB2
ENSG00000100629,protein_coding,CEP128
ENSG00000100632,protein_coding,ERH
ENSG00000100644,protein_coding,HIF1A
ENSG00000100647,protein_coding,SUSD6
ENSG00000100650,protein_coding,SRSF5
ENSG00000100652,protein_coding,SLC10A1
ENSG00000100664,protein_coding,EIF5
ENSG00000100678,protein_coding,SLC8A3
ENSG00000100697,protein_coding,DICER1
ENSG00000100711,protein_coding,ZFYVE21
ENSG00000100714,protein_coding,MTHFD1
ENSG00000100722,protein_coding,ZC3H14
ENSG00000100726,protein_coding,TELO2
ENSG00000100731,protein_coding,PCNX1
ENSG00000100744,protein_coding,GSKIP
ENSG00000100749,protein_coding,VRK1
ENSG00000100764,protein_coding,PSMC1
ENSG00000100767,protein_coding,PAPLN
ENSG00000100796,protein_coding,PPP4R3A
ENSG00000100802,protein_coding,C14orf93
ENSG00000100804,protein_coding,PSMB5
ENSG00000100811,protein_coding,YY1
ENSG00000100813,protein_coding,ACIN1
ENSG00000100814,protein_coding,CCNB1IP1
ENSG00000100815,protein_coding,TRIP11
ENSG00000100823,protein_coding,APEX1
ENSG00000100836,protein_coding,PABPN1
ENSG00000100842,protein_coding,EFS
ENSG00000100852,protein_coding,ARHGAP5
ENSG00000100865,protein_coding,CINP
ENSG00000100883,protein_coding,SRP54
ENSG00000100884,protein_coding,CPNE6
ENSG00000100888,protein_coding,CHD8
ENSG00000100897,protein_coding,DCAF11
ENSG00000100906,protein_coding,NFKBIA
ENSG00000100908,protein_coding,EMC9
ENSG00000100911,protein_coding,PSME2
ENSG00000100916,protein_coding,BRMS1L
ENSG00000100918,protein_coding,REC8
ENSG00000100934,protein_coding,SEC23A
ENSG00000100938,protein_coding,GMPR2
ENSG00000100941,protein_coding,PNN
ENSG00000100949,protein_coding,RABGGTA
ENSG00000100968,protein_coding,NFATC4
ENSG00000100979,protein_coding,PLTP
ENSG00000100982,protein_coding,PCIF1
ENSG00000100983,protein_coding,GSS
ENSG00000100987,protein_coding,VSX1
ENSG00000100991,protein_coding,TRPC4AP
ENSG00000100994,protein_coding,PYGB
ENSG00000100997,protein_coding,ABHD12
ENSG00000101003,protein_coding,GINS1
ENSG00000101004,protein_coding,NINL
ENSG00000101017,protein_coding,CD40
ENSG00000101019,protein_coding,UQCC1
ENSG00000101040,protein_coding,ZMYND8
ENSG00000101049,protein_coding,SGK2
ENSG00000101052,protein_coding,IFT52
ENSG00000101079,protein_coding,NDRG3
ENSG00000101082,protein_coding,SLA2
ENSG00000101084,protein_coding,RAB5IF
ENSG00000101096,protein_coding,NFATC2
ENSG00000101098,protein_coding,RIMS4
ENSG00000101104,protein_coding,PABPC1L
ENSG00000101109,protein_coding,STK4
ENSG00000101126,protein_coding,ADNP
ENSG00000101132,protein_coding,PFDN4
ENSG00000101134,protein_coding,DOK5
ENSG00000101138,protein_coding,CSTF1
ENSG00000101144,protein_coding,BMP7
ENSG00000101146,protein_coding,RAE1
ENSG00000101150,protein_coding,TPD52L2
ENSG00000101152,protein_coding,DNAJC5
ENSG00000101158,protein_coding,NELFCD
ENSG00000101160,protein_coding,CTSZ
ENSG00000101161,protein_coding,PRPF6
ENSG00000101166,protein_coding,PRELID3B
ENSG00000101180,protein_coding,HRH3
ENSG00000101181,protein_coding,MTG2
ENSG00000101182,protein_coding,PSMA7
ENSG00000101187,protein_coding,SLCO4A1
ENSG00000101188,protein_coding,NTSR1
ENSG00000101189,protein_coding,MRGBP
ENSG00000101190,protein_coding,TCFL5
ENSG00000101191,protein_coding,DIDO1
ENSG00000101193,protein_coding,GID8
ENSG00000101198,protein_coding,NKAIN4
ENSG00000101199,protein_coding,ARFGAP1
ENSG00000101203,protein_coding,COL20A1
ENSG00000101204,protein_coding,CHRNA4
ENSG00000101210,protein_coding,EEF1A2
ENSG00000101216,protein_coding,GMEB2
ENSG00000101220,protein_coding,C20orf27
ENSG00000101222,protein_coding,SPEF1
ENSG00000101224,protein_coding,CDC25B
ENSG00000101230,protein_coding,ISM1
ENSG00000101236,protein_coding,RNF24
ENSG00000101246,protein_coding,ARFRP1
ENSG00000101247,protein_coding,NDUFAF5
ENSG00000101251,protein_coding,SEL1L2
ENSG00000101255,protein_coding,TRIB3
ENSG00000101265,protein_coding,RASSF2
ENSG00000101266,protein_coding,CSNK2A1
ENSG00000101282,protein_coding,RSPO4
ENSG00000101290,protein_coding,CDS2
ENSG00000101294,protein_coding,HM13
ENSG00000101298,protein_coding,SNPH
ENSG00000101310,protein_coding,SEC23B
ENSG00000101311,protein_coding,FERMT1
ENSG00000101327,protein_coding,PDYN
ENSG00000101331,protein_coding,CCM2L
ENSG00000101333,protein_coding,PLCB4
ENSG00000101335,protein_coding,MYL9
ENSG00000101336,protein_coding,HCK
ENSG00000101337,protein_coding,TM9SF4
ENSG00000101343,protein_coding,CRNKL1
ENSG00000101346,protein_coding,POFUT1
ENSG00000101347,protein_coding,SAMHD1
ENSG00000101349,protein_coding,PAK5
ENSG00000101350,protein_coding,KIF3B
ENSG00000101353,protein_coding,MROH8
ENSG00000101361,protein_coding,NOP56
ENSG00000101363,protein_coding,MANBAL
ENSG00000101365,protein_coding,IDH3B
ENSG00000101367,protein_coding,MAPRE1
ENSG00000101384,protein_coding,JAG1
ENSG00000101391,protein_coding,CDK5RAP1
ENSG00000101400,protein_coding,SNTA1
ENSG00000101407,protein_coding,TTI1
ENSG00000101412,protein_coding,E2F1
ENSG00000101413,protein_coding,RPRD1B
ENSG00000101417,protein_coding,PXMP4
ENSG00000101421,protein_coding,CHMP4B
ENSG00000101438,protein_coding,SLC32A1
ENSG00000101439,protein_coding,CST3
ENSG00000101440,protein_coding,ASIP
ENSG00000101442,protein_coding,ACTR5
ENSG00000101443,protein_coding,WFDC2
ENSG00000101444,protein_coding,AHCY
ENSG00000101445,protein_coding,PPP1R16B
ENSG00000101447,protein_coding,FAM83D
ENSG00000101452,protein_coding,DHX35
ENSG00000101457,protein_coding,DNTTIP1
ENSG00000101460,protein_coding,MAP1LC3A
ENSG00000101463,protein_coding,SYNDIG1
ENSG00000101464,protein_coding,PIGU
ENSG00000101470,protein_coding,TNNC2
ENSG00000101473,protein_coding,ACOT8
ENSG00000101474,protein_coding,APMAP
ENSG00000101489,protein_coding,CELF4
ENSG00000101493,protein_coding,ZNF516
ENSG00000101542,protein_coding,CDH20
ENSG00000101544,protein_coding,ADNP2
ENSG00000101557,protein_coding,USP14
ENSG00000101558,protein_coding,VAPA
ENSG00000101574,protein_coding,METTL4
ENSG00000101577,protein_coding,LPIN2
ENSG00000101596,protein_coding,SMCHD1
ENSG00000101605,protein_coding,MYOM1
ENSG00000101608,protein_coding,MYL12A
ENSG00000101624,protein_coding,CEP76
ENSG00000101638,protein_coding,ST8SIA5
ENSG00000101639,protein_coding,CEP192
ENSG00000101654,protein_coding,RNMT
ENSG00000101665,protein_coding,SMAD7
ENSG00000101680,protein_coding,LAMA1
ENSG00000101695,protein_coding,RNF125
ENSG00000101745,protein_coding,ANKRD12
ENSG00000101746,protein_coding,NOL4
ENSG00000101751,protein_coding,POLI
ENSG00000101752,protein_coding,MIB1
ENSG00000101773,protein_coding,RBBP8
ENSG00000101782,protein_coding,RIOK3
ENSG00000101811,protein_coding,CSTF2
ENSG00000101842,protein_coding,VSIG1
ENSG00000101843,protein_coding,PSMD10
ENSG00000101844,protein_coding,ATG4A
ENSG00000101846,protein_coding,STS
ENSG00000101849,protein_coding,TBL1X
ENSG00000101850,protein_coding,GPR143
ENSG00000101856,protein_coding,PGRMC1
ENSG00000101868,protein_coding,POLA1
ENSG00000101871,protein_coding,MID1
ENSG00000101882,protein_coding,NKAP
ENSG00000101883,protein_coding,RHOXF1
ENSG00000101890,protein_coding,GUCY2F
ENSG00000101901,protein_coding,ALG13
ENSG00000101911,protein_coding,PRPS2
ENSG00000101928,protein_coding,MOSPD1
ENSG00000101935,protein_coding,AMMECR1
ENSG00000101938,protein_coding,CHRDL1
ENSG00000101940,protein_coding,WDR13
ENSG00000101945,protein_coding,SUV39H1
ENSG00000101955,protein_coding,SRPX
ENSG00000101958,protein_coding,GLRA2
ENSG00000101966,protein_coding,XIAP
ENSG00000101972,protein_coding,STAG2
ENSG00000101974,protein_coding,ATP11C
ENSG00000101977,protein_coding,MCF2
ENSG00000101997,protein_coding,CCDC22
ENSG00000102001,protein_coding,CACNA1F
ENSG00000102003,protein_coding,SYP
ENSG00000102007,protein_coding,PLP2
ENSG00000102010,protein_coding,BMX
ENSG00000102024,protein_coding,PLS3
ENSG00000102032,protein_coding,RENBP
ENSG00000102038,protein_coding,SMARCA1
ENSG00000102043,protein_coding,MTMR8
ENSG00000102048,protein_coding,ASB9
ENSG00000102053,protein_coding,ZC3H12B
ENSG00000102054,protein_coding,RBBP7
ENSG00000102078,protein_coding,SLC25A14
ENSG00000102081,protein_coding,FMR1
ENSG00000102096,protein_coding,PIM2
ENSG00000102098,protein_coding,SCML2
ENSG00000102100,protein_coding,SLC35A2
ENSG00000102103,protein_coding,PQBP1
ENSG00000102109,protein_coding,PCSK1N
ENSG00000102119,protein_coding,EMD
ENSG00000102125,protein_coding,TAZ
ENSG00000102144,protein_coding,PGK1
ENSG00000102158,protein_coding,MAGT1
ENSG00000102172,protein_coding,SMS
ENSG00000102174,protein_coding,PHEX
ENSG00000102178,protein_coding,UBL4A
ENSG00000102181,protein_coding,CD99L2
ENSG00000102189,protein_coding,EEA1
ENSG00000102218,protein_coding,RP2
ENSG00000102221,protein_coding,JADE3
ENSG00000102225,protein_coding,CDK16
ENSG00000102226,protein_coding,USP11
ENSG00000102230,protein_coding,PCYT1B
ENSG00000102241,protein_coding,HTATSF1
ENSG00000102265,protein_coding,TIMP1
ENSG00000102271,protein_coding,KLHL4
ENSG00000102287,protein_coding,GABRE
ENSG00000102290,protein_coding,PCDH11X
ENSG00000102302,protein_coding,FGD1
ENSG00000102309,protein_coding,PIN4
ENSG00000102312,protein_coding,PORCN
ENSG00000102316,protein_coding,MAGED2
ENSG00000102317,protein_coding,RBM3
ENSG00000102349,protein_coding,KLF8
ENSG00000102359,protein_coding,SRPX2
ENSG00000102362,protein_coding,SYTL4
ENSG00000102383,protein_coding,ZDHHC15
ENSG00000102384,protein_coding,CENPI
ENSG00000102385,protein_coding,DRP2
ENSG00000102387,protein_coding,TAF7L
ENSG00000102390,protein_coding,PBDC1
ENSG00000102393,protein_coding,GLA
ENSG00000102401,protein_coding,ARMCX3
ENSG00000102409,protein_coding,BEX4
ENSG00000102445,protein_coding,RUBCNL
ENSG00000102452,protein_coding,NALCN
ENSG00000102466,protein_coding,FGF14
ENSG00000102468,protein_coding,HTR2A
ENSG00000102471,protein_coding,NDFIP2
ENSG00000102524,protein_coding,TNFSF13B
ENSG00000102531,protein_coding,FNDC3A
ENSG00000102543,protein_coding,CDADC1
ENSG00000102547,protein_coding,CAB39L
ENSG00000102554,protein_coding,KLF5
ENSG00000102572,protein_coding,STK24
ENSG00000102580,protein_coding,DNAJC3
ENSG00000102595,protein_coding,UGGT2
ENSG00000102606,protein_coding,ARHGEF7
ENSG00000102678,protein_coding,FGF9
ENSG00000102683,protein_coding,SGCG
ENSG00000102699,protein_coding,PARP4
ENSG00000102710,protein_coding,SUPT20H
ENSG00000102738,protein_coding,MRPS31
ENSG00000102743,protein_coding,SLC25A15
ENSG00000102753,protein_coding,KPNA3
ENSG00000102755,protein_coding,FLT1
ENSG00000102760,protein_coding,RGCC
ENSG00000102763,protein_coding,VWA8
ENSG00000102780,protein_coding,DGKH
ENSG00000102781,protein_coding,KATNAL1
ENSG00000102786,protein_coding,INTS6
ENSG00000102796,protein_coding,DHRS12
ENSG00000102804,protein_coding,TSC22D1
ENSG00000102805,protein_coding,CLN5
ENSG00000102858,protein_coding,MGRN1
ENSG00000102870,protein_coding,ZNF629
ENSG00000102871,protein_coding,TRADD
ENSG00000102878,protein_coding,HSF4
ENSG00000102879,protein_coding,CORO1A
ENSG00000102882,protein_coding,MAPK3
ENSG00000102890,protein_coding,ELMO3
ENSG00000102893,protein_coding,PHKB
ENSG00000102897,protein_coding,LYRM1
ENSG00000102898,protein_coding,NUTF2
ENSG00000102900,protein_coding,NUP93
ENSG00000102901,protein_coding,CENPT
ENSG00000102904,protein_coding,TSNAXIP1
ENSG00000102908,protein_coding,NFAT5
ENSG00000102910,protein_coding,LONP2
ENSG00000102921,protein_coding,N4BP1
ENSG00000102924,protein_coding,CBLN1
ENSG00000102931,protein_coding,ARL2BP
ENSG00000102934,protein_coding,PLLP
ENSG00000102935,protein_coding,ZNF423
ENSG00000102967,protein_coding,DHODH
ENSG00000102974,protein_coding,CTCF
ENSG00000102977,protein_coding,ACD
ENSG00000102978,protein_coding,POLR2C
ENSG00000102981,protein_coding,PARD6A
ENSG00000102984,protein_coding,ZNF821
ENSG00000102996,protein_coding,MMP15
ENSG00000103005,protein_coding,USB1
ENSG00000103018,protein_coding,CYB5B
ENSG00000103021,protein_coding,CCDC113
ENSG00000103024,protein_coding,NME3
ENSG00000103034,protein_coding,NDRG4
ENSG00000103035,protein_coding,PSMD7
ENSG00000103037,protein_coding,SETD6
ENSG00000103042,protein_coding,SLC38A7
ENSG00000103043,protein_coding,VAC14
ENSG00000103047,protein_coding,TANGO6
ENSG00000103051,protein_coding,COG4
ENSG00000103056,protein_coding,SMPD3
ENSG00000103061,protein_coding,SLC7A6OS
ENSG00000103064,protein_coding,SLC7A6
ENSG00000103066,protein_coding,PLA2G15
ENSG00000103089,protein_coding,FA2H
ENSG00000103091,protein_coding,WDR59
ENSG00000103111,protein_coding,MON1B
ENSG00000103121,protein_coding,CMC2
ENSG00000103126,protein_coding,AXIN1
ENSG00000103145,protein_coding,HCFC1R1
ENSG00000103148,protein_coding,NPRL3
ENSG00000103152,protein_coding,MPG
ENSG00000103154,protein_coding,NECAB2
ENSG00000103160,protein_coding,HSDL1
ENSG00000103168,protein_coding,TAF1C
ENSG00000103174,protein_coding,NAGPA
ENSG00000103175,protein_coding,WFDC1
ENSG00000103184,protein_coding,SEC14L5
ENSG00000103187,protein_coding,COTL1
ENSG00000103194,protein_coding,USP10
ENSG00000103196,protein_coding,CRISPLD2
ENSG00000103197,protein_coding,TSC2
ENSG00000103199,protein_coding,ZNF500
ENSG00000103202,protein_coding,NME4
ENSG00000103222,protein_coding,ABCC1
ENSG00000103226,protein_coding,NOMO3
ENSG00000103227,protein_coding,LMF1
ENSG00000103245,protein_coding,CIAO3
ENSG00000103248,protein_coding,MTHFSD
ENSG00000103249,protein_coding,CLCN7
ENSG00000103253,protein_coding,HAGHL
ENSG00000103254,protein_coding,ANTKMT
ENSG00000103257,protein_coding,SLC7A5
ENSG00000103260,protein_coding,METRN
ENSG00000103264,protein_coding,FBXO31
ENSG00000103266,protein_coding,STUB1
ENSG00000103269,protein_coding,RHBDL1
ENSG00000103274,protein_coding,NUBP1
ENSG00000103275,protein_coding,UBE2I
ENSG00000103316,protein_coding,CRYM
ENSG00000103319,protein_coding,EEF2K
ENSG00000103326,protein_coding,CAPN15
ENSG00000103335,protein_coding,PIEZO1
ENSG00000103342,protein_coding,GSPT1
ENSG00000103351,protein_coding,CLUAP1
ENSG00000103353,protein_coding,UBFD1
ENSG00000103356,protein_coding,EARS2
ENSG00000103363,protein_coding,ELOB
ENSG00000103365,protein_coding,GGA2
ENSG00000103381,protein_coding,CPPED1
ENSG00000103404,protein_coding,USP31
ENSG00000103415,protein_coding,HMOX2
ENSG00000103423,protein_coding,DNAJA3
ENSG00000103429,protein_coding,BFAR
ENSG00000103449,protein_coding,SALL1
ENSG00000103460,protein_coding,TOX3
ENSG00000103479,protein_coding,RBL2
ENSG00000103485,protein_coding,QPRT
ENSG00000103489,protein_coding,XYLT1
ENSG00000103490,protein_coding,PYCARD
ENSG00000103494,protein_coding,RPGRIP1L
ENSG00000103495,protein_coding,MAZ
ENSG00000103496,protein_coding,STX4
ENSG00000103502,protein_coding,CDIPT
ENSG00000103507,protein_coding,BCKDK
ENSG00000103510,protein_coding,KAT8
ENSG00000103512,protein_coding,NOMO1
ENSG00000103522,protein_coding,IL21R
ENSG00000103528,protein_coding,SYT17
ENSG00000103534,protein_coding,TMC5
ENSG00000103540,protein_coding,CCP110
ENSG00000103544,protein_coding,VPS35L
ENSG00000103549,protein_coding,RNF40
ENSG00000103550,protein_coding,KNOP1
ENSG00000103569,protein_coding,AQP9
ENSG00000103591,protein_coding,AAGAB
ENSG00000103599,protein_coding,IQCH
ENSG00000103642,protein_coding,LACTB
ENSG00000103647,protein_coding,CORO2B
ENSG00000103653,protein_coding,CSK
ENSG00000103657,protein_coding,HERC1
ENSG00000103671,protein_coding,TRIP4
ENSG00000103707,protein_coding,MTFMT
ENSG00000103723,protein_coding,AP3B2
ENSG00000103740,protein_coding,ACSBG1
ENSG00000103742,protein_coding,IGDCC4
ENSG00000103769,protein_coding,RAB11A
ENSG00000103811,protein_coding,CTSH
ENSG00000103852,protein_coding,TTC23
ENSG00000103855,protein_coding,CD276
ENSG00000103876,protein_coding,FAH
ENSG00000103888,protein_coding,CEMIP
ENSG00000103932,protein_coding,RPAP1
ENSG00000103942,protein_coding,HOMER2
ENSG00000103966,protein_coding,EHD4
ENSG00000103978,protein_coding,TMEM87A
ENSG00000103994,protein_coding,ZNF106
ENSG00000103995,protein_coding,CEP152
ENSG00000104043,protein_coding,ATP8B4
ENSG00000104044,protein_coding,OCA2
ENSG00000104047,protein_coding,DTWD1
ENSG00000104059,protein_coding,FAM189A1
ENSG00000104064,protein_coding,GABPB1
ENSG00000104067,protein_coding,TJP1
ENSG00000104093,protein_coding,DMXL2
ENSG00000104112,protein_coding,SCG3
ENSG00000104129,protein_coding,DNAJC17
ENSG00000104131,protein_coding,EIF3J
ENSG00000104133,protein_coding,SPG11
ENSG00000104140,protein_coding,RHOV
ENSG00000104142,protein_coding,VPS18
ENSG00000104147,protein_coding,OIP5
ENSG00000104154,protein_coding,SLC30A4
ENSG00000104177,protein_coding,MYEF2
ENSG00000104205,protein_coding,SGK3
ENSG00000104213,protein_coding,PDGFRL
ENSG00000104218,protein_coding,CSPP1
ENSG00000104219,protein_coding,ZDHHC2
ENSG00000104221,protein_coding,BRF2
ENSG00000104228,protein_coding,TRIM35
ENSG00000104231,protein_coding,ZFAND1
ENSG00000104267,protein_coding,CA2
ENSG00000104290,protein_coding,FZD3
ENSG00000104299,protein_coding,INTS9
ENSG00000104312,protein_coding,RIPK2
ENSG00000104313,protein_coding,EYA1
ENSG00000104320,protein_coding,NBN
ENSG00000104324,protein_coding,CPQ
ENSG00000104325,protein_coding,DECR1
ENSG00000104327,protein_coding,CALB1
ENSG00000104331,protein_coding,IMPAD1
ENSG00000104332,protein_coding,SFRP1
ENSG00000104341,protein_coding,LAPTM4B
ENSG00000104356,protein_coding,POP1
ENSG00000104361,protein_coding,NIPAL2
ENSG00000104365,protein_coding,IKBKB
ENSG00000104368,protein_coding,PLAT
ENSG00000104369,protein_coding,JPH1
ENSG00000104375,protein_coding,STK3
ENSG00000104381,protein_coding,GDAP1
ENSG00000104388,protein_coding,RAB2A
ENSG00000104408,protein_coding,EIF3E
ENSG00000104412,protein_coding,EMC2
ENSG00000104413,protein_coding,ESRP1
ENSG00000104415,protein_coding,CCN4
ENSG00000104419,protein_coding,NDRG1
ENSG00000104427,protein_coding,ZC2HC1A
ENSG00000104432,protein_coding,IL7
ENSG00000104435,protein_coding,STMN2
ENSG00000104442,protein_coding,ARMC1
ENSG00000104447,protein_coding,TRPS1
ENSG00000104450,protein_coding,SPAG1
ENSG00000104472,protein_coding,CHRAC1
ENSG00000104490,protein_coding,NCALD
ENSG00000104497,protein_coding,SNX16
ENSG00000104499,protein_coding,GML
ENSG00000104517,protein_coding,UBR5
ENSG00000104522,protein_coding,TSTA3
ENSG00000104524,protein_coding,PYCR3
ENSG00000104529,protein_coding,EEF1D
ENSG00000104549,protein_coding,SQLE
ENSG00000104611,protein_coding,SH2D4A
ENSG00000104613,protein_coding,INTS10
ENSG00000104626,protein_coding,ERI1
ENSG00000104635,protein_coding,SLC39A14
ENSG00000104643,protein_coding,MTMR9
ENSG00000104660,protein_coding,LEPROTL1
ENSG00000104671,protein_coding,DCTN6
ENSG00000104679,protein_coding,R3HCC1
ENSG00000104687,protein_coding,GSR
ENSG00000104689,protein_coding,TNFRSF10A
ENSG00000104695,protein_coding,PPP2CB
ENSG00000104714,protein_coding,ERICH1
ENSG00000104722,protein_coding,NEFM
ENSG00000104723,protein_coding,TUSC3
ENSG00000104728,protein_coding,ARHGEF10
ENSG00000104731,protein_coding,KLHDC4
ENSG00000104738,protein_coding,MCM4
ENSG00000104756,protein_coding,KCTD9
ENSG00000104760,protein_coding,FGL1
ENSG00000104763,protein_coding,ASAH1
ENSG00000104765,protein_coding,BNIP3L
ENSG00000104774,protein_coding,MAN2B1
ENSG00000104783,protein_coding,KCNN4
ENSG00000104804,protein_coding,TULP2
ENSG00000104805,protein_coding,NUCB1
ENSG00000104808,protein_coding,DHDH
ENSG00000104812,protein_coding,GYS1
ENSG00000104814,protein_coding,MAP4K1
ENSG00000104823,protein_coding,ECH1
ENSG00000104824,protein_coding,HNRNPL
ENSG00000104825,protein_coding,NFKBIB
ENSG00000104833,protein_coding,TUBB4A
ENSG00000104835,protein_coding,SARS2
ENSG00000104852,protein_coding,SNRNP70
ENSG00000104853,protein_coding,CLPTM1
ENSG00000104856,protein_coding,RELB
ENSG00000104859,protein_coding,CLASRP
ENSG00000104863,protein_coding,LIN7B
ENSG00000104870,protein_coding,FCGRT
ENSG00000104872,protein_coding,PIH1D1
ENSG00000104880,protein_coding,ARHGEF18
ENSG00000104881,protein_coding,PPP1R13L
ENSG00000104883,protein_coding,PEX11G
ENSG00000104884,protein_coding,ERCC2
ENSG00000104885,protein_coding,DOT1L
ENSG00000104886,protein_coding,PLEKHJ1
ENSG00000104888,protein_coding,SLC17A7
ENSG00000104889,protein_coding,RNASEH2A
ENSG00000104894,protein_coding,CD37
ENSG00000104897,protein_coding,SF3A2
ENSG00000104899,protein_coding,AMH
ENSG00000104903,protein_coding,LYL1
ENSG00000104904,protein_coding,OAZ1
ENSG00000104907,protein_coding,TRMT1
ENSG00000104915,protein_coding,STX10
ENSG00000104936,protein_coding,DMPK
ENSG00000104946,protein_coding,TBC1D17
ENSG00000104951,protein_coding,IL4I1
ENSG00000104957,protein_coding,CCDC130
ENSG00000104960,protein_coding,PTOV1
ENSG00000104964,protein_coding,TLE5
ENSG00000104967,protein_coding,NOVA2
ENSG00000104969,protein_coding,SGTA
ENSG00000104972,protein_coding,LILRB1
ENSG00000104973,protein_coding,MED25
ENSG00000104976,protein_coding,SNAPC2
ENSG00000104979,protein_coding,C19orf53
ENSG00000104980,protein_coding,TIMM44
ENSG00000104983,protein_coding,CCDC61
ENSG00000104998,protein_coding,IL27RA
ENSG00000105011,protein_coding,ASF1B
ENSG00000105048,protein_coding,TNNT1
ENSG00000105053,protein_coding,VRK3
ENSG00000105058,protein_coding,FAM32A
ENSG00000105063,protein_coding,PPP6R1
ENSG00000105072,protein_coding,C19orf44
ENSG00000105088,protein_coding,OLFM2
ENSG00000105127,protein_coding,AKAP8
ENSG00000105135,protein_coding,ILVBL
ENSG00000105143,protein_coding,SLC1A6
ENSG00000105171,protein_coding,POP4
ENSG00000105173,protein_coding,CCNE1
ENSG00000105176,protein_coding,URI1
ENSG00000105185,protein_coding,PDCD5
ENSG00000105186,protein_coding,ANKRD27
ENSG00000105197,protein_coding,TIMM50
ENSG00000105202,protein_coding,FBL
ENSG00000105204,protein_coding,DYRK1B
ENSG00000105219,protein_coding,CNTD2
ENSG00000105220,protein_coding,GPI
ENSG00000105221,protein_coding,AKT2
ENSG00000105223,protein_coding,PLD3
ENSG00000105227,protein_coding,PRX
ENSG00000105229,protein_coding,PIAS4
ENSG00000105245,protein_coding,NUMBL
ENSG00000105246,protein_coding,EBI3
ENSG00000105248,protein_coding,YJU2
ENSG00000105251,protein_coding,SHD
ENSG00000105254,protein_coding,TBCB
ENSG00000105255,protein_coding,FSD1
ENSG00000105258,protein_coding,POLR2I
ENSG00000105270,protein_coding,CLIP3
ENSG00000105278,protein_coding,ZFR2
ENSG00000105287,protein_coding,PRKD2
ENSG00000105289,protein_coding,TJP3
ENSG00000105290,protein_coding,APLP1
ENSG00000105298,protein_coding,CACTIN
ENSG00000105321,protein_coding,CCDC9
ENSG00000105323,protein_coding,HNRNPUL1
ENSG00000105325,protein_coding,FZR1
ENSG00000105327,protein_coding,BBC3
ENSG00000105329,protein_coding,TGFB1
ENSG00000105339,protein_coding,DENND3
ENSG00000105341,protein_coding,DMAC2
ENSG00000105355,protein_coding,PLIN3
ENSG00000105357,protein_coding,MYH14
ENSG00000105364,protein_coding,MRPL4
ENSG00000105373,protein_coding,NOP53
ENSG00000105374,protein_coding,NKG7
ENSG00000105376,protein_coding,ICAM5
ENSG00000105379,protein_coding,ETFB
ENSG00000105392,protein_coding,CRX
ENSG00000105397,protein_coding,TYK2
ENSG00000105398,protein_coding,SULT2A1
ENSG00000105401,protein_coding,CDC37
ENSG00000105402,protein_coding,NAPA
ENSG00000105404,protein_coding,RABAC1
ENSG00000105409,protein_coding,ATP1A3
ENSG00000105419,protein_coding,MEIS3
ENSG00000105426,protein_coding,PTPRS
ENSG00000105429,protein_coding,MEGF8
ENSG00000105438,protein_coding,KDELR1
ENSG00000105443,protein_coding,CYTH2
ENSG00000105447,protein_coding,GRWD1
ENSG00000105464,protein_coding,GRIN2D
ENSG00000105472,protein_coding,CLEC11A
ENSG00000105483,protein_coding,CARD8
ENSG00000105486,protein_coding,LIG1
ENSG00000105497,protein_coding,ZNF175
ENSG00000105499,protein_coding,PLA2G4C
ENSG00000105509,protein_coding,HAS1
ENSG00000105514,protein_coding,RAB3D
ENSG00000105516,protein_coding,DBP
ENSG00000105519,protein_coding,CAPS
ENSG00000105520,protein_coding,PLPPR2
ENSG00000105538,protein_coding,RASIP1
ENSG00000105552,protein_coding,BCAT2
ENSG00000105556,protein_coding,MIER2
ENSG00000105568,protein_coding,PPP2R1A
ENSG00000105576,protein_coding,TNPO2
ENSG00000105605,protein_coding,CACNG7
ENSG00000105607,protein_coding,GCDH
ENSG00000105612,protein_coding,DNASE2
ENSG00000105613,protein_coding,MAST1
ENSG00000105617,protein_coding,LENG1
ENSG00000105618,protein_coding,PRPF31
ENSG00000105619,protein_coding,TFPT
ENSG00000105639,protein_coding,JAK3
ENSG00000105640,protein_coding,RPL18A
ENSG00000105641,protein_coding,SLC5A5
ENSG00000105642,protein_coding,KCNN1
ENSG00000105643,protein_coding,ARRDC2
ENSG00000105649,protein_coding,RAB3A
ENSG00000105650,protein_coding,PDE4C
ENSG00000105655,protein_coding,ISYNA1
ENSG00000105656,protein_coding,ELL
ENSG00000105662,protein_coding,CRTC1
ENSG00000105669,protein_coding,COPE
ENSG00000105671,protein_coding,DDX49
ENSG00000105675,protein_coding,ATP4A
ENSG00000105676,protein_coding,ARMC6
ENSG00000105677,protein_coding,TMEM147
ENSG00000105679,protein_coding,GAPDHS
ENSG00000105695,protein_coding,MAG
ENSG00000105696,protein_coding,TMEM59L
ENSG00000105697,protein_coding,HAMP
ENSG00000105698,protein_coding,USF2
ENSG00000105700,protein_coding,KXD1
ENSG00000105701,protein_coding,FKBP8
ENSG00000105705,protein_coding,SUGP1
ENSG00000105707,protein_coding,HPN
ENSG00000105708,protein_coding,ZNF14
ENSG00000105711,protein_coding,SCN1B
ENSG00000105717,protein_coding,PBX4
ENSG00000105723,protein_coding,GSK3A
ENSG00000105726,protein_coding,ATP13A1
ENSG00000105732,protein_coding,ZNF574
ENSG00000105737,protein_coding,GRIK5
ENSG00000105738,protein_coding,SIPA1L3
ENSG00000105750,protein_coding,ZNF85
ENSG00000105755,protein_coding,ETHE1
ENSG00000105767,protein_coding,CADM4
ENSG00000105771,protein_coding,SMG9
ENSG00000105778,protein_coding,AVL9
ENSG00000105784,protein_coding,RUNDC3B
ENSG00000105792,protein_coding,CFAP69
ENSG00000105793,protein_coding,GTPBP10
ENSG00000105810,protein_coding,CDK6
ENSG00000105819,protein_coding,PMPCB
ENSG00000105821,protein_coding,DNAJC2
ENSG00000105829,protein_coding,BET1
ENSG00000105835,protein_coding,NAMPT
ENSG00000105849,protein_coding,TWISTNB
ENSG00000105854,protein_coding,PON2
ENSG00000105855,protein_coding,ITGB8
ENSG00000105856,protein_coding,HBP1
ENSG00000105865,protein_coding,DUS4L
ENSG00000105866,protein_coding,SP4
ENSG00000105875,protein_coding,WDR91
ENSG00000105877,protein_coding,DNAH11
ENSG00000105879,protein_coding,CBLL1
ENSG00000105880,protein_coding,DLX5
ENSG00000105887,protein_coding,MTPN
ENSG00000105889,protein_coding,STEAP1B
ENSG00000105894,protein_coding,PTN
ENSG00000105926,protein_coding,MPP6
ENSG00000105928,protein_coding,GSDME
ENSG00000105929,protein_coding,ATP6V0A4
ENSG00000105939,protein_coding,ZC3HAV1
ENSG00000105948,protein_coding,TTC26
ENSG00000105953,protein_coding,OGDH
ENSG00000105963,protein_coding,ADAP1
ENSG00000105967,protein_coding,TFEC
ENSG00000105968,protein_coding,H2AFV
ENSG00000105971,protein_coding,CAV2
ENSG00000105974,protein_coding,CAV1
ENSG00000105976,protein_coding,MET
ENSG00000105982,protein_coding,RNF32
ENSG00000105983,protein_coding,LMBR1
ENSG00000105989,protein_coding,WNT2
ENSG00000105993,protein_coding,DNAJB6
ENSG00000106003,protein_coding,LFNG
ENSG00000106009,protein_coding,BRAT1
ENSG00000106012,protein_coding,IQCE
ENSG00000106013,protein_coding,ANKRD7
ENSG00000106018,protein_coding,VIPR2
ENSG00000106025,protein_coding,TSPAN12
ENSG00000106028,protein_coding,SSBP1
ENSG00000106034,protein_coding,CPED1
ENSG00000106049,protein_coding,HIBADH
ENSG00000106052,protein_coding,TAX1BP1
ENSG00000106066,protein_coding,CPVL
ENSG00000106069,protein_coding,CHN2
ENSG00000106070,protein_coding,GRB10
ENSG00000106077,protein_coding,ABHD11
ENSG00000106078,protein_coding,COBL
ENSG00000106080,protein_coding,FKBP14
ENSG00000106086,protein_coding,PLEKHA8
ENSG00000106089,protein_coding,STX1A
ENSG00000106100,protein_coding,NOD1
ENSG00000106105,protein_coding,GARS
ENSG00000106113,protein_coding,CRHR2
ENSG00000106123,protein_coding,EPHB6
ENSG00000106144,protein_coding,CASP2
ENSG00000106153,protein_coding,CHCHD2
ENSG00000106211,protein_coding,HSPB1
ENSG00000106236,protein_coding,NPTX2
ENSG00000106244,protein_coding,PDAP1
ENSG00000106245,protein_coding,BUD31
ENSG00000106246,protein_coding,PTCD1
ENSG00000106258,protein_coding,CYP3A5
ENSG00000106261,protein_coding,ZKSCAN1
ENSG00000106263,protein_coding,EIF3B
ENSG00000106266,protein_coding,SNX8
ENSG00000106268,protein_coding,NUDT1
ENSG00000106278,protein_coding,PTPRZ1
ENSG00000106290,protein_coding,TAF6
ENSG00000106299,protein_coding,WASL
ENSG00000106305,protein_coding,AIMP2
ENSG00000106327,protein_coding,TFR2
ENSG00000106330,protein_coding,MOSPD3
ENSG00000106333,protein_coding,PCOLCE
ENSG00000106341,protein_coding,PPP1R17
ENSG00000106344,protein_coding,RBM28
ENSG00000106346,protein_coding,USP42
ENSG00000106348,protein_coding,IMPDH1
ENSG00000106351,protein_coding,AGFG2
ENSG00000106355,protein_coding,LSM5
ENSG00000106366,protein_coding,SERPINE1
ENSG00000106367,protein_coding,AP1S1
ENSG00000106392,protein_coding,C1GALT1
ENSG00000106397,protein_coding,PLOD3
ENSG00000106399,protein_coding,RPA3
ENSG00000106400,protein_coding,ZNHIT1
ENSG00000106404,protein_coding,CLDN15
ENSG00000106415,protein_coding,GLCCI1
ENSG00000106443,protein_coding,PHF14
ENSG00000106459,protein_coding,NRF1
ENSG00000106460,protein_coding,TMEM106B
ENSG00000106462,protein_coding,EZH2
ENSG00000106477,protein_coding,CEP41
ENSG00000106479,protein_coding,ZNF862
ENSG00000106483,protein_coding,SFRP4
ENSG00000106484,protein_coding,MEST
ENSG00000106511,protein_coding,MEOX2
ENSG00000106524,protein_coding,ANKMY2
ENSG00000106526,protein_coding,ACTR3C
ENSG00000106536,protein_coding,POU6F2
ENSG00000106537,protein_coding,TSPAN13
ENSG00000106538,protein_coding,RARRES2
ENSG00000106546,protein_coding,AHR
ENSG00000106554,protein_coding,CHCHD3
ENSG00000106565,protein_coding,TMEM176B
ENSG00000106571,protein_coding,GLI3
ENSG00000106591,protein_coding,MRPL32
ENSG00000106603,protein_coding,COA1
ENSG00000106605,protein_coding,BLVRA
ENSG00000106608,protein_coding,URGCP
ENSG00000106609,protein_coding,TMEM248
ENSG00000106615,protein_coding,RHEB
ENSG00000106617,protein_coding,PRKAG2
ENSG00000106624,protein_coding,AEBP1
ENSG00000106628,protein_coding,POLD2
ENSG00000106633,protein_coding,GCK
ENSG00000106635,protein_coding,BCL7B
ENSG00000106636,protein_coding,YKT6
ENSG00000106638,protein_coding,TBL2
ENSG00000106648,protein_coding,GALNTL5
ENSG00000106665,protein_coding,CLIP2
ENSG00000106682,protein_coding,EIF4H
ENSG00000106683,protein_coding,LIMK1
ENSG00000106686,protein_coding,SPATA6L
ENSG00000106688,protein_coding,SLC1A1
ENSG00000106689,protein_coding,LHX2
ENSG00000106692,protein_coding,FKTN
ENSG00000106701,protein_coding,FSD1L
ENSG00000106714,protein_coding,CNTNAP3
ENSG00000106723,protein_coding,SPIN1
ENSG00000106733,protein_coding,NMRK1
ENSG00000106771,protein_coding,TMEM245
ENSG00000106772,protein_coding,PRUNE2
ENSG00000106780,protein_coding,MEGF9
ENSG00000106785,protein_coding,TRIM14
ENSG00000106789,protein_coding,CORO2A
ENSG00000106799,protein_coding,TGFBR1
ENSG00000106803,protein_coding,SEC61B
ENSG00000106804,protein_coding,C5
ENSG00000106809,protein_coding,OGN
ENSG00000106819,protein_coding,ASPN
ENSG00000106823,protein_coding,ECM2
ENSG00000106829,protein_coding,TLE4
ENSG00000106852,protein_coding,LHX6
ENSG00000106853,protein_coding,PTGR1
ENSG00000106868,protein_coding,SUSD1
ENSG00000106927,protein_coding,AMBP
ENSG00000106948,protein_coding,AKNA
ENSG00000106976,protein_coding,DNM1
ENSG00000106991,protein_coding,ENG
ENSG00000106992,protein_coding,AK1
ENSG00000106993,protein_coding,CDC37L1
ENSG00000107020,protein_coding,PLGRKT
ENSG00000107021,protein_coding,TBC1D13
ENSG00000107036,protein_coding,RIC1
ENSG00000107077,protein_coding,KDM4C
ENSG00000107099,protein_coding,DOCK8
ENSG00000107104,protein_coding,KANK1
ENSG00000107105,protein_coding,ELAVL2
ENSG00000107130,protein_coding,NCS1
ENSG00000107140,protein_coding,TESK1
ENSG00000107147,protein_coding,KCNT1
ENSG00000107164,protein_coding,FUBP3
ENSG00000107165,protein_coding,TYRP1
ENSG00000107175,protein_coding,CREB3
ENSG00000107185,protein_coding,RGP1
ENSG00000107186,protein_coding,MPDZ
ENSG00000107201,protein_coding,DDX58
ENSG00000107223,protein_coding,EDF1
ENSG00000107242,protein_coding,PIP5K1B
ENSG00000107249,protein_coding,GLIS3
ENSG00000107262,protein_coding,BAG1
ENSG00000107263,protein_coding,RAPGEF1
ENSG00000107281,protein_coding,NPDC1
ENSG00000107282,protein_coding,APBA1
ENSG00000107290,protein_coding,SETX
ENSG00000107295,protein_coding,SH3GL2
ENSG00000107317,protein_coding,PTGDS
ENSG00000107331,protein_coding,ABCA2
ENSG00000107341,protein_coding,UBE2R2
ENSG00000107362,protein_coding,ABHD17B
ENSG00000107372,protein_coding,ZFAND5
ENSG00000107404,protein_coding,DVL1
ENSG00000107438,protein_coding,PDLIM1
ENSG00000107443,protein_coding,CCNJ
ENSG00000107518,protein_coding,ATRNL1
ENSG00000107521,protein_coding,HPS1
ENSG00000107537,protein_coding,PHYH
ENSG00000107551,protein_coding,RASSF4
ENSG00000107554,protein_coding,DNMBP
ENSG00000107560,protein_coding,RAB11FIP2
ENSG00000107562,protein_coding,CXCL12
ENSG00000107566,protein_coding,ERLIN1
ENSG00000107581,protein_coding,EIF3A
ENSG00000107593,protein_coding,PKD2L1
ENSG00000107611,protein_coding,CUBN
ENSG00000107614,protein_coding,TRDMT1
ENSG00000107625,protein_coding,DDX50
ENSG00000107643,protein_coding,MAPK8
ENSG00000107651,protein_coding,SEC23IP
ENSG00000107669,protein_coding,ATE1
ENSG00000107672,protein_coding,NSMCE4A
ENSG00000107679,protein_coding,PLEKHA1
ENSG00000107719,protein_coding,PALD1
ENSG00000107731,protein_coding,UNC5B
ENSG00000107736,protein_coding,CDH23
ENSG00000107738,protein_coding,VSIR
ENSG00000107742,protein_coding,SPOCK2
ENSG00000107745,protein_coding,MICU1
ENSG00000107758,protein_coding,PPP3CB
ENSG00000107771,protein_coding,CCSER2
ENSG00000107779,protein_coding,BMPR1A
ENSG00000107789,protein_coding,MINPP1
ENSG00000107796,protein_coding,ACTA2
ENSG00000107798,protein_coding,LIPA
ENSG00000107815,protein_coding,TWNK
ENSG00000107816,protein_coding,LZTS2
ENSG00000107819,protein_coding,SFXN3
ENSG00000107829,protein_coding,FBXW4
ENSG00000107833,protein_coding,NPM3
ENSG00000107854,protein_coding,TNKS2
ENSG00000107862,protein_coding,GBF1
ENSG00000107863,protein_coding,ARHGAP21
ENSG00000107864,protein_coding,CPEB3
ENSG00000107872,protein_coding,FBXL15
ENSG00000107874,protein_coding,CUEDC2
ENSG00000107882,protein_coding,SUFU
ENSG00000107890,protein_coding,ANKRD26
ENSG00000107897,protein_coding,ACBD5
ENSG00000107902,protein_coding,LHPP
ENSG00000107929,protein_coding,LARP4B
ENSG00000107937,protein_coding,GTPBP4
ENSG00000107938,protein_coding,EDRF1
ENSG00000107949,protein_coding,BCCIP
ENSG00000107951,protein_coding,MTPAP
ENSG00000107954,protein_coding,NEURL1
ENSG00000107957,protein_coding,SH3PXD2A
ENSG00000107959,protein_coding,PITRM1
ENSG00000107960,protein_coding,STN1
ENSG00000107968,protein_coding,MAP3K8
ENSG00000107984,protein_coding,DKK1
ENSG00000108010,protein_coding,GLRX3
ENSG00000108018,protein_coding,SORCS1
ENSG00000108021,protein_coding,TASOR2
ENSG00000108039,protein_coding,XPNPEP1
ENSG00000108055,protein_coding,SMC3
ENSG00000108061,protein_coding,SHOC2
ENSG00000108064,protein_coding,TFAM
ENSG00000108091,protein_coding,CCDC6
ENSG00000108094,protein_coding,CUL2
ENSG00000108100,protein_coding,CCNY
ENSG00000108106,protein_coding,UBE2S
ENSG00000108107,protein_coding,RPL28
ENSG00000108175,protein_coding,ZMIZ1
ENSG00000108176,protein_coding,DNAJC12
ENSG00000108179,protein_coding,PPIF
ENSG00000108187,protein_coding,PBLD
ENSG00000108219,protein_coding,TSPAN14
ENSG00000108231,protein_coding,LGI1
ENSG00000108239,protein_coding,TBC1D12
ENSG00000108256,protein_coding,NUFIP2
ENSG00000108262,protein_coding,GIT1
ENSG00000108298,protein_coding,RPL19
ENSG00000108306,protein_coding,FBXL20
ENSG00000108309,protein_coding,RUNDC3A
ENSG00000108312,protein_coding,UBTF
ENSG00000108344,protein_coding,PSMD3
ENSG00000108349,protein_coding,CASC3
ENSG00000108352,protein_coding,RAPGEFL1
ENSG00000108370,protein_coding,RGS9
ENSG00000108375,protein_coding,RNF43
ENSG00000108379,protein_coding,WNT3
ENSG00000108381,protein_coding,ASPA
ENSG00000108384,protein_coding,RAD51C
ENSG00000108387,protein_coding,SEPTIN4
ENSG00000108389,protein_coding,MTMR4
ENSG00000108395,protein_coding,TRIM37
ENSG00000108406,protein_coding,DHX40
ENSG00000108423,protein_coding,TUBD1
ENSG00000108424,protein_coding,KPNB1
ENSG00000108439,protein_coding,PNPO
ENSG00000108448,protein_coding,TRIM16L
ENSG00000108465,protein_coding,CDK5RAP3
ENSG00000108468,protein_coding,CBX1
ENSG00000108469,protein_coding,RECQL5
ENSG00000108474,protein_coding,PIGL
ENSG00000108479,protein_coding,GALK1
ENSG00000108506,protein_coding,INTS2
ENSG00000108509,protein_coding,CAMTA2
ENSG00000108510,protein_coding,MED13
ENSG00000108518,protein_coding,PFN1
ENSG00000108523,protein_coding,RNF167
ENSG00000108528,protein_coding,SLC25A11
ENSG00000108551,protein_coding,RASD1
ENSG00000108557,protein_coding,RAI1
ENSG00000108559,protein_coding,NUP88
ENSG00000108561,protein_coding,C1QBP
ENSG00000108578,protein_coding,BLMH
ENSG00000108582,protein_coding,CPD
ENSG00000108587,protein_coding,GOSR1
ENSG00000108588,protein_coding,CCDC47
ENSG00000108590,protein_coding,MED31
ENSG00000108591,protein_coding,DRG2
ENSG00000108592,protein_coding,FTSJ3
ENSG00000108599,protein_coding,AKAP10
ENSG00000108604,protein_coding,SMARCD2
ENSG00000108622,protein_coding,ICAM2
ENSG00000108639,protein_coding,SYNGR2
ENSG00000108641,protein_coding,B9D1
ENSG00000108651,protein_coding,UTP6
ENSG00000108654,protein_coding,DDX5
ENSG00000108666,protein_coding,C17orf75
ENSG00000108669,protein_coding,CYTH1
ENSG00000108671,protein_coding,PSMD11
ENSG00000108679,protein_coding,LGALS3BP
ENSG00000108684,protein_coding,ASIC2
ENSG00000108691,protein_coding,CCL2
ENSG00000108733,protein_coding,PEX12
ENSG00000108771,protein_coding,DHX58
ENSG00000108773,protein_coding,KAT2A
ENSG00000108784,protein_coding,NAGLU
ENSG00000108786,protein_coding,HSD17B1
ENSG00000108788,protein_coding,MLX
ENSG00000108797,protein_coding,CNTNAP1
ENSG00000108798,protein_coding,ABI3
ENSG00000108799,protein_coding,EZH1
ENSG00000108819,protein_coding,PPP1R9B
ENSG00000108821,protein_coding,COL1A1
ENSG00000108826,protein_coding,MRPL27
ENSG00000108828,protein_coding,VAT1
ENSG00000108829,protein_coding,LRRC59
ENSG00000108830,protein_coding,RND2
ENSG00000108840,protein_coding,HDAC5
ENSG00000108846,protein_coding,ABCC3
ENSG00000108848,protein_coding,LUC7L3
ENSG00000108852,protein_coding,MPP2
ENSG00000108854,protein_coding,SMURF2
ENSG00000108861,protein_coding,DUSP3
ENSG00000108883,protein_coding,EFTUD2
ENSG00000108924,protein_coding,HLF
ENSG00000108932,protein_coding,SLC16A6
ENSG00000108946,protein_coding,PRKAR1A
ENSG00000108947,protein_coding,EFNB3
ENSG00000108950,protein_coding,FAM20A
ENSG00000108953,protein_coding,YWHAE
ENSG00000108960,protein_coding,MMD
ENSG00000108961,protein_coding,RANGRF
ENSG00000108963,protein_coding,DPH1
ENSG00000108984,protein_coding,MAP2K6
ENSG00000109016,protein_coding,DHRS7B
ENSG00000109046,protein_coding,WSB1
ENSG00000109062,protein_coding,SLC9A3R1
ENSG00000109063,protein_coding,MYH3
ENSG00000109065,protein_coding,NAT9
ENSG00000109066,protein_coding,TMEM104
ENSG00000109079,protein_coding,TNFAIP1
ENSG00000109083,protein_coding,IFT20
ENSG00000109084,protein_coding,TMEM97
ENSG00000109089,protein_coding,CDR2L
ENSG00000109099,protein_coding,PMP22
ENSG00000109111,protein_coding,SUPT6H
ENSG00000109113,protein_coding,RAB34
ENSG00000109118,protein_coding,PHF12
ENSG00000109133,protein_coding,TMEM33
ENSG00000109158,protein_coding,GABRA4
ENSG00000109171,protein_coding,SLAIN2
ENSG00000109180,protein_coding,OCIAD1
ENSG00000109184,protein_coding,DCUN1D4
ENSG00000109189,protein_coding,USP46
ENSG00000109220,protein_coding,CHIC2
ENSG00000109255,protein_coding,NMU
ENSG00000109265,protein_coding,KIAA1211
ENSG00000109270,protein_coding,LAMTOR3
ENSG00000109320,protein_coding,NFKB1
ENSG00000109323,protein_coding,MANBA
ENSG00000109332,protein_coding,UBE2D3
ENSG00000109339,protein_coding,MAPK10
ENSG00000109381,protein_coding,ELF2
ENSG00000109390,protein_coding,NDUFC1
ENSG00000109436,protein_coding,TBC1D9
ENSG00000109445,protein_coding,ZNF330
ENSG00000109452,protein_coding,INPP4B
ENSG00000109458,protein_coding,GAB1
ENSG00000109466,protein_coding,KLHL2
ENSG00000109472,protein_coding,CPE
ENSG00000109475,protein_coding,RPL34
ENSG00000109501,protein_coding,WFS1
ENSG00000109519,protein_coding,GRPEL1
ENSG00000109534,protein_coding,GAR1
ENSG00000109536,protein_coding,FRG1
ENSG00000109572,protein_coding,CLCN3
ENSG00000109576,protein_coding,AADAT
ENSG00000109586,protein_coding,GALNT7
ENSG00000109606,protein_coding,DHX15
ENSG00000109610,protein_coding,SOD3
ENSG00000109618,protein_coding,SEPSECS
ENSG00000109654,protein_coding,TRIM2
ENSG00000109667,protein_coding,SLC2A9
ENSG00000109670,protein_coding,FBXW7
ENSG00000109680,protein_coding,TBC1D19
ENSG00000109684,protein_coding,CLNK
ENSG00000109685,protein_coding,NSD2
ENSG00000109686,protein_coding,SH3D19
ENSG00000109689,protein_coding,STIM2
ENSG00000109736,protein_coding,MFSD10
ENSG00000109738,protein_coding,GLRB
ENSG00000109743,protein_coding,BST1
ENSG00000109756,protein_coding,RAPGEF2
ENSG00000109758,protein_coding,HGFAC
ENSG00000109762,protein_coding,SNX25
ENSG00000109771,protein_coding,LRP2BP
ENSG00000109775,protein_coding,UFSP2
ENSG00000109787,protein_coding,KLF3
ENSG00000109790,protein_coding,KLHL5
ENSG00000109794,protein_coding,FAM149A
ENSG00000109814,protein_coding,UGDH
ENSG00000109819,protein_coding,PPARGC1A
ENSG00000109832,protein_coding,DDX25
ENSG00000109846,protein_coding,CRYAB
ENSG00000109854,protein_coding,HTATIP2
ENSG00000109861,protein_coding,CTSC
ENSG00000109881,protein_coding,CCDC34
ENSG00000109906,protein_coding,ZBTB16
ENSG00000109911,protein_coding,ELP4
ENSG00000109917,protein_coding,ZPR1
ENSG00000109919,protein_coding,MTCH2
ENSG00000109920,protein_coding,FNBP4
ENSG00000109927,protein_coding,TECTA
ENSG00000109929,protein_coding,SC5D
ENSG00000109943,protein_coding,CRTAM
ENSG00000109944,protein_coding,JHY
ENSG00000109956,protein_coding,B3GAT1
ENSG00000109971,protein_coding,HSPA8
ENSG00000110002,protein_coding,VWA5A
ENSG00000110011,protein_coding,DNAJC4
ENSG00000110013,protein_coding,SIAE
ENSG00000110031,protein_coding,LPXN
ENSG00000110042,protein_coding,DTX4
ENSG00000110046,protein_coding,ATG2A
ENSG00000110047,protein_coding,EHD1
ENSG00000110048,protein_coding,OSBP
ENSG00000110057,protein_coding,UNC93B1
ENSG00000110060,protein_coding,PUS3
ENSG00000110063,protein_coding,DCPS
ENSG00000110066,protein_coding,KMT5B
ENSG00000110074,protein_coding,FOXRED1
ENSG00000110075,protein_coding,PPP6R3
ENSG00000110076,protein_coding,NRXN2
ENSG00000110077,protein_coding,MS4A6A
ENSG00000110079,protein_coding,MS4A4A
ENSG00000110080,protein_coding,ST3GAL4
ENSG00000110090,protein_coding,CPT1A
ENSG00000110092,protein_coding,CCND1
ENSG00000110104,protein_coding,CCDC86
ENSG00000110107,protein_coding,PRPF19
ENSG00000110108,protein_coding,TMEM109
ENSG00000110148,protein_coding,CCKBR
ENSG00000110171,protein_coding,TRIM3
ENSG00000110172,protein_coding,CHORDC1
ENSG00000110200,protein_coding,ANAPC15
ENSG00000110218,protein_coding,PANX1
ENSG00000110237,protein_coding,ARHGEF17
ENSG00000110274,protein_coding,CEP164
ENSG00000110315,protein_coding,RNF141
ENSG00000110318,protein_coding,CEP126
ENSG00000110321,protein_coding,EIF4G2
ENSG00000110324,protein_coding,IL10RA
ENSG00000110328,protein_coding,GALNT18
ENSG00000110330,protein_coding,BIRC2
ENSG00000110344,protein_coding,UBE4A
ENSG00000110367,protein_coding,DDX6
ENSG00000110375,protein_coding,UPK2
ENSG00000110395,protein_coding,CBL
ENSG00000110400,protein_coding,NECTIN1
ENSG00000110422,protein_coding,HIPK3
ENSG00000110427,protein_coding,KIAA1549L
ENSG00000110429,protein_coding,FBXO3
ENSG00000110435,protein_coding,PDHX
ENSG00000110436,protein_coding,SLC1A2
ENSG00000110442,protein_coding,COMMD9
ENSG00000110448,protein_coding,CD5
ENSG00000110455,protein_coding,ACCS
ENSG00000110492,protein_coding,MDK
ENSG00000110497,protein_coding,AMBRA1
ENSG00000110514,protein_coding,MADD
ENSG00000110583,protein_coding,NAA40
ENSG00000110619,protein_coding,CARS
ENSG00000110628,protein_coding,SLC22A18
ENSG00000110651,protein_coding,CD81
ENSG00000110660,protein_coding,SLC35F2
ENSG00000110675,protein_coding,ELMOD1
ENSG00000110693,protein_coding,SOX6
ENSG00000110696,protein_coding,C11orf58
ENSG00000110697,protein_coding,PITPNM1
ENSG00000110711,protein_coding,AIP
ENSG00000110713,protein_coding,NUP98
ENSG00000110717,protein_coding,NDUFS8
ENSG00000110721,protein_coding,CHKA
ENSG00000110723,protein_coding,EXPH5
ENSG00000110756,protein_coding,HPS5
ENSG00000110768,protein_coding,GTF2H1
ENSG00000110777,protein_coding,POU2AF1
ENSG00000110786,protein_coding,PTPN5
ENSG00000110799,protein_coding,VWF
ENSG00000110841,protein_coding,PPFIBP1
ENSG00000110844,protein_coding,PRPF40B
ENSG00000110848,protein_coding,CD69
ENSG00000110851,protein_coding,PRDM4
ENSG00000110871,protein_coding,COQ5
ENSG00000110876,protein_coding,SELPLG
ENSG00000110880,protein_coding,CORO1C
ENSG00000110881,protein_coding,ASIC1
ENSG00000110887,protein_coding,DAO
ENSG00000110888,protein_coding,CAPRIN2
ENSG00000110900,protein_coding,TSPAN11
ENSG00000110906,protein_coding,KCTD10
ENSG00000110911,protein_coding,SLC11A2
ENSG00000110917,protein_coding,MLEC
ENSG00000110921,protein_coding,MVK
ENSG00000110925,protein_coding,CSRNP2
ENSG00000110931,protein_coding,CAMKK2
ENSG00000110934,protein_coding,BIN2
ENSG00000110955,protein_coding,ATP5F1B
ENSG00000110958,protein_coding,PTGES3
ENSG00000110975,protein_coding,SYT10
ENSG00000110987,protein_coding,BCL7A
ENSG00000111011,protein_coding,RSRC2
ENSG00000111052,protein_coding,LIN7A
ENSG00000111058,protein_coding,ACSS3
ENSG00000111077,protein_coding,TNS2
ENSG00000111110,protein_coding,PPM1H
ENSG00000111142,protein_coding,METAP2
ENSG00000111144,protein_coding,LTA4H
ENSG00000111145,protein_coding,ELK3
ENSG00000111181,protein_coding,SLC6A12
ENSG00000111186,protein_coding,WNT5B
ENSG00000111196,protein_coding,MAGOHB
ENSG00000111199,protein_coding,TRPV4
ENSG00000111203,protein_coding,ITFG2
ENSG00000111206,protein_coding,FOXM1
ENSG00000111215,protein_coding,PRR4
ENSG00000111218,protein_coding,PRMT8
ENSG00000111224,protein_coding,PARP11
ENSG00000111229,protein_coding,ARPC3
ENSG00000111231,protein_coding,GPN3
ENSG00000111237,protein_coding,VPS29
ENSG00000111247,protein_coding,RAD51AP1
ENSG00000111249,protein_coding,CUX2
ENSG00000111252,protein_coding,SH2B3
ENSG00000111261,protein_coding,MANSC1
ENSG00000111262,protein_coding,KCNA1
ENSG00000111266,protein_coding,DUSP16
ENSG00000111269,protein_coding,CREBL2
ENSG00000111271,protein_coding,ACAD10
ENSG00000111275,protein_coding,ALDH2
ENSG00000111276,protein_coding,CDKN1B
ENSG00000111300,protein_coding,NAA25
ENSG00000111305,protein_coding,GSG1
ENSG00000111321,protein_coding,LTBR
ENSG00000111325,protein_coding,OGFOD2
ENSG00000111341,protein_coding,MGP
ENSG00000111344,protein_coding,RASAL1
ENSG00000111348,protein_coding,ARHGDIB
ENSG00000111358,protein_coding,GTF2H3
ENSG00000111361,protein_coding,EIF2B1
ENSG00000111364,protein_coding,DDX55
ENSG00000111371,protein_coding,SLC38A1
ENSG00000111404,protein_coding,RERGL
ENSG00000111412,protein_coding,C12orf49
ENSG00000111445,protein_coding,RFC5
ENSG00000111450,protein_coding,STX2
ENSG00000111452,protein_coding,ADGRD1
ENSG00000111481,protein_coding,COPZ1
ENSG00000111490,protein_coding,TBC1D30
ENSG00000111530,protein_coding,CAND1
ENSG00000111540,protein_coding,RAB5B
ENSG00000111554,protein_coding,MDM1
ENSG00000111581,protein_coding,NUP107
ENSG00000111596,protein_coding,CNOT2
ENSG00000111602,protein_coding,TIMELESS
ENSG00000111605,protein_coding,CPSF6
ENSG00000111615,protein_coding,KRR1
ENSG00000111639,protein_coding,MRPL51
ENSG00000111640,protein_coding,GAPDH
ENSG00000111641,protein_coding,NOP2
ENSG00000111642,protein_coding,CHD4
ENSG00000111647,protein_coding,UHRF1BP1L
ENSG00000111652,protein_coding,COPS7A
ENSG00000111653,protein_coding,ING4
ENSG00000111664,protein_coding,GNB3
ENSG00000111666,protein_coding,CHPT1
ENSG00000111667,protein_coding,USP5
ENSG00000111669,protein_coding,TPI1
ENSG00000111670,protein_coding,GNPTAB
ENSG00000111671,protein_coding,SPSB2
ENSG00000111674,protein_coding,ENO2
ENSG00000111676,protein_coding,ATN1
ENSG00000111678,protein_coding,C12orf57
ENSG00000111679,protein_coding,PTPN6
ENSG00000111684,protein_coding,LPCAT3
ENSG00000111696,protein_coding,NT5DC3
ENSG00000111701,protein_coding,APOBEC1
ENSG00000111704,protein_coding,NANOG
ENSG00000111707,protein_coding,SUDS3
ENSG00000111711,protein_coding,GOLT1B
ENSG00000111713,protein_coding,GYS2
ENSG00000111716,protein_coding,LDHB
ENSG00000111725,protein_coding,PRKAB1
ENSG00000111726,protein_coding,CMAS
ENSG00000111727,protein_coding,HCFC2
ENSG00000111728,protein_coding,ST8SIA1
ENSG00000111731,protein_coding,C2CD5
ENSG00000111737,protein_coding,RAB35
ENSG00000111752,protein_coding,PHC1
ENSG00000111783,protein_coding,RFX4
ENSG00000111785,protein_coding,RIC8B
ENSG00000111786,protein_coding,SRSF9
ENSG00000111790,protein_coding,FGFR1OP2
ENSG00000111799,protein_coding,COL12A1
ENSG00000111801,protein_coding,BTN3A3
ENSG00000111802,protein_coding,TDP2
ENSG00000111816,protein_coding,FRK
ENSG00000111817,protein_coding,DSE
ENSG00000111832,protein_coding,RWDD1
ENSG00000111837,protein_coding,MAK
ENSG00000111843,protein_coding,TMEM14C
ENSG00000111845,protein_coding,PAK1IP1
ENSG00000111846,protein_coding,GCNT2
ENSG00000111859,protein_coding,NEDD9
ENSG00000111860,protein_coding,CEP85L
ENSG00000111863,protein_coding,ADTRP
ENSG00000111875,protein_coding,ASF1A
ENSG00000111877,protein_coding,MCM9
ENSG00000111879,protein_coding,FAM184A
ENSG00000111880,protein_coding,RNGTT
ENSG00000111885,protein_coding,MAN1A1
ENSG00000111897,protein_coding,SERINC1
ENSG00000111906,protein_coding,HDDC2
ENSG00000111907,protein_coding,TPD52L1
ENSG00000111911,protein_coding,HINT3
ENSG00000111912,protein_coding,NCOA7
ENSG00000111913,protein_coding,RIPOR2
ENSG00000111961,protein_coding,SASH1
ENSG00000111962,protein_coding,UST
ENSG00000112029,protein_coding,FBXO5
ENSG00000112031,protein_coding,MTRF1L
ENSG00000112033,protein_coding,PPARD
ENSG00000112038,protein_coding,OPRM1
ENSG00000112053,protein_coding,SLC26A8
ENSG00000112062,protein_coding,MAPK14
ENSG00000112078,protein_coding,KCTD20
ENSG00000112079,protein_coding,STK38
ENSG00000112081,protein_coding,SRSF3
ENSG00000112096,protein_coding,SOD2
ENSG00000112110,protein_coding,MRPL18
ENSG00000112118,protein_coding,MCM3
ENSG00000112130,protein_coding,RNF8
ENSG00000112137,protein_coding,PHACTR1
ENSG00000112139,protein_coding,MDGA1
ENSG00000112144,protein_coding,ICK
ENSG00000112146,protein_coding,FBXO9
ENSG00000112149,protein_coding,CD83
ENSG00000112159,protein_coding,MDN1
ENSG00000112167,protein_coding,SAYSD1
ENSG00000112175,protein_coding,BMP5
ENSG00000112182,protein_coding,BACH2
ENSG00000112183,protein_coding,RBM24
ENSG00000112186,protein_coding,CAP2
ENSG00000112200,protein_coding,ZNF451
ENSG00000112208,protein_coding,BAG2
ENSG00000112210,protein_coding,RAB23
ENSG00000112218,protein_coding,GPR63
ENSG00000112232,protein_coding,KHDRBS2
ENSG00000112234,protein_coding,FBXL4
ENSG00000112237,protein_coding,CCNC
ENSG00000112242,protein_coding,E2F3
ENSG00000112245,protein_coding,PTP4A1
ENSG00000112246,protein_coding,SIM1
ENSG00000112249,protein_coding,ASCC3
ENSG00000112276,protein_coding,BVES
ENSG00000112280,protein_coding,COL9A1
ENSG00000112282,protein_coding,MED23
ENSG00000112290,protein_coding,WASF1
ENSG00000112293,protein_coding,GPLD1
ENSG00000112294,protein_coding,ALDH5A1
ENSG00000112297,protein_coding,CRYBG1
ENSG00000112304,protein_coding,ACOT13
ENSG00000112305,protein_coding,SMAP1
ENSG00000112308,protein_coding,C6orf62
ENSG00000112309,protein_coding,B3GAT2
ENSG00000112312,protein_coding,GMNN
ENSG00000112319,protein_coding,EYA4
ENSG00000112320,protein_coding,SOBP
ENSG00000112333,protein_coding,NR2E1
ENSG00000112335,protein_coding,SNX3
ENSG00000112339,protein_coding,HBS1L
ENSG00000112343,protein_coding,TRIM38
ENSG00000112357,protein_coding,PEX7
ENSG00000112365,protein_coding,ZBTB24
ENSG00000112367,protein_coding,FIG4
ENSG00000112378,protein_coding,PERP
ENSG00000112379,protein_coding,ARFGEF3
ENSG00000112394,protein_coding,SLC16A10
ENSG00000112406,protein_coding,HECA
ENSG00000112414,protein_coding,ADGRG6
ENSG00000112419,protein_coding,PHACTR2
ENSG00000112425,protein_coding,EPM2A
ENSG00000112473,protein_coding,SLC39A7
ENSG00000112486,protein_coding,CCR6
ENSG00000112511,protein_coding,PHF1
ENSG00000112514,protein_coding,CUTA
ENSG00000112530,protein_coding,PACRG
ENSG00000112531,protein_coding,QKI
ENSG00000112539,protein_coding,C6orf118
ENSG00000112541,protein_coding,PDE10A
ENSG00000112559,protein_coding,MDFI
ENSG00000112561,protein_coding,TFEB
ENSG00000112562,protein_coding,SMOC2
ENSG00000112576,protein_coding,CCND3
ENSG00000112578,protein_coding,BYSL
ENSG00000112584,protein_coding,FAM120B
ENSG00000112592,protein_coding,TBP
ENSG00000112599,protein_coding,GUCA1B
ENSG00000112619,protein_coding,PRPH2
ENSG00000112624,protein_coding,BICRAL
ENSG00000112640,protein_coding,PPP2R5D
ENSG00000112651,protein_coding,MRPL2
ENSG00000112655,protein_coding,PTK7
ENSG00000112658,protein_coding,SRF
ENSG00000112659,protein_coding,CUL9
ENSG00000112667,protein_coding,DNPH1
ENSG00000112679,protein_coding,DUSP22
ENSG00000112685,protein_coding,EXOC2
ENSG00000112695,protein_coding,COX7A2
ENSG00000112697,protein_coding,TMEM30A
ENSG00000112699,protein_coding,GMDS
ENSG00000112701,protein_coding,SENP6
ENSG00000112706,protein_coding,IMPG1
ENSG00000112715,protein_coding,VEGFA
ENSG00000112739,protein_coding,PRPF4B
ENSG00000112759,protein_coding,SLC29A1
ENSG00000112763,protein_coding,BTN2A1
ENSG00000112769,protein_coding,LAMA4
ENSG00000112773,protein_coding,TENT5A
ENSG00000112782,protein_coding,CLIC5
ENSG00000112787,protein_coding,FBRSL1
ENSG00000112796,protein_coding,ENPP5
ENSG00000112799,protein_coding,LY86
ENSG00000112837,protein_coding,TBX18
ENSG00000112851,protein_coding,ERBIN
ENSG00000112852,protein_coding,PCDHB2
ENSG00000112855,protein_coding,HARS2
ENSG00000112874,protein_coding,NUDT12
ENSG00000112877,protein_coding,CEP72
ENSG00000112893,protein_coding,MAN2A1
ENSG00000112902,protein_coding,SEMA5A
ENSG00000112936,protein_coding,C7
ENSG00000112941,protein_coding,TENT4A
ENSG00000112964,protein_coding,GHR
ENSG00000112972,protein_coding,HMGCS1
ENSG00000112977,protein_coding,DAP
ENSG00000112981,protein_coding,NME5
ENSG00000112983,protein_coding,BRD8
ENSG00000112992,protein_coding,NNT
ENSG00000112996,protein_coding,MRPS30
ENSG00000113013,protein_coding,HSPA9
ENSG00000113048,protein_coding,MRPS27
ENSG00000113068,protein_coding,PFDN1
ENSG00000113070,protein_coding,HBEGF
ENSG00000113073,protein_coding,SLC4A9
ENSG00000113100,protein_coding,CDH9
ENSG00000113108,protein_coding,APBB3
ENSG00000113119,protein_coding,TMCO6
ENSG00000113140,protein_coding,SPARC
ENSG00000113141,protein_coding,IK
ENSG00000113161,protein_coding,HMGCR
ENSG00000113163,protein_coding,CERT1
ENSG00000113194,protein_coding,FAF2
ENSG00000113211,protein_coding,PCDHB6
ENSG00000113231,protein_coding,PDE8B
ENSG00000113240,protein_coding,CLK4
ENSG00000113263,protein_coding,ITK
ENSG00000113269,protein_coding,RNF130
ENSG00000113272,protein_coding,THG1L
ENSG00000113273,protein_coding,ARSB
ENSG00000113282,protein_coding,CLINT1
ENSG00000113296,protein_coding,THBS4
ENSG00000113300,protein_coding,CNOT6
ENSG00000113303,protein_coding,BTNL8
ENSG00000113312,protein_coding,TTC1
ENSG00000113318,protein_coding,MSH3
ENSG00000113319,protein_coding,RASGRF2
ENSG00000113327,protein_coding,GABRG2
ENSG00000113328,protein_coding,CCNG1
ENSG00000113356,protein_coding,POLR3G
ENSG00000113360,protein_coding,DROSHA
ENSG00000113361,protein_coding,CDH6
ENSG00000113368,protein_coding,LMNB1
ENSG00000113369,protein_coding,ARRDC3
ENSG00000113384,protein_coding,GOLPH3
ENSG00000113387,protein_coding,SUB1
ENSG00000113389,protein_coding,NPR3
ENSG00000113391,protein_coding,FAM172A
ENSG00000113396,protein_coding,SLC27A6
ENSG00000113407,protein_coding,TARS
ENSG00000113441,protein_coding,LNPEP
ENSG00000113448,protein_coding,PDE4D
ENSG00000113456,protein_coding,RAD1
ENSG00000113460,protein_coding,BRIX1
ENSG00000113494,protein_coding,PRLR
ENSG00000113504,protein_coding,SLC12A7
ENSG00000113522,protein_coding,RAD50
ENSG00000113532,protein_coding,ST8SIA4
ENSG00000113552,protein_coding,GNPDA1
ENSG00000113558,protein_coding,SKP1
ENSG00000113569,protein_coding,NUP155
ENSG00000113578,protein_coding,FGF1
ENSG00000113580,protein_coding,NR3C1
ENSG00000113583,protein_coding,C5orf15
ENSG00000113593,protein_coding,PPWD1
ENSG00000113594,protein_coding,LIFR
ENSG00000113595,protein_coding,TRIM23
ENSG00000113597,protein_coding,TRAPPC13
ENSG00000113615,protein_coding,SEC24A
ENSG00000113621,protein_coding,TXNDC15
ENSG00000113638,protein_coding,TTC33
ENSG00000113643,protein_coding,RARS
ENSG00000113645,protein_coding,WWC1
ENSG00000113648,protein_coding,H2AFY
ENSG00000113649,protein_coding,TCERG1
ENSG00000113657,protein_coding,DPYSL3
ENSG00000113658,protein_coding,SMAD5
ENSG00000113712,protein_coding,CSNK1A1
ENSG00000113716,protein_coding,HMGXB3
ENSG00000113719,protein_coding,ERGIC1
ENSG00000113721,protein_coding,PDGFRB
ENSG00000113732,protein_coding,ATP6V0E1
ENSG00000113734,protein_coding,BNIP1
ENSG00000113739,protein_coding,STC2
ENSG00000113742,protein_coding,CPEB4
ENSG00000113749,protein_coding,HRH2
ENSG00000113758,protein_coding,DBN1
ENSG00000113761,protein_coding,ZNF346
ENSG00000113763,protein_coding,UNC5A
ENSG00000113790,protein_coding,EHHADH
ENSG00000113805,protein_coding,CNTN3
ENSG00000113810,protein_coding,SMC4
ENSG00000113811,protein_coding,SELENOK
ENSG00000113812,protein_coding,ACTR8
ENSG00000113838,protein_coding,TBCCD1
ENSG00000113845,protein_coding,TIMMDC1
ENSG00000113851,protein_coding,CRBN
ENSG00000113916,protein_coding,BCL6
ENSG00000113924,protein_coding,HGD
ENSG00000113946,protein_coding,CLDN16
ENSG00000113966,protein_coding,ARL6
ENSG00000113971,protein_coding,NPHP3
ENSG00000114013,protein_coding,CD86
ENSG00000114019,protein_coding,AMOTL2
ENSG00000114021,protein_coding,NIT2
ENSG00000114023,protein_coding,FAM162A
ENSG00000114026,protein_coding,OGG1
ENSG00000114030,protein_coding,KPNA1
ENSG00000114054,protein_coding,PCCB
ENSG00000114062,protein_coding,UBE3A
ENSG00000114098,protein_coding,ARMC8
ENSG00000114107,protein_coding,CEP70
ENSG00000114115,protein_coding,RBP1
ENSG00000114120,protein_coding,SLC25A36
ENSG00000114124,protein_coding,GRK7
ENSG00000114125,protein_coding,RNF7
ENSG00000114126,protein_coding,TFDP2
ENSG00000114127,protein_coding,XRN1
ENSG00000114166,protein_coding,KAT2B
ENSG00000114200,protein_coding,BCHE
ENSG00000114204,protein_coding,SERPINI2
ENSG00000114209,protein_coding,PDCD10
ENSG00000114251,protein_coding,WNT5A
ENSG00000114268,protein_coding,PFKFB4
ENSG00000114270,protein_coding,COL7A1
ENSG00000114279,protein_coding,FGF12
ENSG00000114302,protein_coding,PRKAR2A
ENSG00000114315,protein_coding,HES1
ENSG00000114316,protein_coding,USP4
ENSG00000114331,protein_coding,ACAP2
ENSG00000114346,protein_coding,ECT2
ENSG00000114353,protein_coding,GNAI2
ENSG00000114354,protein_coding,TFG
ENSG00000114374,protein_coding,USP9Y
ENSG00000114378,protein_coding,HYAL1
ENSG00000114383,protein_coding,TUSC2
ENSG00000114388,protein_coding,NPRL2
ENSG00000114391,protein_coding,RPL24
ENSG00000114405,protein_coding,C3orf14
ENSG00000114416,protein_coding,FXR1
ENSG00000114423,protein_coding,CBLB
ENSG00000114439,protein_coding,BBX
ENSG00000114446,protein_coding,IFT57
ENSG00000114450,protein_coding,GNB4
ENSG00000114473,protein_coding,IQCG
ENSG00000114480,protein_coding,GBE1
ENSG00000114487,protein_coding,MORC1
ENSG00000114491,protein_coding,UMPS
ENSG00000114503,protein_coding,NCBP2
ENSG00000114520,protein_coding,SNX4
ENSG00000114529,protein_coding,C3orf52
ENSG00000114541,protein_coding,FRMD4B
ENSG00000114544,protein_coding,SLC41A3
ENSG00000114554,protein_coding,PLXNA1
ENSG00000114573,protein_coding,ATP6V1A
ENSG00000114626,protein_coding,ABTB1
ENSG00000114631,protein_coding,PODXL2
ENSG00000114646,protein_coding,CSPG5
ENSG00000114648,protein_coding,KLHL18
ENSG00000114650,protein_coding,SCAP
ENSG00000114656,protein_coding,KIAA1257
ENSG00000114670,protein_coding,NEK11
ENSG00000114686,protein_coding,MRPL3
ENSG00000114698,protein_coding,PLSCR4
ENSG00000114735,protein_coding,HEMK1
ENSG00000114739,protein_coding,ACVR2B
ENSG00000114742,protein_coding,WDR48
ENSG00000114744,protein_coding,COMMD2
ENSG00000114745,protein_coding,GORASP1
ENSG00000114757,protein_coding,PEX5L
ENSG00000114767,protein_coding,RRP9
ENSG00000114770,protein_coding,ABCC5
ENSG00000114779,protein_coding,ABHD14B
ENSG00000114784,protein_coding,EIF1B
ENSG00000114790,protein_coding,ARHGEF26
ENSG00000114796,protein_coding,KLHL24
ENSG00000114805,protein_coding,PLCH1
ENSG00000114812,protein_coding,VIPR1
ENSG00000114841,protein_coding,DNAH1
ENSG00000114850,protein_coding,SSR3
ENSG00000114853,protein_coding,ZBTB47
ENSG00000114857,protein_coding,NKTR
ENSG00000114859,protein_coding,CLCN2
ENSG00000114861,protein_coding,FOXP1
ENSG00000114902,protein_coding,SPCS1
ENSG00000114904,protein_coding,NEK4
ENSG00000114923,protein_coding,SLC4A3
ENSG00000114933,protein_coding,INO80D
ENSG00000114942,protein_coding,EEF1B2
ENSG00000114948,protein_coding,ADAM23
ENSG00000114956,protein_coding,DGUOK
ENSG00000114978,protein_coding,MOB1A
ENSG00000114982,protein_coding,KANSL3
ENSG00000114988,protein_coding,LMAN2L
ENSG00000114993,protein_coding,RTKN
ENSG00000114999,protein_coding,TTL
ENSG00000115020,protein_coding,PIKFYVE
ENSG00000115041,protein_coding,KCNIP3
ENSG00000115042,protein_coding,FAHD2A
ENSG00000115053,protein_coding,NCL
ENSG00000115073,protein_coding,ACTR1B
ENSG00000115084,protein_coding,SLC35F5
ENSG00000115091,protein_coding,ACTR3
ENSG00000115109,protein_coding,EPB41L5
ENSG00000115112,protein_coding,TFCP2L1
ENSG00000115128,protein_coding,SF3B6
ENSG00000115129,protein_coding,TP53I3
ENSG00000115137,protein_coding,DNAJC27
ENSG00000115138,protein_coding,POMC
ENSG00000115145,protein_coding,STAM2
ENSG00000115155,protein_coding,OTOF
ENSG00000115159,protein_coding,GPD2
ENSG00000115163,protein_coding,CENPA
ENSG00000115165,protein_coding,CYTIP
ENSG00000115170,protein_coding,ACVR1
ENSG00000115183,protein_coding,TANC1
ENSG00000115194,protein_coding,SLC30A3
ENSG00000115204,protein_coding,MPV17
ENSG00000115207,protein_coding,GTF3C2
ENSG00000115211,protein_coding,EIF2B4
ENSG00000115216,protein_coding,NRBP1
ENSG00000115226,protein_coding,FNDC4
ENSG00000115232,protein_coding,ITGA4
ENSG00000115233,protein_coding,PSMD14
ENSG00000115234,protein_coding,SNX17
ENSG00000115239,protein_coding,ASB3
ENSG00000115241,protein_coding,PPM1G
ENSG00000115252,protein_coding,PDE1A
ENSG00000115255,protein_coding,REEP6
ENSG00000115257,protein_coding,PCSK4
ENSG00000115266,protein_coding,APC2
ENSG00000115267,protein_coding,IFIH1
ENSG00000115271,protein_coding,GCA
ENSG00000115274,protein_coding,INO80B
ENSG00000115275,protein_coding,MOGS
ENSG00000115282,protein_coding,TTC31
ENSG00000115286,protein_coding,NDUFS7
ENSG00000115289,protein_coding,PCGF1
ENSG00000115290,protein_coding,GRB14
ENSG00000115295,protein_coding,CLIP4
ENSG00000115297,protein_coding,TLX2
ENSG00000115306,protein_coding,SPTBN1
ENSG00000115307,protein_coding,AUP1
ENSG00000115310,protein_coding,RTN4
ENSG00000115317,protein_coding,HTRA2
ENSG00000115318,protein_coding,LOXL3
ENSG00000115325,protein_coding,DOK1
ENSG00000115339,protein_coding,GALNT3
ENSG00000115350,protein_coding,POLE4
ENSG00000115353,protein_coding,TACR1
ENSG00000115355,protein_coding,CCDC88A
ENSG00000115361,protein_coding,ACADL
ENSG00000115364,protein_coding,MRPL19
ENSG00000115365,protein_coding,LANCL1
ENSG00000115368,protein_coding,WDR75
ENSG00000115380,protein_coding,EFEMP1
ENSG00000115392,protein_coding,FANCL
ENSG00000115414,protein_coding,FN1
ENSG00000115415,protein_coding,STAT1
ENSG00000115419,protein_coding,GLS
ENSG00000115421,protein_coding,PAPOLG
ENSG00000115423,protein_coding,DNAH6
ENSG00000115425,protein_coding,PECR
ENSG00000115446,protein_coding,UNC50
ENSG00000115457,protein_coding,IGFBP2
ENSG00000115459,protein_coding,ELMOD3
ENSG00000115461,protein_coding,IGFBP5
ENSG00000115464,protein_coding,USP34
ENSG00000115468,protein_coding,EFHD1
ENSG00000115484,protein_coding,CCT4
ENSG00000115486,protein_coding,GGCX
ENSG00000115504,protein_coding,EHBP1
ENSG00000115514,protein_coding,TXNDC9
ENSG00000115520,protein_coding,COQ10B
ENSG00000115523,protein_coding,GNLY
ENSG00000115524,protein_coding,SF3B1
ENSG00000115525,protein_coding,ST3GAL5
ENSG00000115526,protein_coding,CHST10
ENSG00000115539,protein_coding,PDCL3
ENSG00000115540,protein_coding,MOB4
ENSG00000115548,protein_coding,KDM3A
ENSG00000115556,protein_coding,PLCD4
ENSG00000115561,protein_coding,CHMP3
ENSG00000115568,protein_coding,ZNF142
ENSG00000115593,protein_coding,SMYD1
ENSG00000115594,protein_coding,IL1R1
ENSG00000115598,protein_coding,IL1RL2
ENSG00000115604,protein_coding,IL18R1
ENSG00000115616,protein_coding,SLC9A2
ENSG00000115641,protein_coding,FHL2
ENSG00000115648,protein_coding,MLPH
ENSG00000115649,protein_coding,CNPPD1
ENSG00000115652,protein_coding,UXS1
ENSG00000115661,protein_coding,STK16
ENSG00000115677,protein_coding,HDLBP
ENSG00000115685,protein_coding,PPP1R7
ENSG00000115687,protein_coding,PASK
ENSG00000115694,protein_coding,STK25
ENSG00000115705,protein_coding,TPO
ENSG00000115738,protein_coding,ID2
ENSG00000115750,protein_coding,TAF1B
ENSG00000115756,protein_coding,HPCAL1
ENSG00000115758,protein_coding,ODC1
ENSG00000115760,protein_coding,BIRC6
ENSG00000115761,protein_coding,NOL10
ENSG00000115762,protein_coding,PLEKHB2
ENSG00000115806,protein_coding,GORASP2
ENSG00000115808,protein_coding,STRN
ENSG00000115816,protein_coding,CEBPZ
ENSG00000115825,protein_coding,PRKD3
ENSG00000115827,protein_coding,DCAF17
ENSG00000115828,protein_coding,QPCT
ENSG00000115839,protein_coding,RAB3GAP1
ENSG00000115840,protein_coding,SLC25A12
ENSG00000115841,protein_coding,RMDN2
ENSG00000115844,protein_coding,DLX2
ENSG00000115866,protein_coding,DARS
ENSG00000115875,protein_coding,SRSF7
ENSG00000115896,protein_coding,PLCL1
ENSG00000115902,protein_coding,SLC1A4
ENSG00000115904,protein_coding,SOS1
ENSG00000115919,protein_coding,KYNU
ENSG00000115935,protein_coding,WIPF1
ENSG00000115942,protein_coding,ORC2
ENSG00000115944,protein_coding,COX7A2L
ENSG00000115946,protein_coding,PNO1
ENSG00000115947,protein_coding,ORC4
ENSG00000115956,protein_coding,PLEK
ENSG00000115963,protein_coding,RND3
ENSG00000115966,protein_coding,ATF2
ENSG00000115970,protein_coding,THADA
ENSG00000115977,protein_coding,AAK1
ENSG00000115993,protein_coding,TRAK2
ENSG00000115998,protein_coding,C2orf42
ENSG00000116005,protein_coding,PCYOX1
ENSG00000116014,protein_coding,KISS1R
ENSG00000116016,protein_coding,EPAS1
ENSG00000116017,protein_coding,ARID3A
ENSG00000116030,protein_coding,SUMO1
ENSG00000116035,protein_coding,VAX2
ENSG00000116044,protein_coding,NFE2L2
ENSG00000116062,protein_coding,MSH6
ENSG00000116095,protein_coding,PLEKHA3
ENSG00000116096,protein_coding,SPR
ENSG00000116106,protein_coding,EPHA4
ENSG00000116117,protein_coding,PARD3B
ENSG00000116120,protein_coding,FARSB
ENSG00000116127,protein_coding,ALMS1
ENSG00000116128,protein_coding,BCL9
ENSG00000116132,protein_coding,PRRX1
ENSG00000116133,protein_coding,DHCR24
ENSG00000116138,protein_coding,DNAJC16
ENSG00000116141,protein_coding,MARK1
ENSG00000116147,protein_coding,TNR
ENSG00000116151,protein_coding,MORN1
ENSG00000116157,protein_coding,GPX7
ENSG00000116161,protein_coding,CACYBP
ENSG00000116171,protein_coding,SCP2
ENSG00000116183,protein_coding,PAPPA2
ENSG00000116191,protein_coding,RALGPS2
ENSG00000116194,protein_coding,ANGPTL1
ENSG00000116198,protein_coding,CEP104
ENSG00000116199,protein_coding,FAM20B
ENSG00000116205,protein_coding,TCEANC2
ENSG00000116209,protein_coding,TMEM59
ENSG00000116212,protein_coding,LRRC42
ENSG00000116213,protein_coding,WRAP73
ENSG00000116221,protein_coding,MRPL37
ENSG00000116237,protein_coding,ICMT
ENSG00000116251,protein_coding,RPL22
ENSG00000116254,protein_coding,CHD5
ENSG00000116260,protein_coding,QSOX1
ENSG00000116266,protein_coding,STXBP3
ENSG00000116273,protein_coding,PHF13
ENSG00000116285,protein_coding,ERRFI1
ENSG00000116288,protein_coding,PARK7
ENSG00000116299,protein_coding,KIAA1324
ENSG00000116329,protein_coding,OPRD1
ENSG00000116337,protein_coding,AMPD2
ENSG00000116350,protein_coding,SRSF4
ENSG00000116353,protein_coding,MECR
ENSG00000116396,protein_coding,KCNC4
ENSG00000116406,protein_coding,EDEM3
ENSG00000116455,protein_coding,WDR77
ENSG00000116459,protein_coding,ATP5PB
ENSG00000116473,protein_coding,RAP1A
ENSG00000116478,protein_coding,HDAC1
ENSG00000116489,protein_coding,CAPZA1
ENSG00000116497,protein_coding,S100PBP
ENSG00000116514,protein_coding,RNF19B
ENSG00000116521,protein_coding,SCAMP3
ENSG00000116525,protein_coding,TRIM62
ENSG00000116539,protein_coding,ASH1L
ENSG00000116544,protein_coding,DLGAP3
ENSG00000116560,protein_coding,SFPQ
ENSG00000116574,protein_coding,RHOU
ENSG00000116580,protein_coding,GON4L
ENSG00000116584,protein_coding,ARHGEF2
ENSG00000116586,protein_coding,LAMTOR2
ENSG00000116604,protein_coding,MEF2D
ENSG00000116641,protein_coding,DOCK7
ENSG00000116649,protein_coding,SRM
ENSG00000116661,protein_coding,FBXO2
ENSG00000116663,protein_coding,FBXO6
ENSG00000116667,protein_coding,C1orf21
ENSG00000116668,protein_coding,SWT1
ENSG00000116670,protein_coding,MAD2L2
ENSG00000116675,protein_coding,DNAJC6
ENSG00000116678,protein_coding,LEPR
ENSG00000116679,protein_coding,IVNS1ABP
ENSG00000116685,protein_coding,KIAA2013
ENSG00000116688,protein_coding,MFN2
ENSG00000116691,protein_coding,MIIP
ENSG00000116698,protein_coding,SMG7
ENSG00000116703,protein_coding,PDC
ENSG00000116704,protein_coding,SLC35D1
ENSG00000116711,protein_coding,PLA2G4A
ENSG00000116717,protein_coding,GADD45A
ENSG00000116729,protein_coding,WLS
ENSG00000116731,protein_coding,PRDM2
ENSG00000116741,protein_coding,RGS2
ENSG00000116747,protein_coding,RO60
ENSG00000116748,protein_coding,AMPD1
ENSG00000116750,protein_coding,UCHL5
ENSG00000116752,protein_coding,BCAS2
ENSG00000116754,protein_coding,SRSF11
ENSG00000116761,protein_coding,CTH
ENSG00000116783,protein_coding,TNNI3K
ENSG00000116786,protein_coding,PLEKHM2
ENSG00000116791,protein_coding,CRYZ
ENSG00000116793,protein_coding,PHTF1
ENSG00000116809,protein_coding,ZBTB17
ENSG00000116815,protein_coding,CD58
ENSG00000116819,protein_coding,TFAP2E
ENSG00000116824,protein_coding,CD2
ENSG00000116830,protein_coding,TTF2
ENSG00000116833,protein_coding,NR5A2
ENSG00000116852,protein_coding,KIF21B
ENSG00000116857,protein_coding,TMEM9
ENSG00000116863,protein_coding,ADPRHL2
ENSG00000116871,protein_coding,MAP7D1
ENSG00000116874,protein_coding,WARS2
ENSG00000116885,protein_coding,OSCP1
ENSG00000116898,protein_coding,MRPS15
ENSG00000116903,protein_coding,EXOC8
ENSG00000116906,protein_coding,GNPAT
ENSG00000116922,protein_coding,C1orf109
ENSG00000116954,protein_coding,RRAGC
ENSG00000116962,protein_coding,NID1
ENSG00000116977,protein_coding,LGALS8
ENSG00000116983,protein_coding,HPCAL4
ENSG00000116984,protein_coding,MTR
ENSG00000116985,protein_coding,BMP8B
ENSG00000116991,protein_coding,SIPA1L2
ENSG00000117000,protein_coding,RLF
ENSG00000117009,protein_coding,KMO
ENSG00000117010,protein_coding,ZNF684
ENSG00000117013,protein_coding,KCNQ4
ENSG00000117016,protein_coding,RIMS3
ENSG00000117020,protein_coding,AKT3
ENSG00000117036,protein_coding,ETV3
ENSG00000117054,protein_coding,ACADM
ENSG00000117069,protein_coding,ST6GALNAC5
ENSG00000117114,protein_coding,ADGRL2
ENSG00000117115,protein_coding,PADI2
ENSG00000117118,protein_coding,SDHB
ENSG00000117133,protein_coding,RPF1
ENSG00000117139,protein_coding,KDM5B
ENSG00000117143,protein_coding,UAP1
ENSG00000117151,protein_coding,CTBS
ENSG00000117152,protein_coding,RGS4
ENSG00000117153,protein_coding,KLHL12
ENSG00000117154,protein_coding,IGSF21
ENSG00000117155,protein_coding,SSX2IP
ENSG00000117174,protein_coding,ZNHIT6
ENSG00000117222,protein_coding,RBBP5
ENSG00000117228,protein_coding,GBP1
ENSG00000117242,lncRNA,PINK1-AS
ENSG00000117245,protein_coding,KIF17
ENSG00000117262,protein_coding,GPR89A
ENSG00000117266,protein_coding,CDK18
ENSG00000117280,protein_coding,RAB29
ENSG00000117298,protein_coding,ECE1
ENSG00000117305,protein_coding,HMGCL
ENSG00000117308,protein_coding,GALE
ENSG00000117318,protein_coding,ID3
ENSG00000117335,protein_coding,CD46
ENSG00000117360,protein_coding,PRPF3
ENSG00000117362,protein_coding,APH1A
ENSG00000117385,protein_coding,P3H1
ENSG00000117394,protein_coding,SLC2A1
ENSG00000117395,protein_coding,EBNA1BP2
ENSG00000117408,protein_coding,IPO13
ENSG00000117410,protein_coding,ATP6V0B
ENSG00000117411,protein_coding,B4GALT2
ENSG00000117419,protein_coding,ERI3
ENSG00000117425,protein_coding,PTCH2
ENSG00000117448,protein_coding,AKR1A1
ENSG00000117450,protein_coding,PRDX1
ENSG00000117461,protein_coding,PIK3R3
ENSG00000117475,protein_coding,BLZF1
ENSG00000117477,protein_coding,CCDC181
ENSG00000117479,protein_coding,SLC19A2
ENSG00000117480,protein_coding,FAAH
ENSG00000117481,protein_coding,NSUN4
ENSG00000117500,protein_coding,TMED5
ENSG00000117501,protein_coding,MROH9
ENSG00000117505,protein_coding,DR1
ENSG00000117507,transcribed_unitary_pseudogene,FMO6P
ENSG00000117519,protein_coding,CNN3
ENSG00000117523,protein_coding,PRRC2C
ENSG00000117525,protein_coding,F3
ENSG00000117528,protein_coding,ABCD3
ENSG00000117533,protein_coding,VAMP4
ENSG00000117543,protein_coding,DPH5
ENSG00000117569,protein_coding,PTBP2
ENSG00000117592,protein_coding,PRDX6
ENSG00000117593,protein_coding,DARS2
ENSG00000117594,protein_coding,HSD11B1
ENSG00000117597,protein_coding,UTP25
ENSG00000117598,protein_coding,PLPPR5
ENSG00000117600,protein_coding,PLPPR4
ENSG00000117602,protein_coding,RCAN3
ENSG00000117614,protein_coding,SYF2
ENSG00000117616,protein_coding,RSRP1
ENSG00000117620,protein_coding,SLC35A3
ENSG00000117625,protein_coding,RCOR3
ENSG00000117632,protein_coding,STMN1
ENSG00000117640,protein_coding,MTFR1L
ENSG00000117643,protein_coding,MAN1C1
ENSG00000117682,protein_coding,DHDDS
ENSG00000117691,protein_coding,NENF
ENSG00000117697,protein_coding,NSL1
ENSG00000117707,protein_coding,PROX1
ENSG00000117713,protein_coding,ARID1A
ENSG00000117724,protein_coding,CENPF
ENSG00000117748,protein_coding,RPA2
ENSG00000117751,protein_coding,PPP1R8
ENSG00000117758,protein_coding,STX12
ENSG00000117791,protein_coding,MARC2
ENSG00000117834,protein_coding,SLC5A9
ENSG00000117859,protein_coding,OSBPL9
ENSG00000117862,protein_coding,TXNDC12
ENSG00000117868,protein_coding,ESYT2
ENSG00000117877,protein_coding,CD3EAP
ENSG00000117899,protein_coding,MESD
ENSG00000117906,protein_coding,RCN2
ENSG00000117971,protein_coding,CHRNB4
ENSG00000118004,protein_coding,COLEC11
ENSG00000118007,protein_coding,STAG1
ENSG00000118046,protein_coding,STK11
ENSG00000118058,protein_coding,KMT2A
ENSG00000118096,protein_coding,IFT46
ENSG00000118156,protein_coding,ZNF541
ENSG00000118160,protein_coding,SLC8A2
ENSG00000118162,protein_coding,KPTN
ENSG00000118193,protein_coding,KIF14
ENSG00000118194,protein_coding,TNNT2
ENSG00000118197,protein_coding,DDX59
ENSG00000118200,protein_coding,CAMSAP2
ENSG00000118217,protein_coding,ATF6
ENSG00000118242,protein_coding,MREG
ENSG00000118246,protein_coding,FASTKD2
ENSG00000118257,protein_coding,NRP2
ENSG00000118260,protein_coding,CREB1
ENSG00000118263,protein_coding,KLF7
ENSG00000118276,protein_coding,B4GALT6
ENSG00000118292,protein_coding,C1orf54
ENSG00000118298,protein_coding,CA14
ENSG00000118307,protein_coding,CASC1
ENSG00000118308,protein_coding,LRMP
ENSG00000118322,protein_coding,ATP10B
ENSG00000118363,protein_coding,SPCS2
ENSG00000118369,protein_coding,USP35
ENSG00000118402,protein_coding,ELOVL4
ENSG00000118407,protein_coding,FILIP1
ENSG00000118418,protein_coding,HMGN3
ENSG00000118420,protein_coding,UBE3D
ENSG00000118432,protein_coding,CNR1
ENSG00000118454,protein_coding,ANKRD13C
ENSG00000118473,protein_coding,SGIP1
ENSG00000118482,protein_coding,PHF3
ENSG00000118491,protein_coding,ZC2HC1B
ENSG00000118492,protein_coding,ADGB
ENSG00000118495,protein_coding,PLAGL1
ENSG00000118496,protein_coding,FBXO30
ENSG00000118503,protein_coding,TNFAIP3
ENSG00000118507,protein_coding,AKAP7
ENSG00000118508,protein_coding,RAB32
ENSG00000118513,protein_coding,MYB
ENSG00000118514,protein_coding,ALDH8A1
ENSG00000118515,protein_coding,SGK1
ENSG00000118518,protein_coding,RNF146
ENSG00000118523,protein_coding,CCN2
ENSG00000118557,protein_coding,PMFBP1
ENSG00000118564,protein_coding,FBXL5
ENSG00000118579,protein_coding,MED28
ENSG00000118596,protein_coding,SLC16A7
ENSG00000118600,protein_coding,RXYLT1
ENSG00000118620,protein_coding,ZNF430
ENSG00000118640,protein_coding,VAMP8
ENSG00000118680,protein_coding,MYL12B
ENSG00000118689,protein_coding,FOXO3
ENSG00000118690,protein_coding,ARMC2
ENSG00000118705,protein_coding,RPN2
ENSG00000118733,protein_coding,OLFM3
ENSG00000118762,protein_coding,PKD2
ENSG00000118777,protein_coding,ABCG2
ENSG00000118785,protein_coding,SPP1
ENSG00000118816,protein_coding,CCNI
ENSG00000118849,protein_coding,RARRES1
ENSG00000118855,protein_coding,MFSD1
ENSG00000118873,protein_coding,RAB3GAP2
ENSG00000118894,protein_coding,EEF2KMT
ENSG00000118898,protein_coding,PPL
ENSG00000118900,protein_coding,UBN1
ENSG00000118922,protein_coding,KLF12
ENSG00000118939,protein_coding,UCHL3
ENSG00000118946,protein_coding,PCDH17
ENSG00000118960,protein_coding,HS1BP3
ENSG00000118961,protein_coding,LDAH
ENSG00000118965,protein_coding,WDR35
ENSG00000118971,protein_coding,CCND2
ENSG00000118985,protein_coding,ELL2
ENSG00000118997,protein_coding,DNAH7
ENSG00000119004,protein_coding,CYP20A1
ENSG00000119013,protein_coding,NDUFB3
ENSG00000119041,protein_coding,GTF3C3
ENSG00000119042,protein_coding,SATB2
ENSG00000119048,protein_coding,UBE2B
ENSG00000119121,protein_coding,TRPM6
ENSG00000119125,protein_coding,GDA
ENSG00000119138,protein_coding,KLF9
ENSG00000119139,protein_coding,TJP2
ENSG00000119147,protein_coding,ECRG4
ENSG00000119185,protein_coding,ITGB1BP1
ENSG00000119203,protein_coding,CPSF3
ENSG00000119227,protein_coding,PIGZ
ENSG00000119231,protein_coding,SENP5
ENSG00000119242,protein_coding,CCDC92
ENSG00000119280,protein_coding,C1orf198
ENSG00000119283,protein_coding,TRIM67
ENSG00000119285,protein_coding,HEATR1
ENSG00000119314,protein_coding,PTBP3
ENSG00000119318,protein_coding,RAD23B
ENSG00000119321,protein_coding,FKBP15
ENSG00000119326,protein_coding,CTNNAL1
ENSG00000119328,protein_coding,ABITRAM
ENSG00000119333,protein_coding,WDR34
ENSG00000119335,protein_coding,SET
ENSG00000119383,protein_coding,PTPA
ENSG00000119392,protein_coding,GLE1
ENSG00000119396,protein_coding,RAB14
ENSG00000119397,protein_coding,CNTRL
ENSG00000119401,protein_coding,TRIM32
ENSG00000119402,protein_coding,FBXW2
ENSG00000119403,protein_coding,PHF19
ENSG00000119408,protein_coding,NEK6
ENSG00000119411,protein_coding,BSPRY
ENSG00000119414,protein_coding,PPP6C
ENSG00000119421,protein_coding,NDUFA8
ENSG00000119431,protein_coding,HDHD3
ENSG00000119446,protein_coding,RBM18
ENSG00000119457,protein_coding,SLC46A2
ENSG00000119471,protein_coding,HSDL2
ENSG00000119487,protein_coding,MAPKAP1
ENSG00000119508,protein_coding,NR4A3
ENSG00000119509,protein_coding,INVS
ENSG00000119514,protein_coding,GALNT12
ENSG00000119522,protein_coding,DENND1A
ENSG00000119523,protein_coding,ALG2
ENSG00000119535,protein_coding,CSF3R
ENSG00000119537,protein_coding,KDSR
ENSG00000119541,protein_coding,VPS4B
ENSG00000119547,protein_coding,ONECUT2
ENSG00000119559,protein_coding,C19orf25
ENSG00000119574,protein_coding,ZBTB45
ENSG00000119596,protein_coding,YLPM1
ENSG00000119599,protein_coding,DCAF4
ENSG00000119608,protein_coding,PROX2
ENSG00000119616,protein_coding,FCF1
ENSG00000119632,protein_coding,IFI27L2
ENSG00000119636,protein_coding,BBOF1
ENSG00000119638,protein_coding,NEK9
ENSG00000119640,protein_coding,ACYP1
ENSG00000119650,protein_coding,IFT43
ENSG00000119655,protein_coding,NPC2
ENSG00000119661,protein_coding,DNAL1
ENSG00000119669,protein_coding,IRF2BPL
ENSG00000119673,protein_coding,ACOT2
ENSG00000119681,protein_coding,LTBP2
ENSG00000119682,protein_coding,AREL1
ENSG00000119684,protein_coding,MLH3
ENSG00000119685,protein_coding,TTLL5
ENSG00000119686,protein_coding,FLVCR2
ENSG00000119688,protein_coding,ABCD4
ENSG00000119689,protein_coding,DLST
ENSG00000119698,protein_coding,PPP4R4
ENSG00000119699,protein_coding,TGFB3
ENSG00000119703,protein_coding,ZC2HC1C
ENSG00000119705,protein_coding,SLIRP
ENSG00000119707,protein_coding,RBM25
ENSG00000119711,protein_coding,ALDH6A1
ENSG00000119714,protein_coding,GPR68
ENSG00000119715,protein_coding,ESRRB
ENSG00000119718,protein_coding,EIF2B2
ENSG00000119720,protein_coding,NRDE2
ENSG00000119723,protein_coding,COQ6
ENSG00000119729,protein_coding,RHOQ
ENSG00000119760,protein_coding,SUPT7L
ENSG00000119771,protein_coding,KLHL29
ENSG00000119772,protein_coding,DNMT3A
ENSG00000119777,protein_coding,TMEM214
ENSG00000119778,protein_coding,ATAD2B
ENSG00000119782,protein_coding,FKBP1B
ENSG00000119787,protein_coding,ATL2
ENSG00000119801,protein_coding,YPEL5
ENSG00000119812,protein_coding,FAM98A
ENSG00000119820,protein_coding,YIPF4
ENSG00000119844,protein_coding,AFTPH
ENSG00000119862,protein_coding,LGALSL
ENSG00000119865,protein_coding,CNRIP1
ENSG00000119866,protein_coding,BCL11A
ENSG00000119878,protein_coding,CRIPT
ENSG00000119888,protein_coding,EPCAM
ENSG00000119899,protein_coding,SLC17A5
ENSG00000119900,protein_coding,OGFRL1
ENSG00000119906,protein_coding,SLF2
ENSG00000119912,protein_coding,IDE
ENSG00000119917,protein_coding,IFIT3
ENSG00000119922,protein_coding,IFIT2
ENSG00000119927,protein_coding,GPAM
ENSG00000119929,protein_coding,CUTC
ENSG00000119938,protein_coding,PPP1R3C
ENSG00000119943,protein_coding,PYROXD2
ENSG00000119946,protein_coding,CNNM1
ENSG00000119950,protein_coding,MXI1
ENSG00000119953,protein_coding,SMNDC1
ENSG00000119965,protein_coding,C10orf88
ENSG00000119969,protein_coding,HELLS
ENSG00000119977,protein_coding,TCTN3
ENSG00000119979,protein_coding,DENND10
ENSG00000119986,protein_coding,AVPI1
ENSG00000120008,protein_coding,WDR11
ENSG00000120029,protein_coding,ARMH3
ENSG00000120049,protein_coding,KCNIP2
ENSG00000120051,protein_coding,CFAP58
ENSG00000120053,protein_coding,GOT1
ENSG00000120054,protein_coding,CPN1
ENSG00000120063,protein_coding,GNA13
ENSG00000120071,protein_coding,KANSL1
ENSG00000120088,protein_coding,CRHR1
ENSG00000120129,protein_coding,DUSP1
ENSG00000120137,protein_coding,PANK3
ENSG00000120156,protein_coding,TEK
ENSG00000120158,protein_coding,RCL1
ENSG00000120159,protein_coding,CAAP1
ENSG00000120162,protein_coding,MOB3B
ENSG00000120217,protein_coding,CD274
ENSG00000120251,protein_coding,GRIA2
ENSG00000120253,protein_coding,NUP43
ENSG00000120254,protein_coding,MTHFD1L
ENSG00000120256,protein_coding,LRP11
ENSG00000120262,protein_coding,CCDC170
ENSG00000120265,protein_coding,PCMT1
ENSG00000120278,protein_coding,PLEKHG1
ENSG00000120306,protein_coding,CYSTM1
ENSG00000120314,protein_coding,WDR55
ENSG00000120318,protein_coding,ARAP3
ENSG00000120324,protein_coding,PCDHB10
ENSG00000120327,protein_coding,PCDHB14
ENSG00000120328,protein_coding,PCDHB12
ENSG00000120333,protein_coding,MRPS14
ENSG00000120334,protein_coding,CENPL
ENSG00000120341,protein_coding,SEC16B
ENSG00000120370,protein_coding,GORAB
ENSG00000120437,protein_coding,ACAT2
ENSG00000120438,protein_coding,TCP1
ENSG00000120440,protein_coding,TTLL2
ENSG00000120451,protein_coding,SNX19
ENSG00000120457,protein_coding,KCNJ5
ENSG00000120458,protein_coding,MSANTD2
ENSG00000120498,protein_coding,TEX11
ENSG00000120509,protein_coding,PDZD11
ENSG00000120519,protein_coding,SLC10A7
ENSG00000120526,protein_coding,NUDCD1
ENSG00000120533,protein_coding,ENY2
ENSG00000120539,protein_coding,MASTL
ENSG00000120549,protein_coding,KIAA1217
ENSG00000120594,protein_coding,PLXDC2
ENSG00000120616,protein_coding,EPC1
ENSG00000120645,protein_coding,IQSEC3
ENSG00000120647,protein_coding,CCDC77
ENSG00000120656,protein_coding,TAF12
ENSG00000120658,protein_coding,ENOX1
ENSG00000120662,protein_coding,MTRF1
ENSG00000120664,lncRNA,SPART-AS1
ENSG00000120675,protein_coding,DNAJC15
ENSG00000120685,protein_coding,PROSER1
ENSG00000120686,protein_coding,UFM1
ENSG00000120688,protein_coding,WBP4
ENSG00000120690,protein_coding,ELF1
ENSG00000120693,protein_coding,SMAD9
ENSG00000120694,protein_coding,HSPH1
ENSG00000120696,protein_coding,KBTBD7
ENSG00000120697,protein_coding,ALG5
ENSG00000120699,protein_coding,EXOSC8
ENSG00000120705,protein_coding,ETF1
ENSG00000120708,protein_coding,TGFBI
ENSG00000120709,protein_coding,FAM53C
ENSG00000120725,protein_coding,SIL1
ENSG00000120727,protein_coding,PAIP2
ENSG00000120729,protein_coding,MYOT
ENSG00000120733,protein_coding,KDM3B
ENSG00000120738,protein_coding,EGR1
ENSG00000120742,protein_coding,SERP1
ENSG00000120756,protein_coding,PLS1
ENSG00000120784,protein_coding,ZFP30
ENSG00000120798,protein_coding,NR2C1
ENSG00000120800,protein_coding,UTP20
ENSG00000120802,protein_coding,TMPO
ENSG00000120805,protein_coding,ARL1
ENSG00000120820,protein_coding,GLT8D2
ENSG00000120832,protein_coding,MTERF2
ENSG00000120833,protein_coding,SOCS2
ENSG00000120837,protein_coding,NFYB
ENSG00000120860,protein_coding,WASHC3
ENSG00000120868,protein_coding,APAF1
ENSG00000120875,protein_coding,DUSP4
ENSG00000120885,protein_coding,CLU
ENSG00000120889,protein_coding,TNFRSF10B
ENSG00000120896,protein_coding,SORBS3
ENSG00000120899,protein_coding,PTK2B
ENSG00000120903,protein_coding,CHRNA2
ENSG00000120907,protein_coding,ADRA1A
ENSG00000120910,protein_coding,PPP3CC
ENSG00000120915,protein_coding,EPHX2
ENSG00000120925,protein_coding,RNF170
ENSG00000120942,protein_coding,UBIAD1
ENSG00000120948,protein_coding,TARDBP
ENSG00000120963,protein_coding,ZNF706
ENSG00000120992,protein_coding,LYPLA1
ENSG00000121005,protein_coding,CRISPLD1
ENSG00000121022,protein_coding,COPS5
ENSG00000121039,protein_coding,RDH10
ENSG00000121053,protein_coding,EPX
ENSG00000121057,protein_coding,AKAP1
ENSG00000121058,protein_coding,COIL
ENSG00000121060,protein_coding,TRIM25
ENSG00000121064,protein_coding,SCPEP1
ENSG00000121067,protein_coding,SPOP
ENSG00000121073,protein_coding,SLC35B1
ENSG00000121101,protein_coding,TEX14
ENSG00000121104,protein_coding,FAM117A
ENSG00000121207,protein_coding,LRAT
ENSG00000121210,protein_coding,TMEM131L
ENSG00000121211,protein_coding,MND1
ENSG00000121274,protein_coding,TENT4B
ENSG00000121281,protein_coding,ADCY7
ENSG00000121289,protein_coding,CEP89
ENSG00000121297,protein_coding,TSHZ3
ENSG00000121310,protein_coding,ECHDC2
ENSG00000121335,protein_coding,PRB2
ENSG00000121350,protein_coding,PYROXD1
ENSG00000121361,protein_coding,KCNJ8
ENSG00000121380,protein_coding,BCL2L14
ENSG00000121390,protein_coding,PSPC1
ENSG00000121406,protein_coding,ZNF549
ENSG00000121410,protein_coding,A1BG
ENSG00000121413,protein_coding,ZSCAN18
ENSG00000121417,protein_coding,ZNF211
ENSG00000121440,protein_coding,PDZRN3
ENSG00000121481,protein_coding,RNF2
ENSG00000121486,protein_coding,TRMT1L
ENSG00000121542,protein_coding,SEC22A
ENSG00000121578,protein_coding,B4GALT4
ENSG00000121579,protein_coding,NAA50
ENSG00000121644,protein_coding,DESI2
ENSG00000121653,protein_coding,MAPK8IP1
ENSG00000121671,protein_coding,CRY2
ENSG00000121680,protein_coding,PEX16
ENSG00000121691,protein_coding,CAT
ENSG00000121716,protein_coding,PILRB
ENSG00000121741,protein_coding,ZMYM2
ENSG00000121742,protein_coding,GJB6
ENSG00000121749,protein_coding,TBC1D15
ENSG00000121753,protein_coding,ADGRB2
ENSG00000121766,protein_coding,ZCCHC17
ENSG00000121769,protein_coding,FABP3
ENSG00000121774,protein_coding,KHDRBS1
ENSG00000121775,protein_coding,TMEM39B
ENSG00000121851,protein_coding,POLR3GL
ENSG00000121858,protein_coding,TNFSF10
ENSG00000121864,protein_coding,ZNF639
ENSG00000121871,protein_coding,SLITRK3
ENSG00000121879,protein_coding,PIK3CA
ENSG00000121892,protein_coding,PDS5A
ENSG00000121895,protein_coding,TMEM156
ENSG00000121897,protein_coding,LIAS
ENSG00000121898,protein_coding,CPXM2
ENSG00000121900,protein_coding,TMEM54
ENSG00000121903,protein_coding,ZSCAN20
ENSG00000121904,protein_coding,CSMD2
ENSG00000121905,protein_coding,HPCA
ENSG00000121931,protein_coding,LRIF1
ENSG00000121933,protein_coding,TMIGD3
ENSG00000121957,protein_coding,GPSM2
ENSG00000121964,protein_coding,GTDC1
ENSG00000121966,protein_coding,CXCR4
ENSG00000121988,protein_coding,ZRANB3
ENSG00000121989,protein_coding,ACVR2A
ENSG00000122008,protein_coding,POLK
ENSG00000122012,protein_coding,SV2C
ENSG00000122025,protein_coding,FLT3
ENSG00000122026,protein_coding,RPL21
ENSG00000122033,protein_coding,MTIF3
ENSG00000122034,protein_coding,GTF3A
ENSG00000122042,protein_coding,UBL3
ENSG00000122068,protein_coding,FYTTD1
ENSG00000122085,protein_coding,MTERF4
ENSG00000122122,protein_coding,SASH3
ENSG00000122126,protein_coding,OCRL
ENSG00000122140,protein_coding,MRPS2
ENSG00000122203,protein_coding,KIAA1191
ENSG00000122218,protein_coding,COPA
ENSG00000122254,protein_coding,HS3ST2
ENSG00000122257,protein_coding,RBBP6
ENSG00000122299,protein_coding,ZC3H7A
ENSG00000122335,protein_coding,SERAC1
ENSG00000122359,protein_coding,ANXA11
ENSG00000122367,protein_coding,LDB3
ENSG00000122375,protein_coding,OPN4
ENSG00000122376,protein_coding,SHLD2
ENSG00000122378,protein_coding,PRXL2A
ENSG00000122386,protein_coding,ZNF205
ENSG00000122406,protein_coding,RPL5
ENSG00000122417,protein_coding,ODF2L
ENSG00000122420,protein_coding,PTGFR
ENSG00000122435,protein_coding,TRMT13
ENSG00000122477,protein_coding,LRRC39
ENSG00000122482,protein_coding,ZNF644
ENSG00000122483,protein_coding,CCDC18
ENSG00000122484,protein_coding,RPAP2
ENSG00000122490,protein_coding,SLC66A2
ENSG00000122507,protein_coding,BBS9
ENSG00000122512,protein_coding,PMS2
ENSG00000122515,protein_coding,ZMIZ2
ENSG00000122543,protein_coding,OCM
ENSG00000122545,protein_coding,SEPTIN7
ENSG00000122547,protein_coding,EEPD1
ENSG00000122550,protein_coding,KLHL7
ENSG00000122557,protein_coding,HERPUD2
ENSG00000122565,protein_coding,CBX3
ENSG00000122566,protein_coding,HNRNPA2B1
ENSG00000122574,protein_coding,WIPF3
ENSG00000122584,protein_coding,NXPH1
ENSG00000122585,protein_coding,NPY
ENSG00000122591,protein_coding,FAM126A
ENSG00000122641,protein_coding,INHBA
ENSG00000122643,protein_coding,NT5C3A
ENSG00000122644,protein_coding,ARL4A
ENSG00000122674,protein_coding,CCZ1
ENSG00000122678,protein_coding,POLM
ENSG00000122679,protein_coding,RAMP3
ENSG00000122687,protein_coding,MRM2
ENSG00000122691,protein_coding,TWIST1
ENSG00000122692,protein_coding,SMU1
ENSG00000122694,protein_coding,GLIPR2
ENSG00000122705,protein_coding,CLTA
ENSG00000122707,protein_coding,RECK
ENSG00000122729,protein_coding,ACO1
ENSG00000122733,protein_coding,PHF24
ENSG00000122735,protein_coding,DNAI1
ENSG00000122741,protein_coding,DCAF10
ENSG00000122756,protein_coding,CNTFR
ENSG00000122778,protein_coding,KIAA1549
ENSG00000122779,protein_coding,TRIM24
ENSG00000122783,protein_coding,CYREN
ENSG00000122786,protein_coding,CALD1
ENSG00000122824,protein_coding,NUDT10
ENSG00000122862,protein_coding,SRGN
ENSG00000122863,protein_coding,CHST3
ENSG00000122870,protein_coding,BICC1
ENSG00000122873,protein_coding,CISD1
ENSG00000122877,protein_coding,EGR2
ENSG00000122882,protein_coding,ECD
ENSG00000122884,protein_coding,P4HA1
ENSG00000122912,protein_coding,SLC25A16
ENSG00000122952,protein_coding,ZWINT
ENSG00000122958,protein_coding,VPS26A
ENSG00000122965,protein_coding,RBM19
ENSG00000122966,protein_coding,CIT
ENSG00000122970,protein_coding,IFT81
ENSG00000122971,protein_coding,ACADS
ENSG00000122986,protein_coding,HVCN1
ENSG00000123064,protein_coding,DDX54
ENSG00000123066,protein_coding,MED13L
ENSG00000123080,protein_coding,CDKN2C
ENSG00000123091,protein_coding,RNF11
ENSG00000123094,protein_coding,RASSF8
ENSG00000123095,protein_coding,BHLHE41
ENSG00000123096,protein_coding,SSPN
ENSG00000123104,protein_coding,ITPR2
ENSG00000123106,protein_coding,CCDC91
ENSG00000123119,protein_coding,NECAB1
ENSG00000123124,protein_coding,WWP1
ENSG00000123130,protein_coding,ACOT9
ENSG00000123131,protein_coding,PRDX4
ENSG00000123136,protein_coding,DDX39A
ENSG00000123143,protein_coding,PKN1
ENSG00000123144,protein_coding,TRIR
ENSG00000123146,protein_coding,ADGRE5
ENSG00000123154,protein_coding,WDR83
ENSG00000123159,protein_coding,GIPC1
ENSG00000123178,protein_coding,SPRYD7
ENSG00000123179,protein_coding,EBPL
ENSG00000123191,protein_coding,ATP7B
ENSG00000123200,protein_coding,ZC3H13
ENSG00000123213,protein_coding,NLN
ENSG00000123219,protein_coding,CENPK
ENSG00000123240,protein_coding,OPTN
ENSG00000123243,protein_coding,ITIH5
ENSG00000123268,protein_coding,ATF1
ENSG00000123297,protein_coding,TSFM
ENSG00000123329,protein_coding,ARHGAP9
ENSG00000123338,protein_coding,NCKAP1L
ENSG00000123349,protein_coding,PFDN5
ENSG00000123352,protein_coding,SPATS2
ENSG00000123353,protein_coding,ORMDL2
ENSG00000123358,protein_coding,NR4A1
ENSG00000123360,protein_coding,PDE1B
ENSG00000123384,protein_coding,LRP1
ENSG00000123395,protein_coding,ATG101
ENSG00000123411,protein_coding,IKZF4
ENSG00000123415,protein_coding,SMUG1
ENSG00000123416,protein_coding,TUBA1B
ENSG00000123444,protein_coding,KBTBD4
ENSG00000123453,protein_coding,SARDH
ENSG00000123472,protein_coding,ATPAF1
ENSG00000123473,protein_coding,STIL
ENSG00000123496,protein_coding,IL13RA2
ENSG00000123500,protein_coding,COL10A1
ENSG00000123505,protein_coding,AMD1
ENSG00000123545,protein_coding,NDUFAF4
ENSG00000123552,protein_coding,USP45
ENSG00000123560,protein_coding,PLP1
ENSG00000123562,protein_coding,MORF4L2
ENSG00000123570,protein_coding,RAB9B
ENSG00000123572,protein_coding,NRK
ENSG00000123575,protein_coding,FAM199X
ENSG00000123595,protein_coding,RAB9A
ENSG00000123600,protein_coding,METTL8
ENSG00000123607,protein_coding,TTC21B
ENSG00000123609,protein_coding,NMI
ENSG00000123610,protein_coding,TNFAIP6
ENSG00000123612,protein_coding,ACVR1C
ENSG00000123636,protein_coding,BAZ2B
ENSG00000123643,protein_coding,SLC36A1
ENSG00000123684,protein_coding,LPGAT1
ENSG00000123685,protein_coding,BATF3
ENSG00000123689,protein_coding,G0S2
ENSG00000123700,protein_coding,KCNJ2
ENSG00000123728,protein_coding,RAP2C
ENSG00000123737,protein_coding,EXOSC9
ENSG00000123739,protein_coding,PLA2G12A
ENSG00000123810,protein_coding,B9D2
ENSG00000123815,protein_coding,COQ8B
ENSG00000123836,protein_coding,PFKFB2
ENSG00000123901,protein_coding,GPR83
ENSG00000123908,protein_coding,AGO2
ENSG00000123933,protein_coding,MXD4
ENSG00000123975,protein_coding,CKS2
ENSG00000123977,protein_coding,DAW1
ENSG00000123983,protein_coding,ACSL3
ENSG00000123989,protein_coding,CHPF
ENSG00000123992,protein_coding,DNPEP
ENSG00000123999,protein_coding,INHA
ENSG00000124003,protein_coding,MOGAT1
ENSG00000124006,protein_coding,OBSL1
ENSG00000124074,protein_coding,ENKD1
ENSG00000124098,protein_coding,FAM210B
ENSG00000124104,protein_coding,SNX21
ENSG00000124107,protein_coding,SLPI
ENSG00000124120,protein_coding,TTPAL
ENSG00000124126,protein_coding,PREX1
ENSG00000124134,protein_coding,KCNS1
ENSG00000124140,protein_coding,SLC12A5
ENSG00000124145,protein_coding,SDC4
ENSG00000124151,protein_coding,NCOA3
ENSG00000124155,protein_coding,PIGT
ENSG00000124159,protein_coding,MATN4
ENSG00000124160,protein_coding,NCOA5
ENSG00000124164,protein_coding,VAPB
ENSG00000124171,protein_coding,PARD6B
ENSG00000124172,protein_coding,ATP5F1E
ENSG00000124177,protein_coding,CHD6
ENSG00000124181,protein_coding,PLCG1
ENSG00000124191,protein_coding,TOX2
ENSG00000124193,protein_coding,SRSF6
ENSG00000124194,protein_coding,GDAP1L1
ENSG00000124198,protein_coding,ARFGEF2
ENSG00000124201,protein_coding,ZNFX1
ENSG00000124203,protein_coding,ZNF831
ENSG00000124205,protein_coding,EDN3
ENSG00000124207,protein_coding,CSE1L
ENSG00000124209,protein_coding,RAB22A
ENSG00000124212,protein_coding,PTGIS
ENSG00000124214,protein_coding,STAU1
ENSG00000124215,protein_coding,CDH26
ENSG00000124217,protein_coding,MOCS3
ENSG00000124224,transcribed_unprocessed_pseudogene,PPP4R1L
ENSG00000124225,protein_coding,PMEPA1
ENSG00000124226,protein_coding,RNF114
ENSG00000124228,protein_coding,DDX27
ENSG00000124232,protein_coding,RBPJL
ENSG00000124243,protein_coding,BCAS4
ENSG00000124251,protein_coding,TP53TG5
ENSG00000124257,protein_coding,NEURL2
ENSG00000124275,protein_coding,MTRR
ENSG00000124279,protein_coding,FASTKD3
ENSG00000124299,protein_coding,PEPD
ENSG00000124302,protein_coding,CHST8
ENSG00000124313,protein_coding,IQSEC2
ENSG00000124333,protein_coding,VAMP7
ENSG00000124356,protein_coding,STAMBP
ENSG00000124357,protein_coding,NAGK
ENSG00000124370,protein_coding,MCEE
ENSG00000124374,protein_coding,PAIP2B
ENSG00000124380,protein_coding,SNRNP27
ENSG00000124383,protein_coding,MPHOSPH10
ENSG00000124406,protein_coding,ATP8A1
ENSG00000124422,protein_coding,USP22
ENSG00000124440,protein_coding,HIF3A
ENSG00000124459,protein_coding,ZNF45
ENSG00000124467,protein_coding,PSG8
ENSG00000124479,protein_coding,NDP
ENSG00000124486,protein_coding,USP9X
ENSG00000124491,protein_coding,F13A1
ENSG00000124493,protein_coding,GRM4
ENSG00000124496,protein_coding,TRERF1
ENSG00000124507,protein_coding,PACSIN1
ENSG00000124508,protein_coding,BTN2A2
ENSG00000124523,protein_coding,SIRT5
ENSG00000124532,protein_coding,MRS2
ENSG00000124535,protein_coding,WRNIP1
ENSG00000124541,protein_coding,RRP36
ENSG00000124562,protein_coding,SNRPC
ENSG00000124570,protein_coding,SERPINB6
ENSG00000124571,protein_coding,XPO5
ENSG00000124574,protein_coding,ABCC10
ENSG00000124587,protein_coding,PEX6
ENSG00000124588,protein_coding,NQO2
ENSG00000124593,protein_coding,AL365205.1
ENSG00000124596,protein_coding,OARD1
ENSG00000124608,protein_coding,AARS2
ENSG00000124613,protein_coding,ZNF391
ENSG00000124615,protein_coding,MOCS1
ENSG00000124635,protein_coding,HIST1H2BJ
ENSG00000124641,protein_coding,MED20
ENSG00000124659,protein_coding,TBCC
ENSG00000124688,protein_coding,MAD2L1BP
ENSG00000124701,protein_coding,APOBEC2
ENSG00000124702,protein_coding,KLHDC3
ENSG00000124721,protein_coding,DNAH8
ENSG00000124733,protein_coding,MEA1
ENSG00000124749,protein_coding,COL21A1
ENSG00000124762,protein_coding,CDKN1A
ENSG00000124766,protein_coding,SOX4
ENSG00000124767,protein_coding,GLO1
ENSG00000124772,protein_coding,CPNE5
ENSG00000124782,protein_coding,RREB1
ENSG00000124783,protein_coding,SSR1
ENSG00000124784,protein_coding,RIOK1
ENSG00000124785,protein_coding,NRN1
ENSG00000124786,protein_coding,SLC35B3
ENSG00000124787,protein_coding,RPP40
ENSG00000124788,protein_coding,ATXN1
ENSG00000124789,protein_coding,NUP153
ENSG00000124795,protein_coding,DEK
ENSG00000124813,protein_coding,RUNX2
ENSG00000124831,protein_coding,LRRFIP1
ENSG00000124882,protein_coding,EREG
ENSG00000124920,protein_coding,MYRF
ENSG00000124942,protein_coding,AHNAK
ENSG00000125037,protein_coding,EMC3
ENSG00000125046,protein_coding,SSUH2
ENSG00000125089,protein_coding,SH3TC1
ENSG00000125107,protein_coding,CNOT1
ENSG00000125122,protein_coding,LRRC29
ENSG00000125124,protein_coding,BBS2
ENSG00000125144,protein_coding,MT1G
ENSG00000125148,protein_coding,MT2A
ENSG00000125149,protein_coding,C16orf70
ENSG00000125166,protein_coding,GOT2
ENSG00000125170,protein_coding,DOK4
ENSG00000125246,protein_coding,CLYBL
ENSG00000125247,protein_coding,TMTC4
ENSG00000125249,protein_coding,RAP2A
ENSG00000125257,protein_coding,ABCC4
ENSG00000125266,protein_coding,EFNB2
ENSG00000125304,protein_coding,TM9SF2
ENSG00000125337,protein_coding,KIF25
ENSG00000125347,protein_coding,IRF1
ENSG00000125351,protein_coding,UPF3B
ENSG00000125352,protein_coding,RNF113A
ENSG00000125354,protein_coding,SEPTIN6
ENSG00000125355,protein_coding,TMEM255A
ENSG00000125356,protein_coding,NDUFA1
ENSG00000125375,protein_coding,DMAC2L
ENSG00000125378,protein_coding,BMP4
ENSG00000125386,protein_coding,FAM193A
ENSG00000125388,protein_coding,GRK4
ENSG00000125398,protein_coding,SOX9
ENSG00000125409,protein_coding,TEKT3
ENSG00000125430,protein_coding,HS3ST3B1
ENSG00000125445,protein_coding,MRPS7
ENSG00000125447,protein_coding,GGA3
ENSG00000125449,protein_coding,ARMC7
ENSG00000125450,protein_coding,NUP85
ENSG00000125454,protein_coding,SLC25A19
ENSG00000125457,protein_coding,MIF4GD
ENSG00000125458,protein_coding,NT5C
ENSG00000125459,protein_coding,MSTO1
ENSG00000125462,protein_coding,C1orf61
ENSG00000125482,protein_coding,TTF1
ENSG00000125484,protein_coding,GTF3C4
ENSG00000125485,protein_coding,DDX31
ENSG00000125503,protein_coding,PPP1R12C
ENSG00000125505,protein_coding,MBOAT7
ENSG00000125510,protein_coding,OPRL1
ENSG00000125520,protein_coding,SLC2A4RG
ENSG00000125534,protein_coding,PPDPF
ENSG00000125538,protein_coding,IL1B
ENSG00000125611,protein_coding,CHCHD5
ENSG00000125618,protein_coding,PAX8
ENSG00000125629,protein_coding,INSIG2
ENSG00000125630,protein_coding,POLR1B
ENSG00000125633,protein_coding,CCDC93
ENSG00000125637,protein_coding,PSD4
ENSG00000125648,protein_coding,SLC25A23
ENSG00000125650,protein_coding,PSPN
ENSG00000125651,protein_coding,GTF2F1
ENSG00000125652,protein_coding,ALKBH7
ENSG00000125656,protein_coding,CLPP
ENSG00000125657,protein_coding,TNFSF9
ENSG00000125675,protein_coding,GRIA3
ENSG00000125676,protein_coding,THOC2
ENSG00000125686,protein_coding,MED1
ENSG00000125691,protein_coding,RPL23
ENSG00000125703,protein_coding,ATG4C
ENSG00000125726,protein_coding,CD70
ENSG00000125730,protein_coding,C3
ENSG00000125733,protein_coding,TRIP10
ENSG00000125740,protein_coding,FOSB
ENSG00000125741,protein_coding,OPA3
ENSG00000125743,protein_coding,SNRPD2
ENSG00000125744,protein_coding,RTN2
ENSG00000125746,protein_coding,EML2
ENSG00000125753,protein_coding,VASP
ENSG00000125755,protein_coding,SYMPK
ENSG00000125772,protein_coding,GPCPD1
ENSG00000125775,protein_coding,SDCBP2
ENSG00000125779,protein_coding,PANK2
ENSG00000125780,protein_coding,TGM3
ENSG00000125812,protein_coding,GZF1
ENSG00000125814,protein_coding,NAPB
ENSG00000125817,protein_coding,CENPB
ENSG00000125818,protein_coding,PSMF1
ENSG00000125820,protein_coding,NKX2-2
ENSG00000125821,protein_coding,DTD1
ENSG00000125826,protein_coding,RBCK1
ENSG00000125827,protein_coding,TMX4
ENSG00000125834,protein_coding,STK35
ENSG00000125835,protein_coding,SNRPB
ENSG00000125841,protein_coding,NRSN2
ENSG00000125843,protein_coding,AP5S1
ENSG00000125844,protein_coding,RRBP1
ENSG00000125846,protein_coding,ZNF133
ENSG00000125848,protein_coding,FLRT3
ENSG00000125850,protein_coding,OVOL2
ENSG00000125851,protein_coding,PCSK2
ENSG00000125863,protein_coding,MKKS
ENSG00000125864,protein_coding,BFSP1
ENSG00000125868,protein_coding,DSTN
ENSG00000125869,protein_coding,LAMP5
ENSG00000125870,protein_coding,SNRPB2
ENSG00000125871,protein_coding,MGME1
ENSG00000125875,protein_coding,TBC1D20
ENSG00000125877,protein_coding,ITPA
ENSG00000125885,protein_coding,MCM8
ENSG00000125895,protein_coding,TMEM74B
ENSG00000125898,protein_coding,FAM110A
ENSG00000125901,protein_coding,MRPS26
ENSG00000125912,protein_coding,NCLN
ENSG00000125931,protein_coding,CITED1
ENSG00000125944,protein_coding,HNRNPR
ENSG00000125945,protein_coding,ZNF436
ENSG00000125952,protein_coding,MAX
ENSG00000125962,protein_coding,ARMCX5
ENSG00000125966,protein_coding,MMP24
ENSG00000125967,protein_coding,NECAB3
ENSG00000125968,protein_coding,ID1
ENSG00000125970,protein_coding,RALY
ENSG00000125971,protein_coding,DYNLRB1
ENSG00000125977,protein_coding,EIF2S2
ENSG00000125991,protein_coding,ERGIC3
ENSG00000125995,protein_coding,ROMO1
ENSG00000126001,protein_coding,CEP250
ENSG00000126003,protein_coding,PLAGL2
ENSG00000126010,protein_coding,GRPR
ENSG00000126012,protein_coding,KDM5C
ENSG00000126016,protein_coding,AMOT
ENSG00000126062,protein_coding,TMEM115
ENSG00000126067,protein_coding,PSMB2
ENSG00000126070,protein_coding,AGO3
ENSG00000126088,protein_coding,UROD
ENSG00000126091,protein_coding,ST3GAL3
ENSG00000126106,protein_coding,TMEM53
ENSG00000126107,protein_coding,HECTD3
ENSG00000126214,protein_coding,KLC1
ENSG00000126215,protein_coding,XRCC3
ENSG00000126216,protein_coding,TUBGCP3
ENSG00000126217,protein_coding,MCF2L
ENSG00000126218,protein_coding,F10
ENSG00000126226,protein_coding,PCID2
ENSG00000126243,protein_coding,LRFN3
ENSG00000126247,protein_coding,CAPNS1
ENSG00000126249,protein_coding,PDCD2L
ENSG00000126254,protein_coding,RBM42
ENSG00000126261,protein_coding,UBA2
ENSG00000126264,protein_coding,HCST
ENSG00000126267,protein_coding,COX6B1
ENSG00000126351,protein_coding,THRA
ENSG00000126368,protein_coding,NR1D1
ENSG00000126391,protein_coding,FRMD8
ENSG00000126432,protein_coding,PRDX5
ENSG00000126456,protein_coding,IRF3
ENSG00000126457,protein_coding,PRMT1
ENSG00000126460,protein_coding,PRRG2
ENSG00000126461,protein_coding,SCAF1
ENSG00000126464,protein_coding,PRR12
ENSG00000126467,protein_coding,TSKS
ENSG00000126500,protein_coding,FLRT1
ENSG00000126522,protein_coding,ASL
ENSG00000126524,protein_coding,SBDS
ENSG00000126561,protein_coding,STAT5A
ENSG00000126581,protein_coding,BECN1
ENSG00000126583,protein_coding,PRKCG
ENSG00000126602,protein_coding,TRAP1
ENSG00000126603,protein_coding,GLIS2
ENSG00000126653,protein_coding,NSRP1
ENSG00000126698,protein_coding,DNAJC8
ENSG00000126705,protein_coding,AHDC1
ENSG00000126709,protein_coding,IFI6
ENSG00000126733,protein_coding,DACH2
ENSG00000126746,protein_coding,ZNF384
ENSG00000126749,protein_coding,EMG1
ENSG00000126756,protein_coding,UXT
ENSG00000126767,protein_coding,ELK1
ENSG00000126768,protein_coding,TIMM17B
ENSG00000126773,protein_coding,PCNX4
ENSG00000126775,protein_coding,ATG14
ENSG00000126777,protein_coding,KTN1
ENSG00000126785,protein_coding,RHOJ
ENSG00000126790,protein_coding,L3HYPDH
ENSG00000126803,protein_coding,HSPA2
ENSG00000126804,protein_coding,ZBTB1
ENSG00000126814,protein_coding,TRMT5
ENSG00000126821,protein_coding,SGPP1
ENSG00000126822,protein_coding,PLEKHG3
ENSG00000126838,protein_coding,PZP
ENSG00000126858,protein_coding,RHOT1
ENSG00000126861,protein_coding,OMG
ENSG00000126870,protein_coding,WDR60
ENSG00000126878,protein_coding,AIF1L
ENSG00000126882,protein_coding,FAM78A
ENSG00000126883,protein_coding,NUP214
ENSG00000126890,protein_coding,CTAG2
ENSG00000126903,protein_coding,SLC10A3
ENSG00000126934,protein_coding,MAP2K2
ENSG00000126945,protein_coding,HNRNPH2
ENSG00000126947,protein_coding,ARMCX1
ENSG00000126950,protein_coding,TMEM35A
ENSG00000126952,protein_coding,NXF5
ENSG00000126953,protein_coding,TIMM8A
ENSG00000126970,protein_coding,ZC4H2
ENSG00000127022,protein_coding,CANX
ENSG00000127054,protein_coding,INTS11
ENSG00000127080,protein_coding,IPPK
ENSG00000127081,protein_coding,ZNF484
ENSG00000127083,protein_coding,OMD
ENSG00000127084,protein_coding,FGD3
ENSG00000127124,protein_coding,HIVEP3
ENSG00000127125,protein_coding,PPCS
ENSG00000127152,protein_coding,BCL11B
ENSG00000127184,protein_coding,COX7C
ENSG00000127191,protein_coding,TRAF2
ENSG00000127220,protein_coding,ABHD8
ENSG00000127249,protein_coding,ATP13A4
ENSG00000127252,protein_coding,PLAAT1
ENSG00000127311,protein_coding,HELB
ENSG00000127314,protein_coding,RAP1B
ENSG00000127324,protein_coding,TSPAN8
ENSG00000127325,protein_coding,BEST3
ENSG00000127328,protein_coding,RAB3IP
ENSG00000127329,protein_coding,PTPRB
ENSG00000127334,protein_coding,DYRK2
ENSG00000127337,protein_coding,YEATS4
ENSG00000127399,protein_coding,LRRC61
ENSG00000127415,protein_coding,IDUA
ENSG00000127418,protein_coding,FGFRL1
ENSG00000127419,protein_coding,TMEM175
ENSG00000127423,protein_coding,AUNIP
ENSG00000127445,protein_coding,PIN1
ENSG00000127452,protein_coding,FBXL12
ENSG00000127463,protein_coding,EMC1
ENSG00000127481,protein_coding,UBR4
ENSG00000127483,protein_coding,HP1BP3
ENSG00000127507,protein_coding,ADGRE2
ENSG00000127511,protein_coding,SIN3B
ENSG00000127527,protein_coding,EPS15L1
ENSG00000127528,protein_coding,KLF2
ENSG00000127540,protein_coding,UQCR11
ENSG00000127554,protein_coding,GFER
ENSG00000127561,protein_coding,SYNGR3
ENSG00000127578,protein_coding,WFIKKN1
ENSG00000127580,protein_coding,WDR24
ENSG00000127585,protein_coding,FBXL16
ENSG00000127586,protein_coding,CHTF18
ENSG00000127603,protein_coding,MACF1
ENSG00000127616,protein_coding,SMARCA4
ENSG00000127663,protein_coding,KDM4B
ENSG00000127666,protein_coding,TICAM1
ENSG00000127720,protein_coding,METTL25
ENSG00000127774,protein_coding,EMC6
ENSG00000127804,protein_coding,METTL16
ENSG00000127824,protein_coding,TUBA4A
ENSG00000127837,protein_coding,AAMP
ENSG00000127838,protein_coding,PNKD
ENSG00000127863,protein_coding,TNFRSF19
ENSG00000127870,protein_coding,RNF6
ENSG00000127884,protein_coding,ECHS1
ENSG00000127903,protein_coding,ZNF835
ENSG00000127914,protein_coding,AKAP9
ENSG00000127920,protein_coding,GNG11
ENSG00000127922,protein_coding,SEM1
ENSG00000127946,protein_coding,HIP1
ENSG00000127947,protein_coding,PTPN12
ENSG00000127948,protein_coding,POR
ENSG00000127951,protein_coding,FGL2
ENSG00000127952,protein_coding,STYXL1
ENSG00000127954,protein_coding,STEAP4
ENSG00000127955,protein_coding,GNAI1
ENSG00000127980,protein_coding,PEX1
ENSG00000127989,protein_coding,MTERF1
ENSG00000127990,protein_coding,SGCE
ENSG00000127993,protein_coding,RBM48
ENSG00000127995,protein_coding,CASD1
ENSG00000128000,protein_coding,ZNF780B
ENSG00000128011,protein_coding,LRFN1
ENSG00000128016,protein_coding,ZFP36
ENSG00000128039,protein_coding,SRD5A3
ENSG00000128040,protein_coding,SPINK2
ENSG00000128045,protein_coding,RASL11B
ENSG00000128050,protein_coding,PAICS
ENSG00000128052,protein_coding,KDR
ENSG00000128059,protein_coding,PPAT
ENSG00000128159,protein_coding,TUBGCP6
ENSG00000128185,protein_coding,DGCR6L
ENSG00000128191,protein_coding,DGCR8
ENSG00000128203,protein_coding,ASPHD2
ENSG00000128228,protein_coding,SDF2L1
ENSG00000128242,protein_coding,GAL3ST1
ENSG00000128245,protein_coding,YWHAH
ENSG00000128253,protein_coding,RFPL2
ENSG00000128266,protein_coding,GNAZ
ENSG00000128268,protein_coding,MGAT3
ENSG00000128272,protein_coding,ATF4
ENSG00000128283,protein_coding,CDC42EP1
ENSG00000128284,protein_coding,APOL3
ENSG00000128285,protein_coding,MCHR1
ENSG00000128294,protein_coding,TPST2
ENSG00000128298,protein_coding,BAIAP2L2
ENSG00000128309,protein_coding,MPST
ENSG00000128311,protein_coding,TST
ENSG00000128335,protein_coding,APOL2
ENSG00000128346,protein_coding,C22orf23
ENSG00000128408,protein_coding,RIBC2
ENSG00000128422,protein_coding,KRT17
ENSG00000128463,protein_coding,EMC4
ENSG00000128482,protein_coding,RNF112
ENSG00000128487,protein_coding,SPECC1
ENSG00000128512,protein_coding,DOCK4
ENSG00000128513,protein_coding,POT1
ENSG00000128524,protein_coding,ATP6V1F
ENSG00000128534,protein_coding,LSM8
ENSG00000128536,protein_coding,CDHR3
ENSG00000128563,protein_coding,PRKRIP1
ENSG00000128564,protein_coding,VGF
ENSG00000128567,protein_coding,PODXL
ENSG00000128573,protein_coding,FOXP2
ENSG00000128578,protein_coding,STRIP2
ENSG00000128581,protein_coding,IFT22
ENSG00000128585,protein_coding,MKLN1
ENSG00000128590,protein_coding,DNAJB9
ENSG00000128591,protein_coding,FLNC
ENSG00000128594,protein_coding,LRRC4
ENSG00000128595,protein_coding,CALU
ENSG00000128596,protein_coding,CCDC136
ENSG00000128602,protein_coding,SMO
ENSG00000128606,protein_coding,LRRC17
ENSG00000128607,protein_coding,KLHDC10
ENSG00000128609,protein_coding,NDUFA5
ENSG00000128626,protein_coding,MRPS12
ENSG00000128641,protein_coding,MYO1B
ENSG00000128645,protein_coding,HOXD1
ENSG00000128654,protein_coding,MTX2
ENSG00000128655,protein_coding,PDE11A
ENSG00000128656,protein_coding,CHN1
ENSG00000128683,protein_coding,GAD1
ENSG00000128694,protein_coding,OSGEPL1
ENSG00000128699,protein_coding,ORMDL1
ENSG00000128708,protein_coding,HAT1
ENSG00000128731,protein_coding,HERC2
ENSG00000128739,protein_coding,SNRPN
ENSG00000128789,protein_coding,PSMG2
ENSG00000128791,protein_coding,TWSG1
ENSG00000128805,protein_coding,ARHGAP22
ENSG00000128815,protein_coding,WDFY4
ENSG00000128829,protein_coding,EIF2AK4
ENSG00000128833,protein_coding,MYO5C
ENSG00000128849,protein_coding,CGNL1
ENSG00000128872,protein_coding,TMOD2
ENSG00000128881,protein_coding,TTBK2
ENSG00000128891,protein_coding,CCDC32
ENSG00000128908,protein_coding,INO80
ENSG00000128915,protein_coding,ICE2
ENSG00000128918,protein_coding,ALDH1A2
ENSG00000128923,protein_coding,MINDY2
ENSG00000128928,protein_coding,IVD
ENSG00000128944,protein_coding,KNSTRN
ENSG00000128951,protein_coding,DUT
ENSG00000128965,protein_coding,CHAC1
ENSG00000128989,protein_coding,ARPP19
ENSG00000129003,protein_coding,VPS13C
ENSG00000129009,protein_coding,ISLR
ENSG00000129028,protein_coding,THAP10
ENSG00000129038,protein_coding,LOXL1
ENSG00000129055,protein_coding,ANAPC13
ENSG00000129071,protein_coding,MBD4
ENSG00000129083,protein_coding,COPB1
ENSG00000129084,protein_coding,PSMA1
ENSG00000129103,protein_coding,SUMF2
ENSG00000129116,protein_coding,PALLD
ENSG00000129128,protein_coding,SPCS3
ENSG00000129151,protein_coding,BBOX1
ENSG00000129158,protein_coding,SERGEF
ENSG00000129159,protein_coding,KCNC1
ENSG00000129187,protein_coding,DCTD
ENSG00000129194,protein_coding,SOX15
ENSG00000129197,protein_coding,RPAIN
ENSG00000129204,protein_coding,USP6
ENSG00000129214,protein_coding,SHBG
ENSG00000129219,protein_coding,PLD2
ENSG00000129235,protein_coding,TXNDC17
ENSG00000129244,protein_coding,ATP1B2
ENSG00000129245,protein_coding,FXR2
ENSG00000129250,protein_coding,KIF1C
ENSG00000129255,protein_coding,MPDU1
ENSG00000129292,protein_coding,PHF20L1
ENSG00000129295,protein_coding,LRRC6
ENSG00000129315,protein_coding,CCNT1
ENSG00000129317,protein_coding,PUS7L
ENSG00000129347,protein_coding,KRI1
ENSG00000129351,protein_coding,ILF3
ENSG00000129353,protein_coding,SLC44A2
ENSG00000129355,protein_coding,CDKN2D
ENSG00000129422,protein_coding,MTUS1
ENSG00000129450,protein_coding,SIGLEC9
ENSG00000129451,protein_coding,KLK10
ENSG00000129460,protein_coding,NGDN
ENSG00000129472,protein_coding,RAB2B
ENSG00000129484,protein_coding,PARP2
ENSG00000129493,protein_coding,HEATR5A
ENSG00000129515,protein_coding,SNX6
ENSG00000129518,protein_coding,EAPP
ENSG00000129521,protein_coding,EGLN3
ENSG00000129534,protein_coding,MIS18BP1
ENSG00000129535,protein_coding,NRL
ENSG00000129538,protein_coding,RNASE1
ENSG00000129562,protein_coding,DAD1
ENSG00000129566,protein_coding,TEP1
ENSG00000129595,protein_coding,EPB41L4A
ENSG00000129596,protein_coding,CDO1
ENSG00000129625,protein_coding,REEP5
ENSG00000129636,protein_coding,ITFG1
ENSG00000129646,protein_coding,QRICH2
ENSG00000129657,protein_coding,SEC14L1
ENSG00000129667,protein_coding,RHBDF2
ENSG00000129673,protein_coding,AANAT
ENSG00000129675,protein_coding,ARHGEF6
ENSG00000129680,protein_coding,MAP7D3
ENSG00000129682,protein_coding,FGF13
ENSG00000129691,protein_coding,ASH2L
ENSG00000129696,protein_coding,TTI2
ENSG00000129757,protein_coding,CDKN1C
ENSG00000129911,protein_coding,KLF16
ENSG00000129925,protein_coding,TMEM8A
ENSG00000129932,protein_coding,DOHH
ENSG00000129933,protein_coding,MAU2
ENSG00000129946,protein_coding,SHC2
ENSG00000129951,protein_coding,PLPPR3
ENSG00000129968,protein_coding,ABHD17A
ENSG00000129990,protein_coding,SYT5
ENSG00000129993,protein_coding,CBFA2T3
ENSG00000130005,protein_coding,GAMT
ENSG00000130021,protein_coding,PUDP
ENSG00000130023,protein_coding,ERMARD
ENSG00000130024,protein_coding,PHF10
ENSG00000130032,protein_coding,PRRG3
ENSG00000130035,protein_coding,GALNT8
ENSG00000130037,protein_coding,KCNA5
ENSG00000130038,protein_coding,CRACR2A
ENSG00000130045,protein_coding,NXNL2
ENSG00000130052,protein_coding,STARD8
ENSG00000130055,protein_coding,GDPD2
ENSG00000130066,protein_coding,SAT1
ENSG00000130119,protein_coding,GNL3L
ENSG00000130147,protein_coding,SH3BP4
ENSG00000130150,protein_coding,MOSPD2
ENSG00000130158,protein_coding,DOCK6
ENSG00000130159,protein_coding,ECSIT
ENSG00000130164,protein_coding,LDLR
ENSG00000130165,protein_coding,ELOF1
ENSG00000130167,protein_coding,TSPAN16
ENSG00000130175,protein_coding,PRKCSH
ENSG00000130176,protein_coding,CNN1
ENSG00000130177,protein_coding,CDC16
ENSG00000130193,protein_coding,THEM6
ENSG00000130202,protein_coding,NECTIN2
ENSG00000130203,protein_coding,APOE
ENSG00000130204,protein_coding,TOMM40
ENSG00000130208,protein_coding,APOC1
ENSG00000130222,protein_coding,GADD45G
ENSG00000130224,protein_coding,LRCH2
ENSG00000130226,protein_coding,DPP6
ENSG00000130227,protein_coding,XPO7
ENSG00000130244,protein_coding,FAM98C
ENSG00000130254,protein_coding,SAFB2
ENSG00000130255,protein_coding,RPL36
ENSG00000130270,protein_coding,ATP8B3
ENSG00000130287,protein_coding,NCAN
ENSG00000130294,protein_coding,KIF1A
ENSG00000130299,protein_coding,GTPBP3
ENSG00000130303,protein_coding,BST2
ENSG00000130304,protein_coding,SLC27A1
ENSG00000130305,protein_coding,NSUN5
ENSG00000130307,protein_coding,USHBP1
ENSG00000130309,protein_coding,COLGALT1
ENSG00000130311,protein_coding,DDA1
ENSG00000130312,protein_coding,MRPL34
ENSG00000130313,protein_coding,PGLS
ENSG00000130332,protein_coding,LSM7
ENSG00000130338,protein_coding,TULP4
ENSG00000130340,protein_coding,SNX9
ENSG00000130347,protein_coding,RTN4IP1
ENSG00000130348,protein_coding,QRSL1
ENSG00000130349,protein_coding,MTRES1
ENSG00000130363,protein_coding,RSPH3
ENSG00000130377,protein_coding,ACSBG2
ENSG00000130382,protein_coding,MLLT1
ENSG00000130396,protein_coding,AFDN
ENSG00000130402,protein_coding,ACTN4
ENSG00000130413,protein_coding,STK33
ENSG00000130414,protein_coding,NDUFA10
ENSG00000130429,protein_coding,ARPC1B
ENSG00000130433,protein_coding,CACNG6
ENSG00000130449,protein_coding,ZSWIM6
ENSG00000130475,protein_coding,FCHO1
ENSG00000130477,protein_coding,UNC13A
ENSG00000130479,protein_coding,MAP1S
ENSG00000130508,protein_coding,PXDN
ENSG00000130511,protein_coding,SSBP4
ENSG00000130513,protein_coding,GDF15
ENSG00000130517,protein_coding,PGPEP1
ENSG00000130518,protein_coding,IQCN
ENSG00000130520,protein_coding,LSM4
ENSG00000130522,protein_coding,JUND
ENSG00000130529,protein_coding,TRPM4
ENSG00000130540,protein_coding,SULT4A1
ENSG00000130544,protein_coding,ZNF557
ENSG00000130558,protein_coding,OLFM1
ENSG00000130559,protein_coding,CAMSAP1
ENSG00000130560,protein_coding,UBAC1
ENSG00000130584,protein_coding,ZBTB46
ENSG00000130592,protein_coding,LSP1
ENSG00000130635,protein_coding,COL5A1
ENSG00000130638,protein_coding,ATXN10
ENSG00000130640,protein_coding,TUBGCP2
ENSG00000130643,protein_coding,CALY
ENSG00000130649,protein_coding,CYP2E1
ENSG00000130653,protein_coding,PNPLA7
ENSG00000130669,protein_coding,PAK4
ENSG00000130684,protein_coding,ZNF337
ENSG00000130695,protein_coding,CEP85
ENSG00000130699,protein_coding,TAF4
ENSG00000130702,protein_coding,LAMA5
ENSG00000130703,protein_coding,OSBPL2
ENSG00000130706,protein_coding,ADRM1
ENSG00000130707,protein_coding,ASS1
ENSG00000130711,protein_coding,PRDM12
ENSG00000130713,protein_coding,EXOSC2
ENSG00000130714,protein_coding,POMT1
ENSG00000130717,protein_coding,UCK1
ENSG00000130720,protein_coding,FIBCD1
ENSG00000130723,protein_coding,PRRC2B
ENSG00000130724,protein_coding,CHMP2A
ENSG00000130725,protein_coding,UBE2M
ENSG00000130726,protein_coding,TRIM28
ENSG00000130731,protein_coding,METTL26
ENSG00000130733,protein_coding,YIPF2
ENSG00000130734,protein_coding,ATG4D
ENSG00000130741,protein_coding,EIF2S3
ENSG00000130748,protein_coding,TMEM160
ENSG00000130749,protein_coding,ZC3H4
ENSG00000130751,protein_coding,NPAS1
ENSG00000130755,protein_coding,GMFG
ENSG00000130758,protein_coding,MAP3K10
ENSG00000130762,protein_coding,ARHGEF16
ENSG00000130764,protein_coding,LRRC47
ENSG00000130766,protein_coding,SESN2
ENSG00000130768,protein_coding,SMPDL3B
ENSG00000130770,protein_coding,ATP5IF1
ENSG00000130772,protein_coding,MED18
ENSG00000130775,protein_coding,THEMIS2
ENSG00000130779,protein_coding,CLIP1
ENSG00000130783,protein_coding,CCDC62
ENSG00000130787,protein_coding,HIP1R
ENSG00000130803,protein_coding,ZNF317
ENSG00000130811,protein_coding,EIF3G
ENSG00000130813,protein_coding,SHFL
ENSG00000130816,protein_coding,DNMT1
ENSG00000130818,protein_coding,ZNF426
ENSG00000130821,protein_coding,SLC6A8
ENSG00000130822,protein_coding,PNCK
ENSG00000130826,protein_coding,DKC1
ENSG00000130827,protein_coding,PLXNA3
ENSG00000130829,protein_coding,DUSP9
ENSG00000130830,protein_coding,MPP1
ENSG00000130844,protein_coding,ZNF331
ENSG00000130856,protein_coding,ZNF236
ENSG00000130876,protein_coding,SLC7A10
ENSG00000130881,protein_coding,LRP3
ENSG00000130921,protein_coding,C12orf65
ENSG00000130935,protein_coding,NOL11
ENSG00000130939,protein_coding,UBE4B
ENSG00000130940,protein_coding,CASZ1
ENSG00000130948,protein_coding,HSD17B3
ENSG00000130956,protein_coding,HABP4
ENSG00000130958,protein_coding,SLC35D2
ENSG00000130985,protein_coding,UBA1
ENSG00000130988,protein_coding,RGN
ENSG00000130997,protein_coding,POLN
ENSG00000131013,protein_coding,PPIL4
ENSG00000131015,protein_coding,ULBP2
ENSG00000131016,protein_coding,AKAP12
ENSG00000131018,protein_coding,SYNE1
ENSG00000131023,protein_coding,LATS1
ENSG00000131043,protein_coding,AAR2
ENSG00000131044,protein_coding,TTLL9
ENSG00000131051,protein_coding,RBM39
ENSG00000131061,protein_coding,ZNF341
ENSG00000131067,protein_coding,GGT7
ENSG00000131069,protein_coding,ACSS2
ENSG00000131080,protein_coding,EDA2R
ENSG00000131089,protein_coding,ARHGEF9
ENSG00000131094,protein_coding,C1QL1
ENSG00000131095,protein_coding,GFAP
ENSG00000131096,protein_coding,PYY
ENSG00000131097,protein_coding,HIGD1B
ENSG00000131100,protein_coding,ATP6V1E1
ENSG00000131115,protein_coding,ZNF227
ENSG00000131116,protein_coding,ZNF428
ENSG00000131126,protein_coding,TEX101
ENSG00000131127,protein_coding,ZNF141
ENSG00000131143,protein_coding,COX4I1
ENSG00000131148,protein_coding,EMC8
ENSG00000131149,protein_coding,GSE1
ENSG00000131152,protein_coding,AC010531.1
ENSG00000131153,protein_coding,GINS2
ENSG00000131165,protein_coding,CHMP1A
ENSG00000131171,protein_coding,SH3BGRL
ENSG00000131174,protein_coding,COX7B
ENSG00000131187,protein_coding,F12
ENSG00000131188,protein_coding,PRR7
ENSG00000131196,protein_coding,NFATC1
ENSG00000131203,protein_coding,IDO1
ENSG00000131236,protein_coding,CAP1
ENSG00000131238,protein_coding,PPT1
ENSG00000131242,protein_coding,RAB11FIP4
ENSG00000131263,protein_coding,RLIM
ENSG00000131269,protein_coding,ABCB7
ENSG00000131323,protein_coding,TRAF3
ENSG00000131351,protein_coding,HAUS8
ENSG00000131355,protein_coding,ADGRE3
ENSG00000131368,protein_coding,MRPS25
ENSG00000131370,protein_coding,SH3BP5
ENSG00000131373,protein_coding,HACL1
ENSG00000131374,protein_coding,TBC1D5
ENSG00000131375,protein_coding,CAPN7
ENSG00000131378,protein_coding,RFTN1
ENSG00000131379,protein_coding,C3orf20
ENSG00000131381,protein_coding,RBSN
ENSG00000131386,protein_coding,GALNT15
ENSG00000131389,protein_coding,SLC6A6
ENSG00000131398,protein_coding,KCNC3
ENSG00000131408,protein_coding,NR1H2
ENSG00000131409,protein_coding,LRRC4B
ENSG00000131435,protein_coding,PDLIM4
ENSG00000131437,protein_coding,KIF3A
ENSG00000131446,protein_coding,MGAT1
ENSG00000131459,protein_coding,GFPT2
ENSG00000131462,protein_coding,TUBG1
ENSG00000131467,protein_coding,PSME3
ENSG00000131469,protein_coding,RPL27
ENSG00000131470,protein_coding,PSMC3IP
ENSG00000131473,protein_coding,ACLY
ENSG00000131475,protein_coding,VPS25
ENSG00000131477,protein_coding,RAMP2
ENSG00000131484,lncRNA,AC091132.1
ENSG00000131495,protein_coding,NDUFA2
ENSG00000131504,protein_coding,DIAPH1
ENSG00000131507,protein_coding,NDFIP1
ENSG00000131508,protein_coding,UBE2D2
ENSG00000131558,protein_coding,EXOC4
ENSG00000131584,protein_coding,ACAP3
ENSG00000131591,protein_coding,C1orf159
ENSG00000131620,protein_coding,ANO1
ENSG00000131626,protein_coding,PPFIA1
ENSG00000131652,protein_coding,THOC6
ENSG00000131653,protein_coding,TRAF7
ENSG00000131669,protein_coding,NINJ1
ENSG00000131697,protein_coding,NPHP4
ENSG00000131711,protein_coding,MAP1B
ENSG00000131724,protein_coding,IL13RA1
ENSG00000131725,protein_coding,WDR44
ENSG00000131730,protein_coding,CKMT2
ENSG00000131732,protein_coding,ZCCHC9
ENSG00000131748,protein_coding,STARD3
ENSG00000131759,protein_coding,RARA
ENSG00000131771,protein_coding,PPP1R1B
ENSG00000131773,protein_coding,KHDRBS3
ENSG00000131778,protein_coding,CHD1L
ENSG00000131779,protein_coding,PEX11B
ENSG00000131781,protein_coding,FMO5
ENSG00000131788,protein_coding,PIAS3
ENSG00000131791,protein_coding,PRKAB2
ENSG00000131828,protein_coding,PDHA1
ENSG00000131831,protein_coding,RAI2
ENSG00000131844,protein_coding,MCCC2
ENSG00000131845,protein_coding,ZNF304
ENSG00000131848,protein_coding,ZSCAN5A
ENSG00000131849,protein_coding,ZNF132
ENSG00000131871,protein_coding,SELENOS
ENSG00000131873,protein_coding,CHSY1
ENSG00000131876,protein_coding,SNRPA1
ENSG00000131899,protein_coding,LLGL1
ENSG00000131931,protein_coding,THAP1
ENSG00000131941,protein_coding,RHPN2
ENSG00000131943,protein_coding,C19orf12
ENSG00000131951,protein_coding,LRRC9
ENSG00000131966,protein_coding,ACTR10
ENSG00000131969,protein_coding,ABHD12B
ENSG00000131979,protein_coding,GCH1
ENSG00000131981,protein_coding,LGALS3
ENSG00000132002,protein_coding,DNAJB1
ENSG00000132003,protein_coding,ZSWIM4
ENSG00000132004,protein_coding,FBXW9
ENSG00000132005,protein_coding,RFX1
ENSG00000132010,protein_coding,ZNF20
ENSG00000132016,protein_coding,C19orf57
ENSG00000132017,protein_coding,DCAF15
ENSG00000132024,protein_coding,CC2D1A
ENSG00000132122,protein_coding,SPATA6
ENSG00000132128,protein_coding,LRRC41
ENSG00000132141,protein_coding,CCT6B
ENSG00000132153,protein_coding,DHX30
ENSG00000132155,protein_coding,RAF1
ENSG00000132164,protein_coding,SLC6A11
ENSG00000132170,protein_coding,PPARG
ENSG00000132182,protein_coding,NUP210
ENSG00000132196,protein_coding,HSD17B7
ENSG00000132199,protein_coding,ENOSF1
ENSG00000132204,lncRNA,LINC00470
ENSG00000132205,protein_coding,EMILIN2
ENSG00000132254,protein_coding,ARFIP2
ENSG00000132256,protein_coding,TRIM5
ENSG00000132259,protein_coding,CNGA4
ENSG00000132274,protein_coding,TRIM22
ENSG00000132275,protein_coding,RRP8
ENSG00000132294,protein_coding,EFR3A
ENSG00000132300,protein_coding,PTCD3
ENSG00000132305,protein_coding,IMMT
ENSG00000132313,protein_coding,MRPL35
ENSG00000132321,protein_coding,IQCA1
ENSG00000132323,protein_coding,ILKAP
ENSG00000132326,protein_coding,PER2
ENSG00000132329,protein_coding,RAMP1
ENSG00000132334,protein_coding,PTPRE
ENSG00000132341,protein_coding,RAN
ENSG00000132356,protein_coding,PRKAA1
ENSG00000132359,protein_coding,RAP1GAP2
ENSG00000132361,protein_coding,CLUH
ENSG00000132376,protein_coding,INPP5K
ENSG00000132382,protein_coding,MYBBP1A
ENSG00000132383,protein_coding,RPA1
ENSG00000132386,protein_coding,SERPINF1
ENSG00000132388,protein_coding,UBE2G1
ENSG00000132394,protein_coding,EEFSEC
ENSG00000132405,protein_coding,TBC1D14
ENSG00000132406,protein_coding,TMEM128
ENSG00000132423,protein_coding,COQ3
ENSG00000132424,protein_coding,PNISR
ENSG00000132429,protein_coding,POPDC3
ENSG00000132432,protein_coding,SEC61G
ENSG00000132434,protein_coding,LANCL2
ENSG00000132436,protein_coding,FIGNL1
ENSG00000132463,protein_coding,GRSF1
ENSG00000132466,protein_coding,ANKRD17
ENSG00000132467,protein_coding,UTP3
ENSG00000132470,protein_coding,ITGB4
ENSG00000132471,protein_coding,WBP2
ENSG00000132475,protein_coding,H3F3B
ENSG00000132478,protein_coding,UNK
ENSG00000132481,protein_coding,TRIM47
ENSG00000132485,protein_coding,ZRANB2
ENSG00000132507,protein_coding,EIF5A
ENSG00000132510,protein_coding,KDM6B
ENSG00000132517,protein_coding,SLC52A1
ENSG00000132522,protein_coding,GPS2
ENSG00000132530,protein_coding,XAF1
ENSG00000132535,protein_coding,DLG4
ENSG00000132541,protein_coding,RIDA
ENSG00000132549,protein_coding,VPS13B
ENSG00000132554,protein_coding,RGS22
ENSG00000132561,protein_coding,MATN2
ENSG00000132563,protein_coding,REEP2
ENSG00000132570,protein_coding,PCBD2
ENSG00000132581,protein_coding,SDF2
ENSG00000132589,protein_coding,FLOT2
ENSG00000132591,protein_coding,ERAL1
ENSG00000132600,protein_coding,PRMT7
ENSG00000132603,protein_coding,NIP7
ENSG00000132604,protein_coding,TERF2
ENSG00000132612,protein_coding,VPS4A
ENSG00000132613,protein_coding,MTSS2
ENSG00000132622,protein_coding,HSPA12B
ENSG00000132623,protein_coding,ANKEF1
ENSG00000132635,protein_coding,PCED1A
ENSG00000132639,protein_coding,SNAP25
ENSG00000132640,protein_coding,BTBD3
ENSG00000132646,protein_coding,PCNA
ENSG00000132661,protein_coding,NXT1
ENSG00000132664,protein_coding,POLR3F
ENSG00000132669,protein_coding,RIN2
ENSG00000132670,protein_coding,PTPRA
ENSG00000132680,protein_coding,KHDC4
ENSG00000132688,protein_coding,NES
ENSG00000132692,protein_coding,BCAN
ENSG00000132694,protein_coding,ARHGEF11
ENSG00000132702,protein_coding,HAPLN2
ENSG00000132716,protein_coding,DCAF8
ENSG00000132718,protein_coding,SYT11
ENSG00000132740,protein_coding,IGHMBP2
ENSG00000132763,protein_coding,MMACHC
ENSG00000132768,protein_coding,DPH2
ENSG00000132773,protein_coding,TOE1
ENSG00000132780,protein_coding,NASP
ENSG00000132781,protein_coding,MUTYH
ENSG00000132792,protein_coding,CTNNBL1
ENSG00000132793,protein_coding,LPIN3
ENSG00000132801,protein_coding,ZSWIM3
ENSG00000132819,protein_coding,RBM38
ENSG00000132821,protein_coding,VSTM2L
ENSG00000132823,protein_coding,OSER1
ENSG00000132824,protein_coding,SERINC3
ENSG00000132825,protein_coding,PPP1R3D
ENSG00000132832,lncRNA,AL139352.1
ENSG00000132837,protein_coding,DMGDH
ENSG00000132840,protein_coding,BHMT2
ENSG00000132842,protein_coding,AP3B1
ENSG00000132846,protein_coding,ZBED3
ENSG00000132849,protein_coding,PATJ
ENSG00000132854,protein_coding,KANK4
ENSG00000132872,protein_coding,SYT4
ENSG00000132874,protein_coding,SLC14A2
ENSG00000132879,protein_coding,FBXO44
ENSG00000132906,protein_coding,CASP9
ENSG00000132911,protein_coding,NMUR2
ENSG00000132912,protein_coding,DCTN4
ENSG00000132915,protein_coding,PDE6A
ENSG00000132932,protein_coding,ATP8A2
ENSG00000132938,protein_coding,MTUS2
ENSG00000132950,protein_coding,ZMYM5
ENSG00000132952,protein_coding,USPL1
ENSG00000132953,protein_coding,XPO4
ENSG00000132958,protein_coding,TPTE2
ENSG00000132963,protein_coding,POMP
ENSG00000132964,protein_coding,CDK8
ENSG00000132965,protein_coding,ALOX5AP
ENSG00000132970,protein_coding,WASF3
ENSG00000132972,protein_coding,RNF17
ENSG00000132975,protein_coding,GPR12
ENSG00000133019,protein_coding,CHRM3
ENSG00000133026,protein_coding,MYH10
ENSG00000133027,protein_coding,PEMT
ENSG00000133028,protein_coding,SCO1
ENSG00000133030,protein_coding,MPRIP
ENSG00000133048,protein_coding,CHI3L1
ENSG00000133056,protein_coding,PIK3C2B
ENSG00000133059,protein_coding,DSTYK
ENSG00000133063,protein_coding,CHIT1
ENSG00000133065,protein_coding,SLC41A1
ENSG00000133067,protein_coding,LGR6
ENSG00000133069,protein_coding,TMCC2
ENSG00000133083,protein_coding,DCLK1
ENSG00000133101,protein_coding,CCNA1
ENSG00000133103,protein_coding,COG6
ENSG00000133104,protein_coding,SPART
ENSG00000133105,protein_coding,RXFP2
ENSG00000133106,protein_coding,EPSTI1
ENSG00000133107,protein_coding,TRPC4
ENSG00000133110,protein_coding,POSTN
ENSG00000133111,protein_coding,RFXAP
ENSG00000133112,protein_coding,TPT1
ENSG00000133114,protein_coding,GPALPP1
ENSG00000133116,protein_coding,KL
ENSG00000133119,protein_coding,RFC3
ENSG00000133121,protein_coding,STARD13
ENSG00000133131,protein_coding,MORC4
ENSG00000133134,protein_coding,BEX2
ENSG00000133135,protein_coding,RNF128
ENSG00000133138,protein_coding,TBC1D8B
ENSG00000133142,protein_coding,TCEAL4
ENSG00000133169,protein_coding,BEX1
ENSG00000133193,protein_coding,FAM104A
ENSG00000133195,protein_coding,SLC39A11
ENSG00000133216,protein_coding,EPHB2
ENSG00000133226,protein_coding,SRRM1
ENSG00000133243,protein_coding,BTBD2
ENSG00000133246,protein_coding,PRAM1
ENSG00000133247,protein_coding,KMT5C
ENSG00000133250,protein_coding,ZNF414
ENSG00000133256,protein_coding,PDE6B
ENSG00000133265,protein_coding,HSPBP1
ENSG00000133275,protein_coding,CSNK1G2
ENSG00000133302,protein_coding,SLF1
ENSG00000133313,protein_coding,CNDP2
ENSG00000133315,protein_coding,MACROD1
ENSG00000133316,protein_coding,WDR74
ENSG00000133318,protein_coding,RTN3
ENSG00000133321,protein_coding,PLAAT4
ENSG00000133392,protein_coding,MYH11
ENSG00000133393,protein_coding,FOPNL
ENSG00000133398,protein_coding,MED10
ENSG00000133401,protein_coding,PDZD2
ENSG00000133422,protein_coding,MORC2
ENSG00000133424,protein_coding,LARGE1
ENSG00000133433,protein_coding,GSTT2B
ENSG00000133454,protein_coding,MYO18B
ENSG00000133460,protein_coding,SLC2A11
ENSG00000133466,protein_coding,C1QTNF6
ENSG00000133475,protein_coding,GGT2
ENSG00000133488,protein_coding,SEC14L4
ENSG00000133574,protein_coding,GIMAP4
ENSG00000133597,protein_coding,ADCK2
ENSG00000133606,protein_coding,MKRN1
ENSG00000133612,protein_coding,AGAP3
ENSG00000133619,protein_coding,KRBA1
ENSG00000133627,protein_coding,ACTR3B
ENSG00000133639,protein_coding,BTG1
ENSG00000133640,protein_coding,LRRIQ1
ENSG00000133641,protein_coding,C12orf29
ENSG00000133657,protein_coding,ATP13A3
ENSG00000133661,protein_coding,SFTPD
ENSG00000133665,protein_coding,DYDC2
ENSG00000133678,protein_coding,TMEM254
ENSG00000133687,protein_coding,TMTC1
ENSG00000133703,protein_coding,KRAS
ENSG00000133704,protein_coding,IPO8
ENSG00000133706,protein_coding,LARS
ENSG00000133710,protein_coding,SPINK5
ENSG00000133731,protein_coding,IMPA1
ENSG00000133739,protein_coding,LRRCC1
ENSG00000133740,protein_coding,E2F5
ENSG00000133742,protein_coding,CA1
ENSG00000133773,protein_coding,CCDC59
ENSG00000133789,protein_coding,SWAP70
ENSG00000133794,protein_coding,ARNTL
ENSG00000133800,protein_coding,LYVE1
ENSG00000133805,protein_coding,AMPD3
ENSG00000133812,protein_coding,SBF2
ENSG00000133816,protein_coding,MICAL2
ENSG00000133818,protein_coding,RRAS2
ENSG00000133835,protein_coding,HSD17B4
ENSG00000133858,protein_coding,ZFC3H1
ENSG00000133863,protein_coding,TEX15
ENSG00000133872,protein_coding,SARAF
ENSG00000133878,protein_coding,DUSP26
ENSG00000133884,protein_coding,DPF2
ENSG00000133895,protein_coding,MEN1
ENSG00000133935,protein_coding,ERG28
ENSG00000133943,protein_coding,DGLUCY
ENSG00000133958,protein_coding,UNC79
ENSG00000133961,protein_coding,NUMB
ENSG00000133962,protein_coding,CATSPERB
ENSG00000133983,protein_coding,COX16
ENSG00000133985,protein_coding,TTC9
ENSG00000133997,protein_coding,MED6
ENSG00000134001,protein_coding,EIF2S1
ENSG00000134013,protein_coding,LOXL2
ENSG00000134014,protein_coding,ELP3
ENSG00000134020,protein_coding,PEBP4
ENSG00000134030,protein_coding,CTIF
ENSG00000134042,protein_coding,MRO
ENSG00000134046,protein_coding,MBD2
ENSG00000134056,protein_coding,MRPS36
ENSG00000134057,protein_coding,CCNB1
ENSG00000134058,protein_coding,CDK7
ENSG00000134070,protein_coding,IRAK2
ENSG00000134072,protein_coding,CAMK1
ENSG00000134077,protein_coding,THUMPD3
ENSG00000134086,protein_coding,VHL
ENSG00000134107,protein_coding,BHLHE40
ENSG00000134108,protein_coding,ARL8B
ENSG00000134109,protein_coding,EDEM1
ENSG00000134115,protein_coding,CNTN6
ENSG00000134121,protein_coding,CHL1
ENSG00000134138,protein_coding,MEIS2
ENSG00000134146,protein_coding,DPH6
ENSG00000134152,protein_coding,KATNBL1
ENSG00000134153,protein_coding,EMC7
ENSG00000134160,protein_coding,TRPM1
ENSG00000134186,protein_coding,PRPF38B
ENSG00000134198,protein_coding,TSPAN2
ENSG00000134201,protein_coding,GSTM5
ENSG00000134202,protein_coding,GSTM3
ENSG00000134207,protein_coding,SYT6
ENSG00000134215,protein_coding,VAV3
ENSG00000134222,protein_coding,PSRC1
ENSG00000134242,protein_coding,PTPN22
ENSG00000134243,protein_coding,SORT1
ENSG00000134245,protein_coding,WNT2B
ENSG00000134247,protein_coding,PTGFRN
ENSG00000134248,protein_coding,LAMTOR5
ENSG00000134250,protein_coding,NOTCH2
ENSG00000134253,protein_coding,TRIM45
ENSG00000134255,protein_coding,CEPT1
ENSG00000134256,protein_coding,CD101
ENSG00000134259,protein_coding,NGF
ENSG00000134262,protein_coding,AP4B1
ENSG00000134265,protein_coding,NAPG
ENSG00000134278,protein_coding,SPIRE1
ENSG00000134283,protein_coding,PPHLN1
ENSG00000134291,protein_coding,TMEM106C
ENSG00000134294,protein_coding,SLC38A2
ENSG00000134308,protein_coding,YWHAQ
ENSG00000134313,protein_coding,KIDINS220
ENSG00000134317,protein_coding,GRHL1
ENSG00000134318,protein_coding,ROCK2
ENSG00000134321,protein_coding,RSAD2
ENSG00000134323,protein_coding,MYCN
ENSG00000134324,protein_coding,LPIN1
ENSG00000134326,protein_coding,CMPK2
ENSG00000134330,protein_coding,IAH1
ENSG00000134333,protein_coding,LDHA
ENSG00000134343,protein_coding,ANO3
ENSG00000134352,protein_coding,IL6ST
ENSG00000134363,protein_coding,FST
ENSG00000134369,protein_coding,NAV1
ENSG00000134371,protein_coding,CDC73
ENSG00000134375,protein_coding,TIMM17A
ENSG00000134376,protein_coding,CRB1
ENSG00000134440,protein_coding,NARS
ENSG00000134443,protein_coding,GRP
ENSG00000134444,protein_coding,RELCH
ENSG00000134452,protein_coding,FBH1
ENSG00000134453,protein_coding,RBM17
ENSG00000134461,protein_coding,ANKRD16
ENSG00000134463,protein_coding,ECHDC3
ENSG00000134470,protein_coding,IL15RA
ENSG00000134480,protein_coding,CCNH
ENSG00000134490,protein_coding,TMEM241
ENSG00000134504,protein_coding,KCTD1
ENSG00000134508,protein_coding,CABLES1
ENSG00000134516,protein_coding,DOCK2
ENSG00000134531,protein_coding,EMP1
ENSG00000134532,protein_coding,SOX5
ENSG00000134533,protein_coding,RERG
ENSG00000134538,protein_coding,SLCO1B1
ENSG00000134539,protein_coding,KLRD1
ENSG00000134545,protein_coding,KLRC1
ENSG00000134548,protein_coding,SPX
ENSG00000134569,protein_coding,LRP4
ENSG00000134574,protein_coding,DDB2
ENSG00000134575,protein_coding,ACP2
ENSG00000134590,protein_coding,RTL8C
ENSG00000134594,protein_coding,RAB33A
ENSG00000134597,protein_coding,RBMX2
ENSG00000134627,protein_coding,PIWIL4
ENSG00000134644,protein_coding,PUM1
ENSG00000134668,protein_coding,SPOCD1
ENSG00000134684,protein_coding,YARS
ENSG00000134686,protein_coding,PHC2
ENSG00000134690,protein_coding,CDCA8
ENSG00000134697,protein_coding,GNL2
ENSG00000134698,protein_coding,AGO4
ENSG00000134709,protein_coding,HOOK1
ENSG00000134716,protein_coding,CYP2J2
ENSG00000134717,protein_coding,BTF3L4
ENSG00000134744,protein_coding,TUT4
ENSG00000134748,protein_coding,PRPF38A
ENSG00000134755,protein_coding,DSC2
ENSG00000134757,protein_coding,DSG3
ENSG00000134758,protein_coding,RNF138
ENSG00000134759,protein_coding,ELP2
ENSG00000134769,protein_coding,DTNA
ENSG00000134775,protein_coding,FHOD3
ENSG00000134779,protein_coding,TPGS2
ENSG00000134780,protein_coding,DAGLA
ENSG00000134809,protein_coding,TIMM10
ENSG00000134815,protein_coding,DHX34
ENSG00000134817,protein_coding,APLNR
ENSG00000134824,protein_coding,FADS2
ENSG00000134825,protein_coding,TMEM258
ENSG00000134830,protein_coding,C5AR2
ENSG00000134851,protein_coding,TMEM165
ENSG00000134852,protein_coding,CLOCK
ENSG00000134853,protein_coding,PDGFRA
ENSG00000134864,protein_coding,GGACT
ENSG00000134871,protein_coding,COL4A2
ENSG00000134873,protein_coding,CLDN10
ENSG00000134874,protein_coding,DZIP1
ENSG00000134882,protein_coding,UBAC2
ENSG00000134884,protein_coding,ARGLU1
ENSG00000134897,protein_coding,BIVM
ENSG00000134899,protein_coding,ERCC5
ENSG00000134900,protein_coding,TPP2
ENSG00000134901,protein_coding,POGLUT2
ENSG00000134905,protein_coding,CARS2
ENSG00000134909,protein_coding,ARHGAP32
ENSG00000134910,protein_coding,STT3A
ENSG00000134917,protein_coding,ADAMTS8
ENSG00000134940,protein_coding,ACRV1
ENSG00000134954,protein_coding,ETS1
ENSG00000134982,protein_coding,APC
ENSG00000134986,protein_coding,NREP
ENSG00000134987,protein_coding,WDR36
ENSG00000134996,protein_coding,OSTF1
ENSG00000135002,protein_coding,RFK
ENSG00000135018,protein_coding,UBQLN1
ENSG00000135040,protein_coding,NAA35
ENSG00000135045,protein_coding,C9orf40
ENSG00000135046,protein_coding,ANXA1
ENSG00000135047,protein_coding,CTSL
ENSG00000135048,protein_coding,CEMIP2
ENSG00000135049,protein_coding,AGTPBP1
ENSG00000135052,protein_coding,GOLM1
ENSG00000135063,protein_coding,FAM189A2
ENSG00000135069,protein_coding,PSAT1
ENSG00000135070,protein_coding,ISCA1
ENSG00000135074,protein_coding,ADAM19
ENSG00000135077,protein_coding,HAVCR2
ENSG00000135083,protein_coding,CCNJL
ENSG00000135090,protein_coding,TAOK3
ENSG00000135093,protein_coding,USP30
ENSG00000135094,protein_coding,SDS
ENSG00000135097,protein_coding,MSI1
ENSG00000135108,protein_coding,FBXO21
ENSG00000135116,protein_coding,HRK
ENSG00000135119,protein_coding,RNFT2
ENSG00000135124,protein_coding,P2RX4
ENSG00000135127,protein_coding,BICDL1
ENSG00000135144,protein_coding,DTX1
ENSG00000135148,protein_coding,TRAFD1
ENSG00000135164,protein_coding,DMTF1
ENSG00000135185,protein_coding,TMEM243
ENSG00000135205,protein_coding,CCDC146
ENSG00000135211,protein_coding,TMEM60
ENSG00000135218,protein_coding,CD36
ENSG00000135241,protein_coding,PNPLA8
ENSG00000135245,protein_coding,HILPDA
ENSG00000135249,protein_coding,RINT1
ENSG00000135250,protein_coding,SRPK2
ENSG00000135272,protein_coding,MDFIC
ENSG00000135297,protein_coding,MTO1
ENSG00000135298,protein_coding,ADGRB3
ENSG00000135299,protein_coding,ANKRD6
ENSG00000135314,protein_coding,KHDC1
ENSG00000135315,protein_coding,CEP162
ENSG00000135316,protein_coding,SYNCRIP
ENSG00000135317,protein_coding,SNX14
ENSG00000135318,protein_coding,NT5E
ENSG00000135324,protein_coding,MRAP2
ENSG00000135333,protein_coding,EPHA7
ENSG00000135334,protein_coding,AKIRIN2
ENSG00000135336,protein_coding,ORC3
ENSG00000135338,protein_coding,LCA5
ENSG00000135341,protein_coding,MAP3K7
ENSG00000135362,protein_coding,PRR5L
ENSG00000135363,protein_coding,LMO2
ENSG00000135365,protein_coding,PHF21A
ENSG00000135372,protein_coding,NAT10
ENSG00000135378,protein_coding,PRRG4
ENSG00000135387,protein_coding,CAPRIN1
ENSG00000135390,protein_coding,ATP5MC2
ENSG00000135404,protein_coding,CD63
ENSG00000135407,protein_coding,AVIL
ENSG00000135414,protein_coding,GDF11
ENSG00000135423,protein_coding,GLS2
ENSG00000135424,protein_coding,ITGA7
ENSG00000135426,protein_coding,TESPA1
ENSG00000135439,protein_coding,AGAP2
ENSG00000135446,protein_coding,CDK4
ENSG00000135447,protein_coding,PPP1R1A
ENSG00000135452,protein_coding,TSPAN31
ENSG00000135454,protein_coding,B4GALNT1
ENSG00000135457,protein_coding,TFCP2
ENSG00000135469,protein_coding,COQ10A
ENSG00000135472,protein_coding,FAIM2
ENSG00000135473,protein_coding,PAN2
ENSG00000135476,protein_coding,ESPL1
ENSG00000135486,protein_coding,HNRNPA1
ENSG00000135502,protein_coding,SLC26A10
ENSG00000135503,protein_coding,ACVR1B
ENSG00000135506,protein_coding,OS9
ENSG00000135519,protein_coding,KCNH3
ENSG00000135521,protein_coding,LTV1
ENSG00000135525,protein_coding,MAP7
ENSG00000135535,protein_coding,CD164
ENSG00000135537,protein_coding,AFG1L
ENSG00000135540,protein_coding,NHSL1
ENSG00000135541,protein_coding,AHI1
ENSG00000135547,protein_coding,HEY2
ENSG00000135549,protein_coding,PKIB
ENSG00000135577,protein_coding,NMBR
ENSG00000135587,protein_coding,SMPD2
ENSG00000135596,protein_coding,MICAL1
ENSG00000135597,protein_coding,REPS1
ENSG00000135605,protein_coding,TEC
ENSG00000135617,protein_coding,PRADC1
ENSG00000135622,protein_coding,SEMA4F
ENSG00000135624,protein_coding,CCT7
ENSG00000135625,protein_coding,EGR4
ENSG00000135631,protein_coding,RAB11FIP5
ENSG00000135632,protein_coding,SMYD5
ENSG00000135636,protein_coding,DYSF
ENSG00000135637,protein_coding,CCDC142
ENSG00000135638,protein_coding,EMX1
ENSG00000135643,protein_coding,KCNMB4
ENSG00000135655,protein_coding,USP15
ENSG00000135677,protein_coding,GNS
ENSG00000135678,protein_coding,CPM
ENSG00000135679,protein_coding,MDM2
ENSG00000135686,protein_coding,KLHL36
ENSG00000135697,protein_coding,BCO1
ENSG00000135698,protein_coding,MPHOSPH6
ENSG00000135709,protein_coding,KIAA0513
ENSG00000135720,protein_coding,DYNC1LI2
ENSG00000135723,protein_coding,FHOD1
ENSG00000135740,protein_coding,SLC9A5
ENSG00000135744,protein_coding,AGT
ENSG00000135747,protein_coding,ZNF670-ZNF695
ENSG00000135749,protein_coding,PCNX2
ENSG00000135750,protein_coding,KCNK1
ENSG00000135763,protein_coding,URB2
ENSG00000135766,protein_coding,EGLN1
ENSG00000135775,protein_coding,COG2
ENSG00000135776,protein_coding,ABCB10
ENSG00000135778,protein_coding,NTPCR
ENSG00000135801,protein_coding,TAF5L
ENSG00000135821,protein_coding,GLUL
ENSG00000135823,protein_coding,STX6
ENSG00000135824,protein_coding,RGS8
ENSG00000135828,protein_coding,RNASEL
ENSG00000135829,protein_coding,DHX9
ENSG00000135835,protein_coding,KIAA1614
ENSG00000135837,protein_coding,CEP350
ENSG00000135838,protein_coding,NPL
ENSG00000135842,protein_coding,NIBAN1
ENSG00000135845,protein_coding,PIGC
ENSG00000135862,protein_coding,LAMC1
ENSG00000135870,protein_coding,RC3H1
ENSG00000135898,protein_coding,GPR55
ENSG00000135899,protein_coding,SP110
ENSG00000135900,protein_coding,MRPL44
ENSG00000135905,protein_coding,DOCK10
ENSG00000135912,protein_coding,TTLL4
ENSG00000135913,protein_coding,USP37
ENSG00000135916,protein_coding,ITM2C
ENSG00000135917,protein_coding,SLC19A3
ENSG00000135919,protein_coding,SERPINE2
ENSG00000135924,protein_coding,DNAJB2
ENSG00000135926,protein_coding,TMBIM1
ENSG00000135929,protein_coding,CYP27A1
ENSG00000135930,protein_coding,EIF4E2
ENSG00000135931,protein_coding,ARMC9
ENSG00000135932,protein_coding,CAB39
ENSG00000135940,protein_coding,COX5B
ENSG00000135945,protein_coding,REV1
ENSG00000135951,protein_coding,TSGA10
ENSG00000135953,protein_coding,MFSD9
ENSG00000135956,protein_coding,TMEM127
ENSG00000135960,protein_coding,EDAR
ENSG00000135966,protein_coding,TGFBRAP1
ENSG00000135968,protein_coding,GCC2
ENSG00000135972,protein_coding,MRPS9
ENSG00000135974,protein_coding,C2orf49
ENSG00000135976,protein_coding,ANKRD36
ENSG00000135999,protein_coding,EPC2
ENSG00000136002,protein_coding,ARHGEF4
ENSG00000136003,protein_coding,ISCU
ENSG00000136010,protein_coding,ALDH1L2
ENSG00000136011,protein_coding,STAB2
ENSG00000136014,protein_coding,USP44
ENSG00000136021,protein_coding,SCYL2
ENSG00000136026,protein_coding,CKAP4
ENSG00000136040,protein_coding,PLXNC1
ENSG00000136044,protein_coding,APPL2
ENSG00000136045,protein_coding,PWP1
ENSG00000136048,protein_coding,DRAM1
ENSG00000136051,protein_coding,WASHC4
ENSG00000136052,protein_coding,SLC41A2
ENSG00000136059,protein_coding,VILL
ENSG00000136068,protein_coding,FLNB
ENSG00000136098,protein_coding,NEK3
ENSG00000136099,protein_coding,PCDH8
ENSG00000136100,protein_coding,VPS36
ENSG00000136104,protein_coding,RNASEH2B
ENSG00000136108,protein_coding,CKAP2
ENSG00000136110,protein_coding,CNMD
ENSG00000136111,protein_coding,TBC1D4
ENSG00000136114,protein_coding,THSD1
ENSG00000136122,protein_coding,BORA
ENSG00000136141,protein_coding,LRCH1
ENSG00000136143,protein_coding,SUCLA2
ENSG00000136144,protein_coding,RCBTB1
ENSG00000136146,protein_coding,MED4
ENSG00000136147,protein_coding,PHF11
ENSG00000136152,protein_coding,COG3
ENSG00000136153,protein_coding,LMO7
ENSG00000136156,protein_coding,ITM2B
ENSG00000136158,protein_coding,SPRY2
ENSG00000136159,protein_coding,NUDT15
ENSG00000136160,protein_coding,EDNRB
ENSG00000136161,protein_coding,RCBTB2
ENSG00000136167,protein_coding,LCP1
ENSG00000136169,protein_coding,SETDB2
ENSG00000136193,protein_coding,SCRN1
ENSG00000136205,protein_coding,TNS3
ENSG00000136206,protein_coding,SPDYE1
ENSG00000136213,protein_coding,CHST12
ENSG00000136231,protein_coding,IGF2BP3
ENSG00000136235,protein_coding,GPNMB
ENSG00000136237,protein_coding,RAPGEF5
ENSG00000136238,protein_coding,RAC1
ENSG00000136243,protein_coding,NUP42
ENSG00000136247,protein_coding,ZDHHC4
ENSG00000136250,protein_coding,AOAH
ENSG00000136261,protein_coding,BZW2
ENSG00000136267,protein_coding,DGKB
ENSG00000136270,protein_coding,TBRG4
ENSG00000136271,protein_coding,DDX56
ENSG00000136273,protein_coding,HUS1
ENSG00000136274,protein_coding,NACAD
ENSG00000136279,protein_coding,DBNL
ENSG00000136280,protein_coding,CCM2
ENSG00000136295,protein_coding,TTYH3
ENSG00000136297,protein_coding,MMD2
ENSG00000136319,protein_coding,TTC5
ENSG00000136352,protein_coding,NKX2-1
ENSG00000136367,protein_coding,ZFHX2
ENSG00000136371,protein_coding,MTHFS
ENSG00000136378,protein_coding,ADAMTS7
ENSG00000136379,protein_coding,ABHD17C
ENSG00000136381,protein_coding,IREB2
ENSG00000136383,protein_coding,ALPK3
ENSG00000136404,protein_coding,TM6SF1
ENSG00000136425,protein_coding,CIB2
ENSG00000136436,protein_coding,CALCOCO2
ENSG00000136444,protein_coding,RSAD1
ENSG00000136448,protein_coding,NMT1
ENSG00000136449,protein_coding,MYCBPAP
ENSG00000136451,protein_coding,VEZF1
ENSG00000136457,protein_coding,CHAD
ENSG00000136463,protein_coding,TACO1
ENSG00000136478,protein_coding,TEX2
ENSG00000136485,protein_coding,DCAF7
ENSG00000136490,protein_coding,LIMD2
ENSG00000136492,protein_coding,BRIP1
ENSG00000136504,protein_coding,KAT7
ENSG00000136518,protein_coding,ACTL6A
ENSG00000136521,protein_coding,NDUFB5
ENSG00000136522,protein_coding,MRPL47
ENSG00000136527,protein_coding,TRA2B
ENSG00000136531,protein_coding,SCN2A
ENSG00000136535,protein_coding,TBR1
ENSG00000136536,protein_coding,MARCH7
ENSG00000136541,protein_coding,ERMN
ENSG00000136546,protein_coding,SCN7A
ENSG00000136560,protein_coding,TANK
ENSG00000136603,protein_coding,SKIL
ENSG00000136628,protein_coding,EPRS
ENSG00000136631,protein_coding,VPS45
ENSG00000136636,protein_coding,KCTD3
ENSG00000136682,protein_coding,CBWD2
ENSG00000136699,protein_coding,SMPD4
ENSG00000136709,protein_coding,WDR33
ENSG00000136710,protein_coding,CCDC115
ENSG00000136715,protein_coding,SAP130
ENSG00000136717,protein_coding,BIN1
ENSG00000136718,protein_coding,IMP4
ENSG00000136720,protein_coding,HS6ST1
ENSG00000136731,protein_coding,UGGT1
ENSG00000136732,protein_coding,GYPC
ENSG00000136738,protein_coding,STAM
ENSG00000136750,protein_coding,GAD2
ENSG00000136754,protein_coding,ABI1
ENSG00000136758,protein_coding,YME1L1
ENSG00000136770,protein_coding,DNAJC1
ENSG00000136783,protein_coding,NIPSNAP3A
ENSG00000136802,protein_coding,LRRC8A
ENSG00000136807,protein_coding,CDK9
ENSG00000136810,protein_coding,TXN
ENSG00000136811,protein_coding,ODF2
ENSG00000136813,protein_coding,ECPAS
ENSG00000136816,protein_coding,TOR1B
ENSG00000136819,protein_coding,C9orf78
ENSG00000136824,protein_coding,SMC2
ENSG00000136826,protein_coding,KLF4
ENSG00000136827,protein_coding,TOR1A
ENSG00000136828,protein_coding,RALGPS1
ENSG00000136830,protein_coding,NIBAN2
ENSG00000136840,protein_coding,ST6GALNAC4
ENSG00000136842,protein_coding,TMOD1
ENSG00000136848,protein_coding,DAB2IP
ENSG00000136854,protein_coding,STXBP1
ENSG00000136856,protein_coding,SLC2A8
ENSG00000136859,protein_coding,ANGPTL2
ENSG00000136861,protein_coding,CDK5RAP2
ENSG00000136866,protein_coding,ZFP37
ENSG00000136867,protein_coding,SLC31A2
ENSG00000136868,protein_coding,SLC31A1
ENSG00000136869,protein_coding,TLR4
ENSG00000136870,protein_coding,ZNF189
ENSG00000136874,protein_coding,STX17
ENSG00000136875,protein_coding,PRPF4
ENSG00000136877,protein_coding,FPGS
ENSG00000136878,protein_coding,USP20
ENSG00000136881,protein_coding,BAAT
ENSG00000136883,protein_coding,KIF12
ENSG00000136888,protein_coding,ATP6V1G1
ENSG00000136891,protein_coding,TEX10
ENSG00000136895,protein_coding,GARNL3
ENSG00000136897,protein_coding,MRPL50
ENSG00000136908,protein_coding,DPM2
ENSG00000136925,protein_coding,TSTD2
ENSG00000136928,protein_coding,GABBR2
ENSG00000136930,protein_coding,PSMB7
ENSG00000136932,protein_coding,TRMO
ENSG00000136933,protein_coding,RABEPK
ENSG00000136935,protein_coding,GOLGA1
ENSG00000136936,protein_coding,XPA
ENSG00000136937,protein_coding,NCBP1
ENSG00000136938,protein_coding,ANP32B
ENSG00000136940,protein_coding,PDCL
ENSG00000136942,protein_coding,RPL35
ENSG00000136944,protein_coding,LMX1B
ENSG00000136950,protein_coding,ARPC5L
ENSG00000136960,protein_coding,ENPP2
ENSG00000136982,protein_coding,DSCC1
ENSG00000136986,protein_coding,DERL1
ENSG00000136997,protein_coding,MYC
ENSG00000136999,protein_coding,CCN3
ENSG00000137033,protein_coding,IL33
ENSG00000137038,protein_coding,DMAC1
ENSG00000137040,protein_coding,RANBP6
ENSG00000137054,protein_coding,POLR1E
ENSG00000137055,protein_coding,PLAA
ENSG00000137070,protein_coding,IL11RA
ENSG00000137073,protein_coding,UBAP2
ENSG00000137074,protein_coding,APTX
ENSG00000137075,protein_coding,RNF38
ENSG00000137076,protein_coding,TLN1
ENSG00000137094,protein_coding,DNAJB5
ENSG00000137098,protein_coding,SPAG8
ENSG00000137100,protein_coding,DCTN3
ENSG00000137101,protein_coding,CD72
ENSG00000137103,protein_coding,TMEM8B
ENSG00000137106,protein_coding,GRHPR
ENSG00000137124,protein_coding,ALDH1B1
ENSG00000137133,protein_coding,HINT2
ENSG00000137145,protein_coding,DENND4C
ENSG00000137161,protein_coding,CNPY3
ENSG00000137166,protein_coding,FOXP4
ENSG00000137168,protein_coding,PPIL1
ENSG00000137171,protein_coding,KLC4
ENSG00000137177,protein_coding,KIF13A
ENSG00000137185,protein_coding,ZSCAN9
ENSG00000137193,protein_coding,PIM1
ENSG00000137198,protein_coding,GMPR
ENSG00000137200,protein_coding,CMTR1
ENSG00000137207,protein_coding,YIPF3
ENSG00000137216,protein_coding,TMEM63B
ENSG00000137218,protein_coding,FRS3
ENSG00000137221,protein_coding,TJAP1
ENSG00000137251,protein_coding,TINAG
ENSG00000137252,protein_coding,HCRTR2
ENSG00000137261,protein_coding,KIAA0319
ENSG00000137266,protein_coding,SLC22A23
ENSG00000137267,protein_coding,TUBB2A
ENSG00000137269,protein_coding,LRRC1
ENSG00000137273,protein_coding,FOXF2
ENSG00000137274,protein_coding,BPHL
ENSG00000137275,protein_coding,RIPK1
ENSG00000137285,protein_coding,TUBB2B
ENSG00000137288,protein_coding,UQCC2
ENSG00000137309,protein_coding,HMGA1
ENSG00000137312,protein_coding,FLOT1
ENSG00000137331,protein_coding,IER3
ENSG00000137337,protein_coding,MDC1
ENSG00000137338,protein_coding,PGBD1
ENSG00000137343,protein_coding,ATAT1
ENSG00000137364,protein_coding,TPMT
ENSG00000137393,protein_coding,RNF144B
ENSG00000137409,protein_coding,MTCH1
ENSG00000137411,protein_coding,VARS2
ENSG00000137413,protein_coding,TAF8
ENSG00000137414,protein_coding,FAM8A1
ENSG00000137434,protein_coding,C6orf52
ENSG00000137441,protein_coding,FGFBP2
ENSG00000137449,protein_coding,CPEB2
ENSG00000137460,protein_coding,FHDC1
ENSG00000137462,protein_coding,TLR2
ENSG00000137463,protein_coding,MGARP
ENSG00000137473,protein_coding,TTC29
ENSG00000137474,protein_coding,MYO7A
ENSG00000137478,protein_coding,FCHSD2
ENSG00000137486,protein_coding,ARRB1
ENSG00000137491,protein_coding,SLCO2B1
ENSG00000137492,protein_coding,THAP12
ENSG00000137494,protein_coding,ANKRD42
ENSG00000137497,protein_coding,NUMA1
ENSG00000137500,protein_coding,CCDC90B
ENSG00000137501,protein_coding,SYTL2
ENSG00000137502,protein_coding,RAB30
ENSG00000137504,protein_coding,CREBZF
ENSG00000137507,protein_coding,LRRC32
ENSG00000137509,protein_coding,PRCP
ENSG00000137513,protein_coding,NARS2
ENSG00000137522,protein_coding,RNF121
ENSG00000137547,protein_coding,MRPL15
ENSG00000137558,protein_coding,PI15
ENSG00000137561,protein_coding,TTPA
ENSG00000137563,protein_coding,GGH
ENSG00000137571,protein_coding,SLCO5A1
ENSG00000137573,protein_coding,SULF1
ENSG00000137574,protein_coding,TGS1
ENSG00000137575,protein_coding,SDCBP
ENSG00000137601,protein_coding,NEK1
ENSG00000137628,protein_coding,DDX60
ENSG00000137642,protein_coding,SORL1
ENSG00000137656,protein_coding,BUD13
ENSG00000137672,protein_coding,TRPC6
ENSG00000137691,protein_coding,CFAP300
ENSG00000137692,protein_coding,DCUN1D5
ENSG00000137693,protein_coding,YAP1
ENSG00000137699,protein_coding,TRIM29
ENSG00000137700,protein_coding,SLC37A4
ENSG00000137709,protein_coding,POU2F3
ENSG00000137710,protein_coding,RDX
ENSG00000137713,protein_coding,PPP2R1B
ENSG00000137714,protein_coding,FDX1
ENSG00000137720,protein_coding,C11orf1
ENSG00000137727,protein_coding,ARHGAP20
ENSG00000137752,protein_coding,CASP1
ENSG00000137760,protein_coding,ALKBH8
ENSG00000137764,protein_coding,MAP2K5
ENSG00000137766,protein_coding,UNC13C
ENSG00000137770,protein_coding,CTDSPL2
ENSG00000137776,protein_coding,SLTM
ENSG00000137802,protein_coding,MAPKBP1
ENSG00000137804,protein_coding,NUSAP1
ENSG00000137806,protein_coding,NDUFAF1
ENSG00000137807,protein_coding,KIF23
ENSG00000137809,protein_coding,ITGA11
ENSG00000137812,protein_coding,KNL1
ENSG00000137814,protein_coding,HAUS2
ENSG00000137815,protein_coding,RTF1
ENSG00000137817,protein_coding,PARP6
ENSG00000137818,protein_coding,RPLP1
ENSG00000137819,protein_coding,PAQR5
ENSG00000137821,protein_coding,LRRC49
ENSG00000137822,protein_coding,TUBGCP4
ENSG00000137824,protein_coding,RMDN3
ENSG00000137825,protein_coding,ITPKA
ENSG00000137831,protein_coding,UACA
ENSG00000137834,protein_coding,SMAD6
ENSG00000137841,protein_coding,PLCB2
ENSG00000137842,protein_coding,TMEM62
ENSG00000137843,protein_coding,PAK6
ENSG00000137845,protein_coding,ADAM10
ENSG00000137857,protein_coding,DUOX1
ENSG00000137860,protein_coding,SLC28A2
ENSG00000137871,protein_coding,ZNF280D
ENSG00000137872,protein_coding,SEMA6D
ENSG00000137876,protein_coding,RSL24D1
ENSG00000137877,protein_coding,SPTBN5
ENSG00000137880,protein_coding,GCHFR
ENSG00000137936,protein_coding,BCAR3
ENSG00000137941,protein_coding,TTLL7
ENSG00000137942,protein_coding,FNBP1L
ENSG00000137944,protein_coding,KYAT3
ENSG00000137947,protein_coding,GTF2B
ENSG00000137948,protein_coding,BRDT
ENSG00000137955,protein_coding,RABGGTB
ENSG00000137959,protein_coding,IFI44L
ENSG00000137960,protein_coding,GIPC2
ENSG00000137962,protein_coding,ARHGAP29
ENSG00000137965,protein_coding,IFI44
ENSG00000137968,protein_coding,SLC44A5
ENSG00000137975,protein_coding,CLCA2
ENSG00000137992,protein_coding,DBT
ENSG00000137996,protein_coding,RTCA
ENSG00000138002,protein_coding,IFT172
ENSG00000138018,protein_coding,SELENOI
ENSG00000138028,protein_coding,CGREF1
ENSG00000138029,protein_coding,HADHB
ENSG00000138030,protein_coding,KHK
ENSG00000138031,protein_coding,ADCY3
ENSG00000138032,protein_coding,PPM1B
ENSG00000138035,protein_coding,PNPT1
ENSG00000138036,protein_coding,DYNC2LI1
ENSG00000138039,protein_coding,LHCGR
ENSG00000138050,protein_coding,THUMPD2
ENSG00000138061,protein_coding,CYP1B1
ENSG00000138069,protein_coding,RAB1A
ENSG00000138071,protein_coding,ACTR2
ENSG00000138073,protein_coding,PREB
ENSG00000138074,protein_coding,SLC5A6
ENSG00000138075,protein_coding,ABCG5
ENSG00000138078,protein_coding,PREPL
ENSG00000138079,protein_coding,SLC3A1
ENSG00000138080,protein_coding,EMILIN1
ENSG00000138081,protein_coding,FBXO11
ENSG00000138085,protein_coding,ATRAID
ENSG00000138092,protein_coding,CENPO
ENSG00000138095,protein_coding,LRPPRC
ENSG00000138100,protein_coding,TRIM54
ENSG00000138101,protein_coding,DTNB
ENSG00000138107,protein_coding,ACTR1A
ENSG00000138111,protein_coding,MFSD13A
ENSG00000138115,protein_coding,CYP2C8
ENSG00000138119,protein_coding,MYOF
ENSG00000138134,protein_coding,STAMBPL1
ENSG00000138135,protein_coding,CH25H
ENSG00000138138,protein_coding,ATAD1
ENSG00000138152,protein_coding,BTBD16
ENSG00000138162,protein_coding,TACC2
ENSG00000138166,protein_coding,DUSP5
ENSG00000138172,protein_coding,CALHM2
ENSG00000138175,protein_coding,ARL3
ENSG00000138182,protein_coding,KIF20B
ENSG00000138185,protein_coding,ENTPD1
ENSG00000138190,protein_coding,EXOC6
ENSG00000138193,protein_coding,PLCE1
ENSG00000138207,protein_coding,RBP4
ENSG00000138231,protein_coding,DBR1
ENSG00000138246,protein_coding,DNAJC13
ENSG00000138279,protein_coding,ANXA7
ENSG00000138286,protein_coding,FAM149B1
ENSG00000138303,protein_coding,ASCC1
ENSG00000138311,protein_coding,ZNF365
ENSG00000138316,protein_coding,ADAMTS14
ENSG00000138336,protein_coding,TET1
ENSG00000138346,protein_coding,DNA2
ENSG00000138356,protein_coding,AOX1
ENSG00000138363,protein_coding,ATIC
ENSG00000138375,protein_coding,SMARCAL1
ENSG00000138376,protein_coding,BARD1
ENSG00000138378,protein_coding,STAT4
ENSG00000138380,protein_coding,CARF
ENSG00000138381,protein_coding,ASNSD1
ENSG00000138382,protein_coding,METTL5
ENSG00000138385,protein_coding,SSB
ENSG00000138386,protein_coding,NAB1
ENSG00000138395,protein_coding,CDK15
ENSG00000138398,protein_coding,PPIG
ENSG00000138399,protein_coding,FASTKD1
ENSG00000138400,protein_coding,MDH1B
ENSG00000138411,protein_coding,HECW2
ENSG00000138413,protein_coding,IDH1
ENSG00000138430,protein_coding,OLA1
ENSG00000138433,protein_coding,CIR1
ENSG00000138434,protein_coding,ITPRID2
ENSG00000138435,protein_coding,CHRNA1
ENSG00000138439,protein_coding,FAM117B
ENSG00000138442,protein_coding,WDR12
ENSG00000138443,protein_coding,ABI2
ENSG00000138448,protein_coding,ITGAV
ENSG00000138449,protein_coding,SLC40A1
ENSG00000138459,protein_coding,SLC35A5
ENSG00000138463,protein_coding,SLC49A4
ENSG00000138468,protein_coding,SENP7
ENSG00000138472,protein_coding,GUCA1C
ENSG00000138495,protein_coding,COX17
ENSG00000138496,protein_coding,PARP9
ENSG00000138587,protein_coding,MNS1
ENSG00000138592,protein_coding,USP8
ENSG00000138593,protein_coding,SECISBP2L
ENSG00000138594,protein_coding,TMOD3
ENSG00000138600,protein_coding,SPPL2A
ENSG00000138604,protein_coding,GLCE
ENSG00000138606,protein_coding,SHF
ENSG00000138613,protein_coding,APH1B
ENSG00000138614,protein_coding,INTS14
ENSG00000138617,protein_coding,PARP16
ENSG00000138621,protein_coding,PPCDC
ENSG00000138622,protein_coding,HCN4
ENSG00000138623,protein_coding,SEMA7A
ENSG00000138629,protein_coding,UBL7
ENSG00000138639,protein_coding,ARHGAP24
ENSG00000138640,protein_coding,FAM13A
ENSG00000138641,protein_coding,HERC3
ENSG00000138642,protein_coding,HERC6
ENSG00000138646,protein_coding,HERC5
ENSG00000138650,protein_coding,PCDH10
ENSG00000138653,protein_coding,NDST4
ENSG00000138658,protein_coding,ZGRF1
ENSG00000138660,protein_coding,AP1AR
ENSG00000138663,protein_coding,COPS4
ENSG00000138668,protein_coding,HNRNPD
ENSG00000138669,protein_coding,PRKG2
ENSG00000138670,protein_coding,RASGEF1B
ENSG00000138674,protein_coding,SEC31A
ENSG00000138675,protein_coding,FGF5
ENSG00000138678,protein_coding,GPAT3
ENSG00000138685,protein_coding,FGF2
ENSG00000138686,protein_coding,BBS7
ENSG00000138688,protein_coding,KIAA1109
ENSG00000138696,protein_coding,BMPR1B
ENSG00000138698,protein_coding,RAP1GDS1
ENSG00000138709,protein_coding,LARP1B
ENSG00000138735,protein_coding,PDE5A
ENSG00000138738,protein_coding,PRDM5
ENSG00000138741,protein_coding,TRPC3
ENSG00000138744,protein_coding,NAAA
ENSG00000138750,protein_coding,NUP54
ENSG00000138756,protein_coding,BMP2K
ENSG00000138757,protein_coding,G3BP2
ENSG00000138758,protein_coding,SEPTIN11
ENSG00000138759,protein_coding,FRAS1
ENSG00000138760,protein_coding,SCARB2
ENSG00000138764,protein_coding,CCNG2
ENSG00000138767,protein_coding,CNOT6L
ENSG00000138768,protein_coding,USO1
ENSG00000138769,protein_coding,CDKL2
ENSG00000138771,protein_coding,SHROOM3
ENSG00000138772,protein_coding,ANXA3
ENSG00000138777,protein_coding,PPA2
ENSG00000138778,protein_coding,CENPE
ENSG00000138780,protein_coding,GSTCD
ENSG00000138785,protein_coding,INTS12
ENSG00000138792,protein_coding,ENPEP
ENSG00000138794,protein_coding,CASP6
ENSG00000138795,protein_coding,LEF1
ENSG00000138796,protein_coding,HADH
ENSG00000138798,protein_coding,EGF
ENSG00000138801,protein_coding,PAPSS1
ENSG00000138802,protein_coding,SEC24B
ENSG00000138814,protein_coding,PPP3CA
ENSG00000138821,protein_coding,SLC39A8
ENSG00000138823,protein_coding,MTTP
ENSG00000138829,protein_coding,FBN2
ENSG00000138834,protein_coding,MAPK8IP3
ENSG00000138835,protein_coding,RGS3
ENSG00000138867,protein_coding,GUCD1
ENSG00000138942,protein_coding,RNF185
ENSG00000138944,protein_coding,SHISAL1
ENSG00000138964,protein_coding,PARVG
ENSG00000139044,protein_coding,B4GALNT3
ENSG00000139053,protein_coding,PDE6H
ENSG00000139083,protein_coding,ETV6
ENSG00000139112,protein_coding,GABARAPL1
ENSG00000139116,protein_coding,KIF21A
ENSG00000139117,protein_coding,CPNE8
ENSG00000139131,protein_coding,YARS2
ENSG00000139132,protein_coding,FGD4
ENSG00000139144,protein_coding,PIK3C2G
ENSG00000139154,protein_coding,AEBP2
ENSG00000139155,protein_coding,SLCO1C1
ENSG00000139160,protein_coding,ETFBKMT
ENSG00000139163,protein_coding,ETNK1
ENSG00000139168,protein_coding,ZCRB1
ENSG00000139173,protein_coding,TMEM117
ENSG00000139174,protein_coding,PRICKLE1
ENSG00000139178,protein_coding,C1RL
ENSG00000139182,protein_coding,CLSTN3
ENSG00000139187,protein_coding,KLRG1
ENSG00000139190,protein_coding,VAMP1
ENSG00000139192,protein_coding,TAPBPL
ENSG00000139194,protein_coding,RBP5
ENSG00000139197,protein_coding,PEX5
ENSG00000139200,protein_coding,PIANP
ENSG00000139209,protein_coding,SLC38A4
ENSG00000139211,protein_coding,AMIGO2
ENSG00000139218,protein_coding,SCAF11
ENSG00000139220,protein_coding,PPFIA2
ENSG00000139233,protein_coding,LLPH
ENSG00000139263,protein_coding,LRIG3
ENSG00000139266,protein_coding,MARCH9
ENSG00000139278,protein_coding,GLIPR1
ENSG00000139287,protein_coding,TPH2
ENSG00000139289,protein_coding,PHLDA1
ENSG00000139291,protein_coding,TMEM19
ENSG00000139292,protein_coding,LGR5
ENSG00000139304,protein_coding,PTPRQ
ENSG00000139318,protein_coding,DUSP6
ENSG00000139323,protein_coding,POC1B
ENSG00000139324,protein_coding,TMTC3
ENSG00000139343,protein_coding,SNRPF
ENSG00000139344,protein_coding,AMDHD1
ENSG00000139350,protein_coding,NEDD1
ENSG00000139351,protein_coding,SYCP3
ENSG00000139352,protein_coding,ASCL1
ENSG00000139354,protein_coding,GAS2L3
ENSG00000139364,protein_coding,TMEM132B
ENSG00000139370,protein_coding,SLC15A4
ENSG00000139372,protein_coding,TDG
ENSG00000139405,protein_coding,RITA1
ENSG00000139410,protein_coding,SDSL
ENSG00000139428,protein_coding,MMAB
ENSG00000139433,protein_coding,GLTP
ENSG00000139436,protein_coding,GIT2
ENSG00000139437,protein_coding,TCHP
ENSG00000139438,protein_coding,FAM222A
ENSG00000139496,protein_coding,NUP58
ENSG00000139505,protein_coding,MTMR6
ENSG00000139508,protein_coding,SLC46A3
ENSG00000139514,protein_coding,SLC7A1
ENSG00000139517,protein_coding,LNX2
ENSG00000139531,protein_coding,SUOX
ENSG00000139537,protein_coding,CCDC65
ENSG00000139546,protein_coding,TARBP2
ENSG00000139579,protein_coding,NABP2
ENSG00000139597,protein_coding,N4BP2L1
ENSG00000139613,protein_coding,SMARCC2
ENSG00000139618,protein_coding,BRCA2
ENSG00000139620,protein_coding,KANSL2
ENSG00000139624,protein_coding,CERS5
ENSG00000139625,protein_coding,MAP3K12
ENSG00000139629,protein_coding,GALNT6
ENSG00000139631,protein_coding,CSAD
ENSG00000139636,protein_coding,LMBR1L
ENSG00000139637,protein_coding,C12orf10
ENSG00000139641,protein_coding,ESYT1
ENSG00000139644,protein_coding,TMBIM6
ENSG00000139645,protein_coding,ANKRD52
ENSG00000139651,protein_coding,ZNF740
ENSG00000139668,protein_coding,WDFY2
ENSG00000139675,protein_coding,HNRNPA1L2
ENSG00000139679,protein_coding,LPAR6
ENSG00000139684,protein_coding,ESD
ENSG00000139687,protein_coding,RB1
ENSG00000139697,protein_coding,SBNO1
ENSG00000139714,protein_coding,MORN3
ENSG00000139718,protein_coding,SETD1B
ENSG00000139722,protein_coding,VPS37B
ENSG00000139725,protein_coding,RHOF
ENSG00000139726,protein_coding,DENR
ENSG00000139734,protein_coding,DIAPH3
ENSG00000139737,protein_coding,SLAIN1
ENSG00000139746,protein_coding,RBM26
ENSG00000139767,protein_coding,SRRM4
ENSG00000139780,protein_coding,METTL21C
ENSG00000139793,protein_coding,MBNL2
ENSG00000139800,protein_coding,ZIC5
ENSG00000139826,protein_coding,ABHD13
ENSG00000139832,protein_coding,RAB20
ENSG00000139835,protein_coding,GRTP1
ENSG00000139842,protein_coding,CUL4A
ENSG00000139865,protein_coding,TTC6
ENSG00000139874,protein_coding,SSTR1
ENSG00000139880,protein_coding,CDH24
ENSG00000139910,protein_coding,NOVA1
ENSG00000139915,protein_coding,MDGA2
ENSG00000139921,protein_coding,TMX1
ENSG00000139926,protein_coding,FRMD6
ENSG00000139946,protein_coding,PELI2
ENSG00000139970,protein_coding,RTN1
ENSG00000139971,protein_coding,ARMH4
ENSG00000139973,protein_coding,SYT16
ENSG00000139974,protein_coding,SLC38A6
ENSG00000139977,protein_coding,NAA30
ENSG00000139988,protein_coding,RDH12
ENSG00000139990,protein_coding,DCAF5
ENSG00000139998,protein_coding,RAB15
ENSG00000140006,protein_coding,WDR89
ENSG00000140009,protein_coding,ESR2
ENSG00000140015,protein_coding,KCNH5
ENSG00000140022,protein_coding,STON2
ENSG00000140025,protein_coding,EFCAB11
ENSG00000140044,protein_coding,JDP2
ENSG00000140057,protein_coding,AK7
ENSG00000140067,protein_coding,FAM181A
ENSG00000140090,protein_coding,SLC24A4
ENSG00000140092,protein_coding,FBLN5
ENSG00000140104,protein_coding,CLBA1
ENSG00000140105,protein_coding,WARS
ENSG00000140153,protein_coding,WDR20
ENSG00000140157,protein_coding,NIPA2
ENSG00000140199,protein_coding,SLC12A6
ENSG00000140259,protein_coding,MFAP1
ENSG00000140262,protein_coding,TCF12
ENSG00000140263,protein_coding,SORD
ENSG00000140264,protein_coding,SERF2
ENSG00000140265,protein_coding,ZSCAN29
ENSG00000140280,protein_coding,LYSMD2
ENSG00000140284,protein_coding,SLC27A2
ENSG00000140285,protein_coding,FGF7
ENSG00000140299,protein_coding,BNIP2
ENSG00000140307,protein_coding,GTF2A2
ENSG00000140319,protein_coding,SRP14
ENSG00000140320,protein_coding,BAHD1
ENSG00000140323,protein_coding,DISP2
ENSG00000140326,protein_coding,CDAN1
ENSG00000140332,protein_coding,TLE3
ENSG00000140350,protein_coding,ANP32A
ENSG00000140365,protein_coding,COMMD4
ENSG00000140367,protein_coding,UBE2Q2
ENSG00000140368,protein_coding,PSTPIP1
ENSG00000140374,protein_coding,ETFA
ENSG00000140379,protein_coding,BCL2A1
ENSG00000140382,protein_coding,HMG20A
ENSG00000140386,protein_coding,SCAPER
ENSG00000140391,protein_coding,TSPAN3
ENSG00000140395,protein_coding,WDR61
ENSG00000140396,protein_coding,NCOA2
ENSG00000140398,protein_coding,NEIL1
ENSG00000140400,protein_coding,MAN2C1
ENSG00000140403,protein_coding,DNAJA4
ENSG00000140406,protein_coding,TLNRD1
ENSG00000140416,protein_coding,TPM1
ENSG00000140443,protein_coding,IGF1R
ENSG00000140450,protein_coding,ARRDC4
ENSG00000140451,protein_coding,PIF1
ENSG00000140455,protein_coding,USP3
ENSG00000140459,protein_coding,CYP11A1
ENSG00000140463,protein_coding,BBS4
ENSG00000140464,protein_coding,PML
ENSG00000140470,protein_coding,ADAMTS17
ENSG00000140471,protein_coding,LINS1
ENSG00000140474,protein_coding,ULK3
ENSG00000140479,protein_coding,PCSK6
ENSG00000140497,protein_coding,SCAMP2
ENSG00000140511,protein_coding,HAPLN3
ENSG00000140519,protein_coding,RHCG
ENSG00000140521,protein_coding,POLG
ENSG00000140522,protein_coding,RLBP1
ENSG00000140525,protein_coding,FANCI
ENSG00000140526,protein_coding,ABHD2
ENSG00000140527,protein_coding,WDR93
ENSG00000140538,protein_coding,NTRK3
ENSG00000140543,protein_coding,DET1
ENSG00000140545,protein_coding,MFGE8
ENSG00000140548,protein_coding,ZNF710
ENSG00000140553,protein_coding,UNC45A
ENSG00000140557,protein_coding,ST8SIA2
ENSG00000140563,protein_coding,MCTP2
ENSG00000140564,protein_coding,FURIN
ENSG00000140575,protein_coding,IQGAP1
ENSG00000140577,protein_coding,CRTC3
ENSG00000140598,protein_coding,EFL1
ENSG00000140600,protein_coding,SH3GL3
ENSG00000140612,protein_coding,SEC11A
ENSG00000140632,protein_coding,GLYR1
ENSG00000140650,protein_coding,PMM2
ENSG00000140678,protein_coding,ITGAX
ENSG00000140688,protein_coding,C16orf58
ENSG00000140691,protein_coding,ARMC5
ENSG00000140694,protein_coding,PARN
ENSG00000140718,protein_coding,FTO
ENSG00000140740,protein_coding,UQCRC2
ENSG00000140743,protein_coding,CDR2
ENSG00000140749,protein_coding,IGSF6
ENSG00000140750,protein_coding,ARHGAP17
ENSG00000140795,protein_coding,MYLK3
ENSG00000140798,protein_coding,ABCC12
ENSG00000140807,protein_coding,NKD1
ENSG00000140829,protein_coding,DHX38
ENSG00000140830,protein_coding,TXNL4B
ENSG00000140832,protein_coding,MARVELD3
ENSG00000140836,protein_coding,ZFHX3
ENSG00000140848,protein_coding,CPNE2
ENSG00000140853,protein_coding,NLRC5
ENSG00000140854,protein_coding,KATNB1
ENSG00000140859,protein_coding,KIFC3
ENSG00000140873,protein_coding,ADAMTS18
ENSG00000140876,protein_coding,NUDT7
ENSG00000140905,protein_coding,GCSH
ENSG00000140931,protein_coding,CMTM3
ENSG00000140937,protein_coding,CDH11
ENSG00000140939,protein_coding,NOL3
ENSG00000140941,protein_coding,MAP1LC3B
ENSG00000140943,protein_coding,MBTPS1
ENSG00000140945,protein_coding,CDH13
ENSG00000140948,protein_coding,ZCCHC14
ENSG00000140950,protein_coding,MEAK7
ENSG00000140955,protein_coding,ADAD2
ENSG00000140968,protein_coding,IRF8
ENSG00000140983,protein_coding,RHOT2
ENSG00000140987,protein_coding,ZSCAN32
ENSG00000140990,protein_coding,NDUFB10
ENSG00000140992,protein_coding,PDPK1
ENSG00000140993,protein_coding,TIGD7
ENSG00000140995,protein_coding,DEF8
ENSG00000141002,protein_coding,TCF25
ENSG00000141012,protein_coding,GALNS
ENSG00000141013,protein_coding,GAS8
ENSG00000141026,protein_coding,MED9
ENSG00000141027,protein_coding,NCOR1
ENSG00000141030,protein_coding,COPS3
ENSG00000141034,protein_coding,GID4
ENSG00000141040,protein_coding,ZNF287
ENSG00000141052,protein_coding,MYOCD
ENSG00000141068,protein_coding,KSR1
ENSG00000141076,protein_coding,UTP4
ENSG00000141084,protein_coding,RANBP10
ENSG00000141098,protein_coding,GFOD2
ENSG00000141101,protein_coding,NOB1
ENSG00000141127,protein_coding,PRPSAP2
ENSG00000141179,protein_coding,PCTP
ENSG00000141198,protein_coding,TOM1L1
ENSG00000141219,protein_coding,C17orf80
ENSG00000141232,protein_coding,TOB1
ENSG00000141252,protein_coding,VPS53
ENSG00000141255,protein_coding,SPATA22
ENSG00000141258,protein_coding,SGSM2
ENSG00000141279,protein_coding,NPEPPS
ENSG00000141293,protein_coding,SKAP1
ENSG00000141295,protein_coding,SCRN2
ENSG00000141298,protein_coding,SSH2
ENSG00000141314,protein_coding,RHBDL3
ENSG00000141316,protein_coding,SPACA3
ENSG00000141337,protein_coding,ARSG
ENSG00000141338,protein_coding,ABCA8
ENSG00000141349,protein_coding,G6PC3
ENSG00000141367,protein_coding,CLTC
ENSG00000141376,protein_coding,BCAS3
ENSG00000141378,protein_coding,PTRH2
ENSG00000141380,protein_coding,SS18
ENSG00000141384,protein_coding,TAF4B
ENSG00000141385,protein_coding,AFG3L2
ENSG00000141391,protein_coding,PRELID3A
ENSG00000141401,protein_coding,IMPA2
ENSG00000141404,protein_coding,GNAL
ENSG00000141424,protein_coding,SLC39A6
ENSG00000141425,protein_coding,RPRD1A
ENSG00000141428,protein_coding,C18orf21
ENSG00000141429,protein_coding,GALNT1
ENSG00000141431,protein_coding,ASXL3
ENSG00000141433,protein_coding,ADCYAP1
ENSG00000141434,protein_coding,MEP1B
ENSG00000141441,protein_coding,GAREM1
ENSG00000141446,protein_coding,ESCO1
ENSG00000141447,protein_coding,OSBPL1A
ENSG00000141448,protein_coding,GATA6
ENSG00000141449,protein_coding,GREB1L
ENSG00000141452,protein_coding,RMC1
ENSG00000141456,protein_coding,PELP1
ENSG00000141458,protein_coding,NPC1
ENSG00000141469,protein_coding,SLC14A1
ENSG00000141480,protein_coding,ARRB2
ENSG00000141485,protein_coding,SLC13A5
ENSG00000141499,protein_coding,WRAP53
ENSG00000141503,protein_coding,MINK1
ENSG00000141504,protein_coding,SAT2
ENSG00000141505,protein_coding,ASGR1
ENSG00000141506,protein_coding,PIK3R5
ENSG00000141510,protein_coding,TP53
ENSG00000141519,protein_coding,CCDC40
ENSG00000141522,protein_coding,ARHGDIA
ENSG00000141524,protein_coding,TMC6
ENSG00000141526,protein_coding,SLC16A3
ENSG00000141527,protein_coding,CARD14
ENSG00000141540,protein_coding,TTYH2
ENSG00000141542,protein_coding,RAB40B
ENSG00000141543,protein_coding,EIF4A3
ENSG00000141551,protein_coding,CSNK1D
ENSG00000141552,protein_coding,ANAPC11
ENSG00000141556,protein_coding,TBCD
ENSG00000141560,protein_coding,FN3KRP
ENSG00000141562,protein_coding,NARF
ENSG00000141564,protein_coding,RPTOR
ENSG00000141568,protein_coding,FOXK2
ENSG00000141569,protein_coding,TRIM65
ENSG00000141576,protein_coding,RNF157
ENSG00000141577,protein_coding,CEP131
ENSG00000141580,protein_coding,WDR45B
ENSG00000141582,protein_coding,CBX4
ENSG00000141622,protein_coding,RNF165
ENSG00000141627,protein_coding,DYM
ENSG00000141639,protein_coding,MAPK4
ENSG00000141644,protein_coding,MBD1
ENSG00000141646,protein_coding,SMAD4
ENSG00000141655,protein_coding,TNFRSF11A
ENSG00000141664,protein_coding,ZCCHC2
ENSG00000141665,protein_coding,FBXO15
ENSG00000141668,protein_coding,CBLN2
ENSG00000141682,protein_coding,PMAIP1
ENSG00000141696,protein_coding,P3H4
ENSG00000141698,protein_coding,NT5C3B
ENSG00000141699,protein_coding,RETREG3
ENSG00000141736,protein_coding,ERBB2
ENSG00000141738,protein_coding,GRB7
ENSG00000141741,protein_coding,MIEN1
ENSG00000141744,protein_coding,PNMT
ENSG00000141750,protein_coding,STAC2
ENSG00000141753,protein_coding,IGFBP4
ENSG00000141756,protein_coding,FKBP10
ENSG00000141759,protein_coding,TXNL4A
ENSG00000141837,protein_coding,CACNA1A
ENSG00000141854,protein_coding,MISP3
ENSG00000141858,protein_coding,SAMD1
ENSG00000141867,protein_coding,BRD4
ENSG00000141905,protein_coding,NFIC
ENSG00000141933,protein_coding,TPGS1
ENSG00000141934,protein_coding,PLPP2
ENSG00000141956,protein_coding,PRDM15
ENSG00000141959,protein_coding,PFKL
ENSG00000141965,protein_coding,FEM1A
ENSG00000141968,protein_coding,VAV1
ENSG00000141971,protein_coding,MVB12A
ENSG00000141979,protein_coding,AC008764.1
ENSG00000141985,protein_coding,SH3GL1
ENSG00000141994,protein_coding,DUS3L
ENSG00000142002,protein_coding,DPP9
ENSG00000142039,protein_coding,CCDC97
ENSG00000142065,protein_coding,ZFP14
ENSG00000142082,protein_coding,SIRT3
ENSG00000142089,protein_coding,IFITM3
ENSG00000142149,protein_coding,HUNK
ENSG00000142156,protein_coding,COL6A1
ENSG00000142166,protein_coding,IFNAR1
ENSG00000142168,protein_coding,SOD1
ENSG00000142173,protein_coding,COL6A2
ENSG00000142178,protein_coding,SIK1
ENSG00000142185,protein_coding,TRPM2
ENSG00000142186,protein_coding,SCYL1
ENSG00000142188,protein_coding,TMEM50B
ENSG00000142192,protein_coding,APP
ENSG00000142197,protein_coding,DOP1B
ENSG00000142207,protein_coding,URB1
ENSG00000142208,protein_coding,AKT1
ENSG00000142227,protein_coding,EMP3
ENSG00000142230,protein_coding,SAE1
ENSG00000142235,protein_coding,LMTK3
ENSG00000142273,protein_coding,CBLC
ENSG00000142279,protein_coding,WTIP
ENSG00000142303,protein_coding,ADAMTS10
ENSG00000142327,protein_coding,RNPEPL1
ENSG00000142330,protein_coding,CAPN10
ENSG00000142347,protein_coding,MYO1F
ENSG00000142405,protein_coding,NLRP12
ENSG00000142408,protein_coding,CACNG8
ENSG00000142409,protein_coding,ZNF787
ENSG00000142444,protein_coding,TIMM29
ENSG00000142449,protein_coding,FBN3
ENSG00000142453,protein_coding,CARM1
ENSG00000142459,protein_coding,EVI5L
ENSG00000142494,protein_coding,SLC47A1
ENSG00000142507,protein_coding,PSMB6
ENSG00000142512,protein_coding,SIGLEC10
ENSG00000142528,protein_coding,ZNF473
ENSG00000142530,protein_coding,FAM71E1
ENSG00000142541,protein_coding,RPL13A
ENSG00000142544,protein_coding,CTU1
ENSG00000142546,protein_coding,NOSIP
ENSG00000142549,protein_coding,IGLON5
ENSG00000142552,protein_coding,RCN3
ENSG00000142556,protein_coding,ZNF614
ENSG00000142583,protein_coding,SLC2A5
ENSG00000142599,protein_coding,RERE
ENSG00000142609,protein_coding,CFAP74
ENSG00000142611,protein_coding,PRDM16
ENSG00000142621,protein_coding,FHAD1
ENSG00000142634,protein_coding,EFHD2
ENSG00000142655,protein_coding,PEX14
ENSG00000142657,protein_coding,PGD
ENSG00000142669,protein_coding,SH3BGRL3
ENSG00000142675,protein_coding,CNKSR1
ENSG00000142676,protein_coding,RPL11
ENSG00000142684,protein_coding,ZNF593
ENSG00000142686,protein_coding,C1orf216
ENSG00000142687,protein_coding,KIAA0319L
ENSG00000142733,protein_coding,MAP3K6
ENSG00000142751,protein_coding,GPN2
ENSG00000142765,protein_coding,SYTL1
ENSG00000142784,protein_coding,WDTC1
ENSG00000142794,protein_coding,NBPF3
ENSG00000142798,protein_coding,HSPG2
ENSG00000142856,protein_coding,ITGB3BP
ENSG00000142864,protein_coding,SERBP1
ENSG00000142867,protein_coding,BCL10
ENSG00000142871,protein_coding,CCN1
ENSG00000142875,protein_coding,PRKACB
ENSG00000142892,protein_coding,PIGK
ENSG00000142920,protein_coding,AZIN2
ENSG00000142945,protein_coding,KIF2C
ENSG00000142949,protein_coding,PTPRF
ENSG00000142959,protein_coding,BEST4
ENSG00000143013,protein_coding,LMO4
ENSG00000143033,protein_coding,MTF2
ENSG00000143036,protein_coding,SLC44A3
ENSG00000143061,protein_coding,IGSF3
ENSG00000143067,protein_coding,ZNF697
ENSG00000143079,protein_coding,CTTNBP2NL
ENSG00000143093,protein_coding,STRIP1
ENSG00000143106,protein_coding,PSMA5
ENSG00000143110,protein_coding,C1orf162
ENSG00000143119,protein_coding,CD53
ENSG00000143126,protein_coding,CELSR2
ENSG00000143127,protein_coding,ITGA10
ENSG00000143147,protein_coding,GPR161
ENSG00000143149,protein_coding,ALDH9A1
ENSG00000143153,protein_coding,ATP1B1
ENSG00000143155,protein_coding,TIPRL
ENSG00000143156,protein_coding,NME7
ENSG00000143157,protein_coding,POGK
ENSG00000143158,protein_coding,MPC2
ENSG00000143162,protein_coding,CREG1
ENSG00000143164,protein_coding,DCAF6
ENSG00000143171,protein_coding,RXRG
ENSG00000143178,protein_coding,TBX19
ENSG00000143179,protein_coding,UCK2
ENSG00000143183,protein_coding,TMCO1
ENSG00000143190,protein_coding,POU2F1
ENSG00000143194,protein_coding,MAEL
ENSG00000143195,protein_coding,ILDR2
ENSG00000143196,protein_coding,DPT
ENSG00000143198,protein_coding,MGST3
ENSG00000143199,protein_coding,ADCY10
ENSG00000143207,protein_coding,COP1
ENSG00000143222,protein_coding,UFC1
ENSG00000143224,protein_coding,PPOX
ENSG00000143226,protein_coding,FCGR2A
ENSG00000143228,protein_coding,NUF2
ENSG00000143248,protein_coding,RGS5
ENSG00000143252,protein_coding,SDHC
ENSG00000143256,protein_coding,PFDN2
ENSG00000143258,protein_coding,USP21
ENSG00000143294,protein_coding,PRCC
ENSG00000143303,protein_coding,RRNAD1
ENSG00000143314,protein_coding,MRPL24
ENSG00000143315,protein_coding,PIGM
ENSG00000143318,protein_coding,CASQ1
ENSG00000143319,protein_coding,ISG20L2
ENSG00000143320,protein_coding,CRABP2
ENSG00000143321,protein_coding,HDGF
ENSG00000143322,protein_coding,ABL2
ENSG00000143324,protein_coding,XPR1
ENSG00000143333,protein_coding,RGS16
ENSG00000143337,protein_coding,TOR1AIP1
ENSG00000143340,protein_coding,FAM163A
ENSG00000143341,protein_coding,HMCN1
ENSG00000143344,protein_coding,RGL1
ENSG00000143353,protein_coding,LYPLAL1
ENSG00000143363,protein_coding,PRUNE1
ENSG00000143367,protein_coding,TUFT1
ENSG00000143368,protein_coding,SF3B4
ENSG00000143369,protein_coding,ECM1
ENSG00000143373,protein_coding,ZNF687
ENSG00000143374,protein_coding,TARS2
ENSG00000143375,protein_coding,CGN
ENSG00000143376,protein_coding,SNX27
ENSG00000143379,protein_coding,SETDB1
ENSG00000143384,protein_coding,MCL1
ENSG00000143387,protein_coding,CTSK
ENSG00000143390,protein_coding,RFX5
ENSG00000143393,protein_coding,PI4KB
ENSG00000143398,protein_coding,PIP5K1A
ENSG00000143401,protein_coding,ANP32E
ENSG00000143409,protein_coding,MINDY1
ENSG00000143416,protein_coding,SELENBP1
ENSG00000143418,protein_coding,CERS2
ENSG00000143420,protein_coding,ENSA
ENSG00000143434,protein_coding,SEMA6C
ENSG00000143436,protein_coding,MRPL9
ENSG00000143437,protein_coding,ARNT
ENSG00000143442,protein_coding,POGZ
ENSG00000143443,protein_coding,C1orf56
ENSG00000143457,protein_coding,GOLPH3L
ENSG00000143458,protein_coding,GABPB2
ENSG00000143469,protein_coding,SYT14
ENSG00000143473,protein_coding,KCNH1
ENSG00000143476,protein_coding,DTL
ENSG00000143479,protein_coding,DYRK3
ENSG00000143486,protein_coding,EIF2D
ENSG00000143493,protein_coding,INTS7
ENSG00000143494,protein_coding,VASH2
ENSG00000143498,protein_coding,TAF1A
ENSG00000143499,protein_coding,SMYD2
ENSG00000143502,protein_coding,SUSD4
ENSG00000143507,protein_coding,DUSP10
ENSG00000143514,protein_coding,TP53BP2
ENSG00000143515,protein_coding,ATP8B2
ENSG00000143537,protein_coding,ADAM15
ENSG00000143543,protein_coding,JTB
ENSG00000143546,protein_coding,S100A8
ENSG00000143549,protein_coding,TPM3
ENSG00000143552,protein_coding,NUP210L
ENSG00000143553,protein_coding,SNAPIN
ENSG00000143554,protein_coding,SLC27A3
ENSG00000143569,protein_coding,UBAP2L
ENSG00000143570,protein_coding,SLC39A1
ENSG00000143575,protein_coding,HAX1
ENSG00000143590,protein_coding,EFNA3
ENSG00000143603,protein_coding,KCNN3
ENSG00000143612,protein_coding,C1orf43
ENSG00000143614,protein_coding,GATAD2B
ENSG00000143621,protein_coding,ILF2
ENSG00000143622,protein_coding,RIT1
ENSG00000143624,protein_coding,INTS3
ENSG00000143630,protein_coding,HCN3
ENSG00000143632,protein_coding,ACTA1
ENSG00000143633,protein_coding,C1orf131
ENSG00000143641,protein_coding,GALNT2
ENSG00000143643,protein_coding,TTC13
ENSG00000143653,protein_coding,SCCPDH
ENSG00000143669,protein_coding,LYST
ENSG00000143674,protein_coding,MAP3K21
ENSG00000143702,protein_coding,CEP170
ENSG00000143727,protein_coding,ACP1
ENSG00000143740,protein_coding,SNAP47
ENSG00000143742,protein_coding,SRP9
ENSG00000143748,protein_coding,NVL
ENSG00000143751,protein_coding,SDE2
ENSG00000143753,protein_coding,DEGS1
ENSG00000143756,protein_coding,FBXO28
ENSG00000143761,protein_coding,ARF1
ENSG00000143771,protein_coding,CNIH4
ENSG00000143772,protein_coding,ITPKB
ENSG00000143774,protein_coding,GUK1
ENSG00000143776,protein_coding,CDC42BPA
ENSG00000143786,protein_coding,CNIH3
ENSG00000143793,protein_coding,C1orf35
ENSG00000143797,protein_coding,MBOAT2
ENSG00000143799,protein_coding,PARP1
ENSG00000143801,protein_coding,PSEN2
ENSG00000143815,protein_coding,LBR
ENSG00000143816,protein_coding,WNT9A
ENSG00000143819,protein_coding,EPHX1
ENSG00000143839,protein_coding,REN
ENSG00000143842,protein_coding,SOX13
ENSG00000143845,protein_coding,ETNK2
ENSG00000143847,protein_coding,PPFIA4
ENSG00000143850,protein_coding,PLEKHA6
ENSG00000143851,protein_coding,PTPN7
ENSG00000143858,protein_coding,SYT2
ENSG00000143862,protein_coding,ARL8A
ENSG00000143867,protein_coding,OSR1
ENSG00000143869,protein_coding,GDF7
ENSG00000143870,protein_coding,PDIA6
ENSG00000143878,protein_coding,RHOB
ENSG00000143882,protein_coding,ATP6V1C2
ENSG00000143889,protein_coding,HNRNPLL
ENSG00000143891,protein_coding,GALM
ENSG00000143919,protein_coding,CAMKMT
ENSG00000143921,protein_coding,ABCG8
ENSG00000143924,protein_coding,EML4
ENSG00000143933,protein_coding,CALM2
ENSG00000143942,protein_coding,CHAC2
ENSG00000143951,protein_coding,WDPCP
ENSG00000143952,protein_coding,VPS54
ENSG00000143970,protein_coding,ASXL2
ENSG00000143971,protein_coding,ETAA1
ENSG00000143977,protein_coding,SNRPG
ENSG00000143994,protein_coding,ABHD1
ENSG00000143995,protein_coding,MEIS1
ENSG00000144021,protein_coding,CIAO1
ENSG00000144026,protein_coding,ZNF514
ENSG00000144028,protein_coding,SNRNP200
ENSG00000144029,protein_coding,MRPS5
ENSG00000144034,protein_coding,TPRKB
ENSG00000144036,protein_coding,EXOC6B
ENSG00000144040,protein_coding,SFXN5
ENSG00000144048,protein_coding,DUSP11
ENSG00000144057,protein_coding,ST6GAL2
ENSG00000144061,protein_coding,NPHP1
ENSG00000144115,protein_coding,THNSL2
ENSG00000144118,protein_coding,RALB
ENSG00000144119,protein_coding,C1QL2
ENSG00000144120,protein_coding,TMEM177
ENSG00000144134,protein_coding,RABL2A
ENSG00000144136,protein_coding,SLC20A1
ENSG00000144152,protein_coding,FBLN7
ENSG00000144161,protein_coding,ZC3H8
ENSG00000144199,protein_coding,FAHD2B
ENSG00000144214,protein_coding,LYG1
ENSG00000144218,protein_coding,AFF3
ENSG00000144224,protein_coding,UBXN4
ENSG00000144227,protein_coding,NXPH2
ENSG00000144228,protein_coding,SPOPL
ENSG00000144229,protein_coding,THSD7B
ENSG00000144230,protein_coding,GPR17
ENSG00000144231,protein_coding,POLR2D
ENSG00000144233,protein_coding,AMMECR1L
ENSG00000144278,protein_coding,GALNT13
ENSG00000144283,protein_coding,PKP4
ENSG00000144285,protein_coding,SCN1A
ENSG00000144290,protein_coding,SLC4A10
ENSG00000144306,protein_coding,SCRN3
ENSG00000144320,protein_coding,LNPK
ENSG00000144331,protein_coding,ZNF385B
ENSG00000144339,protein_coding,TMEFF2
ENSG00000144354,protein_coding,CDCA7
ENSG00000144355,protein_coding,DLX1
ENSG00000144357,protein_coding,UBR3
ENSG00000144366,protein_coding,GULP1
ENSG00000144369,protein_coding,FAM171B
ENSG00000144381,protein_coding,HSPD1
ENSG00000144395,protein_coding,CCDC150
ENSG00000144401,protein_coding,METTL21A
ENSG00000144406,protein_coding,UNC80
ENSG00000144407,protein_coding,PTH2R
ENSG00000144410,protein_coding,CPO
ENSG00000144426,protein_coding,NBEAL1
ENSG00000144445,protein_coding,KANSL1L
ENSG00000144451,protein_coding,SPAG16
ENSG00000144452,protein_coding,ABCA12
ENSG00000144455,protein_coding,SUMF1
ENSG00000144460,protein_coding,NYAP2
ENSG00000144468,protein_coding,RHBDD1
ENSG00000144476,protein_coding,ACKR3
ENSG00000144485,protein_coding,HES6
ENSG00000144504,protein_coding,ANKMY1
ENSG00000144524,protein_coding,COPS7B
ENSG00000144535,protein_coding,DIS3L2
ENSG00000144550,protein_coding,CPNE9
ENSG00000144554,protein_coding,FANCD2
ENSG00000144559,protein_coding,TAMM41
ENSG00000144560,protein_coding,VGLL4
ENSG00000144566,protein_coding,RAB5A
ENSG00000144567,protein_coding,RETREG2
ENSG00000144579,protein_coding,CTDSP1
ENSG00000144580,protein_coding,CNOT9
ENSG00000144583,protein_coding,MARCH4
ENSG00000144589,protein_coding,STK11IP
ENSG00000144591,protein_coding,GMPPA
ENSG00000144597,protein_coding,EAF1
ENSG00000144619,protein_coding,CNTN4
ENSG00000144635,protein_coding,DYNC1LI1
ENSG00000144642,protein_coding,RBMS3
ENSG00000144645,protein_coding,OSBPL10
ENSG00000144647,protein_coding,POMGNT2
ENSG00000144655,protein_coding,CSRNP1
ENSG00000144659,protein_coding,SLC25A38
ENSG00000144668,protein_coding,ITGA9
ENSG00000144671,protein_coding,SLC22A14
ENSG00000144674,protein_coding,GOLGA4
ENSG00000144677,protein_coding,CTDSPL
ENSG00000144681,protein_coding,STAC
ENSG00000144711,protein_coding,IQSEC1
ENSG00000144712,protein_coding,CAND2
ENSG00000144713,protein_coding,RPL32
ENSG00000144724,protein_coding,PTPRG
ENSG00000144730,protein_coding,IL17RD
ENSG00000144736,protein_coding,SHQ1
ENSG00000144741,protein_coding,SLC25A26
ENSG00000144744,protein_coding,UBA3
ENSG00000144746,protein_coding,ARL6IP5
ENSG00000144747,protein_coding,TMF1
ENSG00000144749,protein_coding,LRIG1
ENSG00000144771,protein_coding,LRTM1
ENSG00000144785,protein_coding,AC073896.1
ENSG00000144791,protein_coding,LIMD1
ENSG00000144802,protein_coding,NFKBIZ
ENSG00000144810,protein_coding,COL8A1
ENSG00000144815,protein_coding,NXPE3
ENSG00000144821,protein_coding,MYH15
ENSG00000144824,protein_coding,PHLDB2
ENSG00000144827,protein_coding,ABHD10
ENSG00000144834,protein_coding,TAGLN3
ENSG00000144840,protein_coding,RABL3
ENSG00000144847,protein_coding,IGSF11
ENSG00000144848,protein_coding,ATG3
ENSG00000144852,protein_coding,NR1I2
ENSG00000144857,protein_coding,BOC
ENSG00000144867,protein_coding,SRPRB
ENSG00000144868,protein_coding,TMEM108
ENSG00000144893,protein_coding,MED12L
ENSG00000144895,protein_coding,EIF2A
ENSG00000144908,protein_coding,ALDH1L1
ENSG00000144909,protein_coding,OSBPL11
ENSG00000144935,protein_coding,TRPC1
ENSG00000144959,protein_coding,NCEH1
ENSG00000145012,protein_coding,LPP
ENSG00000145014,protein_coding,TMEM44
ENSG00000145016,protein_coding,RUBCN
ENSG00000145020,protein_coding,AMT
ENSG00000145022,protein_coding,TCTA
ENSG00000145029,protein_coding,NICN1
ENSG00000145041,protein_coding,DCAF1
ENSG00000145050,protein_coding,MANF
ENSG00000145063,lncRNA,AC062028.1
ENSG00000145075,lncRNA,CCDC39
ENSG00000145087,protein_coding,STXBP5L
ENSG00000145088,protein_coding,EAF2
ENSG00000145147,protein_coding,SLIT2
ENSG00000145191,protein_coding,EIF2B5
ENSG00000145214,protein_coding,DGKQ
ENSG00000145216,protein_coding,FIP1L1
ENSG00000145220,protein_coding,LYAR
ENSG00000145241,protein_coding,CENPC
ENSG00000145242,protein_coding,EPHA5
ENSG00000145244,protein_coding,CORIN
ENSG00000145246,protein_coding,ATP10D
ENSG00000145247,protein_coding,OCIAD2
ENSG00000145248,protein_coding,SLC10A4
ENSG00000145284,protein_coding,SCD5
ENSG00000145287,protein_coding,PLAC8
ENSG00000145293,protein_coding,ENOPH1
ENSG00000145331,protein_coding,TRMT10A
ENSG00000145332,protein_coding,KLHL8
ENSG00000145335,protein_coding,SNCA
ENSG00000145337,protein_coding,PYURF
ENSG00000145348,protein_coding,TBCK
ENSG00000145349,protein_coding,CAMK2D
ENSG00000145354,protein_coding,CISD2
ENSG00000145358,protein_coding,DDIT4L
ENSG00000145362,protein_coding,ANK2
ENSG00000145365,protein_coding,TIFA
ENSG00000145375,protein_coding,SPATA5
ENSG00000145386,protein_coding,CCNA2
ENSG00000145388,protein_coding,METTL14
ENSG00000145390,protein_coding,USP53
ENSG00000145391,protein_coding,SETD7
ENSG00000145414,protein_coding,NAF1
ENSG00000145416,protein_coding,MARCH1
ENSG00000145423,protein_coding,SFRP2
ENSG00000145428,protein_coding,RNF175
ENSG00000145431,protein_coding,PDGFC
ENSG00000145439,protein_coding,CBR4
ENSG00000145451,protein_coding,GLRA3
ENSG00000145476,protein_coding,CYP4V2
ENSG00000145491,protein_coding,ROPN1L
ENSG00000145494,protein_coding,NDUFS6
ENSG00000145495,protein_coding,MARCH6
ENSG00000145506,protein_coding,NKD2
ENSG00000145526,protein_coding,CDH18
ENSG00000145536,protein_coding,ADAMTS16
ENSG00000145545,protein_coding,SRD5A1
ENSG00000145555,protein_coding,MYO10
ENSG00000145569,protein_coding,OTULINL
ENSG00000145592,protein_coding,RPL37
ENSG00000145604,protein_coding,SKP2
ENSG00000145623,protein_coding,OSMR
ENSG00000145632,protein_coding,PLK2
ENSG00000145675,protein_coding,PIK3R1
ENSG00000145681,protein_coding,HAPLN1
ENSG00000145685,protein_coding,LHFPL2
ENSG00000145687,protein_coding,SSBP2
ENSG00000145692,protein_coding,BHMT
ENSG00000145700,protein_coding,ANKRD31
ENSG00000145703,protein_coding,IQGAP2
ENSG00000145708,protein_coding,CRHBP
ENSG00000145715,protein_coding,RASA1
ENSG00000145721,protein_coding,LIX1
ENSG00000145723,protein_coding,GIN1
ENSG00000145725,protein_coding,PPIP5K2
ENSG00000145730,protein_coding,PAM
ENSG00000145734,protein_coding,BDP1
ENSG00000145736,protein_coding,GTF2H2
ENSG00000145740,protein_coding,SLC30A5
ENSG00000145741,protein_coding,BTF3
ENSG00000145743,protein_coding,FBXL17
ENSG00000145757,protein_coding,SPATA9
ENSG00000145779,protein_coding,TNFAIP8
ENSG00000145780,protein_coding,FEM1C
ENSG00000145781,protein_coding,COMMD10
ENSG00000145782,protein_coding,ATG12
ENSG00000145794,protein_coding,MEGF10
ENSG00000145808,protein_coding,ADAMTS19
ENSG00000145817,protein_coding,YIPF5
ENSG00000145819,protein_coding,ARHGAP26
ENSG00000145824,protein_coding,CXCL14
ENSG00000145832,protein_coding,SLC25A48
ENSG00000145833,protein_coding,DDX46
ENSG00000145860,protein_coding,RNF145
ENSG00000145861,protein_coding,C1QTNF2
ENSG00000145863,protein_coding,GABRA6
ENSG00000145864,protein_coding,GABRB2
ENSG00000145868,protein_coding,FBXO38
ENSG00000145882,protein_coding,PCYOX1L
ENSG00000145888,protein_coding,GLRA1
ENSG00000145901,protein_coding,TNIP1
ENSG00000145907,protein_coding,G3BP1
ENSG00000145911,protein_coding,N4BP3
ENSG00000145912,protein_coding,NHP2
ENSG00000145916,protein_coding,RMND5B
ENSG00000145919,protein_coding,BOD1
ENSG00000145920,protein_coding,CPLX2
ENSG00000145934,protein_coding,TENM2
ENSG00000145936,protein_coding,KCNMB1
ENSG00000145945,protein_coding,FAM50B
ENSG00000145949,protein_coding,MYLK4
ENSG00000145975,protein_coding,FAM217A
ENSG00000145979,protein_coding,TBC1D7
ENSG00000145982,protein_coding,FARS2
ENSG00000145990,protein_coding,GFOD1
ENSG00000145996,protein_coding,CDKAL1
ENSG00000146005,protein_coding,PSD2
ENSG00000146006,protein_coding,LRRTM2
ENSG00000146007,protein_coding,ZMAT2
ENSG00000146021,protein_coding,KLHL3
ENSG00000146038,protein_coding,DCDC2
ENSG00000146054,protein_coding,TRIM7
ENSG00000146063,protein_coding,TRIM41
ENSG00000146067,protein_coding,FAM193B
ENSG00000146070,protein_coding,PLA2G7
ENSG00000146072,protein_coding,TNFRSF21
ENSG00000146083,protein_coding,RNF44
ENSG00000146085,protein_coding,MMUT
ENSG00000146090,protein_coding,RASGEF1C
ENSG00000146094,protein_coding,DOK3
ENSG00000146109,protein_coding,ABT1
ENSG00000146112,protein_coding,PPP1R18
ENSG00000146122,protein_coding,DAAM2
ENSG00000146143,protein_coding,PRIM2
ENSG00000146147,protein_coding,MLIP
ENSG00000146151,protein_coding,HMGCLL1
ENSG00000146192,protein_coding,FGD2
ENSG00000146197,protein_coding,SCUBE3
ENSG00000146215,protein_coding,CRIP3
ENSG00000146216,protein_coding,TTBK1
ENSG00000146221,protein_coding,TCTE1
ENSG00000146223,protein_coding,RPL7L1
ENSG00000146232,protein_coding,NFKBIE
ENSG00000146233,protein_coding,CYP39A1
ENSG00000146242,protein_coding,TPBG
ENSG00000146243,protein_coding,IRAK1BP1
ENSG00000146247,protein_coding,PHIP
ENSG00000146263,protein_coding,MMS22L
ENSG00000146267,protein_coding,FAXC
ENSG00000146276,protein_coding,GABRR1
ENSG00000146278,protein_coding,PNRC1
ENSG00000146281,protein_coding,PM20D2
ENSG00000146282,protein_coding,RARS2
ENSG00000146285,protein_coding,SCML4
ENSG00000146350,protein_coding,TBC1D32
ENSG00000146352,protein_coding,CLVS2
ENSG00000146360,protein_coding,GPR6
ENSG00000146373,protein_coding,RNF217
ENSG00000146374,protein_coding,RSPO3
ENSG00000146376,protein_coding,ARHGAP18
ENSG00000146386,protein_coding,ABRACL
ENSG00000146409,protein_coding,SLC18B1
ENSG00000146411,protein_coding,SLC2A12
ENSG00000146414,protein_coding,SHPRH
ENSG00000146416,protein_coding,AIG1
ENSG00000146425,protein_coding,DYNLT1
ENSG00000146426,protein_coding,TIAM2
ENSG00000146433,protein_coding,TMEM181
ENSG00000146453,protein_coding,PNLDC1
ENSG00000146457,protein_coding,WTAP
ENSG00000146463,protein_coding,ZMYM4
ENSG00000146469,protein_coding,VIP
ENSG00000146476,protein_coding,ARMT1
ENSG00000146477,protein_coding,SLC22A3
ENSG00000146530,protein_coding,VWDE
ENSG00000146535,protein_coding,GNA12
ENSG00000146540,protein_coding,C7orf50
ENSG00000146555,protein_coding,SDK1
ENSG00000146574,protein_coding,CCZ1B
ENSG00000146576,protein_coding,C7orf26
ENSG00000146592,protein_coding,CREB5
ENSG00000146648,protein_coding,EGFR
ENSG00000146670,protein_coding,CDCA5
ENSG00000146674,protein_coding,IGFBP3
ENSG00000146676,protein_coding,PURB
ENSG00000146700,protein_coding,SSC4D
ENSG00000146701,protein_coding,MDH2
ENSG00000146707,protein_coding,POMZP3
ENSG00000146729,protein_coding,NIPSNAP2
ENSG00000146731,protein_coding,CCT6A
ENSG00000146733,protein_coding,PSPH
ENSG00000146757,protein_coding,ZNF92
ENSG00000146776,protein_coding,ATXN7L1
ENSG00000146802,protein_coding,TMEM168
ENSG00000146826,protein_coding,MAP11
ENSG00000146828,protein_coding,SLC12A9
ENSG00000146830,protein_coding,GIGYF1
ENSG00000146833,protein_coding,TRIM4
ENSG00000146834,protein_coding,MEPCE
ENSG00000146842,protein_coding,TMEM209
ENSG00000146856,protein_coding,AGBL3
ENSG00000146859,protein_coding,TMEM140
ENSG00000146872,protein_coding,TLK2
ENSG00000146909,protein_coding,NOM1
ENSG00000146910,protein_coding,CNPY1
ENSG00000146918,protein_coding,NCAPG2
ENSG00000146938,protein_coding,NLGN4X
ENSG00000146950,protein_coding,SHROOM2
ENSG00000146963,protein_coding,LUC7L2
ENSG00000146966,protein_coding,DENND2A
ENSG00000147010,protein_coding,SH3KBP1
ENSG00000147027,protein_coding,TMEM47
ENSG00000147044,protein_coding,CASK
ENSG00000147050,protein_coding,KDM6A
ENSG00000147065,protein_coding,MSN
ENSG00000147099,protein_coding,HDAC8
ENSG00000147100,protein_coding,SLC16A2
ENSG00000147113,protein_coding,DIPK2B
ENSG00000147117,protein_coding,ZNF157
ENSG00000147118,protein_coding,ZNF182
ENSG00000147119,protein_coding,CHST7
ENSG00000147121,protein_coding,KRBOX4
ENSG00000147123,protein_coding,NDUFB11
ENSG00000147124,protein_coding,ZNF41
ENSG00000147130,protein_coding,ZMYM3
ENSG00000147133,protein_coding,TAF1
ENSG00000147140,protein_coding,NONO
ENSG00000147144,protein_coding,CCDC120
ENSG00000147145,protein_coding,LPAR4
ENSG00000147155,protein_coding,EBP
ENSG00000147162,protein_coding,OGT
ENSG00000147164,protein_coding,SNX12
ENSG00000147174,protein_coding,GCNA
ENSG00000147180,protein_coding,ZNF711
ENSG00000147202,protein_coding,DIAPH2
ENSG00000147224,protein_coding,PRPS1
ENSG00000147231,protein_coding,RADX
ENSG00000147234,protein_coding,FRMPD3
ENSG00000147246,protein_coding,HTR2C
ENSG00000147251,protein_coding,DOCK11
ENSG00000147255,protein_coding,IGSF1
ENSG00000147256,protein_coding,ARHGAP36
ENSG00000147257,protein_coding,GPC3
ENSG00000147274,protein_coding,RBMX
ENSG00000147316,protein_coding,MCPH1
ENSG00000147324,protein_coding,MFHAS1
ENSG00000147364,protein_coding,FBXO25
ENSG00000147378,protein_coding,FATE1
ENSG00000147383,protein_coding,NSDHL
ENSG00000147394,protein_coding,ZNF185
ENSG00000147400,protein_coding,CETN2
ENSG00000147403,protein_coding,RPL10
ENSG00000147408,protein_coding,CSGALNACT1
ENSG00000147416,protein_coding,ATP6V1B2
ENSG00000147419,protein_coding,CCDC25
ENSG00000147421,protein_coding,HMBOX1
ENSG00000147432,protein_coding,CHRNB3
ENSG00000147434,protein_coding,CHRNA6
ENSG00000147439,protein_coding,BIN3
ENSG00000147454,protein_coding,SLC25A37
ENSG00000147457,protein_coding,CHMP7
ENSG00000147459,protein_coding,DOCK5
ENSG00000147465,protein_coding,STAR
ENSG00000147471,protein_coding,PLPBP
ENSG00000147475,protein_coding,ERLIN2
ENSG00000147481,protein_coding,SNTG1
ENSG00000147485,protein_coding,PXDNL
ENSG00000147488,protein_coding,ST18
ENSG00000147509,protein_coding,RGS20
ENSG00000147526,protein_coding,TACC1
ENSG00000147533,protein_coding,GOLGA7
ENSG00000147535,protein_coding,PLPP5
ENSG00000147548,protein_coding,NSD3
ENSG00000147571,protein_coding,CRH
ENSG00000147573,protein_coding,TRIM55
ENSG00000147576,protein_coding,ADHFE1
ENSG00000147586,protein_coding,MRPS28
ENSG00000147588,protein_coding,PMP2
ENSG00000147592,protein_coding,LACTB2
ENSG00000147601,protein_coding,TERF1
ENSG00000147604,protein_coding,RPL7
ENSG00000147614,protein_coding,ATP6V0D2
ENSG00000147642,protein_coding,SYBU
ENSG00000147647,protein_coding,DPYS
ENSG00000147649,protein_coding,MTDH
ENSG00000147650,protein_coding,LRP12
ENSG00000147654,protein_coding,EBAG9
ENSG00000147655,protein_coding,RSPO2
ENSG00000147669,protein_coding,POLR2K
ENSG00000147676,protein_coding,MAL2
ENSG00000147677,protein_coding,EIF3H
ENSG00000147679,protein_coding,UTP23
ENSG00000147684,protein_coding,NDUFB9
ENSG00000147687,protein_coding,TATDN1
ENSG00000147689,protein_coding,FAM83A
ENSG00000147724,protein_coding,FAM135B
ENSG00000147789,protein_coding,ZNF7
ENSG00000147799,protein_coding,ARHGAP39
ENSG00000147804,protein_coding,SLC39A4
ENSG00000147813,protein_coding,NAPRT
ENSG00000147852,protein_coding,VLDLR
ENSG00000147853,protein_coding,AK3
ENSG00000147854,protein_coding,UHRF2
ENSG00000147862,protein_coding,NFIB
ENSG00000147872,protein_coding,PLIN2
ENSG00000147874,protein_coding,HAUS6
ENSG00000147883,protein_coding,CDKN2B
ENSG00000147889,protein_coding,CDKN2A
ENSG00000147894,protein_coding,C9orf72
ENSG00000147905,protein_coding,ZCCHC7
ENSG00000147912,protein_coding,FBXO10
ENSG00000147955,protein_coding,SIGMAR1
ENSG00000147996,protein_coding,CBWD5
ENSG00000148019,protein_coding,CEP78
ENSG00000148053,protein_coding,NTRK2
ENSG00000148057,protein_coding,IDNK
ENSG00000148082,protein_coding,SHC3
ENSG00000148090,protein_coding,AUH
ENSG00000148110,protein_coding,MFSD14B
ENSG00000148120,protein_coding,AOPEP
ENSG00000148123,protein_coding,PLPPR1
ENSG00000148143,protein_coding,ZNF462
ENSG00000148153,protein_coding,INIP
ENSG00000148154,protein_coding,UGCG
ENSG00000148158,protein_coding,SNX30
ENSG00000148175,protein_coding,STOM
ENSG00000148180,protein_coding,GSN
ENSG00000148187,protein_coding,MRRF
ENSG00000148200,protein_coding,NR6A1
ENSG00000148204,protein_coding,CRB2
ENSG00000148218,protein_coding,ALAD
ENSG00000148219,protein_coding,ASTN2
ENSG00000148225,protein_coding,WDR31
ENSG00000148229,protein_coding,POLE3
ENSG00000148248,protein_coding,SURF4
ENSG00000148290,protein_coding,SURF1
ENSG00000148291,protein_coding,SURF2
ENSG00000148296,protein_coding,SURF6
ENSG00000148297,protein_coding,MED22
ENSG00000148300,protein_coding,REXO4
ENSG00000148303,protein_coding,RPL7A
ENSG00000148308,protein_coding,GTF3C5
ENSG00000148331,protein_coding,ASB6
ENSG00000148334,protein_coding,PTGES2
ENSG00000148335,protein_coding,NTMT1
ENSG00000148337,protein_coding,CIZ1
ENSG00000148339,protein_coding,SLC25A25
ENSG00000148341,protein_coding,SH3GLB2
ENSG00000148343,protein_coding,MIGA2
ENSG00000148356,protein_coding,LRSAM1
ENSG00000148357,protein_coding,HMCN2
ENSG00000148358,protein_coding,GPR107
ENSG00000148362,protein_coding,PAXX
ENSG00000148384,protein_coding,INPP5E
ENSG00000148396,protein_coding,SEC16A
ENSG00000148399,protein_coding,DPH7
ENSG00000148400,protein_coding,NOTCH1
ENSG00000148408,protein_coding,CACNA1B
ENSG00000148411,protein_coding,NACC2
ENSG00000148426,protein_coding,PROSER2
ENSG00000148429,protein_coding,USP6NL
ENSG00000148450,protein_coding,MSRB2
ENSG00000148459,protein_coding,PDSS1
ENSG00000148468,protein_coding,FAM171A1
ENSG00000148481,protein_coding,MINDY3
ENSG00000148482,protein_coding,SLC39A12
ENSG00000148484,protein_coding,RSU1
ENSG00000148488,protein_coding,ST8SIA6
ENSG00000148498,protein_coding,PARD3
ENSG00000148513,protein_coding,ANKRD30A
ENSG00000148516,protein_coding,ZEB1
ENSG00000148541,protein_coding,FAM13C
ENSG00000148572,protein_coding,NRBF2
ENSG00000148600,protein_coding,CDHR1
ENSG00000148604,protein_coding,RGR
ENSG00000148606,protein_coding,POLR3A
ENSG00000148634,protein_coding,HERC4
ENSG00000148655,protein_coding,LRMDA
ENSG00000148660,protein_coding,CAMK2G
ENSG00000148671,protein_coding,ADIRF
ENSG00000148672,protein_coding,GLUD1
ENSG00000148680,protein_coding,HTR7
ENSG00000148688,protein_coding,RPP30
ENSG00000148690,protein_coding,FRA10AC1
ENSG00000148700,protein_coding,ADD3
ENSG00000148702,protein_coding,HABP2
ENSG00000148704,protein_coding,VAX1
ENSG00000148719,protein_coding,DNAJB12
ENSG00000148730,protein_coding,EIF4EBP2
ENSG00000148734,protein_coding,NPFFR1
ENSG00000148735,protein_coding,PLEKHS1
ENSG00000148737,protein_coding,TCF7L2
ENSG00000148773,protein_coding,MKI67
ENSG00000148798,protein_coding,INA
ENSG00000148814,protein_coding,LRRC27
ENSG00000148826,protein_coding,NKX6-2
ENSG00000148832,protein_coding,PAOX
ENSG00000148834,protein_coding,GSTO1
ENSG00000148835,protein_coding,TAF5
ENSG00000148840,protein_coding,PPRC1
ENSG00000148841,protein_coding,ITPRIP
ENSG00000148842,protein_coding,CNNM2
ENSG00000148843,protein_coding,PDCD11
ENSG00000148848,protein_coding,ADAM12
ENSG00000148908,protein_coding,RGS10
ENSG00000148925,protein_coding,BTBD10
ENSG00000148926,protein_coding,ADM
ENSG00000148935,protein_coding,GAS2
ENSG00000148943,protein_coding,LIN7C
ENSG00000148948,protein_coding,LRRC4C
ENSG00000148950,protein_coding,IMMP1L
ENSG00000148985,protein_coding,PGAP2
ENSG00000149050,protein_coding,ZNF214
ENSG00000149054,protein_coding,ZNF215
ENSG00000149084,protein_coding,HSD17B12
ENSG00000149089,protein_coding,APIP
ENSG00000149090,protein_coding,PAMR1
ENSG00000149091,protein_coding,DGKZ
ENSG00000149100,protein_coding,EIF3M
ENSG00000149115,protein_coding,TNKS1BP1
ENSG00000149124,protein_coding,GLYAT
ENSG00000149131,protein_coding,SERPING1
ENSG00000149136,protein_coding,SSRP1
ENSG00000149150,protein_coding,SLC43A1
ENSG00000149177,protein_coding,PTPRJ
ENSG00000149179,protein_coding,C11orf49
ENSG00000149182,protein_coding,ARFGAP2
ENSG00000149187,protein_coding,CELF1
ENSG00000149196,protein_coding,HIKESHI
ENSG00000149201,protein_coding,CCDC81
ENSG00000149212,protein_coding,SESN3
ENSG00000149218,protein_coding,ENDOD1
ENSG00000149231,protein_coding,CCDC82
ENSG00000149243,protein_coding,KLHL35
ENSG00000149256,protein_coding,TENM4
ENSG00000149257,protein_coding,SERPINH1
ENSG00000149260,protein_coding,CAPN5
ENSG00000149262,protein_coding,INTS4
ENSG00000149269,protein_coding,PAK1
ENSG00000149289,protein_coding,ZC3H12C
ENSG00000149292,protein_coding,TTC12
ENSG00000149294,protein_coding,NCAM1
ENSG00000149295,protein_coding,DRD2
ENSG00000149305,protein_coding,HTR3B
ENSG00000149308,protein_coding,NPAT
ENSG00000149311,protein_coding,ATM
ENSG00000149313,protein_coding,AASDHPPT
ENSG00000149346,protein_coding,SLX4IP
ENSG00000149357,protein_coding,LAMTOR1
ENSG00000149380,protein_coding,P4HA3
ENSG00000149403,protein_coding,GRIK4
ENSG00000149418,protein_coding,ST14
ENSG00000149428,protein_coding,HYOU1
ENSG00000149451,protein_coding,ADAM33
ENSG00000149452,protein_coding,SLC22A8
ENSG00000149474,protein_coding,KAT14
ENSG00000149476,protein_coding,TKFC
ENSG00000149480,protein_coding,MTA2
ENSG00000149483,protein_coding,TMEM138
ENSG00000149485,protein_coding,FADS1
ENSG00000149488,protein_coding,TMC2
ENSG00000149499,protein_coding,EML3
ENSG00000149503,protein_coding,INCENP
ENSG00000149527,protein_coding,PLCH2
ENSG00000149531,unprocessed_pseudogene,FRG1BP
ENSG00000149532,protein_coding,CPSF7
ENSG00000149541,protein_coding,B3GAT3
ENSG00000149547,protein_coding,EI24
ENSG00000149548,protein_coding,CCDC15
ENSG00000149554,protein_coding,CHEK1
ENSG00000149557,protein_coding,FEZ1
ENSG00000149571,protein_coding,KIRREL3
ENSG00000149575,protein_coding,SCN2B
ENSG00000149577,protein_coding,SIDT2
ENSG00000149582,protein_coding,TMEM25
ENSG00000149591,protein_coding,TAGLN
ENSG00000149599,protein_coding,DUSP15
ENSG00000149600,protein_coding,COMMD7
ENSG00000149633,protein_coding,KIAA1755
ENSG00000149636,protein_coding,DSN1
ENSG00000149639,protein_coding,SOGA1
ENSG00000149654,protein_coding,CDH22
ENSG00000149657,protein_coding,LSM14B
ENSG00000149658,protein_coding,YTHDF1
ENSG00000149679,protein_coding,CABLES2
ENSG00000149716,protein_coding,LTO1
ENSG00000149742,protein_coding,SLC22A9
ENSG00000149743,protein_coding,TRPT1
ENSG00000149761,protein_coding,NUDT22
ENSG00000149781,protein_coding,FERMT3
ENSG00000149782,protein_coding,PLCB3
ENSG00000149792,protein_coding,MRPL49
ENSG00000149798,protein_coding,CDC42EP2
ENSG00000149806,protein_coding,FAU
ENSG00000149809,protein_coding,TM7SF2
ENSG00000149823,protein_coding,VPS51
ENSG00000149922,protein_coding,TBX6
ENSG00000149923,protein_coding,PPP4C
ENSG00000149925,protein_coding,ALDOA
ENSG00000149926,protein_coding,TLCD3B
ENSG00000149927,protein_coding,DOC2A
ENSG00000149929,protein_coding,HIRIP3
ENSG00000149930,protein_coding,TAOK2
ENSG00000149932,protein_coding,TMEM219
ENSG00000149948,protein_coding,HMGA2
ENSG00000149970,protein_coding,CNKSR2
ENSG00000149972,protein_coding,CNTN5
ENSG00000150051,protein_coding,MKX
ENSG00000150054,protein_coding,MPP7
ENSG00000150093,protein_coding,ITGB1
ENSG00000150275,protein_coding,PCDH15
ENSG00000150281,protein_coding,CTF1
ENSG00000150316,protein_coding,CWC15
ENSG00000150337,protein_coding,FCGR1A
ENSG00000150347,protein_coding,ARID5B
ENSG00000150361,protein_coding,KLHL1
ENSG00000150394,protein_coding,CDH8
ENSG00000150401,protein_coding,DCUN1D2
ENSG00000150403,protein_coding,TMCO3
ENSG00000150433,protein_coding,TMEM218
ENSG00000150455,protein_coding,TIRAP
ENSG00000150456,protein_coding,EEF1AKMT1
ENSG00000150457,protein_coding,LATS2
ENSG00000150459,protein_coding,SAP18
ENSG00000150471,protein_coding,ADGRL3
ENSG00000150477,protein_coding,KIAA1328
ENSG00000150510,protein_coding,FAM124A
ENSG00000150527,protein_coding,MIA2
ENSG00000150540,protein_coding,HNMT
ENSG00000150551,protein_coding,LYPD1
ENSG00000150556,protein_coding,LYPD6B
ENSG00000150593,protein_coding,PDCD4
ENSG00000150594,protein_coding,ADRA2A
ENSG00000150625,protein_coding,GPM6A
ENSG00000150627,protein_coding,WDR17
ENSG00000150628,protein_coding,SPATA4
ENSG00000150630,protein_coding,VEGFC
ENSG00000150636,protein_coding,CCDC102B
ENSG00000150637,protein_coding,CD226
ENSG00000150656,protein_coding,CNDP1
ENSG00000150667,protein_coding,FSIP1
ENSG00000150672,protein_coding,DLG2
ENSG00000150687,protein_coding,PRSS23
ENSG00000150712,protein_coding,MTMR12
ENSG00000150722,protein_coding,PPP1R1C
ENSG00000150753,protein_coding,CCT5
ENSG00000150756,protein_coding,ATPSCKMT
ENSG00000150760,protein_coding,DOCK1
ENSG00000150764,protein_coding,DIXDC1
ENSG00000150768,protein_coding,DLAT
ENSG00000150776,protein_coding,NKAPD1
ENSG00000150779,protein_coding,TIMM8B
ENSG00000150782,protein_coding,IL18
ENSG00000150787,protein_coding,PTS
ENSG00000150867,protein_coding,PIP4K2A
ENSG00000150873,protein_coding,C2orf50
ENSG00000150893,protein_coding,FREM2
ENSG00000150907,protein_coding,FOXO1
ENSG00000150938,protein_coding,CRIM1
ENSG00000150961,protein_coding,SEC24D
ENSG00000150967,protein_coding,ABCB9
ENSG00000150977,protein_coding,RILPL2
ENSG00000150990,protein_coding,DHX37
ENSG00000150991,protein_coding,UBC
ENSG00000150995,protein_coding,ITPR1
ENSG00000151012,protein_coding,SLC7A11
ENSG00000151014,protein_coding,NOCT
ENSG00000151023,protein_coding,ENKUR
ENSG00000151025,protein_coding,GPR158
ENSG00000151065,protein_coding,DCP1B
ENSG00000151067,protein_coding,CACNA1C
ENSG00000151090,protein_coding,THRB
ENSG00000151092,protein_coding,NGLY1
ENSG00000151093,protein_coding,OXSM
ENSG00000151116,protein_coding,UEVLD
ENSG00000151131,protein_coding,C12orf45
ENSG00000151135,protein_coding,TMEM263
ENSG00000151136,protein_coding,BTBD11
ENSG00000151148,protein_coding,UBE3B
ENSG00000151150,protein_coding,ANK3
ENSG00000151151,protein_coding,IPMK
ENSG00000151164,protein_coding,RAD9B
ENSG00000151176,protein_coding,PLBD2
ENSG00000151208,protein_coding,DLG5
ENSG00000151229,protein_coding,SLC2A13
ENSG00000151233,protein_coding,GXYLT1
ENSG00000151239,protein_coding,TWF1
ENSG00000151240,protein_coding,DIP2C
ENSG00000151247,protein_coding,EIF4E
ENSG00000151276,protein_coding,MAGI1
ENSG00000151287,protein_coding,TEX30
ENSG00000151292,protein_coding,CSNK1G3
ENSG00000151304,protein_coding,SRFBP1
ENSG00000151320,protein_coding,AKAP6
ENSG00000151322,protein_coding,NPAS3
ENSG00000151327,protein_coding,FAM177A1
ENSG00000151332,protein_coding,MBIP
ENSG00000151338,protein_coding,MIPOL1
ENSG00000151348,protein_coding,EXT2
ENSG00000151353,protein_coding,TMEM18
ENSG00000151360,protein_coding,ALLC
ENSG00000151376,protein_coding,ME3
ENSG00000151388,protein_coding,ADAMTS12
ENSG00000151413,protein_coding,NUBPL
ENSG00000151414,protein_coding,NEK7
ENSG00000151422,protein_coding,FER
ENSG00000151445,protein_coding,VIPAS39
ENSG00000151458,protein_coding,ANKRD50
ENSG00000151461,protein_coding,UPF2
ENSG00000151465,protein_coding,CDC123
ENSG00000151466,protein_coding,SCLT1
ENSG00000151468,protein_coding,CCDC3
ENSG00000151470,protein_coding,C4orf33
ENSG00000151474,protein_coding,FRMD4A
ENSG00000151475,protein_coding,SLC25A31
ENSG00000151490,protein_coding,PTPRO
ENSG00000151491,protein_coding,EPS8
ENSG00000151498,protein_coding,ACAD8
ENSG00000151500,protein_coding,THYN1
ENSG00000151502,protein_coding,VPS26B
ENSG00000151503,protein_coding,NCAPD3
ENSG00000151532,protein_coding,VTI1A
ENSG00000151552,protein_coding,QDPR
ENSG00000151553,protein_coding,FAM160B1
ENSG00000151572,protein_coding,ANO4
ENSG00000151575,protein_coding,TEX9
ENSG00000151576,protein_coding,QTRT2
ENSG00000151577,protein_coding,DRD3
ENSG00000151611,protein_coding,MMAA
ENSG00000151612,protein_coding,ZNF827
ENSG00000151617,protein_coding,EDNRA
ENSG00000151623,protein_coding,NR3C2
ENSG00000151632,protein_coding,AKR1C2
ENSG00000151640,protein_coding,DPYSL4
ENSG00000151651,protein_coding,ADAM8
ENSG00000151655,protein_coding,ITIH2
ENSG00000151657,protein_coding,KIN
ENSG00000151665,protein_coding,PIGF
ENSG00000151687,protein_coding,ANKAR
ENSG00000151689,protein_coding,INPP1
ENSG00000151690,protein_coding,MFSD6
ENSG00000151692,protein_coding,RNF144A
ENSG00000151693,protein_coding,ASAP2
ENSG00000151694,protein_coding,ADAM17
ENSG00000151702,protein_coding,FLI1
ENSG00000151704,protein_coding,KCNJ1
ENSG00000151715,protein_coding,TMEM45B
ENSG00000151718,protein_coding,WWC2
ENSG00000151726,protein_coding,ACSL1
ENSG00000151729,protein_coding,SLC25A4
ENSG00000151743,protein_coding,AMN1
ENSG00000151746,protein_coding,BICD1
ENSG00000151748,protein_coding,SAV1
ENSG00000151773,protein_coding,CCDC122
ENSG00000151778,protein_coding,SERP2
ENSG00000151779,protein_coding,NBAS
ENSG00000151789,protein_coding,ZNF385D
ENSG00000151790,protein_coding,TDO2
ENSG00000151806,protein_coding,GUF1
ENSG00000151812,protein_coding,SLC35F4
ENSG00000151834,protein_coding,GABRA2
ENSG00000151835,protein_coding,SACS
ENSG00000151838,protein_coding,CCDC175
ENSG00000151846,protein_coding,PABPC3
ENSG00000151849,protein_coding,CENPJ
ENSG00000151876,protein_coding,FBXO4
ENSG00000151881,protein_coding,TMEM267
ENSG00000151882,protein_coding,CCL28
ENSG00000151883,protein_coding,PARP8
ENSG00000151892,protein_coding,GFRA1
ENSG00000151893,protein_coding,CACUL1
ENSG00000151914,protein_coding,DST
ENSG00000151917,protein_coding,BEND6
ENSG00000151923,protein_coding,TIAL1
ENSG00000151929,protein_coding,BAG3
ENSG00000151948,protein_coding,GLT1D1
ENSG00000151952,protein_coding,TMEM132D
ENSG00000152034,protein_coding,MCHR2
ENSG00000152049,protein_coding,KCNE4
ENSG00000152056,protein_coding,AP1S3
ENSG00000152061,protein_coding,RABGAP1L
ENSG00000152076,protein_coding,CCDC74B
ENSG00000152082,protein_coding,MZT2B
ENSG00000152092,protein_coding,ASTN1
ENSG00000152102,protein_coding,FAM168B
ENSG00000152104,protein_coding,PTPN14
ENSG00000152127,protein_coding,MGAT5
ENSG00000152128,protein_coding,TMEM163
ENSG00000152133,protein_coding,GPATCH11
ENSG00000152137,protein_coding,HSPB8
ENSG00000152147,protein_coding,GEMIN6
ENSG00000152154,protein_coding,TMEM178A
ENSG00000152193,protein_coding,OBI1
ENSG00000152208,protein_coding,GRID2
ENSG00000152214,protein_coding,RIT2
ENSG00000152217,protein_coding,SETBP1
ENSG00000152219,protein_coding,ARL14EP
ENSG00000152223,protein_coding,EPG5
ENSG00000152229,protein_coding,PSTPIP2
ENSG00000152234,protein_coding,ATP5F1A
ENSG00000152240,protein_coding,HAUS1
ENSG00000152242,protein_coding,C18orf25
ENSG00000152253,protein_coding,SPC25
ENSG00000152256,protein_coding,PDK1
ENSG00000152270,protein_coding,PDE3B
ENSG00000152284,protein_coding,TCF7L1
ENSG00000152291,protein_coding,TGOLN2
ENSG00000152292,protein_coding,SH2D6
ENSG00000152315,protein_coding,KCNK13
ENSG00000152332,protein_coding,UHMK1
ENSG00000152348,protein_coding,ATG10
ENSG00000152359,protein_coding,POC5
ENSG00000152377,protein_coding,SPOCK1
ENSG00000152380,protein_coding,FAM151B
ENSG00000152382,protein_coding,TADA1
ENSG00000152402,protein_coding,GUCY1A2
ENSG00000152404,protein_coding,CWF19L2
ENSG00000152409,protein_coding,JMY
ENSG00000152413,protein_coding,HOMER1
ENSG00000152422,protein_coding,XRCC4
ENSG00000152439,protein_coding,ZNF773
ENSG00000152443,protein_coding,ZNF776
ENSG00000152454,protein_coding,ZNF256
ENSG00000152455,protein_coding,SUV39H2
ENSG00000152457,protein_coding,DCLRE1C
ENSG00000152464,protein_coding,RPP38
ENSG00000152465,protein_coding,NMT2
ENSG00000152467,protein_coding,ZSCAN1
ENSG00000152484,protein_coding,USP12
ENSG00000152492,protein_coding,CCDC50
ENSG00000152495,protein_coding,CAMK4
ENSG00000152503,protein_coding,TRIM36
ENSG00000152520,protein_coding,PAN3
ENSG00000152527,protein_coding,PLEKHH2
ENSG00000152556,protein_coding,PFKM
ENSG00000152558,protein_coding,TMEM123
ENSG00000152578,protein_coding,GRIA4
ENSG00000152580,protein_coding,IGSF10
ENSG00000152582,protein_coding,SPEF2
ENSG00000152583,protein_coding,SPARCL1
ENSG00000152595,protein_coding,MEPE
ENSG00000152601,protein_coding,MBNL1
ENSG00000152620,protein_coding,NADK2
ENSG00000152642,protein_coding,GPD1L
ENSG00000152661,protein_coding,GJA1
ENSG00000152669,protein_coding,CCNO
ENSG00000152670,protein_coding,DDX4
ENSG00000152683,protein_coding,SLC30A6
ENSG00000152689,protein_coding,RASGRP3
ENSG00000152700,protein_coding,SAR1B
ENSG00000152749,protein_coding,GPR180
ENSG00000152760,protein_coding,TCTEX1D1
ENSG00000152763,protein_coding,WDR78
ENSG00000152767,protein_coding,FARP1
ENSG00000152778,protein_coding,IFIT5
ENSG00000152779,protein_coding,SLC16A12
ENSG00000152782,protein_coding,PANK1
ENSG00000152784,protein_coding,PRDM8
ENSG00000152785,protein_coding,BMP3
ENSG00000152795,protein_coding,HNRNPDL
ENSG00000152818,protein_coding,UTRN
ENSG00000152822,protein_coding,GRM1
ENSG00000152894,protein_coding,PTPRK
ENSG00000152904,protein_coding,GGPS1
ENSG00000152910,protein_coding,CNTNAP4
ENSG00000152926,protein_coding,ZNF117
ENSG00000152931,lncRNA,PART1
ENSG00000152932,protein_coding,RAB3C
ENSG00000152936,protein_coding,LMNTD1
ENSG00000152939,protein_coding,MARVELD2
ENSG00000152942,protein_coding,RAD17
ENSG00000152944,protein_coding,MED21
ENSG00000152952,protein_coding,PLOD2
ENSG00000152953,protein_coding,STK32B
ENSG00000152954,protein_coding,NRSN1
ENSG00000152969,protein_coding,JAKMIP1
ENSG00000152977,protein_coding,ZIC1
ENSG00000152990,protein_coding,ADGRA3
ENSG00000153002,protein_coding,CPB1
ENSG00000153006,protein_coding,SREK1IP1
ENSG00000153012,protein_coding,LGI2
ENSG00000153015,protein_coding,CWC27
ENSG00000153029,protein_coding,MR1
ENSG00000153044,protein_coding,CENPH
ENSG00000153046,protein_coding,CDYL
ENSG00000153048,protein_coding,CARHSP1
ENSG00000153060,protein_coding,TEKT5
ENSG00000153064,protein_coding,BANK1
ENSG00000153066,protein_coding,TXNDC11
ENSG00000153086,protein_coding,ACMSD
ENSG00000153093,protein_coding,ACOXL
ENSG00000153094,protein_coding,BCL2L11
ENSG00000153107,protein_coding,ANAPC1
ENSG00000153113,protein_coding,CAST
ENSG00000153130,protein_coding,SCOC
ENSG00000153132,protein_coding,CLGN
ENSG00000153140,protein_coding,CETN3
ENSG00000153147,protein_coding,SMARCA5
ENSG00000153157,protein_coding,SYCP2L
ENSG00000153162,protein_coding,BMP6
ENSG00000153179,protein_coding,RASSF3
ENSG00000153187,protein_coding,HNRNPU
ENSG00000153201,protein_coding,RANBP2
ENSG00000153207,protein_coding,AHCTF1
ENSG00000153208,protein_coding,MERTK
ENSG00000153214,protein_coding,TMEM87B
ENSG00000153233,protein_coding,PTPRR
ENSG00000153234,protein_coding,NR4A2
ENSG00000153237,protein_coding,CCDC148
ENSG00000153246,protein_coding,PLA2R1
ENSG00000153250,protein_coding,RBMS1
ENSG00000153253,protein_coding,SCN3A
ENSG00000153266,protein_coding,FEZF2
ENSG00000153283,protein_coding,CD96
ENSG00000153291,protein_coding,SLC25A27
ENSG00000153310,protein_coding,FAM49B
ENSG00000153317,protein_coding,ASAP1
ENSG00000153339,protein_coding,TRAPPC8
ENSG00000153395,protein_coding,LPCAT1
ENSG00000153406,protein_coding,NMRAL1
ENSG00000153443,protein_coding,UBALD1
ENSG00000153446,protein_coding,C16orf89
ENSG00000153487,protein_coding,ING1
ENSG00000153495,protein_coding,TEX29
ENSG00000153531,protein_coding,ADPRHL1
ENSG00000153551,protein_coding,CMTM7
ENSG00000153558,protein_coding,FBXL2
ENSG00000153560,protein_coding,UBP1
ENSG00000153561,protein_coding,RMND5A
ENSG00000153563,protein_coding,CD8A
ENSG00000153574,protein_coding,RPIA
ENSG00000153707,protein_coding,PTPRD
ENSG00000153714,protein_coding,LURAP1L
ENSG00000153721,protein_coding,CNKSR3
ENSG00000153767,protein_coding,GTF2E1
ENSG00000153774,protein_coding,CFDP1
ENSG00000153786,protein_coding,ZDHHC7
ENSG00000153790,protein_coding,C7orf31
ENSG00000153814,protein_coding,JAZF1
ENSG00000153815,protein_coding,CMIP
ENSG00000153820,protein_coding,SPHKAP
ENSG00000153822,protein_coding,KCNJ16
ENSG00000153823,protein_coding,PID1
ENSG00000153827,protein_coding,TRIP12
ENSG00000153832,protein_coding,FBXO36
ENSG00000153879,protein_coding,CEBPG
ENSG00000153885,protein_coding,KCTD15
ENSG00000153898,protein_coding,MCOLN2
ENSG00000153902,protein_coding,LGI4
ENSG00000153904,protein_coding,DDAH1
ENSG00000153914,protein_coding,SREK1
ENSG00000153922,protein_coding,CHD1
ENSG00000153930,protein_coding,ANKFN1
ENSG00000153933,protein_coding,DGKE
ENSG00000153936,protein_coding,HS2ST1
ENSG00000153944,protein_coding,MSI2
ENSG00000153956,protein_coding,CACNA2D1
ENSG00000153975,protein_coding,ZUP1
ENSG00000153976,protein_coding,HS3ST3A1
ENSG00000153982,protein_coding,GDPD1
ENSG00000153989,protein_coding,NUS1
ENSG00000153993,protein_coding,SEMA3D
ENSG00000154001,protein_coding,PPP2R5E
ENSG00000154007,protein_coding,ASB17
ENSG00000154027,protein_coding,AK5
ENSG00000154040,protein_coding,CABYR
ENSG00000154059,protein_coding,IMPACT
ENSG00000154065,protein_coding,ANKRD29
ENSG00000154079,protein_coding,SDHAF4
ENSG00000154080,protein_coding,CHST9
ENSG00000154096,protein_coding,THY1
ENSG00000154099,protein_coding,DNAAF1
ENSG00000154102,protein_coding,C16orf74
ENSG00000154114,protein_coding,TBCEL
ENSG00000154118,protein_coding,JPH3
ENSG00000154122,protein_coding,ANKH
ENSG00000154124,protein_coding,OTULIN
ENSG00000154127,protein_coding,UBASH3B
ENSG00000154134,protein_coding,ROBO3
ENSG00000154144,protein_coding,TBRG1
ENSG00000154146,protein_coding,NRGN
ENSG00000154153,protein_coding,RETREG1
ENSG00000154162,protein_coding,CDH12
ENSG00000154174,protein_coding,TOMM70
ENSG00000154175,protein_coding,ABI3BP
ENSG00000154188,protein_coding,ANGPT1
ENSG00000154217,protein_coding,PITPNC1
ENSG00000154222,protein_coding,CC2D1B
ENSG00000154227,protein_coding,CERS3
ENSG00000154229,protein_coding,PRKCA
ENSG00000154237,protein_coding,LRRK1
ENSG00000154240,protein_coding,CEP112
ENSG00000154258,protein_coding,ABCA9
ENSG00000154262,protein_coding,ABCA6
ENSG00000154263,protein_coding,ABCA10
ENSG00000154265,protein_coding,ABCA5
ENSG00000154269,protein_coding,ENPP3
ENSG00000154274,protein_coding,C4orf19
ENSG00000154277,protein_coding,UCHL1
ENSG00000154305,protein_coding,MIA3
ENSG00000154309,protein_coding,DISP1
ENSG00000154310,protein_coding,TNIK
ENSG00000154319,protein_coding,FAM167A
ENSG00000154328,protein_coding,NEIL2
ENSG00000154330,protein_coding,PGM5
ENSG00000154358,protein_coding,OBSCN
ENSG00000154359,protein_coding,LONRF1
ENSG00000154370,protein_coding,TRIM11
ENSG00000154380,protein_coding,ENAH
ENSG00000154429,protein_coding,CCSAP
ENSG00000154438,protein_coding,ASZ1
ENSG00000154447,protein_coding,SH3RF1
ENSG00000154473,protein_coding,BUB3
ENSG00000154478,protein_coding,GPR26
ENSG00000154479,protein_coding,CCDC173
ENSG00000154493,protein_coding,C10orf90
ENSG00000154511,protein_coding,DIPK1A
ENSG00000154518,protein_coding,ATP5MC3
ENSG00000154529,protein_coding,CNTNAP3B
ENSG00000154548,protein_coding,SRSF12
ENSG00000154553,protein_coding,PDLIM3
ENSG00000154556,protein_coding,SORBS2
ENSG00000154582,protein_coding,ELOC
ENSG00000154589,protein_coding,LY96
ENSG00000154620,protein_coding,TMSB4Y
ENSG00000154639,protein_coding,CXADR
ENSG00000154640,protein_coding,BTG3
ENSG00000154642,protein_coding,C21orf91
ENSG00000154645,protein_coding,CHODL
ENSG00000154646,protein_coding,TMPRSS15
ENSG00000154654,protein_coding,NCAM2
ENSG00000154655,protein_coding,L3MBTL4
ENSG00000154678,protein_coding,PDE1C
ENSG00000154719,protein_coding,MRPL39
ENSG00000154721,protein_coding,JAM2
ENSG00000154723,protein_coding,ATP5PF
ENSG00000154727,protein_coding,GABPA
ENSG00000154734,protein_coding,ADAMTS1
ENSG00000154736,protein_coding,ADAMTS5
ENSG00000154743,protein_coding,TSEN2
ENSG00000154764,protein_coding,WNT7A
ENSG00000154767,protein_coding,XPC
ENSG00000154781,protein_coding,CCDC174
ENSG00000154783,protein_coding,FGD5
ENSG00000154813,protein_coding,DPH3
ENSG00000154814,protein_coding,OXNAD1
ENSG00000154822,protein_coding,PLCL2
ENSG00000154832,protein_coding,CXXC1
ENSG00000154845,protein_coding,PPP4R1
ENSG00000154856,protein_coding,APCDD1
ENSG00000154864,protein_coding,PIEZO2
ENSG00000154889,protein_coding,MPPE1
ENSG00000154914,protein_coding,USP43
ENSG00000154917,protein_coding,RAB6B
ENSG00000154928,protein_coding,EPHB1
ENSG00000154930,protein_coding,ACSS1
ENSG00000154945,protein_coding,ANKRD40
ENSG00000154957,protein_coding,ZNF18
ENSG00000154975,protein_coding,CA10
ENSG00000154978,protein_coding,VOPP1
ENSG00000154997,protein_coding,SEPTIN14
ENSG00000155008,protein_coding,APOOL
ENSG00000155011,protein_coding,DKK2
ENSG00000155016,protein_coding,CYP2U1
ENSG00000155026,protein_coding,RSPH10B
ENSG00000155034,protein_coding,FBXL18
ENSG00000155052,protein_coding,CNTNAP5
ENSG00000155085,protein_coding,AK9
ENSG00000155090,protein_coding,KLF10
ENSG00000155093,protein_coding,PTPRN2
ENSG00000155096,protein_coding,AZIN1
ENSG00000155097,protein_coding,ATP6V1C1
ENSG00000155099,protein_coding,PIP4P2
ENSG00000155100,protein_coding,OTUD6B
ENSG00000155111,protein_coding,CDK19
ENSG00000155115,protein_coding,GTF3C6
ENSG00000155158,protein_coding,TTC39B
ENSG00000155189,protein_coding,AGPAT5
ENSG00000155229,protein_coding,MMS19
ENSG00000155252,protein_coding,PI4K2A
ENSG00000155256,protein_coding,ZFYVE27
ENSG00000155265,protein_coding,GOLGA7B
ENSG00000155275,protein_coding,TRMT44
ENSG00000155287,protein_coding,SLC25A28
ENSG00000155304,protein_coding,HSPA13
ENSG00000155307,protein_coding,SAMSN1
ENSG00000155313,protein_coding,USP25
ENSG00000155324,protein_coding,GRAMD2B
ENSG00000155329,protein_coding,ZCCHC10
ENSG00000155330,protein_coding,C16orf87
ENSG00000155363,protein_coding,MOV10
ENSG00000155366,protein_coding,RHOC
ENSG00000155368,protein_coding,DBI
ENSG00000155380,protein_coding,SLC16A1
ENSG00000155393,protein_coding,HEATR3
ENSG00000155438,protein_coding,NIFK
ENSG00000155463,protein_coding,OXA1L
ENSG00000155465,protein_coding,SLC7A7
ENSG00000155506,protein_coding,LARP1
ENSG00000155508,protein_coding,CNOT8
ENSG00000155511,protein_coding,GRIA1
ENSG00000155530,protein_coding,LRGUK
ENSG00000155545,protein_coding,MIER3
ENSG00000155561,protein_coding,NUP205
ENSG00000155592,protein_coding,ZKSCAN2
ENSG00000155621,protein_coding,C9orf85
ENSG00000155629,protein_coding,PIK3AP1
ENSG00000155636,protein_coding,RBM45
ENSG00000155657,protein_coding,TTN
ENSG00000155659,protein_coding,VSIG4
ENSG00000155660,protein_coding,PDIA4
ENSG00000155666,protein_coding,KDM8
ENSG00000155714,protein_coding,PDZD9
ENSG00000155719,protein_coding,OTOA
ENSG00000155729,protein_coding,KCTD18
ENSG00000155744,protein_coding,FAM126B
ENSG00000155749,protein_coding,FLACC1
ENSG00000155754,protein_coding,C2CD6
ENSG00000155755,protein_coding,TMEM237
ENSG00000155760,protein_coding,FZD7
ENSG00000155761,protein_coding,SPAG17
ENSG00000155792,protein_coding,DEPTOR
ENSG00000155816,protein_coding,FMN2
ENSG00000155827,protein_coding,RNF20
ENSG00000155846,protein_coding,PPARGC1B
ENSG00000155849,protein_coding,ELMO1
ENSG00000155850,protein_coding,SLC26A2
ENSG00000155858,protein_coding,LSM11
ENSG00000155875,protein_coding,SAXO1
ENSG00000155876,protein_coding,RRAGA
ENSG00000155886,protein_coding,SLC24A2
ENSG00000155893,protein_coding,PXYLP1
ENSG00000155897,protein_coding,ADCY8
ENSG00000155903,protein_coding,RASA2
ENSG00000155906,protein_coding,RMND1
ENSG00000155926,protein_coding,SLA
ENSG00000155959,protein_coding,VBP1
ENSG00000155961,protein_coding,RAB39B
ENSG00000155962,protein_coding,CLIC2
ENSG00000155966,protein_coding,AFF2
ENSG00000155970,protein_coding,MICU3
ENSG00000155974,protein_coding,GRIP1
ENSG00000155975,protein_coding,VPS37A
ENSG00000155980,protein_coding,KIF5A
ENSG00000156011,protein_coding,PSD3
ENSG00000156017,protein_coding,CARNMT1
ENSG00000156026,protein_coding,MCU
ENSG00000156030,protein_coding,ELMSAN1
ENSG00000156042,protein_coding,CFAP70
ENSG00000156049,protein_coding,GNA14
ENSG00000156050,protein_coding,FAM161B
ENSG00000156052,protein_coding,GNAQ
ENSG00000156076,protein_coding,WIF1
ENSG00000156097,protein_coding,GPR61
ENSG00000156103,protein_coding,MMP16
ENSG00000156110,protein_coding,ADK
ENSG00000156113,protein_coding,KCNMA1
ENSG00000156136,protein_coding,DCK
ENSG00000156140,protein_coding,ADAMTS3
ENSG00000156162,protein_coding,DPY19L4
ENSG00000156170,protein_coding,NDUFAF6
ENSG00000156171,protein_coding,DRAM2
ENSG00000156172,protein_coding,C8orf37
ENSG00000156194,protein_coding,PPEF2
ENSG00000156206,protein_coding,CFAP161
ENSG00000156218,protein_coding,ADAMTSL3
ENSG00000156219,protein_coding,ART3
ENSG00000156232,protein_coding,WHAMM
ENSG00000156234,protein_coding,CXCL13
ENSG00000156239,protein_coding,N6AMT1
ENSG00000156253,protein_coding,RWDD2B
ENSG00000156256,protein_coding,USP16
ENSG00000156261,protein_coding,CCT8
ENSG00000156265,protein_coding,MAP3K7CL
ENSG00000156273,protein_coding,BACH1
ENSG00000156298,protein_coding,TSPAN7
ENSG00000156299,protein_coding,TIAM1
ENSG00000156304,protein_coding,SCAF4
ENSG00000156313,protein_coding,RPGR
ENSG00000156345,protein_coding,CDK20
ENSG00000156374,protein_coding,PCGF6
ENSG00000156381,protein_coding,ANKRD9
ENSG00000156384,protein_coding,SFR1
ENSG00000156395,protein_coding,SORCS3
ENSG00000156398,protein_coding,SFXN2
ENSG00000156411,protein_coding,ATP5MPL
ENSG00000156414,protein_coding,TDRD9
ENSG00000156427,protein_coding,FGF18
ENSG00000156453,protein_coding,PCDH1
ENSG00000156463,protein_coding,SH3RF2
ENSG00000156467,protein_coding,UQCRB
ENSG00000156469,protein_coding,MTERF3
ENSG00000156471,protein_coding,PTDSS1
ENSG00000156475,protein_coding,PPP2R2B
ENSG00000156482,protein_coding,RPL30
ENSG00000156486,protein_coding,KCNS2
ENSG00000156500,protein_coding,FAM122C
ENSG00000156502,protein_coding,SUPV3L1
ENSG00000156504,protein_coding,FAM122B
ENSG00000156508,protein_coding,EEF1A1
ENSG00000156510,protein_coding,HKDC1
ENSG00000156515,protein_coding,HK1
ENSG00000156521,protein_coding,TYSND1
ENSG00000156531,protein_coding,PHF6
ENSG00000156535,protein_coding,CD109
ENSG00000156564,protein_coding,LRFN2
ENSG00000156587,protein_coding,UBE2L6
ENSG00000156599,protein_coding,ZDHHC5
ENSG00000156603,protein_coding,MED19
ENSG00000156639,protein_coding,ZFAND3
ENSG00000156642,protein_coding,NPTN
ENSG00000156650,protein_coding,KAT6B
ENSG00000156671,protein_coding,SAMD8
ENSG00000156675,protein_coding,RAB11FIP1
ENSG00000156687,protein_coding,UNC5D
ENSG00000156689,protein_coding,GLYATL2
ENSG00000156697,protein_coding,UTP14A
ENSG00000156709,protein_coding,AIFM1
ENSG00000156711,protein_coding,MAPK13
ENSG00000156735,protein_coding,BAG4
ENSG00000156787,protein_coding,TBC1D31
ENSG00000156795,protein_coding,WDYHV1
ENSG00000156802,protein_coding,ATAD2
ENSG00000156804,protein_coding,FBXO32
ENSG00000156831,protein_coding,NSMCE2
ENSG00000156853,protein_coding,ZNF689
ENSG00000156858,protein_coding,PRR14
ENSG00000156860,protein_coding,FBRS
ENSG00000156873,protein_coding,PHKG2
ENSG00000156875,protein_coding,MFSD14A
ENSG00000156876,protein_coding,SASS6
ENSG00000156928,protein_coding,MALSU1
ENSG00000156931,protein_coding,VPS8
ENSG00000156958,protein_coding,GALK2
ENSG00000156959,protein_coding,LHFPL4
ENSG00000156966,protein_coding,B3GNT7
ENSG00000156973,protein_coding,PDE6D
ENSG00000156976,protein_coding,EIF4A2
ENSG00000156983,protein_coding,BRPF1
ENSG00000156990,protein_coding,RPUSD3
ENSG00000157005,protein_coding,SST
ENSG00000157017,protein_coding,GHRL
ENSG00000157020,protein_coding,SEC13
ENSG00000157036,protein_coding,EXOG
ENSG00000157045,protein_coding,NTAN1
ENSG00000157064,protein_coding,NMNAT2
ENSG00000157077,protein_coding,ZFYVE9
ENSG00000157087,protein_coding,ATP2B2
ENSG00000157103,protein_coding,SLC6A1
ENSG00000157106,protein_coding,SMG1
ENSG00000157107,protein_coding,FCHO2
ENSG00000157110,protein_coding,RBPMS
ENSG00000157111,protein_coding,TMEM171
ENSG00000157150,protein_coding,TIMP4
ENSG00000157168,protein_coding,NRG1
ENSG00000157181,protein_coding,ODR4
ENSG00000157191,protein_coding,NECAP2
ENSG00000157193,protein_coding,LRP8
ENSG00000157212,protein_coding,PAXIP1
ENSG00000157214,protein_coding,STEAP2
ENSG00000157216,protein_coding,SSBP3
ENSG00000157219,protein_coding,HTR5A
ENSG00000157224,protein_coding,CLDN12
ENSG00000157240,protein_coding,FZD1
ENSG00000157259,protein_coding,GATAD1
ENSG00000157306,lncRNA,ZFHX2-AS1
ENSG00000157326,protein_coding,DHRS4
ENSG00000157350,protein_coding,ST3GAL2
ENSG00000157353,protein_coding,FCSK
ENSG00000157368,protein_coding,IL34
ENSG00000157379,protein_coding,DHRS1
ENSG00000157388,protein_coding,CACNA1D
ENSG00000157399,protein_coding,ARSE
ENSG00000157404,protein_coding,KIT
ENSG00000157423,protein_coding,HYDIN
ENSG00000157426,protein_coding,AASDH
ENSG00000157429,protein_coding,ZNF19
ENSG00000157445,protein_coding,CACNA2D3
ENSG00000157450,protein_coding,RNF111
ENSG00000157456,protein_coding,CCNB2
ENSG00000157470,protein_coding,FAM81A
ENSG00000157483,protein_coding,MYO1E
ENSG00000157500,protein_coding,APPL1
ENSG00000157502,protein_coding,PWWP3B
ENSG00000157510,protein_coding,AFAP1L1
ENSG00000157514,protein_coding,TSC22D3
ENSG00000157538,protein_coding,VPS26C
ENSG00000157540,protein_coding,DYRK1A
ENSG00000157542,protein_coding,KCNJ6
ENSG00000157554,protein_coding,ERG
ENSG00000157557,protein_coding,ETS2
ENSG00000157570,protein_coding,TSPAN18
ENSG00000157578,protein_coding,LCA5L
ENSG00000157593,protein_coding,SLC35B2
ENSG00000157600,protein_coding,TMEM164
ENSG00000157601,protein_coding,MX1
ENSG00000157613,protein_coding,CREB3L1
ENSG00000157617,protein_coding,C2CD2
ENSG00000157625,protein_coding,TAB3
ENSG00000157637,protein_coding,SLC38A10
ENSG00000157657,protein_coding,ZNF618
ENSG00000157680,protein_coding,DGKI
ENSG00000157693,protein_coding,TMEM268
ENSG00000157703,protein_coding,SVOPL
ENSG00000157734,protein_coding,SNX22
ENSG00000157741,protein_coding,UBN2
ENSG00000157764,protein_coding,BRAF
ENSG00000157766,protein_coding,ACAN
ENSG00000157778,protein_coding,PSMG3
ENSG00000157782,protein_coding,CABP1
ENSG00000157796,protein_coding,WDR19
ENSG00000157800,protein_coding,SLC37A3
ENSG00000157823,protein_coding,AP3S2
ENSG00000157827,protein_coding,FMNL2
ENSG00000157833,protein_coding,GAREM2
ENSG00000157837,protein_coding,SPPL3
ENSG00000157851,protein_coding,DPYSL5
ENSG00000157856,protein_coding,DRC1
ENSG00000157869,protein_coding,RAB28
ENSG00000157870,protein_coding,PRXL2B
ENSG00000157873,protein_coding,TNFRSF14
ENSG00000157881,protein_coding,PANK4
ENSG00000157890,protein_coding,MEGF11
ENSG00000157895,protein_coding,C12orf43
ENSG00000157911,protein_coding,PEX10
ENSG00000157916,protein_coding,RER1
ENSG00000157927,protein_coding,RADIL
ENSG00000157933,protein_coding,SKI
ENSG00000157954,protein_coding,WIPI2
ENSG00000157978,protein_coding,LDLRAP1
ENSG00000157985,protein_coding,AGAP1
ENSG00000157992,protein_coding,KRTCAP3
ENSG00000158006,protein_coding,PAFAH2
ENSG00000158008,protein_coding,EXTL1
ENSG00000158019,protein_coding,BABAM2
ENSG00000158023,protein_coding,WDR66
ENSG00000158042,protein_coding,MRPL17
ENSG00000158050,protein_coding,DUSP2
ENSG00000158062,protein_coding,UBXN11
ENSG00000158079,protein_coding,PTPDC1
ENSG00000158089,protein_coding,GALNT14
ENSG00000158092,protein_coding,NCK1
ENSG00000158104,protein_coding,HPD
ENSG00000158106,protein_coding,RHPN1
ENSG00000158109,protein_coding,TPRG1L
ENSG00000158113,protein_coding,LRRC43
ENSG00000158122,protein_coding,PRXL2C
ENSG00000158156,protein_coding,XKR8
ENSG00000158158,protein_coding,CNNM4
ENSG00000158161,protein_coding,EYA3
ENSG00000158163,protein_coding,DZIP1L
ENSG00000158169,protein_coding,FANCC
ENSG00000158186,protein_coding,MRAS
ENSG00000158195,protein_coding,WASF2
ENSG00000158201,protein_coding,ABHD3
ENSG00000158220,protein_coding,ESYT3
ENSG00000158234,protein_coding,FAIM
ENSG00000158246,protein_coding,TENT5B
ENSG00000158258,protein_coding,CLSTN2
ENSG00000158270,protein_coding,COLEC12
ENSG00000158286,protein_coding,RNF207
ENSG00000158290,protein_coding,CUL4B
ENSG00000158292,protein_coding,GPR153
ENSG00000158296,protein_coding,SLC13A3
ENSG00000158301,protein_coding,GPRASP2
ENSG00000158315,protein_coding,RHBDL2
ENSG00000158321,protein_coding,AUTS2
ENSG00000158352,protein_coding,SHROOM4
ENSG00000158373,protein_coding,HIST1H2BD
ENSG00000158402,protein_coding,CDC25C
ENSG00000158411,protein_coding,MITD1
ENSG00000158417,protein_coding,EIF5B
ENSG00000158427,protein_coding,TMSB15B
ENSG00000158428,protein_coding,CATIP
ENSG00000158435,protein_coding,CNOT11
ENSG00000158445,protein_coding,KCNB1
ENSG00000158457,protein_coding,TSPAN33
ENSG00000158458,protein_coding,NRG2
ENSG00000158467,protein_coding,AHCYL2
ENSG00000158470,protein_coding,B4GALT5
ENSG00000158480,protein_coding,SPATA2
ENSG00000158483,protein_coding,FAM86C1
ENSG00000158486,protein_coding,DNAH3
ENSG00000158517,protein_coding,NCF1
ENSG00000158526,protein_coding,TSR2
ENSG00000158528,protein_coding,PPP1R9A
ENSG00000158545,protein_coding,ZC3H18
ENSG00000158552,protein_coding,ZFAND2B
ENSG00000158555,protein_coding,GDPD5
ENSG00000158560,protein_coding,DYNC1I1
ENSG00000158604,protein_coding,TMED4
ENSG00000158615,protein_coding,PPP1R15B
ENSG00000158623,protein_coding,COPG2
ENSG00000158636,protein_coding,EMSY
ENSG00000158669,protein_coding,GPAT4
ENSG00000158691,protein_coding,ZSCAN12
ENSG00000158710,protein_coding,TAGLN2
ENSG00000158711,protein_coding,ELK4
ENSG00000158715,protein_coding,SLC45A3
ENSG00000158716,protein_coding,DUSP23
ENSG00000158717,protein_coding,RNF166
ENSG00000158747,protein_coding,NBL1
ENSG00000158773,protein_coding,USF1
ENSG00000158792,protein_coding,SPATA2L
ENSG00000158793,protein_coding,NIT1
ENSG00000158796,protein_coding,DEDD
ENSG00000158805,protein_coding,ZNF276
ENSG00000158806,protein_coding,NPM2
ENSG00000158813,protein_coding,EDA
ENSG00000158815,protein_coding,FGF17
ENSG00000158816,protein_coding,VWA5B1
ENSG00000158825,protein_coding,CDA
ENSG00000158828,protein_coding,PINK1
ENSG00000158850,protein_coding,B4GALT3
ENSG00000158856,protein_coding,DMTN
ENSG00000158859,protein_coding,ADAMTS4
ENSG00000158863,protein_coding,FAM160B2
ENSG00000158864,protein_coding,NDUFS2
ENSG00000158865,protein_coding,SLC5A11
ENSG00000158869,protein_coding,FCER1G
ENSG00000158882,protein_coding,TOMM40L
ENSG00000158887,protein_coding,MPZ
ENSG00000158941,protein_coding,CCAR2
ENSG00000158966,protein_coding,CACHD1
ENSG00000158985,protein_coding,CDC42SE2
ENSG00000158987,protein_coding,RAPGEF6
ENSG00000159023,protein_coding,EPB41
ENSG00000159055,protein_coding,MIS18A
ENSG00000159063,protein_coding,ALG8
ENSG00000159069,protein_coding,FBXW5
ENSG00000159082,protein_coding,SYNJ1
ENSG00000159086,protein_coding,PAXBP1
ENSG00000159110,protein_coding,IFNAR2
ENSG00000159111,protein_coding,MRPL10
ENSG00000159128,protein_coding,IFNGR2
ENSG00000159131,protein_coding,GART
ENSG00000159140,protein_coding,SON
ENSG00000159147,protein_coding,DONSON
ENSG00000159164,protein_coding,SV2A
ENSG00000159167,protein_coding,STC1
ENSG00000159176,protein_coding,CSRP1
ENSG00000159189,protein_coding,C1QC
ENSG00000159197,protein_coding,KCNE2
ENSG00000159199,protein_coding,ATP5MC1
ENSG00000159200,protein_coding,RCAN1
ENSG00000159202,protein_coding,UBE2Z
ENSG00000159208,protein_coding,CIART
ENSG00000159210,protein_coding,SNF8
ENSG00000159212,protein_coding,CLIC6
ENSG00000159214,protein_coding,CCDC24
ENSG00000159216,protein_coding,RUNX1
ENSG00000159228,protein_coding,CBR1
ENSG00000159231,protein_coding,CBR3
ENSG00000159239,protein_coding,AC005041.1
ENSG00000159248,protein_coding,GJD2
ENSG00000159251,protein_coding,ACTC1
ENSG00000159256,protein_coding,MORC3
ENSG00000159259,protein_coding,CHAF1B
ENSG00000159261,protein_coding,CLDN14
ENSG00000159263,protein_coding,SIM2
ENSG00000159267,protein_coding,HLCS
ENSG00000159307,protein_coding,SCUBE1
ENSG00000159314,protein_coding,ARHGAP27
ENSG00000159322,protein_coding,ADPGK
ENSG00000159335,protein_coding,PTMS
ENSG00000159339,protein_coding,PADI4
ENSG00000159346,protein_coding,ADIPOR1
ENSG00000159348,protein_coding,CYB5R1
ENSG00000159352,protein_coding,PSMD4
ENSG00000159363,protein_coding,ATP13A2
ENSG00000159374,protein_coding,M1AP
ENSG00000159377,protein_coding,PSMB4
ENSG00000159388,protein_coding,BTG2
ENSG00000159398,protein_coding,CES5A
ENSG00000159399,protein_coding,HK2
ENSG00000159403,protein_coding,C1R
ENSG00000159409,protein_coding,CELF3
ENSG00000159433,protein_coding,STARD9
ENSG00000159445,protein_coding,THEM4
ENSG00000159459,protein_coding,UBR1
ENSG00000159461,protein_coding,AMFR
ENSG00000159479,protein_coding,MED8
ENSG00000159579,protein_coding,RSPRY1
ENSG00000159592,protein_coding,GPBP1L1
ENSG00000159593,protein_coding,NAE1
ENSG00000159596,protein_coding,TMEM69
ENSG00000159640,protein_coding,ACE
ENSG00000159658,protein_coding,EFCAB14
ENSG00000159674,protein_coding,SPON2
ENSG00000159685,protein_coding,CHCHD6
ENSG00000159692,protein_coding,CTBP1
ENSG00000159708,protein_coding,LRRC36
ENSG00000159713,protein_coding,TPPP3
ENSG00000159714,protein_coding,ZDHHC1
ENSG00000159720,protein_coding,ATP6V0D1
ENSG00000159733,protein_coding,ZFYVE28
ENSG00000159753,protein_coding,CARMIL2
ENSG00000159761,protein_coding,C16orf86
ENSG00000159784,protein_coding,FAM131B
ENSG00000159788,protein_coding,RGS12
ENSG00000159792,protein_coding,PSKH1
ENSG00000159840,protein_coding,ZYX
ENSG00000159842,protein_coding,ABR
ENSG00000159871,protein_coding,LYPD5
ENSG00000159873,protein_coding,CCDC117
ENSG00000159882,protein_coding,ZNF230
ENSG00000159884,protein_coding,CCDC107
ENSG00000159899,protein_coding,NPR2
ENSG00000159915,protein_coding,ZNF233
ENSG00000159917,protein_coding,ZNF235
ENSG00000159921,protein_coding,GNE
ENSG00000160007,protein_coding,ARHGAP35
ENSG00000160014,protein_coding,CALM3
ENSG00000160049,protein_coding,DFFA
ENSG00000160050,protein_coding,CCDC28B
ENSG00000160051,protein_coding,IQCC
ENSG00000160055,protein_coding,TMEM234
ENSG00000160058,protein_coding,BSDC1
ENSG00000160062,protein_coding,ZBTB8A
ENSG00000160072,protein_coding,ATAD3B
ENSG00000160075,protein_coding,SSU72
ENSG00000160087,protein_coding,UBE2J2
ENSG00000160094,protein_coding,ZNF362
ENSG00000160097,protein_coding,FNDC5
ENSG00000160111,protein_coding,CPAMD8
ENSG00000160113,protein_coding,NR2F6
ENSG00000160124,protein_coding,CCDC58
ENSG00000160131,protein_coding,VMA21
ENSG00000160145,protein_coding,KALRN
ENSG00000160179,protein_coding,ABCG1
ENSG00000160188,protein_coding,RSPH1
ENSG00000160190,protein_coding,SLC37A1
ENSG00000160191,protein_coding,PDE9A
ENSG00000160193,protein_coding,WDR4
ENSG00000160194,protein_coding,NDUFV3
ENSG00000160199,protein_coding,PKNOX1
ENSG00000160200,protein_coding,CBS
ENSG00000160201,protein_coding,U2AF1
ENSG00000160207,protein_coding,HSF2BP
ENSG00000160208,protein_coding,RRP1B
ENSG00000160209,protein_coding,PDXK
ENSG00000160211,protein_coding,G6PD
ENSG00000160213,protein_coding,CSTB
ENSG00000160214,protein_coding,RRP1
ENSG00000160216,protein_coding,AGPAT3
ENSG00000160218,protein_coding,TRAPPC10
ENSG00000160219,protein_coding,GAB3
ENSG00000160221,protein_coding,GATD3A
ENSG00000160223,protein_coding,ICOSLG
ENSG00000160226,protein_coding,CFAP410
ENSG00000160229,protein_coding,ZNF66
ENSG00000160255,protein_coding,ITGB2
ENSG00000160256,protein_coding,FAM207A
ENSG00000160271,protein_coding,RALGDS
ENSG00000160282,protein_coding,FTCD
ENSG00000160284,protein_coding,SPATC1L
ENSG00000160285,protein_coding,LSS
ENSG00000160293,protein_coding,VAV2
ENSG00000160294,protein_coding,MCM3AP
ENSG00000160298,protein_coding,C21orf58
ENSG00000160299,protein_coding,PCNT
ENSG00000160305,protein_coding,DIP2A
ENSG00000160307,protein_coding,S100B
ENSG00000160310,protein_coding,PRMT2
ENSG00000160321,protein_coding,ZNF208
ENSG00000160323,protein_coding,ADAMTS13
ENSG00000160325,protein_coding,CACFD1
ENSG00000160326,protein_coding,SLC2A6
ENSG00000160345,protein_coding,C9orf116
ENSG00000160352,protein_coding,ZNF714
ENSG00000160360,protein_coding,GPSM1
ENSG00000160392,protein_coding,C19orf47
ENSG00000160396,protein_coding,HIPK4
ENSG00000160404,protein_coding,TOR2A
ENSG00000160408,protein_coding,ST6GALNAC6
ENSG00000160410,protein_coding,SHKBP1
ENSG00000160439,protein_coding,RDH13
ENSG00000160445,protein_coding,ZER1
ENSG00000160446,protein_coding,ZDHHC12
ENSG00000160460,protein_coding,SPTBN4
ENSG00000160469,protein_coding,BRSK1
ENSG00000160539,protein_coding,PLPP7
ENSG00000160551,protein_coding,TAOK1
ENSG00000160563,protein_coding,MED27
ENSG00000160570,protein_coding,DEDD2
ENSG00000160584,protein_coding,SIK3
ENSG00000160588,protein_coding,MPZL3
ENSG00000160602,protein_coding,NEK8
ENSG00000160606,protein_coding,TLCD1
ENSG00000160613,protein_coding,PCSK7
ENSG00000160633,protein_coding,SAFB
ENSG00000160678,protein_coding,S100A1
ENSG00000160679,protein_coding,CHTOP
ENSG00000160685,protein_coding,ZBTB7B
ENSG00000160688,protein_coding,FLAD1
ENSG00000160695,protein_coding,VPS11
ENSG00000160703,protein_coding,NLRX1
ENSG00000160710,protein_coding,ADAR
ENSG00000160712,protein_coding,IL6R
ENSG00000160714,protein_coding,UBE2Q1
ENSG00000160716,protein_coding,CHRNB2
ENSG00000160741,protein_coding,CRTC2
ENSG00000160746,protein_coding,ANO10
ENSG00000160752,protein_coding,FDPS
ENSG00000160753,protein_coding,RUSC1
ENSG00000160767,protein_coding,FAM189B
ENSG00000160781,protein_coding,PAQR6
ENSG00000160785,protein_coding,SLC25A44
ENSG00000160789,protein_coding,LMNA
ENSG00000160796,protein_coding,NBEAL2
ENSG00000160799,protein_coding,CCDC12
ENSG00000160801,protein_coding,PTH1R
ENSG00000160803,protein_coding,UBQLN4
ENSG00000160813,protein_coding,PPP1R35
ENSG00000160818,protein_coding,GPATCH4
ENSG00000160862,protein_coding,AZGP1
ENSG00000160877,protein_coding,NACC1
ENSG00000160888,protein_coding,IER2
ENSG00000160908,protein_coding,ZNF394
ENSG00000160917,protein_coding,CPSF4
ENSG00000160932,protein_coding,LY6E
ENSG00000160948,protein_coding,VPS28
ENSG00000160949,protein_coding,TONSL
ENSG00000160953,protein_coding,PWWP3A
ENSG00000160959,protein_coding,LRRC14
ENSG00000160961,protein_coding,ZNF333
ENSG00000160972,protein_coding,PPP1R16A
ENSG00000160991,protein_coding,ORAI2
ENSG00000160993,protein_coding,ALKBH4
ENSG00000160999,protein_coding,SH2B2
ENSG00000161010,protein_coding,MRNIP
ENSG00000161011,protein_coding,SQSTM1
ENSG00000161013,protein_coding,MGAT4B
ENSG00000161016,protein_coding,RPL8
ENSG00000161021,protein_coding,MAML1
ENSG00000161031,protein_coding,PGLYRP2
ENSG00000161036,protein_coding,LRWD1
ENSG00000161040,protein_coding,FBXL13
ENSG00000161048,protein_coding,NAPEPLD
ENSG00000161057,protein_coding,PSMC2
ENSG00000161082,protein_coding,CELF5
ENSG00000161091,protein_coding,MFSD12
ENSG00000161179,protein_coding,YDJC
ENSG00000161217,protein_coding,PCYT1A
ENSG00000161243,protein_coding,FBXO27
ENSG00000161249,protein_coding,DMKN
ENSG00000161267,protein_coding,BDH1
ENSG00000161270,protein_coding,NPHS1
ENSG00000161277,protein_coding,THAP8
ENSG00000161281,protein_coding,COX7A1
ENSG00000161298,protein_coding,ZNF382
ENSG00000161328,protein_coding,LRRC56
ENSG00000161381,protein_coding,PLXDC1
ENSG00000161395,protein_coding,PGAP3
ENSG00000161405,protein_coding,IKZF3
ENSG00000161509,protein_coding,GRIN2C
ENSG00000161513,protein_coding,FDXR
ENSG00000161526,protein_coding,SAP30BP
ENSG00000161533,protein_coding,ACOX1
ENSG00000161542,protein_coding,PRPSAP1
ENSG00000161544,protein_coding,CYGB
ENSG00000161547,protein_coding,SRSF2
ENSG00000161551,protein_coding,ZNF577
ENSG00000161558,protein_coding,TMEM143
ENSG00000161638,protein_coding,ITGA5
ENSG00000161642,protein_coding,ZNF385A
ENSG00000161647,protein_coding,MPP3
ENSG00000161652,protein_coding,IZUMO2
ENSG00000161654,protein_coding,LSM12
ENSG00000161664,protein_coding,ASB16
ENSG00000161671,protein_coding,EMC10
ENSG00000161677,protein_coding,JOSD2
ENSG00000161681,protein_coding,SHANK1
ENSG00000161682,protein_coding,FAM171A2
ENSG00000161692,protein_coding,DBF4B
ENSG00000161714,protein_coding,PLCD3
ENSG00000161791,protein_coding,FMNL3
ENSG00000161800,protein_coding,RACGAP1
ENSG00000161813,protein_coding,LARP4
ENSG00000161835,protein_coding,GRASP
ENSG00000161847,protein_coding,RAVER1
ENSG00000161860,protein_coding,SYCE2
ENSG00000161896,protein_coding,IP6K3
ENSG00000161904,protein_coding,LEMD2
ENSG00000161920,protein_coding,MED11
ENSG00000161929,protein_coding,SCIMP
ENSG00000161956,protein_coding,SENP3
ENSG00000161960,protein_coding,EIF4A1
ENSG00000161980,protein_coding,POLR3K
ENSG00000161981,protein_coding,SNRNP25
ENSG00000161996,protein_coding,WDR90
ENSG00000161999,protein_coding,JMJD8
ENSG00000162006,protein_coding,MSLNL
ENSG00000162032,protein_coding,SPSB3
ENSG00000162039,protein_coding,MEIOB
ENSG00000162062,protein_coding,TEDC2
ENSG00000162063,protein_coding,CCNF
ENSG00000162065,protein_coding,TBC1D24
ENSG00000162066,protein_coding,AMDHD2
ENSG00000162069,protein_coding,BICDL2
ENSG00000162073,protein_coding,PAQR4
ENSG00000162076,protein_coding,FLYWCH2
ENSG00000162086,protein_coding,ZNF75A
ENSG00000162104,protein_coding,ADCY9
ENSG00000162105,protein_coding,SHANK2
ENSG00000162129,protein_coding,CLPB
ENSG00000162139,protein_coding,NEU3
ENSG00000162144,protein_coding,CYB561A3
ENSG00000162148,protein_coding,PPP1R32
ENSG00000162174,protein_coding,ASRGL1
ENSG00000162188,protein_coding,GNG3
ENSG00000162191,protein_coding,UBXN1
ENSG00000162222,protein_coding,TTC9C
ENSG00000162227,protein_coding,TAF6L
ENSG00000162231,protein_coding,NXF1
ENSG00000162236,protein_coding,STX5
ENSG00000162241,protein_coding,SLC25A45
ENSG00000162244,protein_coding,RPL29
ENSG00000162298,protein_coding,SYVN1
ENSG00000162300,protein_coding,ZFPL1
ENSG00000162337,protein_coding,LRP5
ENSG00000162341,protein_coding,TPCN2
ENSG00000162368,protein_coding,CMPK1
ENSG00000162374,protein_coding,ELAVL4
ENSG00000162377,protein_coding,COA7
ENSG00000162378,protein_coding,ZYG11B
ENSG00000162384,protein_coding,CZIB
ENSG00000162385,protein_coding,MAGOH
ENSG00000162390,protein_coding,ACOT11
ENSG00000162391,protein_coding,FAM151A
ENSG00000162402,protein_coding,USP24
ENSG00000162407,protein_coding,PLPP3
ENSG00000162408,protein_coding,NOL9
ENSG00000162409,protein_coding,PRKAA2
ENSG00000162413,protein_coding,KLHL21
ENSG00000162415,protein_coding,ZSWIM5
ENSG00000162419,protein_coding,GMEB1
ENSG00000162426,protein_coding,SLC45A1
ENSG00000162430,protein_coding,SELENON
ENSG00000162433,protein_coding,AK4
ENSG00000162434,protein_coding,JAK1
ENSG00000162437,protein_coding,RAVER2
ENSG00000162441,protein_coding,LZIC
ENSG00000162444,protein_coding,RBP7
ENSG00000162456,protein_coding,KNCN
ENSG00000162458,protein_coding,FBLIM1
ENSG00000162461,protein_coding,SLC25A34
ENSG00000162490,protein_coding,DRAXIN
ENSG00000162493,protein_coding,PDPN
ENSG00000162494,protein_coding,LRRC38
ENSG00000162496,protein_coding,DHRS3
ENSG00000162510,protein_coding,MATN1
ENSG00000162511,protein_coding,LAPTM5
ENSG00000162512,protein_coding,SDC3
ENSG00000162517,protein_coding,PEF1
ENSG00000162520,protein_coding,SYNC
ENSG00000162521,protein_coding,RBBP4
ENSG00000162522,protein_coding,KIAA1522
ENSG00000162542,protein_coding,TMCO4
ENSG00000162543,protein_coding,UBXN10
ENSG00000162545,protein_coding,CAMK2N1
ENSG00000162551,protein_coding,ALPL
ENSG00000162572,protein_coding,SCNN1D
ENSG00000162585,protein_coding,FAAP20
ENSG00000162591,protein_coding,MEGF6
ENSG00000162595,protein_coding,DIRAS3
ENSG00000162599,protein_coding,NFIA
ENSG00000162601,protein_coding,MYSM1
ENSG00000162604,protein_coding,TM2D1
ENSG00000162607,protein_coding,USP1
ENSG00000162613,protein_coding,FUBP1
ENSG00000162614,protein_coding,NEXN
ENSG00000162618,protein_coding,ADGRL4
ENSG00000162620,protein_coding,LRRIQ3
ENSG00000162621,protein_coding,LRRC53
ENSG00000162623,protein_coding,TYW3
ENSG00000162627,protein_coding,SNX7
ENSG00000162630,protein_coding,B3GALT2
ENSG00000162631,protein_coding,NTNG1
ENSG00000162636,protein_coding,FAM102B
ENSG00000162639,protein_coding,HENMT1
ENSG00000162641,protein_coding,AKNAD1
ENSG00000162642,protein_coding,C1orf52
ENSG00000162643,protein_coding,WDR63
ENSG00000162645,protein_coding,GBP2
ENSG00000162650,protein_coding,ATXN7L2
ENSG00000162654,protein_coding,GBP4
ENSG00000162664,protein_coding,ZNF326
ENSG00000162669,protein_coding,HFM1
ENSG00000162670,protein_coding,BRINP3
ENSG00000162687,protein_coding,KCNT2
ENSG00000162688,protein_coding,AGL
ENSG00000162694,protein_coding,EXTL2
ENSG00000162695,protein_coding,SLC30A7
ENSG00000162702,protein_coding,ZNF281
ENSG00000162704,protein_coding,ARPC5
ENSG00000162706,protein_coding,CADM3
ENSG00000162711,protein_coding,NLRP3
ENSG00000162714,protein_coding,ZNF496
ENSG00000162722,protein_coding,TRIM58
ENSG00000162728,protein_coding,KCNJ9
ENSG00000162729,protein_coding,IGSF8
ENSG00000162733,protein_coding,DDR2
ENSG00000162734,protein_coding,PEA15
ENSG00000162736,protein_coding,NCSTN
ENSG00000162738,protein_coding,VANGL2
ENSG00000162745,protein_coding,OLFML2B
ENSG00000162746,protein_coding,FCRLB
ENSG00000162753,protein_coding,SLC9C2
ENSG00000162755,protein_coding,KLHDC9
ENSG00000162757,protein_coding,C1orf74
ENSG00000162769,protein_coding,FLVCR1
ENSG00000162772,protein_coding,ATF3
ENSG00000162775,protein_coding,RBM15
ENSG00000162779,protein_coding,AXDND1
ENSG00000162782,protein_coding,TDRD5
ENSG00000162783,protein_coding,IER5
ENSG00000162804,protein_coding,SNED1
ENSG00000162813,protein_coding,BPNT1
ENSG00000162814,protein_coding,SPATA17
ENSG00000162817,protein_coding,C1orf115
ENSG00000162819,protein_coding,BROX
ENSG00000162836,protein_coding,ACP6
ENSG00000162843,protein_coding,WDR64
ENSG00000162849,protein_coding,KIF26B
ENSG00000162851,protein_coding,TFB2M
ENSG00000162852,protein_coding,CNST
ENSG00000162869,protein_coding,PPP1R21
ENSG00000162873,protein_coding,KLHDC8A
ENSG00000162877,protein_coding,PM20D1
ENSG00000162878,protein_coding,PKDCC
ENSG00000162882,protein_coding,HAAO
ENSG00000162885,protein_coding,B3GALNT2
ENSG00000162888,lncRNA,C1orf147
ENSG00000162889,protein_coding,MAPKAPK2
ENSG00000162909,protein_coding,CAPN2
ENSG00000162910,protein_coding,MRPL55
ENSG00000162923,protein_coding,WDR26
ENSG00000162924,protein_coding,REL
ENSG00000162927,protein_coding,PUS10
ENSG00000162928,protein_coding,PEX13
ENSG00000162929,protein_coding,KIAA1841
ENSG00000162931,protein_coding,TRIM17
ENSG00000162944,protein_coding,RFTN2
ENSG00000162946,protein_coding,DISC1
ENSG00000162947,lncRNA,LINC01931
ENSG00000162949,protein_coding,CAPN13
ENSG00000162951,protein_coding,LRRTM1
ENSG00000162959,protein_coding,MEMO1
ENSG00000162961,protein_coding,DPY30
ENSG00000162971,protein_coding,TYW5
ENSG00000162972,protein_coding,MAIP1
ENSG00000162975,protein_coding,KCNF1
ENSG00000162976,protein_coding,SLC66A3
ENSG00000162980,protein_coding,ARL5A
ENSG00000162989,protein_coding,KCNJ3
ENSG00000162994,protein_coding,CLHC1
ENSG00000162998,protein_coding,FRZB
ENSG00000162999,protein_coding,DUSP19
ENSG00000163001,protein_coding,CFAP36
ENSG00000163002,protein_coding,NUP35
ENSG00000163006,protein_coding,CCDC138
ENSG00000163013,protein_coding,FBXO41
ENSG00000163026,protein_coding,WDCP
ENSG00000163029,protein_coding,SMC6
ENSG00000163032,protein_coding,VSNL1
ENSG00000163040,protein_coding,CCDC74A
ENSG00000163041,protein_coding,H3F3A
ENSG00000163046,protein_coding,ANKRD30BL
ENSG00000163050,protein_coding,COQ8A
ENSG00000163053,protein_coding,SLC16A14
ENSG00000163060,protein_coding,TEKT4
ENSG00000163069,protein_coding,SGCB
ENSG00000163072,protein_coding,NOSTRIN
ENSG00000163075,protein_coding,CFAP221
ENSG00000163082,protein_coding,SGPP2
ENSG00000163083,protein_coding,INHBB
ENSG00000163092,protein_coding,XIRP2
ENSG00000163104,protein_coding,SMARCAD1
ENSG00000163106,protein_coding,HPGDS
ENSG00000163110,protein_coding,PDLIM5
ENSG00000163116,protein_coding,STPG2
ENSG00000163125,protein_coding,RPRD2
ENSG00000163126,protein_coding,ANKRD23
ENSG00000163131,protein_coding,CTSS
ENSG00000163132,protein_coding,MSX1
ENSG00000163138,protein_coding,PACRGL
ENSG00000163141,protein_coding,BNIPL
ENSG00000163145,protein_coding,C1QTNF7
ENSG00000163155,protein_coding,LYSMD1
ENSG00000163156,protein_coding,SCNM1
ENSG00000163159,protein_coding,VPS72
ENSG00000163161,protein_coding,ERCC3
ENSG00000163162,protein_coding,RNF149
ENSG00000163166,protein_coding,IWS1
ENSG00000163170,protein_coding,BOLA3
ENSG00000163171,protein_coding,CDC42EP3
ENSG00000163191,protein_coding,S100A11
ENSG00000163214,protein_coding,DHX57
ENSG00000163219,protein_coding,ARHGAP25
ENSG00000163235,protein_coding,TGFA
ENSG00000163239,protein_coding,TDRD10
ENSG00000163249,protein_coding,CCNYL1
ENSG00000163251,protein_coding,FZD5
ENSG00000163257,protein_coding,DCAF16
ENSG00000163273,protein_coding,NPPC
ENSG00000163281,protein_coding,GNPDA2
ENSG00000163285,protein_coding,GABRG1
ENSG00000163288,protein_coding,GABRB1
ENSG00000163291,protein_coding,PAQR3
ENSG00000163293,protein_coding,NIPAL1
ENSG00000163297,protein_coding,ANTXR2
ENSG00000163312,protein_coding,HELQ
ENSG00000163319,protein_coding,MRPS18C
ENSG00000163320,protein_coding,CGGBP1
ENSG00000163322,protein_coding,ABRAXAS1
ENSG00000163328,protein_coding,GPR155
ENSG00000163331,protein_coding,DAPL1
ENSG00000163344,protein_coding,PMVK
ENSG00000163346,protein_coding,PBXIP1
ENSG00000163347,protein_coding,CLDN1
ENSG00000163348,protein_coding,PYGO2
ENSG00000163349,protein_coding,HIPK1
ENSG00000163357,protein_coding,DCST1
ENSG00000163359,protein_coding,COL6A3
ENSG00000163362,protein_coding,INAVA
ENSG00000163364,lncRNA,LINC01116
ENSG00000163374,protein_coding,YY1AP1
ENSG00000163376,protein_coding,KBTBD8
ENSG00000163377,protein_coding,TAFA4
ENSG00000163378,protein_coding,EOGT
ENSG00000163380,protein_coding,LMOD3
ENSG00000163382,protein_coding,NAXE
ENSG00000163389,protein_coding,POGLUT1
ENSG00000163393,protein_coding,SLC22A15
ENSG00000163399,protein_coding,ATP1A1
ENSG00000163406,protein_coding,SLC15A2
ENSG00000163412,protein_coding,EIF4E3
ENSG00000163428,protein_coding,LRRC58
ENSG00000163430,protein_coding,FSTL1
ENSG00000163431,protein_coding,LMOD1
ENSG00000163444,protein_coding,TMEM183A
ENSG00000163449,protein_coding,TMEM169
ENSG00000163453,protein_coding,IGFBP7
ENSG00000163462,protein_coding,TRIM46
ENSG00000163463,protein_coding,KRTCAP2
ENSG00000163466,protein_coding,ARPC2
ENSG00000163467,protein_coding,TSACC
ENSG00000163468,protein_coding,CCT3
ENSG00000163479,protein_coding,SSR2
ENSG00000163481,protein_coding,RNF25
ENSG00000163482,protein_coding,STK36
ENSG00000163485,protein_coding,ADORA1
ENSG00000163491,protein_coding,NEK10
ENSG00000163492,protein_coding,CCDC141
ENSG00000163507,protein_coding,CIP2A
ENSG00000163510,protein_coding,CWC22
ENSG00000163512,protein_coding,AZI2
ENSG00000163513,protein_coding,TGFBR2
ENSG00000163516,protein_coding,ANKZF1
ENSG00000163517,protein_coding,HDAC11
ENSG00000163520,protein_coding,FBLN2
ENSG00000163521,protein_coding,GLB1L
ENSG00000163527,protein_coding,STT3B
ENSG00000163528,protein_coding,CHCHD4
ENSG00000163531,protein_coding,NFASC
ENSG00000163535,protein_coding,SGO2
ENSG00000163536,protein_coding,SERPINI1
ENSG00000163539,protein_coding,CLASP2
ENSG00000163541,protein_coding,SUCLG1
ENSG00000163558,protein_coding,PRKCI
ENSG00000163563,protein_coding,MNDA
ENSG00000163564,protein_coding,PYHIN1
ENSG00000163565,protein_coding,IFI16
ENSG00000163568,protein_coding,AIM2
ENSG00000163576,protein_coding,EFHB
ENSG00000163577,protein_coding,EIF5A2
ENSG00000163584,protein_coding,RPL22L1
ENSG00000163590,protein_coding,PPM1L
ENSG00000163596,protein_coding,ICA1L
ENSG00000163602,protein_coding,RYBP
ENSG00000163605,protein_coding,PPP4R2
ENSG00000163606,protein_coding,CD200R1
ENSG00000163607,protein_coding,GTPBP8
ENSG00000163608,protein_coding,NEPRO
ENSG00000163611,protein_coding,SPICE1
ENSG00000163617,protein_coding,CCDC191
ENSG00000163618,protein_coding,CADPS
ENSG00000163624,protein_coding,CDS1
ENSG00000163625,protein_coding,WDFY3
ENSG00000163626,protein_coding,COX18
ENSG00000163629,protein_coding,PTPN13
ENSG00000163630,protein_coding,SYNPR
ENSG00000163631,protein_coding,ALB
ENSG00000163632,protein_coding,C3orf49
ENSG00000163633,protein_coding,C4orf36
ENSG00000163634,protein_coding,THOC7
ENSG00000163635,protein_coding,ATXN7
ENSG00000163636,protein_coding,PSMD6
ENSG00000163637,protein_coding,PRICKLE2
ENSG00000163638,protein_coding,ADAMTS9
ENSG00000163644,protein_coding,PPM1K
ENSG00000163645,protein_coding,ERICH6
ENSG00000163655,protein_coding,GMPS
ENSG00000163659,protein_coding,TIPARP
ENSG00000163660,protein_coding,CCNL1
ENSG00000163666,protein_coding,HESX1
ENSG00000163673,protein_coding,DCLK3
ENSG00000163681,protein_coding,SLMAP
ENSG00000163682,protein_coding,RPL9
ENSG00000163683,protein_coding,SMIM14
ENSG00000163684,protein_coding,RPP14
ENSG00000163686,protein_coding,ABHD6
ENSG00000163687,protein_coding,DNASE1L3
ENSG00000163689,protein_coding,C3orf67
ENSG00000163694,protein_coding,RBM47
ENSG00000163697,protein_coding,APBB2
ENSG00000163701,protein_coding,IL17RE
ENSG00000163702,protein_coding,IL17RC
ENSG00000163703,protein_coding,CRELD1
ENSG00000163704,protein_coding,PRRT3
ENSG00000163710,protein_coding,PCOLCE2
ENSG00000163714,protein_coding,U2SURP
ENSG00000163719,protein_coding,MTMR14
ENSG00000163728,protein_coding,TTC14
ENSG00000163738,protein_coding,MTHFD2L
ENSG00000163743,protein_coding,RCHY1
ENSG00000163746,protein_coding,PLSCR2
ENSG00000163749,protein_coding,CCDC158
ENSG00000163754,protein_coding,GYG1
ENSG00000163755,protein_coding,HPS3
ENSG00000163762,protein_coding,TM4SF18
ENSG00000163781,protein_coding,TOPBP1
ENSG00000163785,protein_coding,RYK
ENSG00000163788,protein_coding,SNRK
ENSG00000163793,protein_coding,DNAJC5G
ENSG00000163794,protein_coding,UCN
ENSG00000163795,protein_coding,ZNF513
ENSG00000163798,protein_coding,SLC4A1AP
ENSG00000163803,protein_coding,PLB1
ENSG00000163806,protein_coding,SPDYA
ENSG00000163807,protein_coding,KIAA1143
ENSG00000163808,protein_coding,KIF15
ENSG00000163811,protein_coding,WDR43
ENSG00000163812,protein_coding,ZDHHC3
ENSG00000163814,protein_coding,CDCP1
ENSG00000163817,protein_coding,SLC6A20
ENSG00000163818,protein_coding,LZTFL1
ENSG00000163820,protein_coding,FYCO1
ENSG00000163823,protein_coding,CCR1
ENSG00000163827,protein_coding,LRRC2
ENSG00000163832,protein_coding,ELP6
ENSG00000163833,protein_coding,FBXO40
ENSG00000163840,protein_coding,DTX3L
ENSG00000163848,protein_coding,ZNF148
ENSG00000163864,protein_coding,NMNAT3
ENSG00000163866,protein_coding,SMIM12
ENSG00000163870,protein_coding,TPRA1
ENSG00000163872,protein_coding,YEATS2
ENSG00000163873,protein_coding,GRIK3
ENSG00000163875,protein_coding,MEAF6
ENSG00000163877,protein_coding,SNIP1
ENSG00000163879,protein_coding,DNALI1
ENSG00000163884,protein_coding,KLF15
ENSG00000163885,protein_coding,CFAP100
ENSG00000163888,protein_coding,CAMK2N2
ENSG00000163898,protein_coding,LIPH
ENSG00000163900,protein_coding,TMEM41A
ENSG00000163902,protein_coding,RPN1
ENSG00000163904,protein_coding,SENP2
ENSG00000163913,protein_coding,IFT122
ENSG00000163918,protein_coding,RFC4
ENSG00000163923,protein_coding,RPL39L
ENSG00000163930,protein_coding,BAP1
ENSG00000163931,protein_coding,TKT
ENSG00000163932,protein_coding,PRKCD
ENSG00000163933,protein_coding,RFT1
ENSG00000163935,protein_coding,SFMBT1
ENSG00000163938,protein_coding,GNL3
ENSG00000163939,protein_coding,PBRM1
ENSG00000163945,protein_coding,UVSSA
ENSG00000163946,protein_coding,TASOR
ENSG00000163947,protein_coding,ARHGEF3
ENSG00000163950,protein_coding,SLBP
ENSG00000163956,protein_coding,LRPAP1
ENSG00000163958,protein_coding,ZDHHC19
ENSG00000163959,protein_coding,SLC51A
ENSG00000163960,protein_coding,UBXN7
ENSG00000163961,protein_coding,RNF168
ENSG00000163964,protein_coding,PIGX
ENSG00000163975,protein_coding,MELTF
ENSG00000163995,protein_coding,ABLIM2
ENSG00000164002,protein_coding,EXO5
ENSG00000164008,protein_coding,C1orf50
ENSG00000164010,protein_coding,ERMAP
ENSG00000164011,protein_coding,ZNF691
ENSG00000164022,protein_coding,AIMP1
ENSG00000164023,protein_coding,SGMS2
ENSG00000164024,protein_coding,METAP1
ENSG00000164031,protein_coding,DNAJB14
ENSG00000164032,protein_coding,H2AFZ
ENSG00000164035,protein_coding,EMCN
ENSG00000164037,protein_coding,SLC9B1
ENSG00000164038,protein_coding,SLC9B2
ENSG00000164040,protein_coding,PGRMC2
ENSG00000164048,protein_coding,ZNF589
ENSG00000164049,protein_coding,FBXW12
ENSG00000164050,protein_coding,PLXNB1
ENSG00000164051,protein_coding,CCDC51
ENSG00000164053,protein_coding,ATRIP
ENSG00000164054,protein_coding,SHISA5
ENSG00000164056,protein_coding,SPRY1
ENSG00000164061,protein_coding,BSN
ENSG00000164062,protein_coding,APEH
ENSG00000164066,protein_coding,INTU
ENSG00000164068,protein_coding,RNF123
ENSG00000164070,protein_coding,HSPA4L
ENSG00000164073,protein_coding,MFSD8
ENSG00000164074,protein_coding,ABHD18
ENSG00000164076,protein_coding,CAMKV
ENSG00000164077,protein_coding,MON1A
ENSG00000164078,protein_coding,MST1R
ENSG00000164080,protein_coding,RAD54L2
ENSG00000164081,protein_coding,TEX264
ENSG00000164082,protein_coding,GRM2
ENSG00000164086,protein_coding,DUSP7
ENSG00000164087,protein_coding,POC1A
ENSG00000164088,protein_coding,PPM1M
ENSG00000164089,protein_coding,ETNPPL
ENSG00000164091,protein_coding,WDR82
ENSG00000164096,protein_coding,C4orf3
ENSG00000164099,protein_coding,PRSS12
ENSG00000164100,protein_coding,NDST3
ENSG00000164104,protein_coding,HMGB2
ENSG00000164105,protein_coding,SAP30
ENSG00000164106,protein_coding,SCRG1
ENSG00000164109,protein_coding,MAD2L1
ENSG00000164111,protein_coding,ANXA5
ENSG00000164112,protein_coding,TMEM155
ENSG00000164114,protein_coding,MAP9
ENSG00000164116,protein_coding,GUCY1A1
ENSG00000164117,protein_coding,FBXO8
ENSG00000164118,protein_coding,CEP44
ENSG00000164120,protein_coding,HPGD
ENSG00000164122,protein_coding,ASB5
ENSG00000164123,protein_coding,C4orf45
ENSG00000164124,protein_coding,TMEM144
ENSG00000164125,protein_coding,GASK1B
ENSG00000164128,protein_coding,NPY1R
ENSG00000164129,protein_coding,NPY5R
ENSG00000164134,protein_coding,NAA15
ENSG00000164136,protein_coding,IL15
ENSG00000164142,protein_coding,FAM160A1
ENSG00000164144,protein_coding,ARFIP1
ENSG00000164151,protein_coding,ICE1
ENSG00000164161,protein_coding,HHIP
ENSG00000164162,protein_coding,ANAPC10
ENSG00000164163,protein_coding,ABCE1
ENSG00000164164,protein_coding,OTUD4
ENSG00000164167,protein_coding,LSM6
ENSG00000164168,protein_coding,TMEM184C
ENSG00000164169,protein_coding,PRMT9
ENSG00000164171,protein_coding,ITGA2
ENSG00000164172,protein_coding,MOCS2
ENSG00000164175,protein_coding,SLC45A2
ENSG00000164176,protein_coding,EDIL3
ENSG00000164180,protein_coding,TMEM161B
ENSG00000164181,protein_coding,ELOVL7
ENSG00000164182,protein_coding,NDUFAF2
ENSG00000164185,protein_coding,ZNF474
ENSG00000164187,protein_coding,LMBRD2
ENSG00000164188,protein_coding,RANBP3L
ENSG00000164190,protein_coding,NIPBL
ENSG00000164197,protein_coding,RNF180
ENSG00000164199,protein_coding,ADGRV1
ENSG00000164209,protein_coding,SLC25A46
ENSG00000164211,protein_coding,STARD4
ENSG00000164219,protein_coding,PGGT1B
ENSG00000164221,protein_coding,CCDC112
ENSG00000164236,protein_coding,ANKRD33B
ENSG00000164237,protein_coding,CMBL
ENSG00000164241,protein_coding,C5orf63
ENSG00000164244,protein_coding,PRRC1
ENSG00000164252,protein_coding,AGGF1
ENSG00000164253,protein_coding,WDR41
ENSG00000164258,protein_coding,NDUFS4
ENSG00000164270,protein_coding,HTR4
ENSG00000164284,protein_coding,GRPEL2
ENSG00000164291,protein_coding,ARSK
ENSG00000164292,protein_coding,RHOBTB3
ENSG00000164296,protein_coding,TIGD6
ENSG00000164300,protein_coding,SERINC5
ENSG00000164303,protein_coding,ENPP6
ENSG00000164304,protein_coding,CAGE1
ENSG00000164305,protein_coding,CASP3
ENSG00000164306,protein_coding,PRIMPOL
ENSG00000164307,protein_coding,ERAP1
ENSG00000164308,protein_coding,ERAP2
ENSG00000164309,protein_coding,CMYA5
ENSG00000164318,protein_coding,EGFLAM
ENSG00000164323,protein_coding,CFAP97
ENSG00000164326,protein_coding,CARTPT
ENSG00000164327,protein_coding,RICTOR
ENSG00000164329,protein_coding,TENT2
ENSG00000164330,protein_coding,EBF1
ENSG00000164331,protein_coding,ANKRA2
ENSG00000164332,protein_coding,UBLCP1
ENSG00000164338,protein_coding,UTP15
ENSG00000164344,protein_coding,KLKB1
ENSG00000164346,protein_coding,NSA2
ENSG00000164347,protein_coding,GFM2
ENSG00000164362,protein_coding,TERT
ENSG00000164366,protein_coding,CCDC127
ENSG00000164385,lncRNA,LINC01600
ENSG00000164398,protein_coding,ACSL6
ENSG00000164402,protein_coding,SEPTIN8
ENSG00000164403,protein_coding,SHROOM1
ENSG00000164405,protein_coding,UQCRQ
ENSG00000164406,protein_coding,LEAP2
ENSG00000164414,protein_coding,SLC35A1
ENSG00000164418,protein_coding,GRIK2
ENSG00000164430,protein_coding,CGAS
ENSG00000164434,protein_coding,FABP7
ENSG00000164440,protein_coding,TXLNB
ENSG00000164442,protein_coding,CITED2
ENSG00000164463,protein_coding,CREBRF
ENSG00000164465,protein_coding,DCBLD1
ENSG00000164466,protein_coding,SFXN1
ENSG00000164483,protein_coding,SAMD3
ENSG00000164484,protein_coding,TMEM200A
ENSG00000164494,protein_coding,PDSS2
ENSG00000164500,protein_coding,SPATA48
ENSG00000164506,protein_coding,STXBP5
ENSG00000164512,protein_coding,ANKRD55
ENSG00000164530,protein_coding,PI16
ENSG00000164535,protein_coding,DAGLB
ENSG00000164542,protein_coding,KIAA0895
ENSG00000164543,protein_coding,STK17A
ENSG00000164548,protein_coding,TRA2A
ENSG00000164574,protein_coding,GALNT10
ENSG00000164576,protein_coding,SAP30L
ENSG00000164588,protein_coding,HCN1
ENSG00000164591,protein_coding,MYOZ3
ENSG00000164597,protein_coding,COG5
ENSG00000164600,protein_coding,NEUROD6
ENSG00000164603,protein_coding,BMT2
ENSG00000164604,protein_coding,GPR85
ENSG00000164609,protein_coding,SLU7
ENSG00000164610,protein_coding,RP9
ENSG00000164611,protein_coding,PTTG1
ENSG00000164615,protein_coding,CAMLG
ENSG00000164619,protein_coding,BMPER
ENSG00000164620,protein_coding,RELL2
ENSG00000164627,protein_coding,KIF6
ENSG00000164631,protein_coding,ZNF12
ENSG00000164638,protein_coding,SLC29A4
ENSG00000164647,protein_coding,STEAP1
ENSG00000164649,protein_coding,CDCA7L
ENSG00000164654,protein_coding,MIOS
ENSG00000164659,protein_coding,KIAA1324L
ENSG00000164663,protein_coding,USP49
ENSG00000164674,protein_coding,SYTL3
ENSG00000164675,protein_coding,IQUB
ENSG00000164683,protein_coding,HEY1
ENSG00000164684,protein_coding,ZNF704
ENSG00000164687,protein_coding,FABP5
ENSG00000164690,protein_coding,SHH
ENSG00000164691,protein_coding,TAGAP
ENSG00000164692,protein_coding,COL1A2
ENSG00000164694,protein_coding,FNDC1
ENSG00000164707,protein_coding,SLC13A4
ENSG00000164708,protein_coding,PGAM2
ENSG00000164713,protein_coding,BRI3
ENSG00000164715,protein_coding,LMTK2
ENSG00000164733,protein_coding,CTSB
ENSG00000164741,protein_coding,DLC1
ENSG00000164742,protein_coding,ADCY1
ENSG00000164744,protein_coding,SUN3
ENSG00000164749,protein_coding,HNF4G
ENSG00000164751,protein_coding,PEX2
ENSG00000164754,protein_coding,RAD21
ENSG00000164756,protein_coding,SLC30A8
ENSG00000164758,protein_coding,MED30
ENSG00000164761,protein_coding,TNFRSF11B
ENSG00000164776,protein_coding,PHKG1
ENSG00000164794,protein_coding,KCNV1
ENSG00000164796,protein_coding,CSMD3
ENSG00000164808,protein_coding,SPIDR
ENSG00000164815,protein_coding,ORC5
ENSG00000164818,protein_coding,DNAAF5
ENSG00000164823,protein_coding,OSGIN2
ENSG00000164828,protein_coding,SUN1
ENSG00000164830,protein_coding,OXR1
ENSG00000164841,protein_coding,TMEM74
ENSG00000164849,protein_coding,GPR146
ENSG00000164850,protein_coding,GPER1
ENSG00000164877,protein_coding,MICALL2
ENSG00000164879,protein_coding,CA3
ENSG00000164880,protein_coding,INTS1
ENSG00000164885,protein_coding,CDK5
ENSG00000164889,protein_coding,SLC4A2
ENSG00000164896,protein_coding,FASTK
ENSG00000164897,protein_coding,TMUB1
ENSG00000164902,protein_coding,PHAX
ENSG00000164904,protein_coding,ALDH7A1
ENSG00000164916,protein_coding,FOXK1
ENSG00000164919,protein_coding,COX6C
ENSG00000164924,protein_coding,YWHAZ
ENSG00000164929,protein_coding,BAALC
ENSG00000164930,protein_coding,FZD6
ENSG00000164932,protein_coding,CTHRC1
ENSG00000164933,protein_coding,SLC25A32
ENSG00000164934,protein_coding,DCAF13
ENSG00000164935,protein_coding,DCSTAMP
ENSG00000164938,protein_coding,TP53INP1
ENSG00000164941,protein_coding,INTS8
ENSG00000164944,protein_coding,VIRMA
ENSG00000164946,protein_coding,FREM1
ENSG00000164949,protein_coding,GEM
ENSG00000164951,protein_coding,PDP1
ENSG00000164953,protein_coding,TMEM67
ENSG00000164961,protein_coding,WASHC5
ENSG00000164967,protein_coding,RPP25L
ENSG00000164970,protein_coding,FAM219A
ENSG00000164972,protein_coding,C9orf24
ENSG00000164975,protein_coding,SNAPC3
ENSG00000164976,protein_coding,MYORG
ENSG00000164978,protein_coding,NUDT2
ENSG00000164983,protein_coding,TMEM65
ENSG00000164985,protein_coding,PSIP1
ENSG00000164989,protein_coding,CCDC171
ENSG00000165006,protein_coding,UBAP1
ENSG00000165023,protein_coding,DIRAS2
ENSG00000165025,protein_coding,SYK
ENSG00000165028,protein_coding,NIPSNAP3B
ENSG00000165029,protein_coding,ABCA1
ENSG00000165030,protein_coding,NFIL3
ENSG00000165046,protein_coding,LETM2
ENSG00000165055,protein_coding,METTL2B
ENSG00000165060,protein_coding,FXN
ENSG00000165061,protein_coding,ZMAT4
ENSG00000165072,protein_coding,MAMDC2
ENSG00000165078,protein_coding,CPA6
ENSG00000165084,protein_coding,C8orf34
ENSG00000165091,protein_coding,TMC1
ENSG00000165092,protein_coding,ALDH1A1
ENSG00000165097,protein_coding,KDM1B
ENSG00000165102,protein_coding,HGSNAT
ENSG00000165105,protein_coding,RASEF
ENSG00000165113,protein_coding,GKAP1
ENSG00000165115,protein_coding,KIF27
ENSG00000165118,protein_coding,C9orf64
ENSG00000165119,protein_coding,HNRNPK
ENSG00000165124,protein_coding,SVEP1
ENSG00000165138,protein_coding,ANKS6
ENSG00000165140,protein_coding,FBP1
ENSG00000165152,protein_coding,TMEM246
ENSG00000165156,protein_coding,ZHX1
ENSG00000165164,protein_coding,CFAP47
ENSG00000165169,protein_coding,DYNLT3
ENSG00000165171,protein_coding,METTL27
ENSG00000165175,protein_coding,MID1IP1
ENSG00000165181,protein_coding,SHOC1
ENSG00000165182,protein_coding,CXorf58
ENSG00000165185,protein_coding,KIAA1958
ENSG00000165186,protein_coding,PTCHD1
ENSG00000165194,protein_coding,PCDH19
ENSG00000165195,protein_coding,PIGA
ENSG00000165197,protein_coding,VEGFD
ENSG00000165209,protein_coding,STRBP
ENSG00000165219,protein_coding,GAPVD1
ENSG00000165233,protein_coding,CARD19
ENSG00000165238,protein_coding,WNK2
ENSG00000165240,protein_coding,ATP7A
ENSG00000165244,protein_coding,ZNF367
ENSG00000165246,protein_coding,NLGN4Y
ENSG00000165259,protein_coding,HDX
ENSG00000165264,protein_coding,NDUFB6
ENSG00000165271,protein_coding,NOL6
ENSG00000165275,protein_coding,TRMT10B
ENSG00000165280,protein_coding,VCP
ENSG00000165283,protein_coding,STOML2
ENSG00000165288,protein_coding,BRWD3
ENSG00000165300,protein_coding,SLITRK5
ENSG00000165304,protein_coding,MELK
ENSG00000165309,protein_coding,ARMC3
ENSG00000165312,protein_coding,OTUD1
ENSG00000165322,protein_coding,ARHGAP12
ENSG00000165323,protein_coding,FAT3
ENSG00000165325,protein_coding,DEUP1
ENSG00000165338,protein_coding,HECTD2
ENSG00000165355,protein_coding,FBXO33
ENSG00000165359,protein_coding,INTS6L
ENSG00000165379,protein_coding,LRFN5
ENSG00000165392,protein_coding,WRN
ENSG00000165406,protein_coding,MARCH8
ENSG00000165409,protein_coding,TSHR
ENSG00000165410,protein_coding,CFL2
ENSG00000165416,protein_coding,SUGT1
ENSG00000165417,protein_coding,GTF2A1
ENSG00000165424,protein_coding,ZCCHC24
ENSG00000165434,protein_coding,PGM2L1
ENSG00000165443,protein_coding,PHYHIPL
ENSG00000165449,protein_coding,SLC16A9
ENSG00000165458,protein_coding,INPPL1
ENSG00000165475,protein_coding,CRYL1
ENSG00000165476,protein_coding,REEP3
ENSG00000165478,protein_coding,HEPACAM
ENSG00000165487,protein_coding,MICU2
ENSG00000165494,protein_coding,PCF11
ENSG00000165495,protein_coding,PKNOX2
ENSG00000165501,protein_coding,LRR1
ENSG00000165502,protein_coding,RPL36AL
ENSG00000165506,protein_coding,DNAAF2
ENSG00000165507,protein_coding,DEPP1
ENSG00000165509,protein_coding,MAGEC3
ENSG00000165512,protein_coding,ZNF22
ENSG00000165516,protein_coding,KLHDC2
ENSG00000165521,protein_coding,EML5
ENSG00000165525,protein_coding,NEMF
ENSG00000165526,protein_coding,RPUSD4
ENSG00000165527,protein_coding,ARF6
ENSG00000165533,protein_coding,TTC8
ENSG00000165548,protein_coding,TMEM63C
ENSG00000165553,protein_coding,NGB
ENSG00000165555,protein_coding,NOXRED1
ENSG00000165566,protein_coding,AMER2
ENSG00000165568,protein_coding,AKR1E2
ENSG00000165572,protein_coding,KBTBD6
ENSG00000165591,protein_coding,FAAH2
ENSG00000165606,protein_coding,DRGX
ENSG00000165609,protein_coding,NUDT5
ENSG00000165617,protein_coding,DACT1
ENSG00000165626,protein_coding,BEND7
ENSG00000165629,protein_coding,ATP5F1C
ENSG00000165630,protein_coding,PRPF18
ENSG00000165632,protein_coding,TAF3
ENSG00000165633,protein_coding,VSTM4
ENSG00000165637,protein_coding,VDAC2
ENSG00000165643,protein_coding,SOHLH1
ENSG00000165644,protein_coding,COMTD1
ENSG00000165646,protein_coding,SLC18A2
ENSG00000165650,protein_coding,PDZD8
ENSG00000165660,protein_coding,ABRAXAS2
ENSG00000165661,protein_coding,QSOX2
ENSG00000165669,protein_coding,FAM204A
ENSG00000165671,protein_coding,NSD1
ENSG00000165672,protein_coding,PRDX3
ENSG00000165675,protein_coding,ENOX2
ENSG00000165678,protein_coding,GHITM
ENSG00000165684,protein_coding,SNAPC4
ENSG00000165688,protein_coding,PMPCA
ENSG00000165689,protein_coding,ENTR1
ENSG00000165695,protein_coding,AK8
ENSG00000165698,protein_coding,SPACA9
ENSG00000165699,protein_coding,TSC1
ENSG00000165704,protein_coding,HPRT1
ENSG00000165714,protein_coding,BORCS5
ENSG00000165716,protein_coding,DIPK1B
ENSG00000165724,protein_coding,ZMYND19
ENSG00000165730,protein_coding,STOX1
ENSG00000165731,protein_coding,RET
ENSG00000165732,protein_coding,DDX21
ENSG00000165733,protein_coding,BMS1
ENSG00000165752,protein_coding,STK32C
ENSG00000165757,protein_coding,JCAD
ENSG00000165775,protein_coding,FUNDC2
ENSG00000165782,protein_coding,PIP4P1
ENSG00000165792,protein_coding,METTL17
ENSG00000165795,protein_coding,NDRG2
ENSG00000165801,protein_coding,ARHGEF40
ENSG00000165802,protein_coding,NSMF
ENSG00000165804,protein_coding,ZNF219
ENSG00000165806,protein_coding,CASP7
ENSG00000165807,protein_coding,PPP1R36
ENSG00000165810,protein_coding,BTNL9
ENSG00000165813,protein_coding,CCDC186
ENSG00000165816,protein_coding,VWA2
ENSG00000165819,protein_coding,METTL3
ENSG00000165821,protein_coding,SALL2
ENSG00000165832,protein_coding,TRUB1
ENSG00000165837,protein_coding,ERICH6B
ENSG00000165841,protein_coding,CYP2C19
ENSG00000165861,protein_coding,ZFYVE1
ENSG00000165863,protein_coding,C10orf82
ENSG00000165868,protein_coding,HSPA12A
ENSG00000165879,protein_coding,FRAT1
ENSG00000165886,protein_coding,UBTD1
ENSG00000165887,protein_coding,ANKRD2
ENSG00000165895,protein_coding,ARHGAP42
ENSG00000165898,protein_coding,ISCA2
ENSG00000165899,protein_coding,OTOGL
ENSG00000165912,protein_coding,PACSIN3
ENSG00000165914,protein_coding,TTC7B
ENSG00000165915,protein_coding,SLC39A13
ENSG00000165916,protein_coding,PSMC3
ENSG00000165923,protein_coding,AGBL2
ENSG00000165929,protein_coding,TC2N
ENSG00000165934,protein_coding,CPSF2
ENSG00000165935,protein_coding,SMCO2
ENSG00000165943,protein_coding,MOAP1
ENSG00000165948,protein_coding,IFI27L1
ENSG00000165949,protein_coding,IFI27
ENSG00000165959,protein_coding,CLMN
ENSG00000165966,protein_coding,PDZRN4
ENSG00000165972,protein_coding,CCDC38
ENSG00000165973,protein_coding,NELL1
ENSG00000165983,protein_coding,PTER
ENSG00000165985,protein_coding,C1QL3
ENSG00000165995,protein_coding,CACNB2
ENSG00000165996,protein_coding,HACD1
ENSG00000165997,protein_coding,ARL5B
ENSG00000166002,protein_coding,SMCO4
ENSG00000166004,protein_coding,CEP295
ENSG00000166006,protein_coding,KCNC2
ENSG00000166012,protein_coding,TAF1D
ENSG00000166016,protein_coding,ABTB2
ENSG00000166024,protein_coding,R3HCC1L
ENSG00000166025,protein_coding,AMOTL1
ENSG00000166033,protein_coding,HTRA1
ENSG00000166035,protein_coding,LIPC
ENSG00000166037,protein_coding,CEP57
ENSG00000166046,protein_coding,TCP11L2
ENSG00000166068,protein_coding,SPRED1
ENSG00000166073,protein_coding,GPR176
ENSG00000166086,protein_coding,JAM3
ENSG00000166091,protein_coding,CMTM5
ENSG00000166105,protein_coding,GLB1L3
ENSG00000166106,protein_coding,ADAMTS15
ENSG00000166111,protein_coding,SVOP
ENSG00000166123,protein_coding,GPT2
ENSG00000166128,protein_coding,RAB8B
ENSG00000166130,protein_coding,IKBIP
ENSG00000166133,protein_coding,RPUSD2
ENSG00000166135,protein_coding,HIF1AN
ENSG00000166140,protein_coding,ZFYVE19
ENSG00000166147,protein_coding,FBN1
ENSG00000166153,protein_coding,DEPDC4
ENSG00000166159,protein_coding,LRTM2
ENSG00000166164,protein_coding,BRD7
ENSG00000166165,protein_coding,CKB
ENSG00000166166,protein_coding,TRMT61A
ENSG00000166167,protein_coding,BTRC
ENSG00000166169,protein_coding,POLL
ENSG00000166170,protein_coding,BAG5
ENSG00000166171,protein_coding,DPCD
ENSG00000166173,protein_coding,LARP6
ENSG00000166181,protein_coding,API5
ENSG00000166188,protein_coding,ZNF319
ENSG00000166189,protein_coding,HPS6
ENSG00000166192,protein_coding,SENP8
ENSG00000166197,protein_coding,NOLC1
ENSG00000166199,protein_coding,ALKBH3
ENSG00000166200,protein_coding,COPS2
ENSG00000166206,protein_coding,GABRB3
ENSG00000166224,protein_coding,SGPL1
ENSG00000166225,protein_coding,FRS2
ENSG00000166226,protein_coding,CCT2
ENSG00000166228,protein_coding,PCBD1
ENSG00000166233,protein_coding,ARIH1
ENSG00000166246,protein_coding,C16orf71
ENSG00000166250,protein_coding,CLMP
ENSG00000166257,protein_coding,SCN3B
ENSG00000166260,protein_coding,COX11
ENSG00000166261,protein_coding,ZNF202
ENSG00000166262,protein_coding,FAM227B
ENSG00000166263,protein_coding,STXBP4
ENSG00000166265,protein_coding,CYYR1
ENSG00000166266,protein_coding,CUL5
ENSG00000166268,protein_coding,MYRFL
ENSG00000166272,protein_coding,WBP1L
ENSG00000166278,protein_coding,C2
ENSG00000166289,protein_coding,PLEKHF1
ENSG00000166292,protein_coding,TMEM100
ENSG00000166295,protein_coding,ANAPC16
ENSG00000166311,protein_coding,SMPD1
ENSG00000166313,protein_coding,APBB1
ENSG00000166321,protein_coding,NUDT13
ENSG00000166323,protein_coding,C11orf65
ENSG00000166326,protein_coding,TRIM44
ENSG00000166333,protein_coding,ILK
ENSG00000166337,protein_coding,TAF10
ENSG00000166340,protein_coding,TPP1
ENSG00000166341,protein_coding,DCHS1
ENSG00000166342,protein_coding,NETO1
ENSG00000166343,protein_coding,MSS51
ENSG00000166347,protein_coding,CYB5A
ENSG00000166348,protein_coding,USP54
ENSG00000166349,protein_coding,RAG1
ENSG00000166352,protein_coding,C11orf74
ENSG00000166359,protein_coding,WDR88
ENSG00000166377,protein_coding,ATP9B
ENSG00000166387,protein_coding,PPFIBP2
ENSG00000166394,protein_coding,CYB5R2
ENSG00000166398,protein_coding,KIAA0355
ENSG00000166401,protein_coding,SERPINB8
ENSG00000166402,protein_coding,TUB
ENSG00000166405,protein_coding,RIC3
ENSG00000166407,protein_coding,LMO1
ENSG00000166411,protein_coding,IDH3A
ENSG00000166426,protein_coding,CRABP1
ENSG00000166432,protein_coding,ZMAT1
ENSG00000166435,protein_coding,XRRA1
ENSG00000166436,protein_coding,TRIM66
ENSG00000166439,protein_coding,RNF169
ENSG00000166441,protein_coding,RPL27A
ENSG00000166444,protein_coding,ST5
ENSG00000166446,protein_coding,CDYL2
ENSG00000166448,protein_coding,TMEM130
ENSG00000166450,protein_coding,PRTG
ENSG00000166451,protein_coding,CENPN
ENSG00000166452,protein_coding,AKIP1
ENSG00000166454,protein_coding,ATMIN
ENSG00000166455,protein_coding,C16orf46
ENSG00000166471,protein_coding,TMEM41B
ENSG00000166477,protein_coding,LEO1
ENSG00000166478,protein_coding,ZNF143
ENSG00000166479,protein_coding,TMX3
ENSG00000166483,protein_coding,WEE1
ENSG00000166484,protein_coding,MAPK7
ENSG00000166501,protein_coding,PRKCB
ENSG00000166503,protein_coding,HDGFL3
ENSG00000166508,protein_coding,MCM7
ENSG00000166510,protein_coding,CCDC68
ENSG00000166526,protein_coding,ZNF3
ENSG00000166529,protein_coding,ZSCAN21
ENSG00000166532,protein_coding,RIMKLB
ENSG00000166535,protein_coding,A2ML1
ENSG00000166546,protein_coding,BEAN1
ENSG00000166548,protein_coding,TK2
ENSG00000166557,protein_coding,TMED3
ENSG00000166558,protein_coding,SLC38A8
ENSG00000166562,protein_coding,SEC11C
ENSG00000166573,protein_coding,GALR1
ENSG00000166575,protein_coding,TMEM135
ENSG00000166578,protein_coding,IQCD
ENSG00000166579,protein_coding,NDEL1
ENSG00000166582,protein_coding,CENPV
ENSG00000166595,protein_coding,CIAO2B
ENSG00000166596,protein_coding,CFAP52
ENSG00000166598,protein_coding,HSP90B1
ENSG00000166619,protein_coding,BLCAP
ENSG00000166664,protein_coding,CHRFAM7A
ENSG00000166669,protein_coding,ATF7IP2
ENSG00000166676,protein_coding,TVP23A
ENSG00000166681,protein_coding,BEX3
ENSG00000166682,protein_coding,TMPRSS5
ENSG00000166685,protein_coding,COG1
ENSG00000166689,protein_coding,PLEKHA7
ENSG00000166704,protein_coding,ZNF606
ENSG00000166707,protein_coding,ZCCHC18
ENSG00000166710,protein_coding,B2M
ENSG00000166716,protein_coding,ZNF592
ENSG00000166734,protein_coding,CASC4
ENSG00000166736,protein_coding,HTR3A
ENSG00000166741,protein_coding,NNMT
ENSG00000166747,protein_coding,AP1G1
ENSG00000166750,protein_coding,SLFN5
ENSG00000166770,lncRNA,ZNF667-AS1
ENSG00000166780,protein_coding,BMERB1
ENSG00000166783,protein_coding,MARF1
ENSG00000166788,protein_coding,SAAL1
ENSG00000166793,protein_coding,YPEL4
ENSG00000166794,protein_coding,PPIB
ENSG00000166796,protein_coding,LDHC
ENSG00000166797,protein_coding,CIAO2A
ENSG00000166800,protein_coding,LDHAL6A
ENSG00000166801,protein_coding,FAM111A
ENSG00000166813,protein_coding,KIF7
ENSG00000166816,protein_coding,LDHD
ENSG00000166821,protein_coding,PEX11A
ENSG00000166823,protein_coding,MESP1
ENSG00000166828,protein_coding,SCNN1G
ENSG00000166831,protein_coding,RBPMS2
ENSG00000166833,protein_coding,NAV2
ENSG00000166839,protein_coding,ANKDD1A
ENSG00000166845,protein_coding,C18orf54
ENSG00000166847,protein_coding,DCTN5
ENSG00000166848,protein_coding,TERF2IP
ENSG00000166851,protein_coding,PLK1
ENSG00000166855,protein_coding,CLPX
ENSG00000166860,protein_coding,ZBTB39
ENSG00000166862,protein_coding,CACNG2
ENSG00000166863,protein_coding,TAC3
ENSG00000166881,protein_coding,NEMP1
ENSG00000166886,protein_coding,NAB2
ENSG00000166887,protein_coding,VPS39
ENSG00000166888,protein_coding,STAT6
ENSG00000166889,protein_coding,PATL1
ENSG00000166896,protein_coding,ATP23
ENSG00000166897,protein_coding,ELFN2
ENSG00000166900,protein_coding,STX3
ENSG00000166902,protein_coding,MRPL16
ENSG00000166908,protein_coding,PIP4K2C
ENSG00000166912,protein_coding,MTMR10
ENSG00000166913,protein_coding,YWHAB
ENSG00000166922,protein_coding,SCG5
ENSG00000166923,protein_coding,GREM1
ENSG00000166924,protein_coding,NYAP1
ENSG00000166925,protein_coding,TSC22D4
ENSG00000166930,protein_coding,MS4A5
ENSG00000166938,protein_coding,DIS3L
ENSG00000166946,protein_coding,CCNDBP1
ENSG00000166947,protein_coding,EPB42
ENSG00000166949,protein_coding,SMAD3
ENSG00000166959,protein_coding,MS4A8
ENSG00000166960,protein_coding,CCDC178
ENSG00000166963,protein_coding,MAP1A
ENSG00000166965,protein_coding,RCCD1
ENSG00000166971,protein_coding,AKTIP
ENSG00000166974,protein_coding,MAPRE2
ENSG00000166979,protein_coding,EVA1C
ENSG00000166986,protein_coding,MARS
ENSG00000166987,protein_coding,MBD6
ENSG00000166997,protein_coding,CNPY4
ENSG00000167004,protein_coding,PDIA3
ENSG00000167005,protein_coding,NUDT21
ENSG00000167011,protein_coding,NAT16
ENSG00000167034,protein_coding,NKX3-1
ENSG00000167037,protein_coding,SGSM1
ENSG00000167065,protein_coding,DUSP18
ENSG00000167074,protein_coding,TEF
ENSG00000167077,protein_coding,MEI1
ENSG00000167080,protein_coding,B4GALNT2
ENSG00000167081,protein_coding,PBX3
ENSG00000167085,protein_coding,PHB
ENSG00000167088,protein_coding,SNRPD1
ENSG00000167100,protein_coding,SAMD14
ENSG00000167103,protein_coding,PIP5KL1
ENSG00000167106,protein_coding,FAM102A
ENSG00000167107,protein_coding,ACSF2
ENSG00000167110,protein_coding,GOLGA2
ENSG00000167112,protein_coding,TRUB2
ENSG00000167113,protein_coding,COQ4
ENSG00000167114,protein_coding,SLC27A4
ENSG00000167118,protein_coding,URM1
ENSG00000167123,protein_coding,CERCAM
ENSG00000167130,protein_coding,DOLPP1
ENSG00000167136,protein_coding,ENDOG
ENSG00000167173,protein_coding,C15orf39
ENSG00000167178,protein_coding,ISLR2
ENSG00000167182,protein_coding,SP2
ENSG00000167186,protein_coding,COQ7
ENSG00000167191,protein_coding,GPRC5B
ENSG00000167193,protein_coding,CRK
ENSG00000167196,protein_coding,FBXO22
ENSG00000167202,protein_coding,TBC1D2B
ENSG00000167210,protein_coding,LOXHD1
ENSG00000167216,protein_coding,KATNAL2
ENSG00000167220,protein_coding,HDHD2
ENSG00000167232,protein_coding,ZNF91
ENSG00000167244,protein_coding,IGF2
ENSG00000167257,protein_coding,RNF214
ENSG00000167258,protein_coding,CDK12
ENSG00000167264,protein_coding,DUS2
ENSG00000167272,protein_coding,POP5
ENSG00000167280,protein_coding,ENGASE
ENSG00000167281,protein_coding,RBFOX3
ENSG00000167283,protein_coding,ATP5MG
ENSG00000167291,protein_coding,TBC1D16
ENSG00000167302,protein_coding,TEPSIN
ENSG00000167306,protein_coding,MYO5B
ENSG00000167315,protein_coding,ACAA2
ENSG00000167323,protein_coding,STIM1
ENSG00000167325,protein_coding,RRM1
ENSG00000167332,protein_coding,OR51E2
ENSG00000167333,protein_coding,TRIM68
ENSG00000167346,protein_coding,MMP26
ENSG00000167363,protein_coding,FN3K
ENSG00000167371,protein_coding,PRRT2
ENSG00000167380,protein_coding,ZNF226
ENSG00000167384,protein_coding,ZNF180
ENSG00000167393,protein_coding,PPP2R3B
ENSG00000167394,protein_coding,ZNF668
ENSG00000167395,protein_coding,ZNF646
ENSG00000167434,protein_coding,CA4
ENSG00000167460,protein_coding,TPM4
ENSG00000167461,protein_coding,RAB8A
ENSG00000167468,protein_coding,GPX4
ENSG00000167470,protein_coding,MIDN
ENSG00000167483,protein_coding,NIBAN3
ENSG00000167487,protein_coding,KLHL26
ENSG00000167491,protein_coding,GATAD2A
ENSG00000167508,protein_coding,MVD
ENSG00000167515,protein_coding,TRAPPC2L
ENSG00000167522,protein_coding,ANKRD11
ENSG00000167523,protein_coding,SPATA33
ENSG00000167525,protein_coding,PROCA1
ENSG00000167526,protein_coding,RPL13
ENSG00000167528,protein_coding,ZNF641
ENSG00000167535,protein_coding,CACNB3
ENSG00000167536,protein_coding,DHRS13
ENSG00000167548,protein_coding,KMT2D
ENSG00000167549,protein_coding,CORO6
ENSG00000167550,protein_coding,RHEBL1
ENSG00000167552,protein_coding,TUBA1A
ENSG00000167553,protein_coding,TUBA1C
ENSG00000167554,protein_coding,ZNF610
ENSG00000167555,protein_coding,ZNF528
ENSG00000167562,protein_coding,ZNF701
ENSG00000167566,protein_coding,NCKAP5L
ENSG00000167588,protein_coding,GPD1
ENSG00000167595,protein_coding,PROSER3
ENSG00000167601,protein_coding,AXL
ENSG00000167604,protein_coding,NFKBID
ENSG00000167613,protein_coding,LAIR1
ENSG00000167614,protein_coding,TTYH1
ENSG00000167615,protein_coding,LENG8
ENSG00000167618,protein_coding,LAIR2
ENSG00000167619,protein_coding,TMEM145
ENSG00000167625,protein_coding,ZNF526
ENSG00000167632,protein_coding,TRAPPC9
ENSG00000167634,protein_coding,NLRP7
ENSG00000167635,protein_coding,ZNF146
ENSG00000167637,protein_coding,ZNF283
ENSG00000167641,protein_coding,PPP1R14A
ENSG00000167642,protein_coding,SPINT2
ENSG00000167645,protein_coding,YIF1B
ENSG00000167654,protein_coding,ATCAY
ENSG00000167656,protein_coding,LY6D
ENSG00000167657,protein_coding,DAPK3
ENSG00000167658,protein_coding,EEF2
ENSG00000167670,protein_coding,CHAF1A
ENSG00000167671,protein_coding,UBXN6
ENSG00000167674,protein_coding,HDGFL2
ENSG00000167680,protein_coding,SEMA6B
ENSG00000167685,protein_coding,ZNF444
ENSG00000167693,protein_coding,NXN
ENSG00000167695,protein_coding,TLCD3A
ENSG00000167699,protein_coding,GLOD4
ENSG00000167700,protein_coding,MFSD3
ENSG00000167701,protein_coding,GPT
ENSG00000167702,protein_coding,KIFC2
ENSG00000167703,protein_coding,SLC43A2
ENSG00000167705,protein_coding,RILP
ENSG00000167711,protein_coding,SERPINF2
ENSG00000167716,protein_coding,WDR81
ENSG00000167720,protein_coding,SRR
ENSG00000167721,protein_coding,TSR1
ENSG00000167723,protein_coding,TRPV3
ENSG00000167740,protein_coding,CYB5D2
ENSG00000167747,protein_coding,C19orf48
ENSG00000167755,protein_coding,KLK6
ENSG00000167766,protein_coding,ZNF83
ENSG00000167769,protein_coding,ACER1
ENSG00000167770,protein_coding,OTUB1
ENSG00000167771,protein_coding,RCOR2
ENSG00000167772,protein_coding,ANGPTL4
ENSG00000167775,protein_coding,CD320
ENSG00000167778,protein_coding,SPRYD3
ENSG00000167779,protein_coding,IGFBP6
ENSG00000167785,protein_coding,ZNF558
ENSG00000167792,protein_coding,NDUFV1
ENSG00000167797,protein_coding,CDK2AP2
ENSG00000167799,protein_coding,NUDT8
ENSG00000167840,protein_coding,ZNF232
ENSG00000167842,protein_coding,MIS12
ENSG00000167851,protein_coding,CD300A
ENSG00000167858,protein_coding,TEKT1
ENSG00000167861,protein_coding,HID1
ENSG00000167862,protein_coding,MRPL58
ENSG00000167863,protein_coding,ATP5PD
ENSG00000167881,protein_coding,SRP68
ENSG00000167889,protein_coding,MGAT5B
ENSG00000167895,protein_coding,TMC8
ENSG00000167904,protein_coding,TMEM68
ENSG00000167912,lncRNA,AC090152.1
ENSG00000167920,lncRNA,TMEM99
ENSG00000167925,protein_coding,GHDC
ENSG00000167930,protein_coding,FAM234A
ENSG00000167962,protein_coding,ZNF598
ENSG00000167964,protein_coding,RAB26
ENSG00000167965,protein_coding,MLST8
ENSG00000167967,protein_coding,E4F1
ENSG00000167968,protein_coding,DNASE1L2
ENSG00000167969,protein_coding,ECI1
ENSG00000167971,protein_coding,CASKIN1
ENSG00000167972,protein_coding,ABCA3
ENSG00000167977,protein_coding,KCTD5
ENSG00000167978,protein_coding,SRRM2
ENSG00000167986,protein_coding,DDB1
ENSG00000167987,protein_coding,VPS37C
ENSG00000167992,protein_coding,VWCE
ENSG00000167995,protein_coding,BEST1
ENSG00000167996,protein_coding,FTH1
ENSG00000168002,protein_coding,POLR2G
ENSG00000168003,protein_coding,SLC3A2
ENSG00000168004,protein_coding,PLAAT5
ENSG00000168005,protein_coding,SPINDOC
ENSG00000168010,protein_coding,ATG16L2
ENSG00000168014,protein_coding,C2CD3
ENSG00000168016,protein_coding,TRANK1
ENSG00000168026,protein_coding,TTC21A
ENSG00000168032,protein_coding,ENTPD3
ENSG00000168036,protein_coding,CTNNB1
ENSG00000168038,protein_coding,ULK4
ENSG00000168040,protein_coding,FADD
ENSG00000168056,protein_coding,LTBP3
ENSG00000168061,protein_coding,SAC3D1
ENSG00000168066,protein_coding,SF1
ENSG00000168067,protein_coding,MAP4K2
ENSG00000168071,protein_coding,CCDC88B
ENSG00000168077,protein_coding,SCARA3
ENSG00000168079,protein_coding,SCARA5
ENSG00000168081,protein_coding,PNOC
ENSG00000168090,protein_coding,COPS6
ENSG00000168092,protein_coding,PAFAH1B2
ENSG00000168096,protein_coding,ANKS3
ENSG00000168101,protein_coding,NUDT16L1
ENSG00000168116,protein_coding,KIAA1586
ENSG00000168118,protein_coding,RAB4A
ENSG00000168135,protein_coding,KCNJ4
ENSG00000168137,protein_coding,SETD5
ENSG00000168140,protein_coding,VASN
ENSG00000168152,protein_coding,THAP9
ENSG00000168159,protein_coding,RNF187
ENSG00000168172,protein_coding,HOOK3
ENSG00000168175,protein_coding,MAPK1IP1L
ENSG00000168209,protein_coding,DDIT4
ENSG00000168214,protein_coding,RBPJ
ENSG00000168216,protein_coding,LMBRD1
ENSG00000168228,protein_coding,ZCCHC4
ENSG00000168229,protein_coding,PTGDR
ENSG00000168234,protein_coding,TTC39C
ENSG00000168243,protein_coding,GNG4
ENSG00000168246,protein_coding,UBTD2
ENSG00000168256,protein_coding,NKIRAS2
ENSG00000168259,protein_coding,DNAJC7
ENSG00000168263,protein_coding,KCNV2
ENSG00000168264,protein_coding,IRF2BP2
ENSG00000168268,protein_coding,NT5DC2
ENSG00000168273,protein_coding,SMIM4
ENSG00000168275,protein_coding,COA6
ENSG00000168280,protein_coding,KIF5C
ENSG00000168282,protein_coding,MGAT2
ENSG00000168283,protein_coding,BMI1
ENSG00000168286,protein_coding,THAP11
ENSG00000168288,protein_coding,MMADHC
ENSG00000168291,protein_coding,PDHB
ENSG00000168297,protein_coding,PXK
ENSG00000168300,protein_coding,PCMTD1
ENSG00000168301,protein_coding,KCTD6
ENSG00000168303,protein_coding,MPLKIP
ENSG00000168306,protein_coding,ACOX2
ENSG00000168309,protein_coding,FAM107A
ENSG00000168310,protein_coding,IRF2
ENSG00000168314,protein_coding,MOBP
ENSG00000168329,protein_coding,CX3CR1
ENSG00000168348,protein_coding,INSM2
ENSG00000168350,protein_coding,DEGS2
ENSG00000168356,protein_coding,SCN11A
ENSG00000168374,protein_coding,ARF4
ENSG00000168385,protein_coding,SEPTIN2
ENSG00000168386,protein_coding,FILIP1L
ENSG00000168389,protein_coding,MFSD2A
ENSG00000168393,protein_coding,DTYMK
ENSG00000168394,protein_coding,TAP1
ENSG00000168395,protein_coding,ING5
ENSG00000168397,protein_coding,ATG4B
ENSG00000168404,protein_coding,MLKL
ENSG00000168411,protein_coding,RFWD3
ENSG00000168421,protein_coding,RHOH
ENSG00000168434,protein_coding,COG7
ENSG00000168438,protein_coding,CDC40
ENSG00000168439,protein_coding,STIP1
ENSG00000168453,protein_coding,HR
ENSG00000168461,protein_coding,RAB31
ENSG00000168477,protein_coding,TNXB
ENSG00000168481,protein_coding,LGI3
ENSG00000168484,protein_coding,SFTPC
ENSG00000168487,protein_coding,BMP1
ENSG00000168488,protein_coding,ATXN2L
ENSG00000168490,protein_coding,PHYHIP
ENSG00000168491,protein_coding,CCDC110
ENSG00000168495,protein_coding,POLR3D
ENSG00000168502,protein_coding,MTCL1
ENSG00000168517,protein_coding,HEXIM2
ENSG00000168522,protein_coding,FNTA
ENSG00000168538,protein_coding,TRAPPC11
ENSG00000168539,protein_coding,CHRM1
ENSG00000168546,protein_coding,GFRA2
ENSG00000168556,protein_coding,ING2
ENSG00000168564,protein_coding,CDKN2AIP
ENSG00000168566,protein_coding,SNRNP48
ENSG00000168569,protein_coding,TMEM223
ENSG00000168575,protein_coding,SLC20A2
ENSG00000168589,protein_coding,DYNLRB2
ENSG00000168591,protein_coding,TMUB2
ENSG00000168594,protein_coding,ADAM29
ENSG00000168610,protein_coding,STAT3
ENSG00000168615,protein_coding,ADAM9
ENSG00000168619,protein_coding,ADAM18
ENSG00000168646,protein_coding,AXIN2
ENSG00000168653,protein_coding,NDUFS5
ENSG00000168658,protein_coding,VWA3B
ENSG00000168661,protein_coding,ZNF30
ENSG00000168672,protein_coding,LRATD2
ENSG00000168675,protein_coding,LDLRAD4
ENSG00000168676,protein_coding,KCTD19
ENSG00000168679,protein_coding,SLC16A4
ENSG00000168685,protein_coding,IL7R
ENSG00000168701,protein_coding,TMEM208
ENSG00000168702,protein_coding,LRP1B
ENSG00000168710,protein_coding,AHCYL1
ENSG00000168724,protein_coding,DNAJC21
ENSG00000168734,protein_coding,PKIG
ENSG00000168743,protein_coding,NPNT
ENSG00000168748,protein_coding,CA7
ENSG00000168754,protein_coding,FAM178B
ENSG00000168758,protein_coding,SEMA4C
ENSG00000168763,protein_coding,CNNM3
ENSG00000168765,protein_coding,GSTM4
ENSG00000168769,protein_coding,TET2
ENSG00000168772,protein_coding,CXXC4
ENSG00000168778,protein_coding,TCTN2
ENSG00000168781,protein_coding,PPIP5K1
ENSG00000168785,protein_coding,TSPAN5
ENSG00000168795,protein_coding,ZBTB5
ENSG00000168802,protein_coding,CHTF8
ENSG00000168803,protein_coding,ADAL
ENSG00000168806,protein_coding,LCMT2
ENSG00000168807,protein_coding,SNTB2
ENSG00000168813,protein_coding,ZNF507
ENSG00000168818,protein_coding,STX18
ENSG00000168824,protein_coding,NSG1
ENSG00000168826,protein_coding,ZBTB49
ENSG00000168827,protein_coding,GFM1
ENSG00000168830,protein_coding,HTR1E
ENSG00000168843,protein_coding,FSTL5
ENSG00000168872,protein_coding,DDX19A
ENSG00000168874,protein_coding,ATOH8
ENSG00000168876,protein_coding,ANKRD49
ENSG00000168878,protein_coding,SFTPB
ENSG00000168883,protein_coding,USP39
ENSG00000168884,protein_coding,TNIP2
ENSG00000168887,protein_coding,C2orf68
ENSG00000168890,protein_coding,TMEM150A
ENSG00000168894,protein_coding,RNF181
ENSG00000168899,protein_coding,VAMP5
ENSG00000168904,protein_coding,LRRC28
ENSG00000168906,protein_coding,MAT2A
ENSG00000168913,protein_coding,ENHO
ENSG00000168916,protein_coding,ZNF608
ENSG00000168917,protein_coding,SLC35G2
ENSG00000168918,protein_coding,INPP5D
ENSG00000168924,protein_coding,LETM1
ENSG00000168936,protein_coding,TMEM129
ENSG00000168939,protein_coding,SPRY3
ENSG00000168944,protein_coding,CEP120
ENSG00000168952,protein_coding,STXBP6
ENSG00000168958,protein_coding,MFF
ENSG00000168959,protein_coding,GRM5
ENSG00000168961,protein_coding,LGALS9
ENSG00000168993,protein_coding,CPLX1
ENSG00000168994,protein_coding,PXDC1
ENSG00000169006,protein_coding,NTSR2
ENSG00000169016,protein_coding,E2F6
ENSG00000169018,protein_coding,FEM1B
ENSG00000169019,protein_coding,COMMD8
ENSG00000169020,protein_coding,ATP5ME
ENSG00000169021,protein_coding,UQCRFS1
ENSG00000169026,protein_coding,SLC49A3
ENSG00000169031,protein_coding,COL4A3
ENSG00000169032,protein_coding,MAP2K1
ENSG00000169035,protein_coding,KLK7
ENSG00000169045,protein_coding,HNRNPH1
ENSG00000169047,protein_coding,IRS1
ENSG00000169057,protein_coding,MECP2
ENSG00000169062,protein_coding,UPF3A
ENSG00000169064,protein_coding,ZBBX
ENSG00000169071,protein_coding,ROR2
ENSG00000169083,protein_coding,AR
ENSG00000169084,protein_coding,DHRSX
ENSG00000169085,protein_coding,VXN
ENSG00000169087,protein_coding,HSPBAP1
ENSG00000169093,protein_coding,ASMTL
ENSG00000169100,protein_coding,SLC25A6
ENSG00000169116,protein_coding,PARM1
ENSG00000169118,protein_coding,CSNK1G1
ENSG00000169122,protein_coding,FAM110B
ENSG00000169126,protein_coding,ARMC4
ENSG00000169129,protein_coding,AFAP1L2
ENSG00000169131,protein_coding,ZNF354A
ENSG00000169136,protein_coding,ATF5
ENSG00000169139,protein_coding,UBE2V2
ENSG00000169155,protein_coding,ZBTB43
ENSG00000169169,protein_coding,CPT1C
ENSG00000169180,protein_coding,XPO6
ENSG00000169181,protein_coding,GSG1L
ENSG00000169184,protein_coding,MN1
ENSG00000169188,protein_coding,APEX2
ENSG00000169189,protein_coding,NSMCE1
ENSG00000169193,protein_coding,CCDC126
ENSG00000169213,protein_coding,RAB3B
ENSG00000169217,protein_coding,CD2BP2
ENSG00000169220,protein_coding,RGS14
ENSG00000169221,protein_coding,TBC1D10B
ENSG00000169223,protein_coding,LMAN2
ENSG00000169228,protein_coding,RAB24
ENSG00000169230,protein_coding,PRELID1
ENSG00000169231,protein_coding,THBS3
ENSG00000169239,protein_coding,CA5B
ENSG00000169241,protein_coding,SLC50A1
ENSG00000169242,protein_coding,EFNA1
ENSG00000169246,protein_coding,NPIPB3
ENSG00000169247,protein_coding,SH3TC2
ENSG00000169249,protein_coding,ZRSR2
ENSG00000169251,protein_coding,NMD3
ENSG00000169252,protein_coding,ADRB2
ENSG00000169255,protein_coding,B3GALNT1
ENSG00000169258,protein_coding,GPRIN1
ENSG00000169271,protein_coding,HSPB3
ENSG00000169282,protein_coding,KCNAB1
ENSG00000169288,protein_coding,MRPL1
ENSG00000169299,protein_coding,PGM2
ENSG00000169302,protein_coding,STK32A
ENSG00000169306,protein_coding,IL1RAPL1
ENSG00000169313,protein_coding,P2RY12
ENSG00000169330,protein_coding,MINAR1
ENSG00000169359,protein_coding,SLC33A1
ENSG00000169371,protein_coding,SNUPN
ENSG00000169372,protein_coding,CRADD
ENSG00000169375,protein_coding,SIN3A
ENSG00000169379,protein_coding,ARL13B
ENSG00000169398,protein_coding,PTK2
ENSG00000169403,protein_coding,PTAFR
ENSG00000169410,protein_coding,PTPN9
ENSG00000169427,protein_coding,KCNK9
ENSG00000169432,protein_coding,SCN9A
ENSG00000169435,protein_coding,RASSF6
ENSG00000169436,protein_coding,COL22A1
ENSG00000169439,protein_coding,SDC2
ENSG00000169442,protein_coding,CD52
ENSG00000169446,protein_coding,MMGT1
ENSG00000169490,protein_coding,TM2D2
ENSG00000169495,protein_coding,HTRA4
ENSG00000169499,protein_coding,PLEKHA2
ENSG00000169504,protein_coding,CLIC4
ENSG00000169507,protein_coding,SLC38A11
ENSG00000169508,protein_coding,GPR183
ENSG00000169519,protein_coding,METTL15
ENSG00000169554,protein_coding,ZEB2
ENSG00000169562,protein_coding,GJB1
ENSG00000169564,protein_coding,PCBP1
ENSG00000169567,protein_coding,HINT1
ENSG00000169570,protein_coding,DTWD2
ENSG00000169592,protein_coding,INO80E
ENSG00000169598,protein_coding,DFFB
ENSG00000169599,protein_coding,NFU1
ENSG00000169604,protein_coding,ANTXR1
ENSG00000169609,protein_coding,C15orf40
ENSG00000169621,protein_coding,APLF
ENSG00000169629,protein_coding,RGPD8
ENSG00000169635,protein_coding,HIC2
ENSG00000169641,protein_coding,LUZP1
ENSG00000169660,protein_coding,HEXD
ENSG00000169676,protein_coding,DRD5
ENSG00000169682,protein_coding,SPNS1
ENSG00000169683,protein_coding,LRRC45
ENSG00000169684,protein_coding,CHRNA5
ENSG00000169689,protein_coding,CENPX
ENSG00000169692,protein_coding,AGPAT2
ENSG00000169696,protein_coding,ASPSCR1
ENSG00000169710,protein_coding,FASN
ENSG00000169714,protein_coding,CNBP
ENSG00000169715,protein_coding,MT1E
ENSG00000169718,protein_coding,DUS1L
ENSG00000169727,protein_coding,GPS1
ENSG00000169733,protein_coding,RFNG
ENSG00000169738,protein_coding,DCXR
ENSG00000169740,protein_coding,ZNF32
ENSG00000169744,protein_coding,LDB2
ENSG00000169750,protein_coding,RAC3
ENSG00000169752,protein_coding,NRG4
ENSG00000169756,protein_coding,LIMS1
ENSG00000169758,protein_coding,TMEM266
ENSG00000169760,protein_coding,NLGN1
ENSG00000169762,protein_coding,TAPT1
ENSG00000169764,protein_coding,UGP2
ENSG00000169783,protein_coding,LINGO1
ENSG00000169813,protein_coding,HNRNPF
ENSG00000169814,protein_coding,BTD
ENSG00000169826,protein_coding,CSGALNACT2
ENSG00000169836,protein_coding,TACR3
ENSG00000169851,protein_coding,PCDH7
ENSG00000169855,protein_coding,ROBO1
ENSG00000169857,protein_coding,AVEN
ENSG00000169862,protein_coding,CTNND2
ENSG00000169871,protein_coding,TRIM56
ENSG00000169876,protein_coding,MUC17
ENSG00000169884,protein_coding,WNT10B
ENSG00000169891,protein_coding,REPS2
ENSG00000169895,protein_coding,SYAP1
ENSG00000169896,protein_coding,ITGAM
ENSG00000169900,protein_coding,PYDC1
ENSG00000169902,protein_coding,TPST1
ENSG00000169905,protein_coding,TOR1AIP2
ENSG00000169914,protein_coding,OTUD3
ENSG00000169918,protein_coding,OTUD7A
ENSG00000169919,protein_coding,GUSB
ENSG00000169925,protein_coding,BRD3
ENSG00000169926,protein_coding,KLF13
ENSG00000169933,protein_coding,FRMPD4
ENSG00000169946,protein_coding,ZFPM2
ENSG00000169953,protein_coding,HSFY2
ENSG00000169957,protein_coding,ZNF768
ENSG00000169967,protein_coding,MAP3K2
ENSG00000169972,protein_coding,PUSL1
ENSG00000169976,protein_coding,SF3B5
ENSG00000169981,protein_coding,ZNF35
ENSG00000169989,protein_coding,TIGD4
ENSG00000169991,protein_coding,IFFO2
ENSG00000169992,protein_coding,NLGN2
ENSG00000170004,protein_coding,CHD3
ENSG00000170006,protein_coding,TMEM154
ENSG00000170011,protein_coding,MYRIP
ENSG00000170017,protein_coding,ALCAM
ENSG00000170027,protein_coding,YWHAG
ENSG00000170035,protein_coding,UBE2E3
ENSG00000170037,protein_coding,CNTROB
ENSG00000170043,protein_coding,TRAPPC1
ENSG00000170044,protein_coding,ZPLD1
ENSG00000170049,protein_coding,KCNAB3
ENSG00000170074,protein_coding,FAM153A
ENSG00000170075,protein_coding,GPR37L1
ENSG00000170085,protein_coding,SIMC1
ENSG00000170088,protein_coding,TMEM192
ENSG00000170091,protein_coding,NSG2
ENSG00000170100,protein_coding,ZNF778
ENSG00000170113,protein_coding,NIPA1
ENSG00000170142,protein_coding,UBE2E1
ENSG00000170144,protein_coding,HNRNPA3
ENSG00000170145,protein_coding,SIK2
ENSG00000170153,protein_coding,RNF150
ENSG00000170161,lncRNA,AL512625.1
ENSG00000170175,protein_coding,CHRNB1
ENSG00000170185,protein_coding,USP38
ENSG00000170191,protein_coding,NANP
ENSG00000170214,protein_coding,ADRA1B
ENSG00000170222,protein_coding,ADPRM
ENSG00000170231,protein_coding,FABP6
ENSG00000170234,protein_coding,PWWP2A
ENSG00000170236,protein_coding,USP50
ENSG00000170242,protein_coding,USP47
ENSG00000170248,protein_coding,PDCD6IP
ENSG00000170260,protein_coding,ZNF212
ENSG00000170264,protein_coding,FAM161A
ENSG00000170265,protein_coding,ZNF282
ENSG00000170266,protein_coding,GLB1
ENSG00000170270,protein_coding,GON7
ENSG00000170271,protein_coding,FAXDC2
ENSG00000170275,protein_coding,CRTAP
ENSG00000170289,protein_coding,CNGB3
ENSG00000170290,protein_coding,SLN
ENSG00000170291,protein_coding,ELP5
ENSG00000170293,protein_coding,CMTM8
ENSG00000170296,protein_coding,GABARAP
ENSG00000170310,protein_coding,STX8
ENSG00000170312,protein_coding,CDK1
ENSG00000170315,protein_coding,UBB
ENSG00000170322,protein_coding,NFRKB
ENSG00000170324,protein_coding,FRMPD2
ENSG00000170325,protein_coding,PRDM10
ENSG00000170340,protein_coding,B3GNT2
ENSG00000170345,protein_coding,FOS
ENSG00000170348,protein_coding,TMED10
ENSG00000170364,protein_coding,SETMAR
ENSG00000170365,protein_coding,SMAD1
ENSG00000170370,protein_coding,EMX2
ENSG00000170379,protein_coding,TCAF2
ENSG00000170381,protein_coding,SEMA3E
ENSG00000170382,protein_coding,LRRN2
ENSG00000170385,protein_coding,SLC30A1
ENSG00000170390,protein_coding,DCLK2
ENSG00000170396,protein_coding,ZNF804A
ENSG00000170412,protein_coding,GPRC5C
ENSG00000170417,protein_coding,TMEM182
ENSG00000170419,protein_coding,VSTM2A
ENSG00000170421,protein_coding,KRT8
ENSG00000170425,protein_coding,ADORA2B
ENSG00000170430,protein_coding,MGMT
ENSG00000170439,protein_coding,METTL7B
ENSG00000170445,protein_coding,HARS
ENSG00000170448,protein_coding,NFXL1
ENSG00000170456,protein_coding,DENND5B
ENSG00000170458,protein_coding,CD14
ENSG00000170464,protein_coding,DNAJC18
ENSG00000170469,protein_coding,SPATA24
ENSG00000170471,protein_coding,RALGAPB
ENSG00000170473,protein_coding,PYM1
ENSG00000170485,protein_coding,NPAS2
ENSG00000170500,protein_coding,LONRF2
ENSG00000170502,protein_coding,NUDT9
ENSG00000170509,protein_coding,HSD17B13
ENSG00000170515,protein_coding,PA2G4
ENSG00000170522,protein_coding,ELOVL6
ENSG00000170525,protein_coding,PFKFB3
ENSG00000170537,protein_coding,TMC7
ENSG00000170542,protein_coding,SERPINB9
ENSG00000170545,protein_coding,SMAGP
ENSG00000170558,protein_coding,CDH2
ENSG00000170571,protein_coding,EMB
ENSG00000170579,protein_coding,DLGAP1
ENSG00000170581,protein_coding,STAT2
ENSG00000170584,protein_coding,NUDCD2
ENSG00000170604,protein_coding,IRF2BP1
ENSG00000170606,protein_coding,HSPA4
ENSG00000170615,protein_coding,SLC26A5
ENSG00000170619,protein_coding,COMMD5
ENSG00000170624,protein_coding,SGCD
ENSG00000170631,protein_coding,ZNF16
ENSG00000170632,protein_coding,ARMC10
ENSG00000170633,protein_coding,RNF34
ENSG00000170634,protein_coding,ACYP2
ENSG00000170638,protein_coding,TRABD
ENSG00000170667,protein_coding,RASA4B
ENSG00000170677,protein_coding,SOCS6
ENSG00000170681,protein_coding,CAVIN4
ENSG00000170703,protein_coding,TTLL6
ENSG00000170734,protein_coding,POLH
ENSG00000170743,protein_coding,SYT9
ENSG00000170745,protein_coding,KCNS3
ENSG00000170759,protein_coding,KIF5B
ENSG00000170775,protein_coding,GPR37
ENSG00000170776,protein_coding,AKAP13
ENSG00000170779,protein_coding,CDCA4
ENSG00000170786,protein_coding,SDR16C5
ENSG00000170791,protein_coding,CHCHD7
ENSG00000170802,protein_coding,FOXN2
ENSG00000170819,protein_coding,BFSP2
ENSG00000170820,protein_coding,FSHR
ENSG00000170832,protein_coding,USP32
ENSG00000170835,protein_coding,CEL
ENSG00000170836,protein_coding,PPM1D
ENSG00000170837,protein_coding,GPR27
ENSG00000170846,protein_coding,AC093323.1
ENSG00000170852,protein_coding,KBTBD2
ENSG00000170854,protein_coding,RIOX2
ENSG00000170855,protein_coding,TRIAP1
ENSG00000170860,protein_coding,LSM3
ENSG00000170871,protein_coding,KIAA0232
ENSG00000170873,protein_coding,MTSS1
ENSG00000170876,protein_coding,TMEM43
ENSG00000170881,protein_coding,RNF139
ENSG00000170891,protein_coding,CYTL1
ENSG00000170892,protein_coding,TSEN34
ENSG00000170893,protein_coding,TRH
ENSG00000170899,protein_coding,GSTA4
ENSG00000170903,protein_coding,MSANTD4
ENSG00000170906,protein_coding,NDUFA3
ENSG00000170909,protein_coding,OSCAR
ENSG00000170915,protein_coding,PAQR8
ENSG00000170917,protein_coding,NUDT6
ENSG00000170919,lncRNA,TPT1-AS1
ENSG00000170921,protein_coding,TANC2
ENSG00000170927,protein_coding,PKHD1
ENSG00000170946,protein_coding,DNAJC24
ENSG00000170949,protein_coding,ZNF160
ENSG00000170954,protein_coding,ZNF415
ENSG00000170955,protein_coding,CAVIN3
ENSG00000170959,protein_coding,DCDC1
ENSG00000170962,protein_coding,PDGFD
ENSG00000170965,protein_coding,PLAC1
ENSG00000170989,protein_coding,S1PR1
ENSG00000171004,protein_coding,HS6ST2
ENSG00000171016,protein_coding,PYGO1
ENSG00000171033,protein_coding,PKIA
ENSG00000171044,protein_coding,XKR6
ENSG00000171045,protein_coding,TSNARE1
ENSG00000171051,protein_coding,FPR1
ENSG00000171055,protein_coding,FEZ2
ENSG00000171056,protein_coding,SOX7
ENSG00000171067,protein_coding,C11orf24
ENSG00000171094,protein_coding,ALK
ENSG00000171097,protein_coding,KYAT1
ENSG00000171100,protein_coding,MTM1
ENSG00000171103,protein_coding,TRMT61B
ENSG00000171105,protein_coding,INSR
ENSG00000171109,protein_coding,MFN1
ENSG00000171115,protein_coding,GIMAP8
ENSG00000171121,protein_coding,KCNMB3
ENSG00000171126,protein_coding,KCNG3
ENSG00000171130,protein_coding,ATP6V0E2
ENSG00000171132,protein_coding,PRKCE
ENSG00000171135,protein_coding,JAGN1
ENSG00000171148,protein_coding,TADA3
ENSG00000171150,protein_coding,SOCS5
ENSG00000171155,protein_coding,C1GALT1C1
ENSG00000171159,protein_coding,C9orf16
ENSG00000171160,protein_coding,MORN4
ENSG00000171161,protein_coding,ZNF672
ENSG00000171163,protein_coding,ZNF692
ENSG00000171169,protein_coding,NAIF1
ENSG00000171174,protein_coding,RBKS
ENSG00000171189,protein_coding,GRIK1
ENSG00000171202,protein_coding,TMEM126A
ENSG00000171204,protein_coding,TMEM126B
ENSG00000171206,protein_coding,TRIM8
ENSG00000171208,protein_coding,NETO2
ENSG00000171217,protein_coding,CLDN20
ENSG00000171222,protein_coding,SCAND1
ENSG00000171223,protein_coding,JUNB
ENSG00000171224,protein_coding,FAM241B
ENSG00000171234,protein_coding,UGT2B7
ENSG00000171241,protein_coding,SHCBP1
ENSG00000171243,protein_coding,SOSTDC1
ENSG00000171246,protein_coding,NPTX1
ENSG00000171262,protein_coding,FAM98B
ENSG00000171291,protein_coding,ZNF439
ENSG00000171295,protein_coding,ZNF440
ENSG00000171298,protein_coding,GAA
ENSG00000171302,protein_coding,CANT1
ENSG00000171303,protein_coding,KCNK3
ENSG00000171307,protein_coding,ZDHHC16
ENSG00000171310,protein_coding,CHST11
ENSG00000171311,protein_coding,EXOSC1
ENSG00000171314,protein_coding,PGAM1
ENSG00000171316,protein_coding,CHD7
ENSG00000171345,protein_coding,KRT19
ENSG00000171357,protein_coding,LURAP1
ENSG00000171365,protein_coding,CLCN5
ENSG00000171368,protein_coding,TPPP
ENSG00000171385,protein_coding,KCND3
ENSG00000171388,protein_coding,APLN
ENSG00000171408,protein_coding,PDE7B
ENSG00000171421,protein_coding,MRPL36
ENSG00000171435,protein_coding,KSR2
ENSG00000171443,protein_coding,ZNF524
ENSG00000171444,protein_coding,MCC
ENSG00000171448,protein_coding,ZBTB26
ENSG00000171450,protein_coding,CDK5R2
ENSG00000171451,protein_coding,DSEL
ENSG00000171453,protein_coding,POLR1C
ENSG00000171456,protein_coding,ASXL1
ENSG00000171462,protein_coding,DLK2
ENSG00000171466,protein_coding,ZNF562
ENSG00000171467,protein_coding,ZNF318
ENSG00000171469,protein_coding,ZNF561
ENSG00000171475,protein_coding,WIPF2
ENSG00000171476,protein_coding,HOPX
ENSG00000171487,protein_coding,NLRP5
ENSG00000171490,protein_coding,RSL1D1
ENSG00000171492,protein_coding,LRRC8D
ENSG00000171497,protein_coding,PPID
ENSG00000171502,protein_coding,COL24A1
ENSG00000171503,protein_coding,ETFDH
ENSG00000171509,protein_coding,RXFP1
ENSG00000171517,protein_coding,LPAR3
ENSG00000171530,protein_coding,TBCA
ENSG00000171532,protein_coding,NEUROD2
ENSG00000171533,protein_coding,MAP6
ENSG00000171552,protein_coding,BCL2L1
ENSG00000171566,protein_coding,PLRG1
ENSG00000171574,protein_coding,ZNF584
ENSG00000171587,protein_coding,DSCAM
ENSG00000171603,protein_coding,CLSTN1
ENSG00000171604,protein_coding,CXXC5
ENSG00000171606,protein_coding,ZNF274
ENSG00000171608,protein_coding,PIK3CD
ENSG00000171612,protein_coding,SLC25A33
ENSG00000171617,protein_coding,ENC1
ENSG00000171621,protein_coding,SPSB1
ENSG00000171631,protein_coding,P2RY6
ENSG00000171634,protein_coding,BPTF
ENSG00000171643,protein_coding,S100Z
ENSG00000171649,protein_coding,ZIK1
ENSG00000171657,protein_coding,GPR82
ENSG00000171659,protein_coding,GPR34
ENSG00000171680,protein_coding,PLEKHG5
ENSG00000171681,protein_coding,ATF7IP
ENSG00000171695,protein_coding,LKAAEAR1
ENSG00000171700,protein_coding,RGS19
ENSG00000171703,protein_coding,TCEA2
ENSG00000171714,protein_coding,ANO5
ENSG00000171720,protein_coding,HDAC3
ENSG00000171723,protein_coding,GPHN
ENSG00000171724,protein_coding,VAT1L
ENSG00000171729,protein_coding,TMEM51
ENSG00000171735,protein_coding,CAMTA1
ENSG00000171757,protein_coding,LRRC34
ENSG00000171759,protein_coding,PAH
ENSG00000171763,protein_coding,SPATA5L1
ENSG00000171766,protein_coding,GATM
ENSG00000171777,protein_coding,RASGRP4
ENSG00000171790,protein_coding,SLFNL1
ENSG00000171791,protein_coding,BCL2
ENSG00000171793,protein_coding,CTPS1
ENSG00000171798,protein_coding,KNDC1
ENSG00000171806,protein_coding,METTL18
ENSG00000171811,protein_coding,CFAP46
ENSG00000171813,protein_coding,PWWP2B
ENSG00000171817,protein_coding,ZNF540
ENSG00000171819,protein_coding,ANGPTL7
ENSG00000171823,protein_coding,FBXL14
ENSG00000171824,protein_coding,EXOSC10
ENSG00000171840,protein_coding,NINJ2
ENSG00000171843,protein_coding,MLLT3
ENSG00000171847,protein_coding,FAM90A1
ENSG00000171853,protein_coding,TRAPPC12
ENSG00000171860,protein_coding,C3AR1
ENSG00000171861,protein_coding,MRM3
ENSG00000171862,protein_coding,PTEN
ENSG00000171867,protein_coding,PRNP
ENSG00000171873,protein_coding,ADRA1D
ENSG00000171877,protein_coding,FRMD5
ENSG00000171885,protein_coding,AQP4
ENSG00000171914,protein_coding,TLN2
ENSG00000171928,protein_coding,TVP23B
ENSG00000171951,protein_coding,SCG2
ENSG00000171953,protein_coding,ATPAF2
ENSG00000171954,protein_coding,CYP4F22
ENSG00000171960,protein_coding,PPIH
ENSG00000171962,protein_coding,DRC3
ENSG00000171970,protein_coding,ZNF57
ENSG00000171984,protein_coding,SHLD1
ENSG00000171988,protein_coding,JMJD1C
ENSG00000171992,protein_coding,SYNPO
ENSG00000172005,protein_coding,MAL
ENSG00000172006,protein_coding,ZNF554
ENSG00000172007,protein_coding,RAB33B
ENSG00000172009,protein_coding,THOP1
ENSG00000172014,protein_coding,ANKRD20A4
ENSG00000172020,protein_coding,GAP43
ENSG00000172031,protein_coding,EPHX4
ENSG00000172037,protein_coding,LAMB2
ENSG00000172046,protein_coding,USP19
ENSG00000172053,protein_coding,QARS
ENSG00000172057,protein_coding,ORMDL3
ENSG00000172059,protein_coding,KLF11
ENSG00000172071,protein_coding,EIF2AK3
ENSG00000172081,protein_coding,MOB3A
ENSG00000172086,protein_coding,KRCC1
ENSG00000172113,protein_coding,NME6
ENSG00000172115,protein_coding,CYCS
ENSG00000172137,protein_coding,CALB2
ENSG00000172139,protein_coding,SLC9C1
ENSG00000172159,protein_coding,FRMD3
ENSG00000172164,protein_coding,SNTB1
ENSG00000172167,protein_coding,MTBP
ENSG00000172171,protein_coding,TEFM
ENSG00000172172,protein_coding,MRPL13
ENSG00000172175,protein_coding,MALT1
ENSG00000172183,protein_coding,ISG20
ENSG00000172197,protein_coding,MBOAT1
ENSG00000172201,protein_coding,ID4
ENSG00000172209,protein_coding,GPR22
ENSG00000172216,protein_coding,CEBPB
ENSG00000172239,protein_coding,PAIP1
ENSG00000172243,protein_coding,CLEC7A
ENSG00000172244,protein_coding,C5orf34
ENSG00000172247,protein_coding,C1QTNF4
ENSG00000172260,protein_coding,NEGR1
ENSG00000172262,protein_coding,ZNF131
ENSG00000172264,protein_coding,MACROD2
ENSG00000172269,protein_coding,DPAGT1
ENSG00000172270,protein_coding,BSG
ENSG00000172273,protein_coding,HINFP
ENSG00000172292,protein_coding,CERS6
ENSG00000172296,protein_coding,SPTLC3
ENSG00000172301,protein_coding,COPRS
ENSG00000172315,protein_coding,TP53RK
ENSG00000172318,protein_coding,B3GALT1
ENSG00000172322,protein_coding,CLEC12A
ENSG00000172331,protein_coding,BPGM
ENSG00000172336,protein_coding,POP7
ENSG00000172339,protein_coding,ALG14
ENSG00000172340,protein_coding,SUCLG2
ENSG00000172345,protein_coding,STARD5
ENSG00000172346,protein_coding,CSDC2
ENSG00000172348,protein_coding,RCAN2
ENSG00000172349,protein_coding,IL16
ENSG00000172350,protein_coding,ABCG4
ENSG00000172354,protein_coding,GNB2
ENSG00000172361,protein_coding,CFAP53
ENSG00000172366,protein_coding,MCRIP2
ENSG00000172375,protein_coding,C2CD2L
ENSG00000172379,protein_coding,ARNT2
ENSG00000172380,protein_coding,GNG12
ENSG00000172399,protein_coding,MYOZ2
ENSG00000172403,protein_coding,SYNPO2
ENSG00000172409,protein_coding,CLP1
ENSG00000172421,protein_coding,EFCAB3
ENSG00000172426,protein_coding,RSPH9
ENSG00000172428,protein_coding,COPS9
ENSG00000172432,protein_coding,GTPBP2
ENSG00000172456,protein_coding,FGGY
ENSG00000172458,protein_coding,IL17D
ENSG00000172461,protein_coding,FUT9
ENSG00000172465,protein_coding,TCEAL1
ENSG00000172466,protein_coding,ZNF24
ENSG00000172469,protein_coding,MANEA
ENSG00000172476,protein_coding,RAB40A
ENSG00000172493,protein_coding,AFF1
ENSG00000172497,protein_coding,ACOT12
ENSG00000172500,protein_coding,FIBP
ENSG00000172508,protein_coding,CARNS1
ENSG00000172530,protein_coding,BANP
ENSG00000172531,protein_coding,PPP1CA
ENSG00000172534,protein_coding,HCFC1
ENSG00000172554,protein_coding,SNTG2
ENSG00000172568,protein_coding,FNDC9
ENSG00000172572,protein_coding,PDE3A
ENSG00000172575,protein_coding,RASGRP1
ENSG00000172578,protein_coding,KLHL6
ENSG00000172586,protein_coding,CHCHD1
ENSG00000172590,protein_coding,MRPL52
ENSG00000172594,protein_coding,SMPDL3A
ENSG00000172602,protein_coding,RND1
ENSG00000172613,protein_coding,RAD9A
ENSG00000172638,protein_coding,EFEMP2
ENSG00000172650,protein_coding,AGAP5
ENSG00000172661,protein_coding,WASHC2C
ENSG00000172663,protein_coding,TMEM134
ENSG00000172667,protein_coding,ZMAT3
ENSG00000172671,protein_coding,ZFAND4
ENSG00000172673,protein_coding,THEMIS
ENSG00000172687,protein_coding,ZNF738
ENSG00000172717,protein_coding,FAM71D
ENSG00000172725,protein_coding,CORO1B
ENSG00000172728,protein_coding,FUT10
ENSG00000172731,protein_coding,LRRC20
ENSG00000172732,protein_coding,MUS81
ENSG00000172733,protein_coding,PURG
ENSG00000172738,protein_coding,TMEM217
ENSG00000172748,protein_coding,ZNF596
ENSG00000172757,protein_coding,CFL1
ENSG00000172765,protein_coding,TMCC1
ENSG00000172766,protein_coding,NAA16
ENSG00000172771,protein_coding,EFCAB12
ENSG00000172775,protein_coding,FAM192A
ENSG00000172782,protein_coding,FADS6
ENSG00000172785,protein_coding,CBWD1
ENSG00000172794,protein_coding,RAB37
ENSG00000172795,protein_coding,DCP2
ENSG00000172803,protein_coding,SNX32
ENSG00000172809,protein_coding,RPL38
ENSG00000172817,protein_coding,CYP7B1
ENSG00000172819,protein_coding,RARG
ENSG00000172824,protein_coding,CES4A
ENSG00000172828,protein_coding,CES3
ENSG00000172830,protein_coding,SSH3
ENSG00000172831,protein_coding,CES2
ENSG00000172840,protein_coding,PDP2
ENSG00000172845,protein_coding,SP3
ENSG00000172869,protein_coding,DMXL1
ENSG00000172878,protein_coding,METAP1D
ENSG00000172888,protein_coding,ZNF621
ENSG00000172889,protein_coding,EGFL7
ENSG00000172890,protein_coding,NADSYN1
ENSG00000172893,protein_coding,DHCR7
ENSG00000172915,protein_coding,NBEA
ENSG00000172922,protein_coding,RNASEH2C
ENSG00000172932,protein_coding,ANKRD13D
ENSG00000172939,protein_coding,OXSR1
ENSG00000172940,protein_coding,SLC22A13
ENSG00000172943,protein_coding,PHF8
ENSG00000172954,protein_coding,LCLAT1
ENSG00000172965,lncRNA,MIR4435-2HG
ENSG00000172977,protein_coding,KAT5
ENSG00000172985,protein_coding,SH3RF3
ENSG00000172986,protein_coding,GXYLT2
ENSG00000172987,protein_coding,HPSE2
ENSG00000172992,protein_coding,DCAKD
ENSG00000172995,protein_coding,ARPP21
ENSG00000173011,protein_coding,TADA2B
ENSG00000173020,protein_coding,GRK2
ENSG00000173039,protein_coding,RELA
ENSG00000173040,protein_coding,EVC2
ENSG00000173041,protein_coding,ZNF680
ENSG00000173064,protein_coding,HECTD4
ENSG00000173065,protein_coding,FAM222B
ENSG00000173068,protein_coding,BNC2
ENSG00000173077,lncRNA,DEC1
ENSG00000173083,protein_coding,HPSE
ENSG00000173085,protein_coding,COQ2
ENSG00000173110,protein_coding,HSPA6
ENSG00000173113,protein_coding,TRMT112
ENSG00000173114,protein_coding,LRRN3
ENSG00000173120,protein_coding,KDM2A
ENSG00000173124,protein_coding,ACSM6
ENSG00000173137,protein_coding,ADCK5
ENSG00000173141,protein_coding,MRPL57
ENSG00000173145,protein_coding,NOC3L
ENSG00000173153,protein_coding,ESRRA
ENSG00000173157,protein_coding,ADAMTS20
ENSG00000173163,protein_coding,COMMD1
ENSG00000173166,protein_coding,RAPH1
ENSG00000173171,protein_coding,MTX1
ENSG00000173175,protein_coding,ADCY5
ENSG00000173193,protein_coding,PARP14
ENSG00000173198,protein_coding,CYSLTR1
ENSG00000173207,protein_coding,CKS1B
ENSG00000173208,protein_coding,ABCD2
ENSG00000173209,transcribed_unitary_pseudogene,AHSA2P
ENSG00000173210,protein_coding,ABLIM3
ENSG00000173214,protein_coding,MFSD4B
ENSG00000173221,protein_coding,GLRX
ENSG00000173226,protein_coding,IQCB1
ENSG00000173227,protein_coding,SYT12
ENSG00000173230,protein_coding,GOLGB1
ENSG00000173258,protein_coding,ZNF483
ENSG00000173261,protein_coding,PLAC8L1
ENSG00000173262,protein_coding,SLC2A14
ENSG00000173264,protein_coding,GPR137
ENSG00000173267,protein_coding,SNCG
ENSG00000173269,protein_coding,MMRN2
ENSG00000173272,protein_coding,MZT2A
ENSG00000173273,protein_coding,TNKS
ENSG00000173275,protein_coding,ZNF449
ENSG00000173276,protein_coding,ZBTB21
ENSG00000173320,protein_coding,STOX2
ENSG00000173327,protein_coding,MAP3K11
ENSG00000173334,protein_coding,TRIB1
ENSG00000173369,protein_coding,C1QB
ENSG00000173372,protein_coding,C1QA
ENSG00000173376,protein_coding,NDNF
ENSG00000173391,protein_coding,OLR1
ENSG00000173401,protein_coding,GLIPR1L1
ENSG00000173402,protein_coding,DAG1
ENSG00000173404,protein_coding,INSM1
ENSG00000173406,protein_coding,DAB1
ENSG00000173409,protein_coding,ARV1
ENSG00000173418,protein_coding,NAA20
ENSG00000173421,protein_coding,CCDC36
ENSG00000173442,protein_coding,EHBP1L1
ENSG00000173451,protein_coding,THAP2
ENSG00000173452,protein_coding,TMEM196
ENSG00000173456,protein_coding,RNF26
ENSG00000173457,protein_coding,PPP1R14B
ENSG00000173465,protein_coding,ZNRD2
ENSG00000173473,protein_coding,SMARCC1
ENSG00000173482,protein_coding,PTPRM
ENSG00000173486,protein_coding,FKBP2
ENSG00000173511,protein_coding,VEGFB
ENSG00000173517,protein_coding,PEAK1
ENSG00000173530,protein_coding,TNFRSF10D
ENSG00000173542,protein_coding,MOB1B
ENSG00000173545,protein_coding,ZNF622
ENSG00000173546,protein_coding,CSPG4
ENSG00000173548,protein_coding,SNX33
ENSG00000173559,protein_coding,NABP1
ENSG00000173567,protein_coding,ADGRF3
ENSG00000173575,protein_coding,CHD2
ENSG00000173581,protein_coding,CCDC106
ENSG00000173588,protein_coding,CEP83
ENSG00000173598,protein_coding,NUDT4
ENSG00000173599,protein_coding,PC
ENSG00000173611,protein_coding,SCAI
ENSG00000173614,protein_coding,NMNAT1
ENSG00000173621,protein_coding,LRFN4
ENSG00000173627,protein_coding,APOBEC4
ENSG00000173638,protein_coding,SLC19A1
ENSG00000173641,protein_coding,HSPB7
ENSG00000173653,protein_coding,RCE1
ENSG00000173660,protein_coding,UQCRH
ENSG00000173662,protein_coding,TAS1R1
ENSG00000173674,protein_coding,EIF1AX
ENSG00000173678,protein_coding,SPDYE2B
ENSG00000173681,protein_coding,BCLAF3
ENSG00000173692,protein_coding,PSMD1
ENSG00000173698,protein_coding,ADGRG2
ENSG00000173705,protein_coding,SUSD5
ENSG00000173706,protein_coding,HEG1
ENSG00000173715,protein_coding,C11orf80
ENSG00000173726,protein_coding,TOMM20
ENSG00000173727,transcribed_unprocessed_pseudogene,AP000769.1
ENSG00000173744,protein_coding,AGFG1
ENSG00000173757,protein_coding,STAT5B
ENSG00000173769,protein_coding,TOPAZ1
ENSG00000173786,protein_coding,CNP
ENSG00000173801,protein_coding,JUP
ENSG00000173809,protein_coding,TDRD12
ENSG00000173812,protein_coding,EIF1
ENSG00000173818,protein_coding,ENDOV
ENSG00000173821,protein_coding,RNF213
ENSG00000173825,protein_coding,TIGD3
ENSG00000173826,protein_coding,KCNH6
ENSG00000173838,protein_coding,MARCH10
ENSG00000173846,protein_coding,PLK3
ENSG00000173848,protein_coding,NET1
ENSG00000173852,protein_coding,DPY19L1
ENSG00000173875,protein_coding,ZNF791
ENSG00000173889,protein_coding,PHC3
ENSG00000173890,protein_coding,GPR160
ENSG00000173898,protein_coding,SPTBN2
ENSG00000173905,protein_coding,GOLIM4
ENSG00000173914,protein_coding,RBM4B
ENSG00000173915,protein_coding,ATP5MD
ENSG00000173926,protein_coding,MARCH3
ENSG00000173928,protein_coding,SWSAP1
ENSG00000173930,protein_coding,SLCO4C1
ENSG00000173933,protein_coding,RBM4
ENSG00000173947,protein_coding,PIFO
ENSG00000173950,protein_coding,XXYLT1
ENSG00000173960,protein_coding,UBXN2A
ENSG00000173988,protein_coding,LRRC63
ENSG00000173992,protein_coding,CCS
ENSG00000174007,protein_coding,CEP19
ENSG00000174010,protein_coding,KLHL15
ENSG00000174013,protein_coding,FBXO45
ENSG00000174016,protein_coding,TENT5D
ENSG00000174021,protein_coding,GNG5
ENSG00000174032,protein_coding,SLC25A30
ENSG00000174059,protein_coding,CD34
ENSG00000174080,protein_coding,CTSF
ENSG00000174099,protein_coding,MSRB3
ENSG00000174106,protein_coding,LEMD3
ENSG00000174109,protein_coding,C16orf91
ENSG00000174125,protein_coding,TLR1
ENSG00000174132,protein_coding,FAM174A
ENSG00000174136,protein_coding,RGMB
ENSG00000174137,protein_coding,FAM53A
ENSG00000174145,protein_coding,NWD2
ENSG00000174151,protein_coding,CYB561D1
ENSG00000174165,protein_coding,ZDHHC24
ENSG00000174173,protein_coding,TRMT10C
ENSG00000174177,protein_coding,CTU2
ENSG00000174197,protein_coding,MGA
ENSG00000174206,protein_coding,C12orf66
ENSG00000174226,protein_coding,SNX31
ENSG00000174227,protein_coding,PIGG
ENSG00000174231,protein_coding,PRPF8
ENSG00000174233,protein_coding,ADCY6
ENSG00000174236,protein_coding,REP15
ENSG00000174238,protein_coding,PITPNA
ENSG00000174243,protein_coding,DDX23
ENSG00000174276,protein_coding,ZNHIT2
ENSG00000174282,protein_coding,ZBTB4
ENSG00000174306,protein_coding,ZHX3
ENSG00000174307,protein_coding,PHLDA3
ENSG00000174326,protein_coding,SLC16A11
ENSG00000174327,protein_coding,SLC16A13
ENSG00000174332,protein_coding,GLIS1
ENSG00000174373,protein_coding,RALGAPA1
ENSG00000174405,protein_coding,LIG4
ENSG00000174428,protein_coding,GTF2IRD2B
ENSG00000174437,protein_coding,ATP2A2
ENSG00000174442,protein_coding,ZWILCH
ENSG00000174444,protein_coding,RPL4
ENSG00000174446,protein_coding,SNAPC5
ENSG00000174448,protein_coding,STARD6
ENSG00000174453,protein_coding,VWC2L
ENSG00000174456,protein_coding,C12orf76
ENSG00000174460,protein_coding,ZCCHC12
ENSG00000174469,protein_coding,CNTNAP2
ENSG00000174473,protein_coding,GALNTL6
ENSG00000174482,protein_coding,LINGO2
ENSG00000174485,protein_coding,DENND4A
ENSG00000174498,protein_coding,IGDCC3
ENSG00000174501,protein_coding,ANKRD36C
ENSG00000174514,protein_coding,MFSD4A
ENSG00000174516,protein_coding,PELI3
ENSG00000174521,protein_coding,TTC9B
ENSG00000174527,protein_coding,MYO1H
ENSG00000174529,protein_coding,TMEM81
ENSG00000174547,protein_coding,MRPL11
ENSG00000174564,protein_coding,IL20RB
ENSG00000174567,protein_coding,GOLT1A
ENSG00000174574,protein_coding,AKIRIN1
ENSG00000174576,protein_coding,NPAS4
ENSG00000174579,protein_coding,MSL2
ENSG00000174586,protein_coding,ZNF497
ENSG00000174599,protein_coding,TRAM1L1
ENSG00000174600,protein_coding,CMKLR1
ENSG00000174606,protein_coding,ANGEL2
ENSG00000174607,protein_coding,UGT8
ENSG00000174611,protein_coding,KY
ENSG00000174628,protein_coding,IQCK
ENSG00000174640,protein_coding,SLCO2A1
ENSG00000174652,protein_coding,ZNF266
ENSG00000174669,protein_coding,SLC29A2
ENSG00000174672,protein_coding,BRSK2
ENSG00000174680,lncRNA,GRIK1-AS1
ENSG00000174684,protein_coding,B4GAT1
ENSG00000174695,protein_coding,TMEM167A
ENSG00000174705,protein_coding,SH3PXD2B
ENSG00000174718,protein_coding,RESF1
ENSG00000174720,protein_coding,LARP7
ENSG00000174721,protein_coding,FGFBP3
ENSG00000174738,protein_coding,NR1D2
ENSG00000174740,protein_coding,PABPC5
ENSG00000174744,protein_coding,BRMS1
ENSG00000174748,protein_coding,RPL15
ENSG00000174749,protein_coding,FAM241A
ENSG00000174775,protein_coding,HRAS
ENSG00000174776,protein_coding,WDR49
ENSG00000174780,protein_coding,SRP72
ENSG00000174791,protein_coding,RIN1
ENSG00000174796,protein_coding,THAP6
ENSG00000174799,protein_coding,CEP135
ENSG00000174804,protein_coding,FZD4
ENSG00000174808,protein_coding,BTC
ENSG00000174827,protein_coding,PDZK1
ENSG00000174839,protein_coding,DENND6A
ENSG00000174840,protein_coding,PDE12
ENSG00000174842,protein_coding,GLMN
ENSG00000174844,protein_coding,DNAH12
ENSG00000174851,protein_coding,YIF1A
ENSG00000174871,protein_coding,CNIH2
ENSG00000174891,protein_coding,RSRC1
ENSG00000174898,protein_coding,CATSPERD
ENSG00000174899,protein_coding,SLC66A1L
ENSG00000174903,protein_coding,RAB1B
ENSG00000174915,protein_coding,PTDSS2
ENSG00000174917,protein_coding,MICOS13
ENSG00000174928,protein_coding,C3orf33
ENSG00000174938,protein_coding,SEZ6L2
ENSG00000174939,protein_coding,ASPHD1
ENSG00000174943,protein_coding,KCTD13
ENSG00000174944,protein_coding,P2RY14
ENSG00000174945,protein_coding,AMZ1
ENSG00000174946,protein_coding,GPR171
ENSG00000174948,protein_coding,GPR149
ENSG00000174951,protein_coding,FUT1
ENSG00000174953,protein_coding,DHX36
ENSG00000174963,protein_coding,ZIC4
ENSG00000174989,protein_coding,FBXW8
ENSG00000174996,protein_coding,KLC2
ENSG00000175003,protein_coding,SLC22A1
ENSG00000175018,protein_coding,TEX36
ENSG00000175029,protein_coding,CTBP2
ENSG00000175040,protein_coding,CHST2
ENSG00000175048,protein_coding,ZDHHC14
ENSG00000175054,protein_coding,ATR
ENSG00000175066,protein_coding,GK5
ENSG00000175073,protein_coding,VCPIP1
ENSG00000175077,protein_coding,RTP1
ENSG00000175087,protein_coding,PDIK1L
ENSG00000175093,protein_coding,SPSB4
ENSG00000175104,protein_coding,TRAF6
ENSG00000175105,protein_coding,ZNF654
ENSG00000175110,protein_coding,MRPS22
ENSG00000175115,protein_coding,PACS1
ENSG00000175130,protein_coding,MARCKSL1
ENSG00000175137,protein_coding,SH3BP5L
ENSG00000175155,protein_coding,YPEL2
ENSG00000175161,protein_coding,CADM2
ENSG00000175170,lncRNA,FAM182B
ENSG00000175175,protein_coding,PPM1E
ENSG00000175183,protein_coding,CSRP2
ENSG00000175193,protein_coding,PARL
ENSG00000175197,protein_coding,DDIT3
ENSG00000175198,protein_coding,PCCA
ENSG00000175203,protein_coding,DCTN2
ENSG00000175206,protein_coding,NPPA
ENSG00000175213,protein_coding,ZNF408
ENSG00000175215,protein_coding,CTDSP2
ENSG00000175216,protein_coding,CKAP5
ENSG00000175220,protein_coding,ARHGAP1
ENSG00000175221,protein_coding,MED16
ENSG00000175224,protein_coding,ATG13
ENSG00000175229,protein_coding,GAL3ST3
ENSG00000175264,protein_coding,CHST1
ENSG00000175265,protein_coding,GOLGA8A
ENSG00000175267,protein_coding,VWA3A
ENSG00000175274,protein_coding,TP53I11
ENSG00000175283,protein_coding,DOLK
ENSG00000175287,protein_coding,PHYHD1
ENSG00000175305,protein_coding,CCNE2
ENSG00000175309,protein_coding,PHYKPL
ENSG00000175311,protein_coding,ANKS4B
ENSG00000175318,protein_coding,GRAMD2A
ENSG00000175322,protein_coding,ZNF519
ENSG00000175324,protein_coding,LSM1
ENSG00000175334,protein_coding,BANF1
ENSG00000175344,protein_coding,CHRNA7
ENSG00000175348,protein_coding,TMEM9B
ENSG00000175352,protein_coding,NRIP3
ENSG00000175354,protein_coding,PTPN2
ENSG00000175356,protein_coding,SCUBE2
ENSG00000175376,protein_coding,EIF1AD
ENSG00000175387,protein_coding,SMAD2
ENSG00000175390,protein_coding,EIF3F
ENSG00000175395,protein_coding,ZNF25
ENSG00000175414,protein_coding,ARL10
ENSG00000175416,protein_coding,CLTB
ENSG00000175426,protein_coding,PCSK1
ENSG00000175445,protein_coding,LPL
ENSG00000175455,protein_coding,CCDC14
ENSG00000175467,protein_coding,SART1
ENSG00000175470,protein_coding,PPP2R2D
ENSG00000175471,protein_coding,MCTP1
ENSG00000175482,protein_coding,POLD4
ENSG00000175497,protein_coding,DPP10
ENSG00000175550,protein_coding,DRAP1
ENSG00000175556,protein_coding,LONRF3
ENSG00000175564,protein_coding,UCP3
ENSG00000175573,protein_coding,C11orf68
ENSG00000175575,protein_coding,PAAF1
ENSG00000175581,protein_coding,MRPL48
ENSG00000175582,protein_coding,RAB6A
ENSG00000175595,protein_coding,ERCC4
ENSG00000175600,protein_coding,SUGCT
ENSG00000175602,protein_coding,CCDC85B
ENSG00000175606,protein_coding,TMEM70
ENSG00000175643,protein_coding,RMI2
ENSG00000175662,protein_coding,TOM1L2
ENSG00000175664,protein_coding,TEX26
ENSG00000175691,protein_coding,ZNF77
ENSG00000175697,protein_coding,GPR156
ENSG00000175701,protein_coding,MTLN
ENSG00000175707,protein_coding,KDF1
ENSG00000175711,protein_coding,B3GNTL1
ENSG00000175727,protein_coding,MLXIP
ENSG00000175745,protein_coding,NR2F1
ENSG00000175756,protein_coding,AURKAIP1
ENSG00000175764,protein_coding,TTLL11
ENSG00000175766,protein_coding,EIF4E1B
ENSG00000175772,lncRNA,LINC01106
ENSG00000175773,lncRNA,ZBTB44-DT
ENSG00000175782,protein_coding,SLC35E3
ENSG00000175785,protein_coding,PRIMA1
ENSG00000175787,protein_coding,ZNF169
ENSG00000175792,protein_coding,RUVBL1
ENSG00000175806,protein_coding,MSRA
ENSG00000175832,protein_coding,ETV4
ENSG00000175854,protein_coding,SWI5
ENSG00000175866,protein_coding,BAIAP2
ENSG00000175868,protein_coding,CALCB
ENSG00000175874,protein_coding,CREG2
ENSG00000175893,protein_coding,ZDHHC21
ENSG00000175894,protein_coding,TSPEAR
ENSG00000175895,protein_coding,PLEKHF2
ENSG00000175899,protein_coding,A2M
ENSG00000175906,protein_coding,ARL4D
ENSG00000175928,protein_coding,LRRN1
ENSG00000175931,protein_coding,UBE2O
ENSG00000175938,protein_coding,ORAI3
ENSG00000175967,lncRNA,FO393415.1
ENSG00000175970,protein_coding,UNC119B
ENSG00000175984,protein_coding,DENND2C
ENSG00000175985,protein_coding,PLEKHD1
ENSG00000176014,protein_coding,TUBB6
ENSG00000176018,protein_coding,LYSMD3
ENSG00000176022,protein_coding,B3GALT6
ENSG00000176024,protein_coding,ZNF613
ENSG00000176040,protein_coding,TMPRSS7
ENSG00000176046,protein_coding,NUPR1
ENSG00000176049,protein_coding,JAKMIP2
ENSG00000176055,protein_coding,MBLAC2
ENSG00000176058,protein_coding,TPRN
ENSG00000176087,protein_coding,SLC35A4
ENSG00000176095,protein_coding,IP6K1
ENSG00000176101,protein_coding,SSNA1
ENSG00000176102,protein_coding,CSTF3
ENSG00000176105,protein_coding,YES1
ENSG00000176108,protein_coding,CHMP6
ENSG00000176124,lncRNA,DLEU1
ENSG00000176142,protein_coding,TMEM39A
ENSG00000176148,protein_coding,TCP11L1
ENSG00000176155,protein_coding,CCDC57
ENSG00000176160,protein_coding,HSF5
ENSG00000176165,protein_coding,FOXG1
ENSG00000176171,protein_coding,BNIP3
ENSG00000176182,protein_coding,MYPOP
ENSG00000176194,protein_coding,CIDEA
ENSG00000176204,protein_coding,LRRTM4
ENSG00000176208,protein_coding,ATAD5
ENSG00000176209,protein_coding,SMIM19
ENSG00000176222,protein_coding,ZNF404
ENSG00000176225,protein_coding,RTTN
ENSG00000176248,protein_coding,ANAPC2
ENSG00000176261,protein_coding,ZBTB8OS
ENSG00000176273,protein_coding,SLC35G1
ENSG00000176293,protein_coding,ZNF135
ENSG00000176294,protein_coding,OR4N2
ENSG00000176349,lncRNA,AC104129.1
ENSG00000176358,protein_coding,TAC4
ENSG00000176371,protein_coding,ZSCAN2
ENSG00000176381,protein_coding,PRR18
ENSG00000176383,protein_coding,B3GNT4
ENSG00000176386,protein_coding,CDC26
ENSG00000176387,protein_coding,HSD11B2
ENSG00000176390,protein_coding,CRLF3
ENSG00000176393,protein_coding,RNPEP
ENSG00000176396,protein_coding,EID2
ENSG00000176401,protein_coding,EID2B
ENSG00000176406,protein_coding,RIMS2
ENSG00000176407,protein_coding,KCMF1
ENSG00000176410,protein_coding,DNAJC30
ENSG00000176422,protein_coding,SPRYD4
ENSG00000176428,protein_coding,VPS37D
ENSG00000176435,protein_coding,CLEC14A
ENSG00000176438,protein_coding,SYNE3
ENSG00000176444,protein_coding,CLK2
ENSG00000176454,protein_coding,LPCAT4
ENSG00000176463,protein_coding,SLCO3A1
ENSG00000176472,protein_coding,ZNF575
ENSG00000176473,protein_coding,WDR25
ENSG00000176476,protein_coding,SGF29
ENSG00000176485,protein_coding,PLAAT3
ENSG00000176490,protein_coding,DIRAS1
ENSG00000176531,protein_coding,PHLDB3
ENSG00000176533,protein_coding,GNG7
ENSG00000176542,protein_coding,USF3
ENSG00000176563,protein_coding,CNTD1
ENSG00000176571,protein_coding,CNBD1
ENSG00000176593,lncRNA,AC008969.1
ENSG00000176595,protein_coding,KBTBD11
ENSG00000176597,protein_coding,B3GNT5
ENSG00000176601,protein_coding,MAP3K19
ENSG00000176619,protein_coding,LMNB2
ENSG00000176623,protein_coding,RMDN1
ENSG00000176624,protein_coding,MEX3C
ENSG00000176635,protein_coding,HORMAD2
ENSG00000176641,protein_coding,RNF152
ENSG00000176658,protein_coding,MYO1D
ENSG00000176681,protein_coding,LRRC37A
ENSG00000176697,protein_coding,BDNF
ENSG00000176714,protein_coding,CCDC121
ENSG00000176715,protein_coding,ACSF3
ENSG00000176720,protein_coding,BOK
ENSG00000176723,protein_coding,ZNF843
ENSG00000176728,lncRNA,TTTY14
ENSG00000176731,protein_coding,RBIS
ENSG00000176749,protein_coding,CDK5R1
ENSG00000176769,protein_coding,TCERG1L
ENSG00000176771,protein_coding,NCKAP5
ENSG00000176783,protein_coding,RUFY1
ENSG00000176788,protein_coding,BASP1
ENSG00000176809,protein_coding,LRRC37A3
ENSG00000176834,protein_coding,VSIG10
ENSG00000176840,lncRNA,MIR7-3HG
ENSG00000176845,protein_coding,METRNL
ENSG00000176853,protein_coding,FAM91A1
ENSG00000176871,protein_coding,WSB2
ENSG00000176884,protein_coding,GRIN1
ENSG00000176887,protein_coding,SOX11
ENSG00000176890,protein_coding,TYMS
ENSG00000176896,protein_coding,TCEANC
ENSG00000176903,protein_coding,PNMA1
ENSG00000176907,protein_coding,TCIM
ENSG00000176909,protein_coding,MAMSTR
ENSG00000176912,lncRNA,TYMSOS
ENSG00000176915,protein_coding,ANKLE2
ENSG00000176920,protein_coding,FUT2
ENSG00000176927,protein_coding,EFCAB5
ENSG00000176945,protein_coding,MUC20
ENSG00000176946,protein_coding,THAP4
ENSG00000176953,protein_coding,NFATC2IP
ENSG00000176956,protein_coding,LY6H
ENSG00000176971,protein_coding,FIBIN
ENSG00000176973,protein_coding,FAM89B
ENSG00000176974,protein_coding,SHMT1
ENSG00000176978,protein_coding,DPP7
ENSG00000176986,protein_coding,SEC24C
ENSG00000176988,protein_coding,FMR1NB
ENSG00000177000,protein_coding,MTHFR
ENSG00000177025,protein_coding,C19orf18
ENSG00000177030,protein_coding,DEAF1
ENSG00000177034,protein_coding,MTX3
ENSG00000177051,protein_coding,FBXO46
ENSG00000177054,protein_coding,ZDHHC13
ENSG00000177058,protein_coding,SLC38A9
ENSG00000177076,protein_coding,ACER2
ENSG00000177082,protein_coding,WDR73
ENSG00000177084,protein_coding,POLE
ENSG00000177098,protein_coding,SCN4B
ENSG00000177103,protein_coding,DSCAML1
ENSG00000177105,protein_coding,RHOG
ENSG00000177106,protein_coding,EPS8L2
ENSG00000177108,protein_coding,ZDHHC22
ENSG00000177112,lncRNA,MRVI1-AS1
ENSG00000177119,protein_coding,ANO6
ENSG00000177125,protein_coding,ZBTB34
ENSG00000177133,lncRNA,PRDM16-DT
ENSG00000177150,protein_coding,FAM210A
ENSG00000177156,protein_coding,TALDO1
ENSG00000177169,protein_coding,ULK1
ENSG00000177181,protein_coding,RIMKLA
ENSG00000177182,protein_coding,CLVS1
ENSG00000177192,protein_coding,PUS1
ENSG00000177200,protein_coding,CHD9
ENSG00000177225,protein_coding,GATD1
ENSG00000177239,protein_coding,MAN1B1
ENSG00000177283,protein_coding,FZD8
ENSG00000177294,protein_coding,FBXO39
ENSG00000177301,protein_coding,KCNA2
ENSG00000177302,protein_coding,TOP3A
ENSG00000177303,protein_coding,CASKIN2
ENSG00000177311,protein_coding,ZBTB38
ENSG00000177335,lncRNA,C8orf31
ENSG00000177337,lncRNA,DLGAP1-AS1
ENSG00000177352,protein_coding,CCDC71
ENSG00000177370,protein_coding,TIMM22
ENSG00000177380,protein_coding,PPFIA3
ENSG00000177383,protein_coding,MAGEF1
ENSG00000177398,protein_coding,UMODL1
ENSG00000177406,lncRNA,AC021054.1
ENSG00000177409,protein_coding,SAMD9L
ENSG00000177410,lncRNA,ZFAS1
ENSG00000177414,protein_coding,UBE2U
ENSG00000177425,protein_coding,PAWR
ENSG00000177426,protein_coding,TGIF1
ENSG00000177427,protein_coding,MIEF2
ENSG00000177432,protein_coding,NAP1L5
ENSG00000177453,protein_coding,NIM1K
ENSG00000177459,protein_coding,ERICH5
ENSG00000177463,protein_coding,NR2C2
ENSG00000177465,protein_coding,ACOT4
ENSG00000177469,protein_coding,CAVIN1
ENSG00000177479,protein_coding,ARIH2
ENSG00000177485,protein_coding,ZBTB33
ENSG00000177511,protein_coding,ST8SIA3
ENSG00000177519,protein_coding,RPRM
ENSG00000177542,protein_coding,SLC25A22
ENSG00000177548,protein_coding,RABEP2
ENSG00000177551,protein_coding,NHLH2
ENSG00000177556,protein_coding,ATOX1
ENSG00000177565,protein_coding,TBL1XR1
ENSG00000177570,protein_coding,SAMD12
ENSG00000177575,protein_coding,CD163
ENSG00000177576,protein_coding,C18orf32
ENSG00000177595,protein_coding,PIDD1
ENSG00000177599,protein_coding,ZNF491
ENSG00000177600,protein_coding,RPLP2
ENSG00000177606,protein_coding,JUN
ENSG00000177613,protein_coding,CSTF2T
ENSG00000177614,protein_coding,PGBD5
ENSG00000177627,protein_coding,C12orf54
ENSG00000177628,protein_coding,GBA
ENSG00000177640,lncRNA,CASC2
ENSG00000177646,protein_coding,ACAD9
ENSG00000177663,protein_coding,IL17RA
ENSG00000177666,protein_coding,PNPLA2
ENSG00000177674,protein_coding,AGTRAP
ENSG00000177675,protein_coding,CD163L1
ENSG00000177679,protein_coding,SRRM3
ENSG00000177692,protein_coding,DNAJC28
ENSG00000177694,protein_coding,NAALADL2
ENSG00000177697,protein_coding,CD151
ENSG00000177699,lncRNA,AC011944.1
ENSG00000177700,protein_coding,POLR2L
ENSG00000177706,protein_coding,FAM20C
ENSG00000177707,protein_coding,NECTIN3
ENSG00000177728,protein_coding,TMEM94
ENSG00000177731,protein_coding,FLII
ENSG00000177732,protein_coding,SOX12
ENSG00000177733,protein_coding,HNRNPA0
ENSG00000177752,protein_coding,YIPF7
ENSG00000177788,lncRNA,AL162595.1
ENSG00000177807,protein_coding,KCNJ10
ENSG00000177822,lncRNA,TENM3-AS1
ENSG00000177830,protein_coding,CHID1
ENSG00000177842,protein_coding,ZNF620
ENSG00000177854,protein_coding,TMEM187
ENSG00000177868,protein_coding,SVBP
ENSG00000177875,protein_coding,CCDC184
ENSG00000177879,protein_coding,AP3S1
ENSG00000177885,protein_coding,GRB2
ENSG00000177888,protein_coding,ZBTB41
ENSG00000177889,protein_coding,UBE2N
ENSG00000177917,protein_coding,ARL6IP6
ENSG00000177932,protein_coding,ZNF354C
ENSG00000177946,protein_coding,CENPBD1
ENSG00000177951,protein_coding,BET1L
ENSG00000177963,protein_coding,RIC8A
ENSG00000177971,protein_coding,IMP3
ENSG00000177981,protein_coding,ASB8
ENSG00000177990,protein_coding,DPY19L2
ENSG00000177993,lncRNA,ZNRF3-AS1
ENSG00000177994,protein_coding,C2orf73
ENSG00000178015,protein_coding,GPR150
ENSG00000178026,protein_coding,LRRC75B
ENSG00000178028,protein_coding,DMAP1
ENSG00000178031,protein_coding,ADAMTSL1
ENSG00000178035,protein_coding,IMPDH2
ENSG00000178038,protein_coding,ALS2CL
ENSG00000178053,protein_coding,MLF1
ENSG00000178057,protein_coding,NDUFAF3
ENSG00000178074,protein_coding,C2orf69
ENSG00000178075,protein_coding,GRAMD1C
ENSG00000178078,protein_coding,STAP2
ENSG00000178096,protein_coding,BOLA1
ENSG00000178104,protein_coding,PDE4DIP
ENSG00000178105,protein_coding,DDX10
ENSG00000178125,protein_coding,PPP1R42
ENSG00000178127,protein_coding,NDUFV2
ENSG00000178149,protein_coding,DALRD3
ENSG00000178150,protein_coding,ZNF114
ENSG00000178163,protein_coding,ZNF518B
ENSG00000178171,protein_coding,AMER3
ENSG00000178177,protein_coding,LCORL
ENSG00000178184,protein_coding,PARD6G
ENSG00000178187,protein_coding,ZNF454
ENSG00000178188,protein_coding,SH2B1
ENSG00000178199,protein_coding,ZC3H12D
ENSG00000178202,protein_coding,POGLUT3
ENSG00000178209,protein_coding,PLEC
ENSG00000178217,protein_coding,SH2D4B
ENSG00000178222,protein_coding,RNF212
ENSG00000178229,protein_coding,ZNF543
ENSG00000178234,protein_coding,GALNT11
ENSG00000178235,protein_coding,SLITRK1
ENSG00000178252,protein_coding,WDR6
ENSG00000178295,protein_coding,GEN1
ENSG00000178297,protein_coding,TMPRSS9
ENSG00000178301,protein_coding,AQP11
ENSG00000178307,protein_coding,TMEM11
ENSG00000178338,protein_coding,ZNF354B
ENSG00000178342,protein_coding,KCNG2
ENSG00000178381,protein_coding,ZFAND2A
ENSG00000178385,protein_coding,PLEKHM3
ENSG00000178397,protein_coding,FAM220A
ENSG00000178401,protein_coding,DNAJC22
ENSG00000178409,protein_coding,BEND3
ENSG00000178412,lncRNA,AC068473.1
ENSG00000178425,protein_coding,NT5DC1
ENSG00000178440,lncRNA,TIMM23B-AGAP6
ENSG00000178445,protein_coding,GLDC
ENSG00000178449,protein_coding,COX14
ENSG00000178460,protein_coding,MCMDC2
ENSG00000178467,protein_coding,P4HTM
ENSG00000178498,protein_coding,DTX3
ENSG00000178502,protein_coding,KLHL11
ENSG00000178531,protein_coding,CTXN1
ENSG00000178537,protein_coding,SLC25A20
ENSG00000178538,protein_coding,CA8
ENSG00000178567,protein_coding,EPM2AIP1
ENSG00000178568,protein_coding,ERBB4
ENSG00000178573,protein_coding,MAF
ENSG00000178585,protein_coding,CTNNBIP1
ENSG00000178602,protein_coding,OTOS
ENSG00000178605,protein_coding,GTPBP6
ENSG00000178607,protein_coding,ERN1
ENSG00000178662,protein_coding,CSRNP3
ENSG00000178685,protein_coding,PARP10
ENSG00000178691,protein_coding,SUZ12
ENSG00000178694,protein_coding,NSUN3
ENSG00000178695,protein_coding,KCTD12
ENSG00000178700,protein_coding,DHFR2
ENSG00000178718,protein_coding,RPP25
ENSG00000178719,protein_coding,GRINA
ENSG00000178722,lncRNA,C5orf64
ENSG00000178741,protein_coding,COX5A
ENSG00000178750,protein_coding,STX19
ENSG00000178752,protein_coding,ERFE
ENSG00000178761,protein_coding,FAM219B
ENSG00000178764,protein_coding,ZHX2
ENSG00000178773,protein_coding,CPNE7
ENSG00000178802,protein_coding,MPI
ENSG00000178803,lncRNA,ADORA2A-AS1
ENSG00000178809,protein_coding,TRIM73
ENSG00000178821,protein_coding,TMEM52
ENSG00000178852,protein_coding,EFCAB13
ENSG00000178860,protein_coding,MSC
ENSG00000178878,protein_coding,APOLD1
ENSG00000178882,protein_coding,RFLNA
ENSG00000178896,protein_coding,EXOSC4
ENSG00000178904,protein_coding,DPY19L3
ENSG00000178913,protein_coding,TAF7
ENSG00000178917,protein_coding,ZNF852
ENSG00000178921,protein_coding,PFAS
ENSG00000178922,protein_coding,HYI
ENSG00000178927,protein_coding,CYBC1
ENSG00000178935,protein_coding,ZNF552
ENSG00000178947,protein_coding,SMIM10L2A
ENSG00000178950,protein_coding,GAK
ENSG00000178951,protein_coding,ZBTB7A
ENSG00000178952,protein_coding,TUFM
ENSG00000178965,protein_coding,ERICH3
ENSG00000178966,protein_coding,RMI1
ENSG00000178971,protein_coding,CTC1
ENSG00000178974,protein_coding,FBXO34
ENSG00000178980,protein_coding,SELENOW
ENSG00000178982,protein_coding,EIF3K
ENSG00000178988,protein_coding,MRFAP1L1
ENSG00000178996,protein_coding,SNX18
ENSG00000178997,protein_coding,EXD1
ENSG00000179008,protein_coding,C14orf39
ENSG00000179010,protein_coding,MRFAP1
ENSG00000179021,protein_coding,C3orf38
ENSG00000179029,protein_coding,TMEM107
ENSG00000179046,protein_coding,TRIML2
ENSG00000179051,protein_coding,RCC2
ENSG00000179057,protein_coding,IGSF22
ENSG00000179058,protein_coding,C9orf50
ENSG00000179083,protein_coding,FAM133A
ENSG00000179085,protein_coding,DPM3
ENSG00000179088,protein_coding,C12orf42
ENSG00000179091,protein_coding,CYC1
ENSG00000179094,protein_coding,PER1
ENSG00000179097,protein_coding,HTR1F
ENSG00000179104,protein_coding,TMTC2
ENSG00000179111,protein_coding,HES7
ENSG00000179115,protein_coding,FARSA
ENSG00000179119,protein_coding,SPTY2D1
ENSG00000179133,protein_coding,C10orf67
ENSG00000179134,protein_coding,SAMD4B
ENSG00000179136,lncRNA,LINC00670
ENSG00000179144,protein_coding,GIMAP7
ENSG00000179148,protein_coding,ALOXE3
ENSG00000179151,protein_coding,EDC3
ENSG00000179152,protein_coding,TCAIM
ENSG00000179163,protein_coding,FUCA1
ENSG00000179178,protein_coding,TMEM125
ENSG00000179218,protein_coding,CALR
ENSG00000179222,protein_coding,MAGED1
ENSG00000179240,protein_coding,GVQW3
ENSG00000179241,protein_coding,LDLRAD3
ENSG00000179242,protein_coding,CDH4
ENSG00000179262,protein_coding,RAD23A
ENSG00000179271,protein_coding,GADD45GIP1
ENSG00000179292,protein_coding,TMEM151A
ENSG00000179295,protein_coding,PTPN11
ENSG00000179299,protein_coding,NSUN7
ENSG00000179314,protein_coding,WSCD1
ENSG00000179331,protein_coding,RAB39A
ENSG00000179335,protein_coding,CLK3
ENSG00000179344,protein_coding,HLA-DQB1
ENSG00000179361,protein_coding,ARID3B
ENSG00000179364,protein_coding,PACS2
ENSG00000179387,protein_coding,ELMOD2
ENSG00000179388,protein_coding,EGR3
ENSG00000179397,protein_coding,CATSPERE
ENSG00000179399,protein_coding,GPC5
ENSG00000179403,protein_coding,VWA1
ENSG00000179406,lncRNA,LINC00174
ENSG00000179409,protein_coding,GEMIN4
ENSG00000179431,protein_coding,FJX1
ENSG00000179454,protein_coding,KLHL28
ENSG00000179455,protein_coding,MKRN3
ENSG00000179456,protein_coding,ZBTB18
ENSG00000179476,protein_coding,C14orf28
ENSG00000179477,protein_coding,ALOX12B
ENSG00000179520,protein_coding,SLC17A8
ENSG00000179523,lncRNA,EIF3J-DT
ENSG00000179526,protein_coding,SHARPIN
ENSG00000179532,protein_coding,DNHD1
ENSG00000179542,protein_coding,SLITRK4
ENSG00000179562,protein_coding,GCC1
ENSG00000179583,protein_coding,CIITA
ENSG00000179588,protein_coding,ZFPM1
ENSG00000179593,protein_coding,ALOX15B
ENSG00000179598,protein_coding,PLD6
ENSG00000179603,protein_coding,GRM8
ENSG00000179604,protein_coding,CDC42EP4
ENSG00000179630,protein_coding,LACC1
ENSG00000179632,protein_coding,MAF1
ENSG00000179673,protein_coding,RPRML
ENSG00000179698,protein_coding,WDR97
ENSG00000179715,protein_coding,PCED1B
ENSG00000179743,lncRNA,AL450998.2
ENSG00000179761,protein_coding,PIPOX
ENSG00000179774,protein_coding,ATOH7
ENSG00000179796,protein_coding,LRRC3B
ENSG00000179818,lncRNA,PCBP1-AS1
ENSG00000179820,protein_coding,MYADM
ENSG00000179832,protein_coding,MROH1
ENSG00000179833,protein_coding,SERTAD2
ENSG00000179841,protein_coding,AKAP5
ENSG00000179846,protein_coding,NKPD1
ENSG00000179859,protein_coding,RNF227
ENSG00000179862,protein_coding,CITED4
ENSG00000179889,protein_coding,PDXDC1
ENSG00000179902,protein_coding,C1orf194
ENSG00000179909,protein_coding,ZNF154
ENSG00000179912,protein_coding,R3HDM2
ENSG00000179915,protein_coding,NRXN1
ENSG00000179918,protein_coding,SEPHS2
ENSG00000179933,protein_coding,C14orf119
ENSG00000179941,protein_coding,BBS10
ENSG00000179943,protein_coding,FIZ1
ENSG00000179950,protein_coding,PUF60
ENSG00000179954,protein_coding,SSC5D
ENSG00000179958,protein_coding,DCTPP1
ENSG00000179965,protein_coding,ZNF771
ENSG00000179981,protein_coding,TSHZ1
ENSG00000179988,protein_coding,PSTK
ENSG00000180008,protein_coding,SOCS4
ENSG00000180011,protein_coding,ZADH2
ENSG00000180035,protein_coding,ZNF48
ENSG00000180044,protein_coding,C3orf80
ENSG00000180061,protein_coding,TMEM150B
ENSG00000180071,protein_coding,ANKRD18A
ENSG00000180089,protein_coding,TMEM86B
ENSG00000180096,protein_coding,SEPTIN1
ENSG00000180098,protein_coding,TRNAU1AP
ENSG00000180104,protein_coding,EXOC3
ENSG00000180113,protein_coding,TDRD6
ENSG00000180116,protein_coding,C12orf40
ENSG00000180155,protein_coding,LYNX1
ENSG00000180182,protein_coding,MED14
ENSG00000180185,protein_coding,FAHD1
ENSG00000180190,protein_coding,TDRP
ENSG00000180198,protein_coding,RCC1
ENSG00000180209,protein_coding,MYLPF
ENSG00000180228,protein_coding,PRKRA
ENSG00000180233,protein_coding,ZNRF2
ENSG00000180245,protein_coding,RRH
ENSG00000180263,protein_coding,FGD6
ENSG00000180287,protein_coding,PLD5
ENSG00000180304,protein_coding,OAZ2
ENSG00000180316,protein_coding,PNPLA1
ENSG00000180329,protein_coding,CCDC43
ENSG00000180332,protein_coding,KCTD4
ENSG00000180336,protein_coding,MEIOC
ENSG00000180347,protein_coding,ITPRID1
ENSG00000180353,protein_coding,HCLS1
ENSG00000180354,protein_coding,MTURN
ENSG00000180357,protein_coding,ZNF609
ENSG00000180370,protein_coding,PAK2
ENSG00000180376,protein_coding,CCDC66
ENSG00000180389,processed_pseudogene,ATP5F1EP2
ENSG00000180398,protein_coding,MCFD2
ENSG00000180423,protein_coding,HARBI1
ENSG00000180425,protein_coding,C11orf71
ENSG00000180438,transcribed_processed_pseudogene,TPRXL
ENSG00000180440,protein_coding,SERTM1
ENSG00000180447,protein_coding,GAS1
ENSG00000180448,protein_coding,ARHGAP45
ENSG00000180479,protein_coding,ZNF571
ENSG00000180481,protein_coding,GLIPR1L2
ENSG00000180488,protein_coding,MIGA1
ENSG00000180509,protein_coding,KCNE1
ENSG00000180530,protein_coding,NRIP1
ENSG00000180537,protein_coding,RNF182
ENSG00000180543,protein_coding,TSPYL5
ENSG00000180573,protein_coding,HIST1H2AC
ENSG00000180574,protein_coding,EIF2S3B
ENSG00000180592,protein_coding,SKIDA1
ENSG00000180596,protein_coding,HIST1H2BC
ENSG00000180611,protein_coding,MB21D2
ENSG00000180616,protein_coding,SSTR2
ENSG00000180626,protein_coding,ZNF594
ENSG00000180628,protein_coding,PCGF5
ENSG00000180638,protein_coding,SLC47A2
ENSG00000180644,protein_coding,PRF1
ENSG00000180667,protein_coding,YOD1
ENSG00000180694,protein_coding,TMEM64
ENSG00000180730,protein_coding,SHISA2
ENSG00000180739,protein_coding,S1PR5
ENSG00000180773,protein_coding,SLC36A4
ENSG00000180776,protein_coding,ZDHHC20
ENSG00000180777,protein_coding,ANKRD30B
ENSG00000180787,protein_coding,ZFP3
ENSG00000180801,protein_coding,ARSJ
ENSG00000180815,protein_coding,MAP3K15
ENSG00000180817,protein_coding,PPA1
ENSG00000180822,protein_coding,PSMG4
ENSG00000180828,protein_coding,BHLHE22
ENSG00000180834,protein_coding,MAP6D1
ENSG00000180875,protein_coding,GREM2
ENSG00000180878,protein_coding,C11orf42
ENSG00000180879,protein_coding,SSR4
ENSG00000180881,protein_coding,CAPS2
ENSG00000180891,protein_coding,CUEDC1
ENSG00000180900,protein_coding,SCRIB
ENSG00000180901,protein_coding,KCTD2
ENSG00000180902,protein_coding,D2HGDH
ENSG00000180914,protein_coding,OXTR
ENSG00000180917,protein_coding,CMTR2
ENSG00000180921,protein_coding,FAM83H
ENSG00000180929,protein_coding,GPR62
ENSG00000180957,protein_coding,PITPNB
ENSG00000180964,protein_coding,TCEAL8
ENSG00000180979,protein_coding,LRRC57
ENSG00000180992,protein_coding,MRPL14
ENSG00000180998,protein_coding,GPR137C
ENSG00000181004,protein_coding,BBS12
ENSG00000181007,protein_coding,ZFP82
ENSG00000181016,protein_coding,LSMEM1
ENSG00000181019,protein_coding,NQO1
ENSG00000181026,protein_coding,AEN
ENSG00000181027,protein_coding,FKRP
ENSG00000181031,protein_coding,RPH3AL
ENSG00000181035,protein_coding,SLC25A42
ENSG00000181038,protein_coding,METTL23
ENSG00000181045,protein_coding,SLC26A11
ENSG00000181061,protein_coding,HIGD1A
ENSG00000181072,protein_coding,CHRM2
ENSG00000181090,protein_coding,EHMT1
ENSG00000181104,protein_coding,F2R
ENSG00000181135,protein_coding,ZNF707
ENSG00000181163,protein_coding,NPM1
ENSG00000181171,lncRNA,FER1L6-AS1
ENSG00000181191,protein_coding,PJA1
ENSG00000181192,protein_coding,DHTKD1
ENSG00000181195,protein_coding,PENK
ENSG00000181215,protein_coding,C4orf50
ENSG00000181220,protein_coding,ZNF746
ENSG00000181222,protein_coding,POLR2A
ENSG00000181234,protein_coding,TMEM132C
ENSG00000181240,protein_coding,SLC25A41
ENSG00000181264,protein_coding,TLCD5
ENSG00000181274,protein_coding,FRAT2
ENSG00000181291,protein_coding,TMEM132E
ENSG00000181315,protein_coding,ZNF322
ENSG00000181322,protein_coding,NME9
ENSG00000181333,protein_coding,HEPHL1
ENSG00000181350,protein_coding,LRRC75A
ENSG00000181355,transcribed_unitary_pseudogene,OFCC1
ENSG00000181378,protein_coding,CFAP65
ENSG00000181381,protein_coding,DDX60L
ENSG00000181396,protein_coding,OGFOD3
ENSG00000181409,protein_coding,AATK
ENSG00000181418,protein_coding,DDN
ENSG00000181449,protein_coding,SOX2
ENSG00000181450,protein_coding,ZNF678
ENSG00000181458,protein_coding,TMEM45A
ENSG00000181467,protein_coding,RAP2B
ENSG00000181472,protein_coding,ZBTB2
ENSG00000181481,protein_coding,RNF135
ENSG00000181513,protein_coding,ACBD4
ENSG00000181523,protein_coding,SGSH
ENSG00000181544,protein_coding,FANCB
ENSG00000181555,protein_coding,SETD2
ENSG00000181585,protein_coding,TMIE
ENSG00000181588,protein_coding,MEX3D
ENSG00000181610,protein_coding,MRPS23
ENSG00000181619,protein_coding,GPR135
ENSG00000181626,protein_coding,ANKRD62
ENSG00000181631,protein_coding,P2RY13
ENSG00000181649,protein_coding,PHLDA2
ENSG00000181652,protein_coding,ATG9B
ENSG00000181656,protein_coding,GPR88
ENSG00000181666,protein_coding,ZNF875
ENSG00000181690,protein_coding,PLAG1
ENSG00000181704,protein_coding,YIPF6
ENSG00000181722,protein_coding,ZBTB20
ENSG00000181744,protein_coding,DIPK2A
ENSG00000181751,protein_coding,C5orf30
ENSG00000181754,protein_coding,AMIGO1
ENSG00000181773,protein_coding,GPR3
ENSG00000181781,protein_coding,ODF3L2
ENSG00000181788,protein_coding,SIAH2
ENSG00000181789,protein_coding,COPG1
ENSG00000181790,protein_coding,ADGRB1
ENSG00000181804,protein_coding,SLC9A9
ENSG00000181817,protein_coding,LSM10
ENSG00000181826,protein_coding,RELL1
ENSG00000181827,protein_coding,RFX7
ENSG00000181830,protein_coding,SLC35C1
ENSG00000181852,protein_coding,RNF41
ENSG00000181873,protein_coding,IBA57
ENSG00000181894,protein_coding,ZNF329
ENSG00000181896,protein_coding,ZNF101
ENSG00000181904,protein_coding,C5orf24
ENSG00000181915,protein_coding,ADO
ENSG00000181924,protein_coding,COA4
ENSG00000181929,protein_coding,PRKAG1
ENSG00000181938,protein_coding,GINS3
ENSG00000181982,protein_coding,CCDC149
ENSG00000181991,protein_coding,MRPS11
ENSG00000182004,protein_coding,SNRPE
ENSG00000182010,protein_coding,RTKN2
ENSG00000182013,protein_coding,PNMA8A
ENSG00000182022,protein_coding,CHST15
ENSG00000182050,protein_coding,MGAT4C
ENSG00000182054,protein_coding,IDH2
ENSG00000182057,lncRNA,OGFRP1
ENSG00000182070,protein_coding,OR52A1
ENSG00000182087,protein_coding,TMEM259
ENSG00000182093,protein_coding,GET1
ENSG00000182095,protein_coding,TNRC18
ENSG00000182103,protein_coding,FAM181B
ENSG00000182108,protein_coding,DEXI
ENSG00000182117,protein_coding,NOP10
ENSG00000182118,protein_coding,FAM89A
ENSG00000182132,protein_coding,KCNIP1
ENSG00000182134,protein_coding,TDRKH
ENSG00000182141,protein_coding,ZNF708
ENSG00000182149,protein_coding,IST1
ENSG00000182150,protein_coding,ERCC6L2
ENSG00000182154,protein_coding,MRPL41
ENSG00000182158,protein_coding,CREB3L2
ENSG00000182162,protein_coding,P2RY8
ENSG00000182165,lncRNA,TP53TG1
ENSG00000182168,protein_coding,UNC5C
ENSG00000182173,protein_coding,TSEN54
ENSG00000182175,protein_coding,RGMA
ENSG00000182177,protein_coding,ASB18
ENSG00000182180,protein_coding,MRPS16
ENSG00000182183,protein_coding,SHISAL2A
ENSG00000182185,protein_coding,RAD51B
ENSG00000182195,protein_coding,LDOC1
ENSG00000182196,protein_coding,ARL6IP4
ENSG00000182197,protein_coding,EXT1
ENSG00000182199,protein_coding,SHMT2
ENSG00000182208,protein_coding,MOB2
ENSG00000182218,protein_coding,HHIPL1
ENSG00000182220,protein_coding,ATP6AP2
ENSG00000182224,protein_coding,CYB5D1
ENSG00000182230,protein_coding,FAM153B
ENSG00000182240,protein_coding,BACE2
ENSG00000182247,protein_coding,UBE2E2
ENSG00000182253,protein_coding,SYNM
ENSG00000182255,protein_coding,KCNA4
ENSG00000182256,protein_coding,GABRG3
ENSG00000182263,protein_coding,FIGN
ENSG00000182264,protein_coding,IZUMO1
ENSG00000182272,protein_coding,B4GALNT4
ENSG00000182287,protein_coding,AP1S2
ENSG00000182307,protein_coding,C8orf33
ENSG00000182318,protein_coding,ZSCAN22
ENSG00000182324,protein_coding,KCNJ14
ENSG00000182325,protein_coding,FBXL6
ENSG00000182326,protein_coding,C1S
ENSG00000182329,protein_coding,KIAA2012
ENSG00000182348,protein_coding,ZNF804B
ENSG00000182359,protein_coding,KBTBD3
ENSG00000182362,protein_coding,YBEY
ENSG00000182366,lncRNA,FAM87A
ENSG00000182372,protein_coding,CLN8
ENSG00000182378,protein_coding,PLCXD1
ENSG00000182379,protein_coding,NXPH4
ENSG00000182389,protein_coding,CACNB4
ENSG00000182400,protein_coding,TRAPPC6B
ENSG00000182405,protein_coding,PGBD4
ENSG00000182446,protein_coding,NPLOC4
ENSG00000182450,protein_coding,KCNK4
ENSG00000182463,protein_coding,TSHZ2
ENSG00000182472,protein_coding,CAPN12
ENSG00000182473,protein_coding,EXOC7
ENSG00000182481,protein_coding,KPNA2
ENSG00000182489,protein_coding,XKRX
ENSG00000182492,protein_coding,BGN
ENSG00000182504,protein_coding,CEP97
ENSG00000182511,protein_coding,FES
ENSG00000182512,protein_coding,GLRX5
ENSG00000182518,protein_coding,FAM104B
ENSG00000182521,protein_coding,TBPL2
ENSG00000182533,protein_coding,CAV3
ENSG00000182534,protein_coding,MXRA7
ENSG00000182541,protein_coding,LIMK2
ENSG00000182544,protein_coding,MFSD5
ENSG00000182545,protein_coding,RNASE10
ENSG00000182551,protein_coding,ADI1
ENSG00000182552,protein_coding,RWDD4
ENSG00000182566,protein_coding,CLEC4G
ENSG00000182575,protein_coding,NXPH3
ENSG00000182578,protein_coding,CSF1R
ENSG00000182586,lncRNA,LINC00334
ENSG00000182600,protein_coding,SNORC
ENSG00000182601,protein_coding,HS3ST4
ENSG00000182606,protein_coding,TRAK1
ENSG00000182621,protein_coding,PLCB1
ENSG00000182628,protein_coding,SKA2
ENSG00000182636,protein_coding,NDN
ENSG00000182667,protein_coding,NTM
ENSG00000182670,protein_coding,TTC3
ENSG00000182674,protein_coding,KCNB2
ENSG00000182685,protein_coding,BRICD5
ENSG00000182700,protein_coding,IGIP
ENSG00000182718,protein_coding,ANXA2
ENSG00000182732,protein_coding,RGS6
ENSG00000182749,protein_coding,PAQR7
ENSG00000182752,protein_coding,PAPPA
ENSG00000182768,protein_coding,NGRN
ENSG00000182771,protein_coding,GRID1
ENSG00000182809,protein_coding,CRIP2
ENSG00000182810,protein_coding,DDX28
ENSG00000182827,protein_coding,ACBD3
ENSG00000182831,protein_coding,C16orf72
ENSG00000182836,protein_coding,PLCXD3
ENSG00000182853,protein_coding,VMO1
ENSG00000182858,protein_coding,ALG12
ENSG00000182870,protein_coding,GALNT9
ENSG00000182871,protein_coding,COL18A1
ENSG00000182872,protein_coding,RBM10
ENSG00000182899,protein_coding,RPL35A
ENSG00000182901,protein_coding,RGS7
ENSG00000182902,protein_coding,SLC25A18
ENSG00000182903,protein_coding,ZNF721
ENSG00000182916,protein_coding,TCEAL7
ENSG00000182919,protein_coding,C11orf54
ENSG00000182923,protein_coding,CEP63
ENSG00000182931,protein_coding,WFDC10B
ENSG00000182934,protein_coding,SRPRA
ENSG00000182944,protein_coding,EWSR1
ENSG00000182952,protein_coding,HMGN4
ENSG00000182963,protein_coding,GJC1
ENSG00000182968,protein_coding,SOX1
ENSG00000182973,protein_coding,CNOT10
ENSG00000182979,protein_coding,MTA1
ENSG00000182985,protein_coding,CADM1
ENSG00000182986,protein_coding,ZNF320
ENSG00000182993,protein_coding,C12orf60
ENSG00000183010,protein_coding,PYCR1
ENSG00000183011,protein_coding,NAA38
ENSG00000183018,protein_coding,SPNS2
ENSG00000183020,protein_coding,AP2A2
ENSG00000183023,protein_coding,SLC8A1
ENSG00000183032,protein_coding,SLC25A21
ENSG00000183036,protein_coding,PCP4
ENSG00000183044,protein_coding,ABAT
ENSG00000183048,protein_coding,SLC25A10
ENSG00000183049,protein_coding,CAMK1D
ENSG00000183060,protein_coding,LYSMD4
ENSG00000183066,protein_coding,WBP2NL
ENSG00000183067,protein_coding,IGSF5
ENSG00000183077,protein_coding,AFMID
ENSG00000183087,protein_coding,GAS6
ENSG00000183090,protein_coding,FREM3
ENSG00000183091,protein_coding,NEB
ENSG00000183092,protein_coding,BEGAIN
ENSG00000183098,protein_coding,GPC6
ENSG00000183111,protein_coding,ARHGEF37
ENSG00000183114,protein_coding,FAM43B
ENSG00000183117,protein_coding,CSMD1
ENSG00000183137,protein_coding,CEP57L1
ENSG00000183148,protein_coding,ANKRD20A2
ENSG00000183150,protein_coding,GPR19
ENSG00000183155,protein_coding,RABIF
ENSG00000183160,protein_coding,TMEM119
ENSG00000183161,protein_coding,FANCF
ENSG00000183166,protein_coding,CALN1
ENSG00000183172,protein_coding,SMDT1
ENSG00000183186,protein_coding,C2CD4C
ENSG00000183207,protein_coding,RUVBL2
ENSG00000183208,protein_coding,GDPGP1
ENSG00000183230,protein_coding,CTNNA3
ENSG00000183248,protein_coding,PRR36
ENSG00000183255,protein_coding,PTTG1IP
ENSG00000183258,protein_coding,DDX41
ENSG00000183273,protein_coding,CCDC60
ENSG00000183281,protein_coding,PLGLB1
ENSG00000183283,protein_coding,DAZAP2
ENSG00000183287,protein_coding,CCBE1
ENSG00000183291,protein_coding,SELENOF
ENSG00000183307,protein_coding,TMEM121B
ENSG00000183308,lncRNA,AC005037.1
ENSG00000183309,protein_coding,ZNF623
ENSG00000183317,protein_coding,EPHA10
ENSG00000183323,protein_coding,CCDC125
ENSG00000183324,protein_coding,REC114
ENSG00000183337,protein_coding,BCOR
ENSG00000183340,protein_coding,JRKL
ENSG00000183346,protein_coding,CABCOCO1
ENSG00000183354,protein_coding,KIAA2026
ENSG00000183379,protein_coding,SYNDIG1L
ENSG00000183386,protein_coding,FHL3
ENSG00000183401,protein_coding,CCDC159
ENSG00000183423,protein_coding,LRIT3
ENSG00000183426,protein_coding,NPIPA1
ENSG00000183431,protein_coding,SF3A3
ENSG00000183439,protein_coding,TRIM61
ENSG00000183454,protein_coding,GRIN2A
ENSG00000183470,lncRNA,AC009365.1
ENSG00000183474,protein_coding,GTF2H2C
ENSG00000183475,protein_coding,ASB7
ENSG00000183484,protein_coding,GPR132
ENSG00000183486,protein_coding,MX2
ENSG00000183495,protein_coding,EP400
ENSG00000183496,protein_coding,MEX3B
ENSG00000183508,protein_coding,TENT5C
ENSG00000183513,protein_coding,COA5
ENSG00000183520,protein_coding,UTP11
ENSG00000183527,protein_coding,PSMG1
ENSG00000183530,protein_coding,PRR14L
ENSG00000183549,protein_coding,ACSM5
ENSG00000183569,protein_coding,SERHL2
ENSG00000183570,protein_coding,PCBP3
ENSG00000183576,protein_coding,SETD3
ENSG00000183578,protein_coding,TNFAIP8L3
ENSG00000183579,protein_coding,ZNRF3
ENSG00000183580,protein_coding,FBXL7
ENSG00000183597,protein_coding,TANGO2
ENSG00000183605,protein_coding,SFXN4
ENSG00000183617,protein_coding,MRPL54
ENSG00000183621,protein_coding,ZNF438
ENSG00000183624,protein_coding,HMCES
ENSG00000183628,protein_coding,DGCR6
ENSG00000183648,protein_coding,NDUFB1
ENSG00000183654,protein_coding,MARCH11
ENSG00000183655,protein_coding,KLHL25
ENSG00000183662,protein_coding,TAFA1
ENSG00000183665,protein_coding,TRMT12
ENSG00000183671,protein_coding,GPR1
ENSG00000183682,protein_coding,BMP8A
ENSG00000183688,protein_coding,RFLNB
ENSG00000183690,protein_coding,EFHC2
ENSG00000183691,protein_coding,NOG
ENSG00000183696,protein_coding,UPP1
ENSG00000183715,protein_coding,OPCML
ENSG00000183718,protein_coding,TRIM52
ENSG00000183722,protein_coding,LHFPL6
ENSG00000183723,protein_coding,CMTM4
ENSG00000183726,protein_coding,TMEM50A
ENSG00000183735,protein_coding,TBK1
ENSG00000183741,protein_coding,CBX6
ENSG00000183742,protein_coding,MACC1
ENSG00000183751,protein_coding,TBL3
ENSG00000183760,protein_coding,ACP7
ENSG00000183762,protein_coding,KREMEN1
ENSG00000183763,protein_coding,TRAIP
ENSG00000183765,protein_coding,CHEK2
ENSG00000183775,protein_coding,KCTD16
ENSG00000183778,protein_coding,B3GALT5
ENSG00000183779,protein_coding,ZNF703
ENSG00000183780,protein_coding,SLC35F3
ENSG00000183783,protein_coding,KCTD8
ENSG00000183785,protein_coding,TUBA8
ENSG00000183793,protein_coding,NPIPA5
ENSG00000183798,protein_coding,EMILIN3
ENSG00000183807,protein_coding,FAM162B
ENSG00000183808,protein_coding,RBM12B
ENSG00000183814,protein_coding,LIN9
ENSG00000183826,protein_coding,BTBD9
ENSG00000183828,protein_coding,NUDT14
ENSG00000183831,protein_coding,ANKRD45
ENSG00000183833,protein_coding,MAATS1
ENSG00000183837,protein_coding,PNMA3
ENSG00000183840,protein_coding,GPR39
ENSG00000183850,protein_coding,ZNF730
ENSG00000183853,protein_coding,KIRREL1
ENSG00000183864,protein_coding,TOB2
ENSG00000183873,protein_coding,SCN5A
ENSG00000183876,protein_coding,ARSI
ENSG00000183878,protein_coding,UTY
ENSG00000183889,protein_coding,AC138969.1
ENSG00000183891,protein_coding,TTC32
ENSG00000183908,protein_coding,LRRC55
ENSG00000183914,protein_coding,DNAH2
ENSG00000183921,protein_coding,SDR42E2
ENSG00000183943,protein_coding,PRKX
ENSG00000183955,protein_coding,KMT5A
ENSG00000183960,protein_coding,KCNH8
ENSG00000183963,protein_coding,SMTN
ENSG00000183971,protein_coding,NPW
ENSG00000183978,protein_coding,COA3
ENSG00000183979,protein_coding,NPB
ENSG00000184005,protein_coding,ST6GALNAC3
ENSG00000184007,protein_coding,PTP4A2
ENSG00000184009,protein_coding,ACTG1
ENSG00000184014,protein_coding,DENND5A
ENSG00000184029,lncRNA,DSCR4
ENSG00000184056,protein_coding,VPS33B
ENSG00000184058,protein_coding,TBX1
ENSG00000184060,protein_coding,ADAP2
ENSG00000184068,lncRNA,SREBF2-AS1
ENSG00000184076,protein_coding,UQCR10
ENSG00000184083,protein_coding,FAM120C
ENSG00000184113,protein_coding,CLDN5
ENSG00000184117,protein_coding,NIPSNAP1
ENSG00000184144,protein_coding,CNTN2
ENSG00000184154,protein_coding,LRTOMT
ENSG00000184156,protein_coding,KCNQ3
ENSG00000184160,protein_coding,ADRA2C
ENSG00000184162,protein_coding,NR2C2AP
ENSG00000184164,protein_coding,CRELD2
ENSG00000184178,protein_coding,SCFD2
ENSG00000184185,protein_coding,KCNJ12
ENSG00000184194,protein_coding,GPR173
ENSG00000184203,protein_coding,PPP1R2
ENSG00000184205,protein_coding,TSPYL2
ENSG00000184206,protein_coding,GOLGA6L4
ENSG00000184207,protein_coding,PGP
ENSG00000184208,unitary_pseudogene,C22orf46
ENSG00000184209,protein_coding,SNRNP35
ENSG00000184216,protein_coding,IRAK1
ENSG00000184220,protein_coding,CMSS1
ENSG00000184221,protein_coding,OLIG1
ENSG00000184226,protein_coding,PCDH9
ENSG00000184227,protein_coding,ACOT1
ENSG00000184232,protein_coding,OAF
ENSG00000184254,protein_coding,ALDH1A3
ENSG00000184261,protein_coding,KCNK12
ENSG00000184271,protein_coding,POU6F1
ENSG00000184277,protein_coding,TM2D3
ENSG00000184281,protein_coding,TSSC4
ENSG00000184293,protein_coding,CLECL1
ENSG00000184304,protein_coding,PRKD1
ENSG00000184305,protein_coding,CCSER1
ENSG00000184307,protein_coding,ZDHHC23
ENSG00000184343,protein_coding,SRPK3
ENSG00000184347,protein_coding,SLIT3
ENSG00000184349,protein_coding,EFNA5
ENSG00000184368,protein_coding,MAP7D2
ENSG00000184371,protein_coding,CSF1
ENSG00000184374,protein_coding,COLEC10
ENSG00000184381,protein_coding,PLA2G6
ENSG00000184384,protein_coding,MAML2
ENSG00000184385,lncRNA,UMODL1-AS1
ENSG00000184388,protein_coding,PABPC1L2B
ENSG00000184389,protein_coding,A3GALT2
ENSG00000184402,protein_coding,SS18L1
ENSG00000184408,protein_coding,KCND2
ENSG00000184428,protein_coding,TOP1MT
ENSG00000184432,protein_coding,COPB2
ENSG00000184436,protein_coding,THAP7
ENSG00000184445,protein_coding,KNTC1
ENSG00000184451,protein_coding,CCR10
ENSG00000184454,protein_coding,NCMAP
ENSG00000184459,protein_coding,BPIFC
ENSG00000184465,protein_coding,WDR27
ENSG00000184470,protein_coding,TXNRD2
ENSG00000184481,protein_coding,FOXO4
ENSG00000184486,protein_coding,POU3F2
ENSG00000184489,protein_coding,PTP4A3
ENSG00000184500,protein_coding,PROS1
ENSG00000184508,protein_coding,HDDC3
ENSG00000184515,protein_coding,BEX5
ENSG00000184517,protein_coding,ZFP1
ENSG00000184524,protein_coding,CEND1
ENSG00000184530,protein_coding,C6orf58
ENSG00000184544,protein_coding,DHRS7C
ENSG00000184545,protein_coding,DUSP8
ENSG00000184557,protein_coding,SOCS3
ENSG00000184574,protein_coding,LPAR5
ENSG00000184575,protein_coding,XPOT
ENSG00000184584,protein_coding,TMEM173
ENSG00000184588,protein_coding,PDE4B
ENSG00000184602,protein_coding,SNN
ENSG00000184608,lncRNA,FAM167A-AS1
ENSG00000184611,protein_coding,KCNH7
ENSG00000184613,protein_coding,NELL2
ENSG00000184634,protein_coding,MED12
ENSG00000184640,protein_coding,SEPTIN9
ENSG00000184647,protein_coding,PRSS55
ENSG00000184672,protein_coding,RALYL
ENSG00000184677,protein_coding,ZBTB40
ENSG00000184678,protein_coding,HIST2H2BE
ENSG00000184702,protein_coding,SEPTIN5
ENSG00000184708,protein_coding,EIF4ENIF1
ENSG00000184709,protein_coding,LRRC26
ENSG00000184719,protein_coding,RNLS
ENSG00000184731,protein_coding,FAM110C
ENSG00000184743,protein_coding,ATL3
ENSG00000184752,protein_coding,NDUFA12
ENSG00000184785,protein_coding,SMIM10
ENSG00000184786,protein_coding,TCTE3
ENSG00000184787,protein_coding,UBE2G2
ENSG00000184792,protein_coding,OSBP2
ENSG00000184828,protein_coding,ZBTB7C
ENSG00000184831,protein_coding,APOO
ENSG00000184838,protein_coding,PRR16
ENSG00000184840,protein_coding,TMED9
ENSG00000184845,protein_coding,DRD1
ENSG00000184857,protein_coding,TMEM186
ENSG00000184863,protein_coding,RBM33
ENSG00000184867,protein_coding,ARMCX2
ENSG00000184887,protein_coding,BTBD6
ENSG00000184897,protein_coding,H1FX
ENSG00000184898,protein_coding,RBM43
ENSG00000184900,protein_coding,SUMO3
ENSG00000184903,protein_coding,IMMP2L
ENSG00000184905,protein_coding,TCEAL2
ENSG00000184916,protein_coding,JAG2
ENSG00000184922,protein_coding,FMNL1
ENSG00000184924,protein_coding,PTRHD1
ENSG00000184925,protein_coding,LCN12
ENSG00000184939,protein_coding,ZFP90
ENSG00000184949,protein_coding,FAM227A
ENSG00000184956,protein_coding,MUC6
ENSG00000184967,protein_coding,NOC4L
ENSG00000184979,protein_coding,USP18
ENSG00000184983,protein_coding,NDUFA6
ENSG00000184984,protein_coding,CHRM5
ENSG00000184985,protein_coding,SORCS2
ENSG00000184986,protein_coding,TMEM121
ENSG00000184988,protein_coding,TMEM106A
ENSG00000184990,protein_coding,SIVA1
ENSG00000184992,protein_coding,BRI3BP
ENSG00000184999,protein_coding,SLC22A10
ENSG00000185000,protein_coding,DGAT1
ENSG00000185002,protein_coding,RFX6
ENSG00000185008,protein_coding,ROBO2
ENSG00000185009,protein_coding,AP3M1
ENSG00000185010,protein_coding,F8
ENSG00000185015,protein_coding,CA13
ENSG00000185019,protein_coding,UBOX5
ENSG00000185022,protein_coding,MAFF
ENSG00000185024,protein_coding,BRF1
ENSG00000185033,protein_coding,SEMA4B
ENSG00000185043,protein_coding,CIB1
ENSG00000185046,protein_coding,ANKS1B
ENSG00000185049,protein_coding,NELFA
ENSG00000185052,protein_coding,SLC24A3
ENSG00000185053,protein_coding,SGCZ
ENSG00000185055,protein_coding,EFCAB10
ENSG00000185056,protein_coding,C5orf47
ENSG00000185070,protein_coding,FLRT2
ENSG00000185085,protein_coding,INTS5
ENSG00000185090,protein_coding,MANEAL
ENSG00000185100,protein_coding,ADSSL1
ENSG00000185104,protein_coding,FAF1
ENSG00000185112,protein_coding,FAM43A
ENSG00000185122,protein_coding,HSF1
ENSG00000185127,protein_coding,C6orf120
ENSG00000185129,protein_coding,PURA
ENSG00000185133,protein_coding,INPP5J
ENSG00000185149,protein_coding,NPY2R
ENSG00000185158,protein_coding,LRRC37B
ENSG00000185163,protein_coding,DDX51
ENSG00000185164,protein_coding,NOMO2
ENSG00000185187,protein_coding,SIGIRR
ENSG00000185189,protein_coding,NRBP2
ENSG00000185201,protein_coding,IFITM2
ENSG00000185203,lncRNA,WASIR1
ENSG00000185215,protein_coding,TNFAIP2
ENSG00000185219,protein_coding,ZNF445
ENSG00000185220,protein_coding,PGBD2
ENSG00000185222,protein_coding,TCEAL9
ENSG00000185236,protein_coding,RAB11B
ENSG00000185238,protein_coding,PRMT3
ENSG00000185246,protein_coding,PRPF39
ENSG00000185250,protein_coding,PPIL6
ENSG00000185252,protein_coding,ZNF74
ENSG00000185261,protein_coding,KIAA0825
ENSG00000185262,protein_coding,UBALD2
ENSG00000185267,protein_coding,CDNF
ENSG00000185272,protein_coding,RBM11
ENSG00000185274,protein_coding,GALNT17
ENSG00000185278,protein_coding,ZBTB37
ENSG00000185290,protein_coding,NUPR2
ENSG00000185291,protein_coding,IL3RA
ENSG00000185298,protein_coding,CCDC137
ENSG00000185304,protein_coding,RGPD2
ENSG00000185305,protein_coding,ARL15
ENSG00000185306,protein_coding,C12orf56
ENSG00000185313,protein_coding,SCN10A
ENSG00000185324,protein_coding,CDK10
ENSG00000185340,protein_coding,GAS2L1
ENSG00000185344,protein_coding,ATP6V0A2
ENSG00000185345,protein_coding,PRKN
ENSG00000185347,protein_coding,TEDC1
ENSG00000185352,protein_coding,HS6ST3
ENSG00000185359,protein_coding,HGS
ENSG00000185361,protein_coding,TNFAIP8L1
ENSG00000185386,protein_coding,MAPK11
ENSG00000185404,protein_coding,SP140L
ENSG00000185418,protein_coding,TARSL2
ENSG00000185420,protein_coding,SMYD3
ENSG00000185432,protein_coding,METTL7A
ENSG00000185433,lncRNA,LINC00158
ENSG00000185436,protein_coding,IFNLR1
ENSG00000185437,protein_coding,SH3BGR
ENSG00000185442,protein_coding,FAM174B
ENSG00000185475,protein_coding,TMEM179B
ENSG00000185477,protein_coding,GPRIN3
ENSG00000185480,protein_coding,PARPBP
ENSG00000185482,protein_coding,STAC3
ENSG00000185483,protein_coding,ROR1
ENSG00000185495,transcribed_unprocessed_pseudogene,AC138393.1
ENSG00000185504,protein_coding,FAAP100
ENSG00000185507,protein_coding,IRF7
ENSG00000185513,protein_coding,L3MBTL1
ENSG00000185515,protein_coding,BRCC3
ENSG00000185518,protein_coding,SV2B
ENSG00000185519,protein_coding,FAM131C
ENSG00000185532,protein_coding,PRKG1
ENSG00000185551,protein_coding,NR2F2
ENSG00000185565,protein_coding,LSAMP
ENSG00000185567,protein_coding,AHNAK2
ENSG00000185585,protein_coding,OLFML2A
ENSG00000185591,protein_coding,SP1
ENSG00000185608,protein_coding,MRPL40
ENSG00000185614,protein_coding,INKA1
ENSG00000185615,protein_coding,PDIA2
ENSG00000185619,protein_coding,PCGF3
ENSG00000185621,protein_coding,LMLN
ENSG00000185624,protein_coding,P4HB
ENSG00000185627,protein_coding,PSMD13
ENSG00000185630,protein_coding,PBX1
ENSG00000185633,protein_coding,NDUFA4L2
ENSG00000185634,protein_coding,SHC4
ENSG00000185650,protein_coding,ZFP36L1
ENSG00000185651,protein_coding,UBE2L3
ENSG00000185658,protein_coding,BRWD1
ENSG00000185666,protein_coding,SYN3
ENSG00000185668,protein_coding,POU3F1
ENSG00000185669,protein_coding,SNAI3
ENSG00000185670,protein_coding,ZBTB3
ENSG00000185674,protein_coding,LYG2
ENSG00000185681,protein_coding,MORN5
ENSG00000185684,transcribed_unprocessed_pseudogene,EP400P1
ENSG00000185697,protein_coding,MYBL1
ENSG00000185716,protein_coding,MOSMO
ENSG00000185721,protein_coding,DRG1
ENSG00000185722,protein_coding,ANKFY1
ENSG00000185728,protein_coding,YTHDF3
ENSG00000185730,protein_coding,ZNF696
ENSG00000185736,protein_coding,ADARB2
ENSG00000185737,protein_coding,NRG3
ENSG00000185739,protein_coding,SRL
ENSG00000185742,protein_coding,C11orf87
ENSG00000185745,protein_coding,IFIT1
ENSG00000185753,protein_coding,CXorf38
ENSG00000185760,protein_coding,KCNQ5
ENSG00000185774,protein_coding,KCNIP4
ENSG00000185787,protein_coding,MORF4L1
ENSG00000185798,protein_coding,WDR53
ENSG00000185803,protein_coding,SLC52A2
ENSG00000185808,protein_coding,PIGP
ENSG00000185811,protein_coding,IKZF1
ENSG00000185813,protein_coding,PCYT2
ENSG00000185818,protein_coding,NAT8L
ENSG00000185823,protein_coding,NPAP1
ENSG00000185825,protein_coding,BCAP31
ENSG00000185829,protein_coding,ARL17A
ENSG00000185837,lncRNA,HDHD5-AS1
ENSG00000185838,protein_coding,GNB1L
ENSG00000185842,protein_coding,DNAH14
ENSG00000185860,protein_coding,CCDC190
ENSG00000185864,protein_coding,NPIPB4
ENSG00000185869,protein_coding,ZNF829
ENSG00000185875,protein_coding,THNSL1
ENSG00000185880,protein_coding,TRIM69
ENSG00000185896,protein_coding,LAMP1
ENSG00000185900,protein_coding,POMK
ENSG00000185904,lncRNA,LINC00839
ENSG00000185909,protein_coding,KLHDC8B
ENSG00000185915,protein_coding,KLHL34
ENSG00000185917,protein_coding,SETD4
ENSG00000185920,protein_coding,PTCH1
ENSG00000185924,protein_coding,RTN4RL1
ENSG00000185933,protein_coding,CALHM1
ENSG00000185942,protein_coding,NKAIN3
ENSG00000185946,protein_coding,RNPC3
ENSG00000185947,protein_coding,ZNF267
ENSG00000185950,protein_coding,IRS2
ENSG00000185955,protein_coding,C7orf61
ENSG00000185958,protein_coding,FAM186A
ENSG00000185963,protein_coding,BICD2
ENSG00000185973,protein_coding,TMLHE
ENSG00000185985,protein_coding,SLITRK2
ENSG00000185988,protein_coding,PLK5
ENSG00000185989,protein_coding,RASA3
ENSG00000186001,protein_coding,LRCH3
ENSG00000186007,protein_coding,LEMD1
ENSG00000186010,protein_coding,NDUFA13
ENSG00000186017,protein_coding,ZNF566
ENSG00000186019,lncRNA,AC021092.1
ENSG00000186020,protein_coding,ZNF529
ENSG00000186038,protein_coding,HTR3E
ENSG00000186047,protein_coding,DLEU7
ENSG00000186063,protein_coding,AIDA
ENSG00000186073,protein_coding,C15orf41
ENSG00000186074,protein_coding,CD300LF
ENSG00000186081,protein_coding,KRT5
ENSG00000186086,protein_coding,NBPF6
ENSG00000186088,protein_coding,GSAP
ENSG00000186094,protein_coding,AGBL4
ENSG00000186104,protein_coding,CYP2R1
ENSG00000186106,protein_coding,ANKRD46
ENSG00000186111,protein_coding,PIP5K1C
ENSG00000186130,protein_coding,ZBTB6
ENSG00000186132,protein_coding,C2orf76
ENSG00000186141,protein_coding,POLR3C
ENSG00000186153,protein_coding,WWOX
ENSG00000186160,protein_coding,CYP4Z1
ENSG00000186166,protein_coding,CCDC84
ENSG00000186174,protein_coding,BCL9L
ENSG00000186184,protein_coding,POLR1D
ENSG00000186185,protein_coding,KIF18B
ENSG00000186187,protein_coding,ZNRF1
ENSG00000186188,protein_coding,FFAR4
ENSG00000186193,protein_coding,SAPCD2
ENSG00000186197,protein_coding,EDARADD
ENSG00000186204,protein_coding,CYP4F12
ENSG00000186205,protein_coding,MARC1
ENSG00000186222,protein_coding,BLOC1S4
ENSG00000186230,protein_coding,ZNF749
ENSG00000186231,protein_coding,KLHL32
ENSG00000186235,lncRNA,LINC02610
ENSG00000186260,protein_coding,MRTFB
ENSG00000186280,protein_coding,KDM4D
ENSG00000186281,protein_coding,GPAT2
ENSG00000186283,protein_coding,TOR3A
ENSG00000186288,protein_coding,PABPC1L2A
ENSG00000186297,protein_coding,GABRA5
ENSG00000186298,protein_coding,PPP1CC
ENSG00000186300,protein_coding,ZNF555
ENSG00000186310,protein_coding,NAP1L3
ENSG00000186314,protein_coding,PRELID2
ENSG00000186318,protein_coding,BACE1
ENSG00000186329,protein_coding,TMEM212
ENSG00000186340,protein_coding,THBS2
ENSG00000186350,protein_coding,RXRA
ENSG00000186352,protein_coding,ANKRD37
ENSG00000186364,protein_coding,NUDT17
ENSG00000186367,protein_coding,MINAR2
ENSG00000186369,transcribed_unitary_pseudogene,LINC00643
ENSG00000186376,protein_coding,ZNF75D
ENSG00000186377,protein_coding,CYP4X1
ENSG00000186395,protein_coding,KRT10
ENSG00000186409,protein_coding,CCDC30
ENSG00000186416,protein_coding,NKRF
ENSG00000186417,protein_coding,GLDN
ENSG00000186432,protein_coding,KPNA4
ENSG00000186439,protein_coding,TRDN
ENSG00000186448,protein_coding,ZNF197
ENSG00000186462,protein_coding,NAP1L2
ENSG00000186469,protein_coding,GNG2
ENSG00000186470,protein_coding,BTN3A2
ENSG00000186472,protein_coding,PCLO
ENSG00000186479,protein_coding,RGS7BP
ENSG00000186480,protein_coding,INSIG1
ENSG00000186487,protein_coding,MYT1L
ENSG00000186501,protein_coding,TMEM222
ENSG00000186509,protein_coding,OR9Q1
ENSG00000186522,protein_coding,SEPTIN10
ENSG00000186532,protein_coding,SMYD4
ENSG00000186566,protein_coding,GPATCH8
ENSG00000186567,protein_coding,CEACAM19
ENSG00000186575,protein_coding,NF2
ENSG00000186577,protein_coding,SMIM29
ENSG00000186591,protein_coding,UBE2H
ENSG00000186594,lncRNA,MIR22HG
ENSG00000186615,lncRNA,KTN1-AS1
ENSG00000186625,protein_coding,KATNA1
ENSG00000186628,protein_coding,FSD2
ENSG00000186635,protein_coding,ARAP1
ENSG00000186638,protein_coding,KIF24
ENSG00000186642,protein_coding,PDE2A
ENSG00000186648,protein_coding,CARMIL3
ENSG00000186654,protein_coding,PRR5
ENSG00000186665,protein_coding,C17orf58
ENSG00000186666,protein_coding,BCDIN3D
ENSG00000186675,protein_coding,MAGEE2
ENSG00000186684,protein_coding,CYP27C1
ENSG00000186687,protein_coding,LYRM7
ENSG00000186710,protein_coding,CFAP73
ENSG00000186714,protein_coding,CCDC73
ENSG00000186716,protein_coding,BCR
ENSG00000186732,protein_coding,MPPED1
ENSG00000186777,protein_coding,ZNF732
ENSG00000186787,protein_coding,SPIN2B
ENSG00000186792,protein_coding,HYAL3
ENSG00000186812,protein_coding,ZNF397
ENSG00000186814,protein_coding,ZSCAN30
ENSG00000186815,protein_coding,TPCN1
ENSG00000186818,protein_coding,LILRB4
ENSG00000186827,protein_coding,TNFRSF4
ENSG00000186834,protein_coding,HEXIM1
ENSG00000186854,protein_coding,TRABD2A
ENSG00000186862,protein_coding,PDZD7
ENSG00000186866,protein_coding,POFUT2
ENSG00000186867,protein_coding,QRFPR
ENSG00000186868,protein_coding,MAPT
ENSG00000186889,protein_coding,TMEM17
ENSG00000186891,protein_coding,TNFRSF18
ENSG00000186907,protein_coding,RTN4RL2
ENSG00000186908,protein_coding,ZDHHC17
ENSG00000186918,protein_coding,ZNF395
ENSG00000186951,protein_coding,PPARA
ENSG00000186952,protein_coding,TMEM232
ENSG00000186960,lncRNA,LINC01551
ENSG00000186976,protein_coding,EFCAB6
ENSG00000186994,protein_coding,KANK3
ENSG00000186998,protein_coding,EMID1
ENSG00000187010,protein_coding,RHD
ENSG00000187024,protein_coding,PTRH1
ENSG00000187049,protein_coding,TMEM216
ENSG00000187054,protein_coding,TMPRSS11A
ENSG00000187068,protein_coding,C3orf70
ENSG00000187079,protein_coding,TEAD1
ENSG00000187091,protein_coding,PLCD1
ENSG00000187094,protein_coding,CCK
ENSG00000187097,protein_coding,ENTPD5
ENSG00000187098,protein_coding,MITF
ENSG00000187105,protein_coding,HEATR4
ENSG00000187109,protein_coding,NAP1L1
ENSG00000187118,protein_coding,CMC1
ENSG00000187123,protein_coding,LYPD6
ENSG00000187134,protein_coding,AKR1C1
ENSG00000187135,protein_coding,VSTM2B
ENSG00000187144,protein_coding,SPATA21
ENSG00000187147,protein_coding,RNF220
ENSG00000187151,protein_coding,ANGPTL5
ENSG00000187164,protein_coding,SHTN1
ENSG00000187186,protein_coding,AL162231.1
ENSG00000187187,protein_coding,ZNF546
ENSG00000187189,protein_coding,TSPYL4
ENSG00000187193,protein_coding,MT1X
ENSG00000187210,protein_coding,GCNT1
ENSG00000187229,lncRNA,AC100800.1
ENSG00000187231,protein_coding,SESTD1
ENSG00000187239,protein_coding,FNBP1
ENSG00000187240,protein_coding,DYNC2H1
ENSG00000187244,protein_coding,BCAM
ENSG00000187257,protein_coding,RSBN1L
ENSG00000187258,protein_coding,NPSR1
ENSG00000187260,protein_coding,WDR86
ENSG00000187266,protein_coding,EPOR
ENSG00000187323,protein_coding,DCC
ENSG00000187325,protein_coding,TAF9B
ENSG00000187391,protein_coding,MAGI2
ENSG00000187398,protein_coding,LUZP2
ENSG00000187416,protein_coding,LHFPL3
ENSG00000187446,protein_coding,CHP1
ENSG00000187479,protein_coding,C11orf96
ENSG00000187486,protein_coding,KCNJ11
ENSG00000187498,protein_coding,COL4A1
ENSG00000187513,protein_coding,GJA4
ENSG00000187514,protein_coding,PTMA
ENSG00000187522,protein_coding,HSPA14
ENSG00000187527,protein_coding,ATP13A5
ENSG00000187531,protein_coding,SIRT7
ENSG00000187535,protein_coding,IFT140
ENSG00000187546,protein_coding,AGMO
ENSG00000187554,protein_coding,TLR5
ENSG00000187555,protein_coding,USP7
ENSG00000187556,protein_coding,NANOS3
ENSG00000187595,protein_coding,ZNF385C
ENSG00000187601,protein_coding,MAGEH1
ENSG00000187605,protein_coding,TET3
ENSG00000187608,protein_coding,ISG15
ENSG00000187609,protein_coding,EXD3
ENSG00000187624,protein_coding,C17orf97
ENSG00000187626,protein_coding,ZKSCAN4
ENSG00000187627,protein_coding,RGPD1
ENSG00000187630,protein_coding,DHRS4L2
ENSG00000187664,protein_coding,HAPLN4
ENSG00000187672,protein_coding,ERC2
ENSG00000187676,protein_coding,B3GLCT
ENSG00000187678,protein_coding,SPRY4
ENSG00000187688,protein_coding,TRPV2
ENSG00000187699,protein_coding,C2orf88
ENSG00000187713,protein_coding,TMEM203
ENSG00000187715,protein_coding,KBTBD12
ENSG00000187720,protein_coding,THSD4
ENSG00000187730,protein_coding,GABRD
ENSG00000187735,protein_coding,TCEA1
ENSG00000187741,protein_coding,FANCA
ENSG00000187742,protein_coding,SECISBP2
ENSG00000187753,protein_coding,C9orf153
ENSG00000187764,protein_coding,SEMA4D
ENSG00000187772,protein_coding,LIN28B
ENSG00000187773,protein_coding,DIPK1C
ENSG00000187775,protein_coding,DNAH17
ENSG00000187778,protein_coding,MCRS1
ENSG00000187790,protein_coding,FANCM
ENSG00000187792,protein_coding,ZNF70
ENSG00000187796,protein_coding,CARD9
ENSG00000187801,protein_coding,ZFP69B
ENSG00000187824,protein_coding,TMEM220
ENSG00000187837,protein_coding,HIST1H1C
ENSG00000187840,protein_coding,EIF4EBP1
ENSG00000187860,protein_coding,CCDC157
ENSG00000187889,protein_coding,FYB2
ENSG00000187902,protein_coding,SHISA7
ENSG00000187905,protein_coding,LRRC74B
ENSG00000187950,protein_coding,OVCH1
ENSG00000187951,lncRNA,AC091057.1
ENSG00000187954,protein_coding,CYHR1
ENSG00000187955,protein_coding,COL14A1
ENSG00000187957,protein_coding,DNER
ENSG00000187961,protein_coding,KLHL17
ENSG00000187987,protein_coding,ZSCAN23
ENSG00000187994,protein_coding,RINL
ENSG00000188001,protein_coding,TPRG1
ENSG00000188004,lncRNA,SNHG28
ENSG00000188010,protein_coding,MORN2
ENSG00000188011,protein_coding,RTP5
ENSG00000188021,protein_coding,UBQLN2
ENSG00000188026,protein_coding,RILPL1
ENSG00000188033,protein_coding,ZNF490
ENSG00000188039,protein_coding,NWD1
ENSG00000188042,protein_coding,ARL4C
ENSG00000188051,protein_coding,TMEM221
ENSG00000188070,protein_coding,C11orf95
ENSG00000188092,protein_coding,GPR89B
ENSG00000188107,protein_coding,EYS
ENSG00000188130,protein_coding,MAPK12
ENSG00000188153,protein_coding,COL4A5
ENSG00000188157,protein_coding,AGRN
ENSG00000188158,protein_coding,NHS
ENSG00000188177,protein_coding,ZC3H6
ENSG00000188185,lncRNA,LINC00265
ENSG00000188186,protein_coding,LAMTOR4
ENSG00000188191,protein_coding,PRKAR1B
ENSG00000188211,protein_coding,NCR3LG1
ENSG00000188227,protein_coding,ZNF793
ENSG00000188229,protein_coding,TUBB4B
ENSG00000188234,protein_coding,AGAP4
ENSG00000188242,lncRNA,AC010442.1
ENSG00000188243,protein_coding,COMMD6
ENSG00000188266,protein_coding,HYKK
ENSG00000188269,protein_coding,OR7A5
ENSG00000188282,protein_coding,RUFY4
ENSG00000188283,protein_coding,ZNF383
ENSG00000188290,protein_coding,HES4
ENSG00000188295,protein_coding,ZNF669
ENSG00000188312,protein_coding,CENPP
ENSG00000188313,protein_coding,PLSCR1
ENSG00000188315,protein_coding,C3orf62
ENSG00000188316,protein_coding,ENO4
ENSG00000188322,protein_coding,SBK1
ENSG00000188342,protein_coding,GTF2F2
ENSG00000188343,protein_coding,FAM92A
ENSG00000188352,protein_coding,FOCAD
ENSG00000188372,protein_coding,ZP3
ENSG00000188385,protein_coding,JAKMIP3
ENSG00000188393,protein_coding,CLEC2A
ENSG00000188419,protein_coding,CHM
ENSG00000188452,protein_coding,CERKL
ENSG00000188467,protein_coding,SLC24A5
ENSG00000188483,protein_coding,IER5L
ENSG00000188486,protein_coding,H2AFX
ENSG00000188511,lncRNA,C22orf34
ENSG00000188517,protein_coding,COL25A1
ENSG00000188523,protein_coding,CFAP77
ENSG00000188529,protein_coding,SRSF10
ENSG00000188536,protein_coding,HBA2
ENSG00000188542,protein_coding,DUSP28
ENSG00000188554,protein_coding,NBR1
ENSG00000188559,protein_coding,RALGAPA2
ENSG00000188566,protein_coding,NDOR1
ENSG00000188573,protein_coding,FBLL1
ENSG00000188580,protein_coding,NKAIN2
ENSG00000188582,protein_coding,PAQR9
ENSG00000188596,protein_coding,CFAP54
ENSG00000188612,protein_coding,SUMO2
ENSG00000188626,protein_coding,GOLGA8M
ENSG00000188636,protein_coding,RTL6
ENSG00000188641,protein_coding,DPYD
ENSG00000188643,protein_coding,S100A16
ENSG00000188647,protein_coding,PTAR1
ENSG00000188659,protein_coding,SAXO2
ENSG00000188672,protein_coding,RHCE
ENSG00000188674,protein_coding,C2orf80
ENSG00000188677,protein_coding,PARVB
ENSG00000188690,protein_coding,UROS
ENSG00000188693,lncRNA,CYP51A1-AS1
ENSG00000188706,protein_coding,ZDHHC9
ENSG00000188725,protein_coding,SMIM15
ENSG00000188729,protein_coding,OSTN
ENSG00000188730,protein_coding,VWC2
ENSG00000188732,protein_coding,FAM221A
ENSG00000188735,protein_coding,TMEM120B
ENSG00000188738,protein_coding,FSIP2
ENSG00000188747,protein_coding,NOXA1
ENSG00000188760,protein_coding,TMEM198
ENSG00000188763,protein_coding,FZD9
ENSG00000188766,protein_coding,SPRED3
ENSG00000188771,protein_coding,PLET1
ENSG00000188783,protein_coding,PRELP
ENSG00000188786,protein_coding,MTF1
ENSG00000188803,protein_coding,SHISA6
ENSG00000188807,protein_coding,TMEM201
ENSG00000188811,protein_coding,NHLRC3
ENSG00000188818,protein_coding,ZDHHC11
ENSG00000188820,protein_coding,CALHM6
ENSG00000188822,protein_coding,CNR2
ENSG00000188825,lncRNA,LINC00910
ENSG00000188827,protein_coding,SLX4
ENSG00000188846,protein_coding,RPL14
ENSG00000188848,protein_coding,BEND4
ENSG00000188859,protein_coding,FAM78B
ENSG00000188868,protein_coding,ZNF563
ENSG00000188878,protein_coding,FBF1
ENSG00000188883,protein_coding,KLRG2
ENSG00000188895,protein_coding,MSL1
ENSG00000188897,protein_coding,AC099489.1
ENSG00000188906,protein_coding,LRRK2
ENSG00000188916,protein_coding,INSYN2A
ENSG00000188917,protein_coding,TRMT2B
ENSG00000188921,protein_coding,HACD4
ENSG00000188938,protein_coding,FAM120AOS
ENSG00000188976,protein_coding,NOC2L
ENSG00000188981,protein_coding,MSANTD1
ENSG00000188986,protein_coding,NELFB
ENSG00000188991,protein_coding,SLC15A5
ENSG00000188992,protein_coding,LIPI
ENSG00000188993,protein_coding,LRRC66
ENSG00000188994,protein_coding,ZNF292
ENSG00000188997,protein_coding,KCTD21
ENSG00000189007,protein_coding,ADAT2
ENSG00000189042,protein_coding,ZNF567
ENSG00000189043,protein_coding,NDUFA4
ENSG00000189045,protein_coding,ANKDD1B
ENSG00000189046,protein_coding,ALKBH2
ENSG00000189050,protein_coding,RNFT1
ENSG00000189056,protein_coding,RELN
ENSG00000189058,protein_coding,APOD
ENSG00000189060,protein_coding,H1F0
ENSG00000189067,protein_coding,LITAF
ENSG00000189068,protein_coding,VSTM1
ENSG00000189079,protein_coding,ARID2
ENSG00000189091,protein_coding,SF3B3
ENSG00000189099,protein_coding,PRSS48
ENSG00000189108,protein_coding,IL1RAPL2
ENSG00000189127,protein_coding,ANKRD34B
ENSG00000189129,protein_coding,PLAC9
ENSG00000189134,protein_coding,NKAPL
ENSG00000189143,protein_coding,CLDN4
ENSG00000189144,protein_coding,ZNF573
ENSG00000189152,protein_coding,GRAPL
ENSG00000189159,protein_coding,JPT1
ENSG00000189164,protein_coding,ZNF527
ENSG00000189171,protein_coding,S100A13
ENSG00000189180,protein_coding,ZNF33A
ENSG00000189181,protein_coding,OR14I1
ENSG00000189184,protein_coding,PCDH18
ENSG00000189190,protein_coding,ZNF600
ENSG00000189195,protein_coding,BTBD8
ENSG00000189221,protein_coding,MAOA
ENSG00000189227,protein_coding,C15orf61
ENSG00000189229,lncRNA,AC069277.1
ENSG00000189238,lncRNA,LINC00943
ENSG00000189241,protein_coding,TSPYL1
ENSG00000189269,protein_coding,DRICH1
ENSG00000189275,lncRNA,LINC01164
ENSG00000189280,protein_coding,GJB5
ENSG00000189283,protein_coding,FHIT
ENSG00000189292,protein_coding,ALKAL2
ENSG00000189298,protein_coding,ZKSCAN3
ENSG00000189306,protein_coding,RRP7A
ENSG00000189308,protein_coding,LIN54
ENSG00000189316,lncRNA,AC073349.1
ENSG00000189337,protein_coding,KAZN
ENSG00000189339,protein_coding,SLC35E2B
ENSG00000189350,protein_coding,TOGARAM2
ENSG00000189362,protein_coding,NEMP2
ENSG00000189369,protein_coding,GSPT2
ENSG00000189376,protein_coding,C8orf76
ENSG00000189377,protein_coding,CXCL17
ENSG00000189403,protein_coding,HMGB1
ENSG00000189410,protein_coding,SH2D5
ENSG00000196071,protein_coding,OR2L13
ENSG00000196072,protein_coding,BLOC1S2
ENSG00000196074,protein_coding,SYCP2
ENSG00000196081,protein_coding,ZNF724
ENSG00000196083,protein_coding,IL1RAP
ENSG00000196090,protein_coding,PTPRT
ENSG00000196091,protein_coding,MYBPC1
ENSG00000196104,protein_coding,SPOCK3
ENSG00000196110,protein_coding,ZNF699
ENSG00000196116,protein_coding,TDRD7
ENSG00000196118,protein_coding,CCDC189
ENSG00000196123,protein_coding,KIAA0895L
ENSG00000196126,protein_coding,HLA-DRB1
ENSG00000196132,protein_coding,MYT1
ENSG00000196139,protein_coding,AKR1C3
ENSG00000196141,protein_coding,SPATS2L
ENSG00000196150,protein_coding,ZNF250
ENSG00000196151,protein_coding,WDSUB1
ENSG00000196152,protein_coding,ZNF79
ENSG00000196154,protein_coding,S100A4
ENSG00000196159,protein_coding,FAT4
ENSG00000196166,protein_coding,C8orf86
ENSG00000196169,protein_coding,KIF19
ENSG00000196172,protein_coding,ZNF681
ENSG00000196177,protein_coding,ACADSB
ENSG00000196182,protein_coding,STK40
ENSG00000196187,protein_coding,TMEM63A
ENSG00000196189,protein_coding,SEMA4A
ENSG00000196199,protein_coding,MPHOSPH8
ENSG00000196208,protein_coding,GREB1
ENSG00000196214,protein_coding,ZNF766
ENSG00000196218,protein_coding,RYR1
ENSG00000196220,protein_coding,SRGAP3
ENSG00000196227,protein_coding,FAM217B
ENSG00000196230,protein_coding,TUBB
ENSG00000196233,protein_coding,LCOR
ENSG00000196235,protein_coding,SUPT5H
ENSG00000196236,protein_coding,XPNPEP3
ENSG00000196247,protein_coding,ZNF107
ENSG00000196262,protein_coding,PPIA
ENSG00000196263,protein_coding,ZNF471
ENSG00000196267,protein_coding,ZNF836
ENSG00000196268,protein_coding,ZNF493
ENSG00000196275,protein_coding,GTF2IRD2
ENSG00000196277,protein_coding,GRM7
ENSG00000196284,protein_coding,SUPT3H
ENSG00000196290,protein_coding,NIF3L1
ENSG00000196296,protein_coding,ATP2A1
ENSG00000196305,protein_coding,IARS
ENSG00000196312,protein_coding,MFSD14C
ENSG00000196313,protein_coding,POM121
ENSG00000196323,protein_coding,ZBTB44
ENSG00000196335,protein_coding,STK31
ENSG00000196338,protein_coding,NLGN3
ENSG00000196352,protein_coding,CD55
ENSG00000196353,protein_coding,CPNE4
ENSG00000196357,protein_coding,ZNF565
ENSG00000196358,protein_coding,NTNG2
ENSG00000196361,protein_coding,ELAVL3
ENSG00000196363,protein_coding,WDR5
ENSG00000196365,protein_coding,LONP1
ENSG00000196366,lncRNA,C9orf163
ENSG00000196367,protein_coding,TRRAP
ENSG00000196368,protein_coding,NUDT11
ENSG00000196372,protein_coding,ASB13
ENSG00000196376,protein_coding,SLC35F1
ENSG00000196378,protein_coding,ZNF34
ENSG00000196387,protein_coding,ZNF140
ENSG00000196388,protein_coding,INCA1
ENSG00000196391,protein_coding,ZNF774
ENSG00000196396,protein_coding,PTPN1
ENSG00000196405,protein_coding,EVL
ENSG00000196408,protein_coding,NOXO1
ENSG00000196415,protein_coding,PRTN3
ENSG00000196417,protein_coding,ZNF765
ENSG00000196418,protein_coding,ZNF124
ENSG00000196419,protein_coding,XRCC6
ENSG00000196422,protein_coding,PPP1R26
ENSG00000196428,protein_coding,TSC22D2
ENSG00000196436,protein_coding,NPIPB15
ENSG00000196437,protein_coding,ZNF569
ENSG00000196440,protein_coding,ARMCX4
ENSG00000196449,protein_coding,YRDC
ENSG00000196453,protein_coding,ZNF777
ENSG00000196455,protein_coding,PIK3R4
ENSG00000196456,protein_coding,ZNF775
ENSG00000196459,protein_coding,TRAPPC2
ENSG00000196460,protein_coding,RFX8
ENSG00000196465,protein_coding,MYL6B
ENSG00000196470,protein_coding,SIAH1
ENSG00000196476,protein_coding,C20orf96
ENSG00000196482,protein_coding,ESRRG
ENSG00000196498,protein_coding,NCOR2
ENSG00000196502,protein_coding,SULT1A1
ENSG00000196503,protein_coding,ARL9
ENSG00000196504,protein_coding,PRPF40A
ENSG00000196505,protein_coding,GDAP2
ENSG00000196507,protein_coding,TCEAL3
ENSG00000196510,protein_coding,ANAPC7
ENSG00000196511,protein_coding,TPK1
ENSG00000196517,protein_coding,SLC6A9
ENSG00000196526,protein_coding,AFAP1
ENSG00000196531,protein_coding,NACA
ENSG00000196535,protein_coding,MYO18A
ENSG00000196542,protein_coding,SPTSSB
ENSG00000196544,protein_coding,BORCS6
ENSG00000196547,protein_coding,MAN2A2
ENSG00000196549,protein_coding,MME
ENSG00000196557,protein_coding,CACNA1H
ENSG00000196562,protein_coding,SULF2
ENSG00000196565,protein_coding,HBG2
ENSG00000196569,protein_coding,LAMA2
ENSG00000196576,protein_coding,PLXNB2
ENSG00000196581,protein_coding,AJAP1
ENSG00000196584,protein_coding,XRCC2
ENSG00000196586,protein_coding,MYO6
ENSG00000196588,protein_coding,MRTFA
ENSG00000196591,protein_coding,HDAC2
ENSG00000196597,protein_coding,ZNF782
ENSG00000196600,protein_coding,SLC22A25
ENSG00000196605,protein_coding,ZNF846
ENSG00000196616,protein_coding,ADH1B
ENSG00000196628,protein_coding,TCF4
ENSG00000196632,protein_coding,WNK3
ENSG00000196636,protein_coding,SDHAF3
ENSG00000196639,protein_coding,HRH1
ENSG00000196642,protein_coding,RABL6
ENSG00000196646,protein_coding,ZNF136
ENSG00000196652,protein_coding,ZKSCAN5
ENSG00000196653,protein_coding,ZNF502
ENSG00000196655,protein_coding,TRAPPC4
ENSG00000196659,protein_coding,TTC30B
ENSG00000196660,protein_coding,SLC30A10
ENSG00000196663,protein_coding,TECPR2
ENSG00000196664,protein_coding,TLR7
ENSG00000196670,protein_coding,ZFP62
ENSG00000196678,protein_coding,ERI2
ENSG00000196683,protein_coding,TOMM7
ENSG00000196693,protein_coding,ZNF33B
ENSG00000196700,protein_coding,ZNF512B
ENSG00000196704,protein_coding,AMZ2
ENSG00000196705,protein_coding,ZNF431
ENSG00000196712,protein_coding,NF1
ENSG00000196715,protein_coding,VKORC1L1
ENSG00000196724,protein_coding,ZNF418
ENSG00000196730,protein_coding,DAPK1
ENSG00000196735,protein_coding,HLA-DQA1
ENSG00000196739,protein_coding,COL27A1
ENSG00000196741,lncRNA,LINC01560
ENSG00000196743,protein_coding,GM2A
ENSG00000196776,protein_coding,CD47
ENSG00000196781,protein_coding,TLE1
ENSG00000196782,protein_coding,MAML3
ENSG00000196792,protein_coding,STRN3
ENSG00000196793,protein_coding,ZNF239
ENSG00000196810,lncRNA,CTBP1-DT
ENSG00000196812,protein_coding,ZSCAN16
ENSG00000196814,protein_coding,MVB12B
ENSG00000196821,protein_coding,ILRUN
ENSG00000196826,protein_coding,AC008758.1
ENSG00000196839,protein_coding,ADA
ENSG00000196843,protein_coding,ARID5A
ENSG00000196850,protein_coding,PPTC7
ENSG00000196865,protein_coding,NHLRC2
ENSG00000196867,protein_coding,ZFP28
ENSG00000196872,protein_coding,KIAA1211L
ENSG00000196873,protein_coding,CBWD3
ENSG00000196876,protein_coding,SCN8A
ENSG00000196878,protein_coding,LAMB3
ENSG00000196911,protein_coding,KPNA5
ENSG00000196914,protein_coding,ARHGEF12
ENSG00000196917,protein_coding,HCAR1
ENSG00000196923,protein_coding,PDLIM7
ENSG00000196924,protein_coding,FLNA
ENSG00000196932,protein_coding,TMEM26
ENSG00000196935,protein_coding,SRGAP1
ENSG00000196937,protein_coding,FAM3C
ENSG00000196950,protein_coding,SLC39A10
ENSG00000196951,lncRNA,SCOC-AS1
ENSG00000196954,protein_coding,CASP4
ENSG00000196961,protein_coding,AP2A1
ENSG00000196968,protein_coding,FUT11
ENSG00000196972,protein_coding,SMIM10L2B
ENSG00000196975,protein_coding,ANXA4
ENSG00000196976,protein_coding,LAGE3
ENSG00000196990,protein_coding,FAM163B
ENSG00000196998,protein_coding,WDR45
ENSG00000197006,protein_coding,METTL9
ENSG00000197008,protein_coding,ZNF138
ENSG00000197013,protein_coding,ZNF429
ENSG00000197016,protein_coding,ZNF470
ENSG00000197019,protein_coding,SERTAD1
ENSG00000197020,protein_coding,ZNF100
ENSG00000197021,protein_coding,CXorf40B
ENSG00000197024,protein_coding,ZNF398
ENSG00000197037,protein_coding,ZSCAN25
ENSG00000197043,protein_coding,ANXA6
ENSG00000197044,protein_coding,ZNF441
ENSG00000197045,protein_coding,GMFB
ENSG00000197050,protein_coding,ZNF420
ENSG00000197054,protein_coding,ZNF763
ENSG00000197056,protein_coding,ZMYM1
ENSG00000197057,protein_coding,DTHD1
ENSG00000197061,protein_coding,HIST1H4C
ENSG00000197063,protein_coding,MAFG
ENSG00000197070,protein_coding,ARRDC1
ENSG00000197077,protein_coding,KIAA1671
ENSG00000197081,protein_coding,IGF2R
ENSG00000197093,protein_coding,GAL3ST4
ENSG00000197099,lncRNA,AC068631.1
ENSG00000197102,protein_coding,DYNC1H1
ENSG00000197106,protein_coding,SLC6A17
ENSG00000197111,protein_coding,PCBP2
ENSG00000197119,protein_coding,SLC25A29
ENSG00000197121,protein_coding,PGAP1
ENSG00000197122,protein_coding,SRC
ENSG00000197124,protein_coding,ZNF682
ENSG00000197134,protein_coding,ZNF257
ENSG00000197136,protein_coding,PCNX3
ENSG00000197140,protein_coding,ADAM32
ENSG00000197142,protein_coding,ACSL5
ENSG00000197147,protein_coding,LRRC8B
ENSG00000197150,protein_coding,ABCB8
ENSG00000197157,protein_coding,SND1
ENSG00000197162,protein_coding,ZNF785
ENSG00000197165,protein_coding,SULT1A2
ENSG00000197168,protein_coding,NEK5
ENSG00000197170,protein_coding,PSMD12
ENSG00000197177,protein_coding,ADGRA1
ENSG00000197181,protein_coding,PIWIL2
ENSG00000197182,lncRNA,MIRLET7BHG
ENSG00000197183,protein_coding,NOL4L
ENSG00000197208,protein_coding,SLC22A4
ENSG00000197217,protein_coding,ENTPD4
ENSG00000197223,protein_coding,C1D
ENSG00000197226,protein_coding,TBC1D9B
ENSG00000197256,protein_coding,KANK2
ENSG00000197261,protein_coding,C6orf141
ENSG00000197265,protein_coding,GTF2E2
ENSG00000197272,protein_coding,IL27
ENSG00000197275,protein_coding,RAD54B
ENSG00000197283,protein_coding,SYNGAP1
ENSG00000197291,lncRNA,RAMP2-AS1
ENSG00000197296,protein_coding,FITM2
ENSG00000197299,protein_coding,BLM
ENSG00000197302,protein_coding,ZNF720
ENSG00000197312,protein_coding,DDI2
ENSG00000197321,protein_coding,SVIL
ENSG00000197323,protein_coding,TRIM33
ENSG00000197324,protein_coding,LRP10
ENSG00000197329,protein_coding,PELI1
ENSG00000197332,lncRNA,AC008543.1
ENSG00000197345,protein_coding,MRPL21
ENSG00000197355,protein_coding,UAP1L1
ENSG00000197360,protein_coding,ZNF98
ENSG00000197361,protein_coding,FBXL22
ENSG00000197362,protein_coding,ZNF786
ENSG00000197372,protein_coding,ZNF675
ENSG00000197375,protein_coding,SLC22A5
ENSG00000197376,transcribed_processed_pseudogene,AC089987.1
ENSG00000197380,protein_coding,DACT3
ENSG00000197381,protein_coding,ADARB1
ENSG00000197385,protein_coding,ZNF860
ENSG00000197386,protein_coding,HTT
ENSG00000197405,protein_coding,C5AR1
ENSG00000197409,protein_coding,HIST1H3D
ENSG00000197410,protein_coding,DCHS2
ENSG00000197415,protein_coding,VEPH1
ENSG00000197429,protein_coding,IPP
ENSG00000197430,protein_coding,OPALIN
ENSG00000197442,protein_coding,MAP3K5
ENSG00000197444,protein_coding,OGDHL
ENSG00000197448,protein_coding,GSTK1
ENSG00000197451,protein_coding,HNRNPAB
ENSG00000197457,protein_coding,STMN3
ENSG00000197461,protein_coding,PDGFA
ENSG00000197465,protein_coding,GYPE
ENSG00000197467,protein_coding,COL13A1
ENSG00000197496,protein_coding,SLC2A10
ENSG00000197497,protein_coding,ZNF665
ENSG00000197498,protein_coding,RPF2
ENSG00000197520,protein_coding,FAM177B
ENSG00000197530,protein_coding,MIB2
ENSG00000197535,protein_coding,MYO5A
ENSG00000197536,lncRNA,C5orf56
ENSG00000197540,protein_coding,GZMM
ENSG00000197548,protein_coding,ATG7
ENSG00000197555,protein_coding,SIPA1L1
ENSG00000197557,protein_coding,TTC30A
ENSG00000197561,protein_coding,ELANE
ENSG00000197562,protein_coding,RAB40C
ENSG00000197563,protein_coding,PIGN
ENSG00000197566,protein_coding,ZNF624
ENSG00000197568,protein_coding,HHLA3
ENSG00000197579,protein_coding,TOPORS
ENSG00000197580,protein_coding,BCO2
ENSG00000197584,protein_coding,KCNMB2
ENSG00000197585,lncRNA,AC068051.1
ENSG00000197586,protein_coding,ENTPD6
ENSG00000197594,protein_coding,ENPP1
ENSG00000197599,protein_coding,CCDC154
ENSG00000197601,protein_coding,FAR1
ENSG00000197603,protein_coding,CPLANE1
ENSG00000197619,protein_coding,ZNF615
ENSG00000197620,protein_coding,CXorf40A
ENSG00000197622,protein_coding,CDC42SE1
ENSG00000197635,protein_coding,DPP4
ENSG00000197646,protein_coding,PDCD1LG2
ENSG00000197647,protein_coding,ZNF433
ENSG00000197653,protein_coding,DNAH10
ENSG00000197658,protein_coding,SLC22A24
ENSG00000197670,lncRNA,AL157838.1
ENSG00000197694,protein_coding,SPTAN1
ENSG00000197696,protein_coding,NMB
ENSG00000197702,protein_coding,PARVA
ENSG00000197705,protein_coding,KLHL14
ENSG00000197712,protein_coding,FAM114A1
ENSG00000197713,protein_coding,RPE
ENSG00000197714,protein_coding,ZNF460
ENSG00000197721,protein_coding,CR1L
ENSG00000197724,protein_coding,PHF2
ENSG00000197734,protein_coding,C14orf178
ENSG00000197746,protein_coding,PSAP
ENSG00000197747,protein_coding,S100A10
ENSG00000197748,protein_coding,CFAP43
ENSG00000197753,protein_coding,LHFPL5
ENSG00000197756,protein_coding,RPL37A
ENSG00000197763,protein_coding,TXNRD3
ENSG00000197766,protein_coding,CFD
ENSG00000197771,protein_coding,MCMBP
ENSG00000197774,protein_coding,EME2
ENSG00000197776,protein_coding,KLHDC1
ENSG00000197779,protein_coding,ZNF81
ENSG00000197780,protein_coding,TAF13
ENSG00000197782,protein_coding,ZNF780A
ENSG00000197785,protein_coding,ATAD3A
ENSG00000197798,protein_coding,FAM118B
ENSG00000197808,protein_coding,ZNF461
ENSG00000197816,protein_coding,CCDC180
ENSG00000197818,protein_coding,SLC9A8
ENSG00000197822,protein_coding,OCLN
ENSG00000197826,protein_coding,CFAP299
ENSG00000197841,protein_coding,ZNF181
ENSG00000197852,protein_coding,INKA2
ENSG00000197857,protein_coding,ZNF44
ENSG00000197858,protein_coding,GPAA1
ENSG00000197859,protein_coding,ADAMTSL2
ENSG00000197860,protein_coding,SGTB
ENSG00000197863,protein_coding,ZNF790
ENSG00000197872,protein_coding,FAM49A
ENSG00000197879,protein_coding,MYO1C
ENSG00000197880,lncRNA,MDS2
ENSG00000197885,protein_coding,NKIRAS1
ENSG00000197892,protein_coding,KIF13B
ENSG00000197893,protein_coding,NRAP
ENSG00000197894,protein_coding,ADH5
ENSG00000197901,protein_coding,SLC22A6
ENSG00000197903,protein_coding,HIST1H2BK
ENSG00000197905,protein_coding,TEAD4
ENSG00000197912,protein_coding,SPG7
ENSG00000197921,protein_coding,HES5
ENSG00000197927,transcribed_unprocessed_pseudogene,C2orf27A
ENSG00000197928,protein_coding,ZNF677
ENSG00000197930,protein_coding,ERO1A
ENSG00000197933,protein_coding,ZNF823
ENSG00000197934,lncRNA,CYYR1-AS1
ENSG00000197937,protein_coding,ZNF347
ENSG00000197943,protein_coding,PLCG2
ENSG00000197951,protein_coding,ZNF71
ENSG00000197956,protein_coding,S100A6
ENSG00000197958,protein_coding,RPL12
ENSG00000197959,protein_coding,DNM3
ENSG00000197961,protein_coding,ZNF121
ENSG00000197965,protein_coding,MPZL1
ENSG00000197969,protein_coding,VPS13A
ENSG00000197971,protein_coding,MBP
ENSG00000197976,protein_coding,AKAP17A
ENSG00000197977,protein_coding,ELOVL2
ENSG00000197980,protein_coding,LEKR1
ENSG00000197982,protein_coding,C1orf122
ENSG00000197989,lncRNA,SNHG12
ENSG00000197991,protein_coding,AL592490.1
ENSG00000197992,protein_coding,CLEC9A
ENSG00000197993,protein_coding,KEL
ENSG00000198000,protein_coding,NOL8
ENSG00000198001,protein_coding,IRAK4
ENSG00000198003,protein_coding,CCDC151
ENSG00000198010,protein_coding,DLGAP2
ENSG00000198015,protein_coding,MRPL42
ENSG00000198018,protein_coding,ENTPD7
ENSG00000198019,protein_coding,FCGR1B
ENSG00000198026,protein_coding,ZNF335
ENSG00000198039,protein_coding,ZNF273
ENSG00000198042,protein_coding,MAK16
ENSG00000198046,protein_coding,ZNF667
ENSG00000198053,protein_coding,SIRPA
ENSG00000198055,protein_coding,GRK6
ENSG00000198056,protein_coding,PRIM1
ENSG00000198060,protein_coding,MARCH5
ENSG00000198064,protein_coding,NPIPB13
ENSG00000198081,protein_coding,ZBTB14
ENSG00000198087,protein_coding,CD2AP
ENSG00000198089,protein_coding,SFI1
ENSG00000198092,protein_coding,TMPRSS11F
ENSG00000198093,protein_coding,ZNF649
ENSG00000198105,protein_coding,ZNF248
ENSG00000198106,lncRNA,AC025279.1
ENSG00000198108,protein_coding,CHSY3
ENSG00000198121,protein_coding,LPAR1
ENSG00000198130,protein_coding,HIBCH
ENSG00000198133,protein_coding,TMEM229B
ENSG00000198142,protein_coding,SOWAHC
ENSG00000198146,protein_coding,ZNF770
ENSG00000198156,protein_coding,NPIPB6
ENSG00000198157,protein_coding,HMGN5
ENSG00000198160,protein_coding,MIER1
ENSG00000198162,protein_coding,MAN1A2
ENSG00000198168,protein_coding,SVIP
ENSG00000198169,protein_coding,ZNF251
ENSG00000198171,protein_coding,DDRGK1
ENSG00000198176,protein_coding,TFDP1
ENSG00000198185,protein_coding,ZNF334
ENSG00000198189,protein_coding,HSD17B11
ENSG00000198198,protein_coding,SZT2
ENSG00000198205,protein_coding,ZXDA
ENSG00000198216,protein_coding,CACNA1E
ENSG00000198218,protein_coding,QRICH1
ENSG00000198223,protein_coding,CSF2RA
ENSG00000198225,protein_coding,FKBP1C
ENSG00000198231,protein_coding,DDX42
ENSG00000198242,protein_coding,RPL23A
ENSG00000198246,protein_coding,SLC29A3
ENSG00000198252,protein_coding,STYX
ENSG00000198258,protein_coding,UBL5
ENSG00000198265,protein_coding,HELZ
ENSG00000198270,protein_coding,TMEM116
ENSG00000198276,protein_coding,UCKL1
ENSG00000198286,protein_coding,CARD11
ENSG00000198298,protein_coding,ZNF485
ENSG00000198301,protein_coding,SDAD1
ENSG00000198315,protein_coding,ZKSCAN8
ENSG00000198324,protein_coding,PHETA1
ENSG00000198331,protein_coding,HYLS1
ENSG00000198346,protein_coding,ZNF813
ENSG00000198355,protein_coding,PIM3
ENSG00000198356,protein_coding,GET3
ENSG00000198363,protein_coding,ASPH
ENSG00000198369,protein_coding,SPRED2
ENSG00000198373,protein_coding,WWP2
ENSG00000198380,protein_coding,GFPT1
ENSG00000198382,protein_coding,UVRAG
ENSG00000198399,protein_coding,ITSN2
ENSG00000198400,protein_coding,NTRK1
ENSG00000198408,protein_coding,OGA
ENSG00000198417,protein_coding,MT1F
ENSG00000198420,protein_coding,TCAF1
ENSG00000198429,protein_coding,ZNF69
ENSG00000198431,protein_coding,TXNRD1
ENSG00000198435,protein_coding,NRARP
ENSG00000198440,protein_coding,ZNF583
ENSG00000198453,protein_coding,ZNF568
ENSG00000198455,protein_coding,ZXDB
ENSG00000198464,protein_coding,ZNF480
ENSG00000198466,protein_coding,ZNF587
ENSG00000198467,protein_coding,TPM2
ENSG00000198468,lncRNA,FLVCR1-DT
ENSG00000198478,protein_coding,SH3BGRL2
ENSG00000198482,protein_coding,ZNF808
ENSG00000198483,protein_coding,ANKRD35
ENSG00000198491,lncRNA,AC007920.1
ENSG00000198492,protein_coding,YTHDF2
ENSG00000198498,protein_coding,TMA16
ENSG00000198502,protein_coding,HLA-DRB5
ENSG00000198513,protein_coding,ATL1
ENSG00000198515,protein_coding,CNGA1
ENSG00000198517,protein_coding,MAFK
ENSG00000198520,protein_coding,ARMH1
ENSG00000198521,protein_coding,ZNF43
ENSG00000198522,protein_coding,GPN1
ENSG00000198538,protein_coding,ZNF28
ENSG00000198542,protein_coding,ITGBL1
ENSG00000198546,protein_coding,ZNF511
ENSG00000198547,protein_coding,C20orf203
ENSG00000198551,protein_coding,ZNF627
ENSG00000198554,protein_coding,WDHD1
ENSG00000198556,protein_coding,ZNF789
ENSG00000198561,protein_coding,CTNND1
ENSG00000198574,protein_coding,SH2D1B
ENSG00000198576,protein_coding,ARC
ENSG00000198585,protein_coding,NUDT16
ENSG00000198586,protein_coding,TLK1
ENSG00000198589,protein_coding,LRBA
ENSG00000198590,lncRNA,C3orf35
ENSG00000198597,protein_coding,ZNF536
ENSG00000198598,protein_coding,MMP17
ENSG00000198604,protein_coding,BAZ1A
ENSG00000198612,protein_coding,COPS8
ENSG00000198624,protein_coding,CCDC69
ENSG00000198625,protein_coding,MDM4
ENSG00000198626,protein_coding,RYR2
ENSG00000198633,protein_coding,ZNF534
ENSG00000198642,protein_coding,KLHL9
ENSG00000198646,protein_coding,NCOA6
ENSG00000198648,protein_coding,STK39
ENSG00000198663,protein_coding,C6orf89
ENSG00000198668,protein_coding,CALM1
ENSG00000198670,protein_coding,LPA
ENSG00000198673,protein_coding,TAFA2
ENSG00000198677,protein_coding,TTC37
ENSG00000198680,protein_coding,TUSC1
ENSG00000198682,protein_coding,PAPSS2
ENSG00000198689,protein_coding,SLC9A6
ENSG00000198690,protein_coding,FAN1
ENSG00000198691,protein_coding,ABCA4
ENSG00000198692,protein_coding,EIF1AY
ENSG00000198700,protein_coding,IPO9
ENSG00000198707,protein_coding,CEP290
ENSG00000198715,protein_coding,GLMP
ENSG00000198718,protein_coding,TOGARAM1
ENSG00000198719,protein_coding,DLL1
ENSG00000198721,protein_coding,ECI2
ENSG00000198722,protein_coding,UNC13B
ENSG00000198728,protein_coding,LDB1
ENSG00000198729,protein_coding,PPP1R14C
ENSG00000198730,protein_coding,CTR9
ENSG00000198732,protein_coding,SMOC1
ENSG00000198734,protein_coding,F5
ENSG00000198736,protein_coding,MSRB1
ENSG00000198739,protein_coding,LRRTM3
ENSG00000198740,protein_coding,ZNF652
ENSG00000198742,protein_coding,SMURF1
ENSG00000198746,protein_coding,GPATCH3
ENSG00000198752,protein_coding,CDC42BPB
ENSG00000198755,protein_coding,RPL10A
ENSG00000198756,protein_coding,COLGALT2
ENSG00000198759,protein_coding,EGFL6
ENSG00000198771,protein_coding,RCSD1
ENSG00000198780,protein_coding,FAM169A
ENSG00000198783,protein_coding,ZNF830
ENSG00000198785,protein_coding,GRIN3A
ENSG00000198791,protein_coding,CNOT7
ENSG00000198792,protein_coding,TMEM184B
ENSG00000198793,protein_coding,MTOR
ENSG00000198794,protein_coding,SCAMP5
ENSG00000198795,protein_coding,ZNF521
ENSG00000198796,protein_coding,ALPK2
ENSG00000198797,protein_coding,BRINP2
ENSG00000198799,protein_coding,LRIG2
ENSG00000198805,protein_coding,PNP
ENSG00000198814,protein_coding,GK
ENSG00000198815,protein_coding,FOXJ3
ENSG00000198816,protein_coding,ZNF358
ENSG00000198818,protein_coding,SFT2D1
ENSG00000198821,protein_coding,CD247
ENSG00000198822,protein_coding,GRM3
ENSG00000198824,protein_coding,CHAMP1
ENSG00000198825,protein_coding,INPP5F
ENSG00000198830,protein_coding,HMGN2
ENSG00000198832,protein_coding,SELENOM
ENSG00000198833,protein_coding,UBE2J1
ENSG00000198835,protein_coding,GJC2
ENSG00000198836,protein_coding,OPA1
ENSG00000198837,protein_coding,DENND4B
ENSG00000198838,protein_coding,RYR3
ENSG00000198839,protein_coding,ZNF277
ENSG00000198843,protein_coding,SELENOT
ENSG00000198846,protein_coding,TOX
ENSG00000198853,protein_coding,RUSC2
ENSG00000198855,protein_coding,FICD
ENSG00000198856,protein_coding,OSTC
ENSG00000198858,protein_coding,R3HDM4
ENSG00000198860,protein_coding,TSEN15
ENSG00000198862,protein_coding,LTN1
ENSG00000198863,protein_coding,RUNDC1
ENSG00000198865,protein_coding,CCDC152
ENSG00000198870,protein_coding,STKLD1
ENSG00000198873,protein_coding,GRK5
ENSG00000198874,protein_coding,TYW1
ENSG00000198876,protein_coding,DCAF12
ENSG00000198879,protein_coding,SFMBT2
ENSG00000198883,protein_coding,PNMA5
ENSG00000198887,protein_coding,SMC5
ENSG00000198890,protein_coding,PRMT6
ENSG00000198892,protein_coding,SHISA4
ENSG00000198898,protein_coding,CAPZA2
ENSG00000198900,protein_coding,TOP1
ENSG00000198901,protein_coding,PRC1
ENSG00000198908,protein_coding,BHLHB9
ENSG00000198909,protein_coding,MAP3K3
ENSG00000198910,protein_coding,L1CAM
ENSG00000198911,protein_coding,SREBF2
ENSG00000198912,protein_coding,C1orf174
ENSG00000198914,protein_coding,POU3F3
ENSG00000198915,protein_coding,RASGEF1A
ENSG00000198917,protein_coding,SPOUT1
ENSG00000198918,protein_coding,RPL39
ENSG00000198919,protein_coding,DZIP3
ENSG00000198920,protein_coding,KIAA0753
ENSG00000198924,protein_coding,DCLRE1A
ENSG00000198925,protein_coding,ATG9A
ENSG00000198929,protein_coding,NOS1AP
ENSG00000198931,protein_coding,APRT
ENSG00000198932,protein_coding,GPRASP1
ENSG00000198933,protein_coding,TBKBP1
ENSG00000198934,protein_coding,MAGEE1
ENSG00000198937,protein_coding,CCDC167
ENSG00000198939,protein_coding,ZFP2
ENSG00000198944,protein_coding,SOWAHA
ENSG00000198945,protein_coding,L3MBTL3
ENSG00000198947,protein_coding,DMD
ENSG00000198948,protein_coding,MFAP3L
ENSG00000198952,protein_coding,SMG5
ENSG00000198954,protein_coding,KIF1BP
ENSG00000198959,protein_coding,TGM2
ENSG00000198960,protein_coding,ARMCX6
ENSG00000198961,protein_coding,PJA2
ENSG00000198963,protein_coding,RORB
ENSG00000198964,protein_coding,SGMS1
ENSG00000203279,lncRNA,AL590705.1
ENSG00000203280,lncRNA,AL022323.1
ENSG00000203321,lncRNA,CARNMT1-AS1
ENSG00000203325,lncRNA,AL445248.1
ENSG00000203326,protein_coding,ZNF525
ENSG00000203356,lncRNA,LINC01562
ENSG00000203362,lncRNA,POLH-AS1
ENSG00000203472,lncRNA,AC009163.1
ENSG00000203485,protein_coding,INF2
ENSG00000203546,protein_coding,AL139353.1
ENSG00000203601,lncRNA,LINC00970
ENSG00000203645,lncRNA,LINC00501
ENSG00000203650,lncRNA,LINC01285
ENSG00000203666,protein_coding,EFCAB2
ENSG00000203667,protein_coding,COX20
ENSG00000203685,protein_coding,STUM
ENSG00000203697,protein_coding,CAPN8
ENSG00000203705,protein_coding,TATDN3
ENSG00000203706,lncRNA,SERTAD4-AS1
ENSG00000203710,protein_coding,CR1
ENSG00000203711,lncRNA,C6orf99
ENSG00000203721,lncRNA,LINC00862
ENSG00000203724,protein_coding,C1orf53
ENSG00000203727,protein_coding,SAMD5
ENSG00000203734,protein_coding,ECT2L
ENSG00000203739,lncRNA,AL645568.1
ENSG00000203747,protein_coding,FCGR3A
ENSG00000203756,protein_coding,TMEM244
ENSG00000203760,protein_coding,CENPW
ENSG00000203772,protein_coding,SPRN
ENSG00000203778,protein_coding,FAM229B
ENSG00000203780,protein_coding,FANK1
ENSG00000203797,protein_coding,DDO
ENSG00000203801,lncRNA,LINC00222
ENSG00000203805,protein_coding,PLPP4
ENSG00000203808,lncRNA,BVES-AS1
ENSG00000203837,protein_coding,PNLIPRP3
ENSG00000203867,protein_coding,RBM20
ENSG00000203877,protein_coding,RIPPLY2
ENSG00000203879,protein_coding,GDI1
ENSG00000203880,protein_coding,PCMTD2
ENSG00000203907,protein_coding,OOEP
ENSG00000203930,lncRNA,LINC00632
ENSG00000203943,protein_coding,SAMD13
ENSG00000203950,protein_coding,RTL8A
ENSG00000203952,protein_coding,CCDC160
ENSG00000203965,protein_coding,EFCAB7
ENSG00000203993,lncRNA,ARRDC1-AS1
ENSG00000204001,protein_coding,LCN8
ENSG00000204025,protein_coding,TRPC5OS
ENSG00000204052,protein_coding,LRRC73
ENSG00000204055,lncRNA,AL158151.1
ENSG00000204065,protein_coding,TCEAL5
ENSG00000204071,protein_coding,TCEAL6
ENSG00000204084,protein_coding,INPP5B
ENSG00000204092,lncRNA,LINC00951
ENSG00000204099,protein_coding,NEU4
ENSG00000204103,protein_coding,MAFB
ENSG00000204104,protein_coding,TRAF3IP1
ENSG00000204116,protein_coding,CHIC1
ENSG00000204118,transcribed_processed_pseudogene,NAP1L6
ENSG00000204120,protein_coding,GIGYF2
ENSG00000204128,protein_coding,C2orf72
ENSG00000204130,protein_coding,RUFY2
ENSG00000204131,protein_coding,NHSL2
ENSG00000204138,protein_coding,PHACTR4
ENSG00000204140,protein_coding,CLPSL1
ENSG00000204147,protein_coding,ASAH2B
ENSG00000204149,protein_coding,AGAP6
ENSG00000204160,protein_coding,ZDHHC18
ENSG00000204172,protein_coding,AGAP9
ENSG00000204176,protein_coding,SYT15
ENSG00000204178,protein_coding,MACO1
ENSG00000204179,protein_coding,PTPN20
ENSG00000204186,protein_coding,ZDBF2
ENSG00000204209,protein_coding,DAXX
ENSG00000204217,protein_coding,BMPR2
ENSG00000204219,protein_coding,TCEA3
ENSG00000204220,protein_coding,PFDN6
ENSG00000204227,protein_coding,RING1
ENSG00000204231,protein_coding,RXRB
ENSG00000204237,protein_coding,OXLD1
ENSG00000204241,lncRNA,LINC02731
ENSG00000204248,protein_coding,COL11A2
ENSG00000204256,protein_coding,BRD2
ENSG00000204257,protein_coding,HLA-DMA
ENSG00000204262,protein_coding,COL5A2
ENSG00000204271,protein_coding,SPIN3
ENSG00000204278,protein_coding,TMEM235
ENSG00000204287,protein_coding,HLA-DRA
ENSG00000204291,protein_coding,COL15A1
ENSG00000204296,protein_coding,TSBP1
ENSG00000204304,protein_coding,PBX2
ENSG00000204308,protein_coding,RNF5
ENSG00000204310,protein_coding,AGPAT1
ENSG00000204311,protein_coding,PJVK
ENSG00000204314,protein_coding,PRRT1
ENSG00000204315,protein_coding,FKBPL
ENSG00000204323,protein_coding,SMIM5
ENSG00000204334,protein_coding,ERICH2
ENSG00000204344,protein_coding,STK19
ENSG00000204347,protein_coding,BTBD17
ENSG00000204348,protein_coding,DXO
ENSG00000204351,protein_coding,SKIV2L
ENSG00000204352,protein_coding,C9orf129
ENSG00000204356,protein_coding,NELFE
ENSG00000204371,protein_coding,EHMT2
ENSG00000204380,lncRNA,PKP4-AS1
ENSG00000204381,protein_coding,LAYN
ENSG00000204386,protein_coding,NEU1
ENSG00000204387,lncRNA,SNHG32
ENSG00000204388,protein_coding,HSPA1B
ENSG00000204389,protein_coding,HSPA1A
ENSG00000204392,protein_coding,LSM2
ENSG00000204394,protein_coding,VARS
ENSG00000204396,protein_coding,VWA7
ENSG00000204398,lncRNA,AL359649.1
ENSG00000204406,protein_coding,MBD5
ENSG00000204422,protein_coding,AL662899.1
ENSG00000204438,protein_coding,GPANK1
ENSG00000204439,protein_coding,C6orf47
ENSG00000204442,protein_coding,FAM155A
ENSG00000204463,protein_coding,BAG6
ENSG00000204469,protein_coding,PRRC2A
ENSG00000204472,protein_coding,AIF1
ENSG00000204482,protein_coding,LST1
ENSG00000204498,protein_coding,NFKBIL1
ENSG00000204514,protein_coding,ZNF814
ENSG00000204520,protein_coding,MICA
ENSG00000204524,protein_coding,ZNF805
ENSG00000204525,protein_coding,HLA-C
ENSG00000204536,protein_coding,CCHCR1
ENSG00000204560,protein_coding,DHX16
ENSG00000204564,protein_coding,C6orf136
ENSG00000204568,protein_coding,MRPS18B
ENSG00000204569,protein_coding,PPP1R10
ENSG00000204574,protein_coding,ABCF1
ENSG00000204576,protein_coding,PRR3
ENSG00000204580,protein_coding,DDR1
ENSG00000204581,lncRNA,ACOXL-AS1
ENSG00000204588,lncRNA,LINC01123
ENSG00000204590,protein_coding,GNL1
ENSG00000204592,protein_coding,HLA-E
ENSG00000204611,protein_coding,ZNF616
ENSG00000204619,protein_coding,PPP1R11
ENSG00000204623,transcribed_unitary_pseudogene,ZNRD1ASP
ENSG00000204624,protein_coding,DISP3
ENSG00000204628,protein_coding,RACK1
ENSG00000204634,protein_coding,TBC1D8
ENSG00000204642,protein_coding,HLA-F
ENSG00000204653,protein_coding,ASPDH
ENSG00000204655,protein_coding,MOG
ENSG00000204659,protein_coding,CBY3
ENSG00000204673,protein_coding,AKT1S1
ENSG00000204677,lncRNA,FAM153CP
ENSG00000204681,protein_coding,GABBR1
ENSG00000204682,lncRNA,MIR1915HG
ENSG00000204706,lncRNA,MAMDC2-AS1
ENSG00000204713,protein_coding,TRIM27
ENSG00000204740,protein_coding,MALRD1
ENSG00000204754,lncRNA,LINC01951
ENSG00000204764,protein_coding,RANBP17
ENSG00000204767,protein_coding,INSYN2B
ENSG00000204790,unprocessed_pseudogene,AL163540.1
ENSG00000204837,transcribed_unprocessed_pseudogene,FGF7P3
ENSG00000204839,protein_coding,MROH6
ENSG00000204842,protein_coding,ATXN2
ENSG00000204843,protein_coding,DCTN1
ENSG00000204852,protein_coding,TCTN1
ENSG00000204856,protein_coding,FAM216A
ENSG00000204859,protein_coding,ZBTB48
ENSG00000204860,lncRNA,FAM201A
ENSG00000204869,protein_coding,IGFL4
ENSG00000204899,protein_coding,MZT1
ENSG00000204920,protein_coding,ZNF155
ENSG00000204922,protein_coding,UQCC3
ENSG00000204923,protein_coding,FBXO48
ENSG00000204929,lncRNA,AC007389.1
ENSG00000204934,lncRNA,ATP6V0E2-AS1
ENSG00000204946,protein_coding,ZNF783
ENSG00000204947,protein_coding,ZNF425
ENSG00000204950,protein_coding,LRRC10B
ENSG00000204952,protein_coding,FBXO47
ENSG00000204954,protein_coding,C12orf73
ENSG00000204956,protein_coding,PCDHGA1
ENSG00000204977,protein_coding,TRIM13
ENSG00000204979,protein_coding,MS4A13
ENSG00000204991,protein_coding,SPIRE2
ENSG00000205002,protein_coding,AARD
ENSG00000205018,lncRNA,AC092384.1
ENSG00000205037,lncRNA,AC134312.1
ENSG00000205045,protein_coding,SLFN12L
ENSG00000205056,lncRNA,LINC02397
ENSG00000205060,protein_coding,SLC35B4
ENSG00000205078,protein_coding,SYCE1L
ENSG00000205084,protein_coding,TMEM231
ENSG00000205085,protein_coding,FAM71F2
ENSG00000205090,protein_coding,TMEM240
ENSG00000205111,protein_coding,CDKL4
ENSG00000205129,protein_coding,C4orf47
ENSG00000205133,protein_coding,TRIQK
ENSG00000205138,protein_coding,SDHAF1
ENSG00000205189,protein_coding,ZBTB10
ENSG00000205208,protein_coding,C4orf46
ENSG00000205209,protein_coding,SCGB2B2
ENSG00000205212,protein_coding,CCDC144NL
ENSG00000205213,protein_coding,LGR4
ENSG00000205221,protein_coding,VIT
ENSG00000205236,protein_coding,AC105052.1
ENSG00000205238,protein_coding,SPDYE2
ENSG00000205250,protein_coding,E2F4
ENSG00000205268,protein_coding,PDE7A
ENSG00000205269,protein_coding,TMEM170B
ENSG00000205277,protein_coding,MUC12
ENSG00000205279,protein_coding,CTXN3
ENSG00000205302,protein_coding,SNX2
ENSG00000205309,protein_coding,NT5M
ENSG00000205323,protein_coding,SARNP
ENSG00000205336,protein_coding,ADGRG1
ENSG00000205339,protein_coding,IPO7
ENSG00000205356,protein_coding,TECPR1
ENSG00000205358,protein_coding,MT1H
ENSG00000205359,protein_coding,SLCO6A1
ENSG00000205364,protein_coding,MT1M
ENSG00000205403,protein_coding,CFI
ENSG00000205413,protein_coding,SAMD9
ENSG00000205423,protein_coding,CNEP1R1
ENSG00000205426,protein_coding,KRT81
ENSG00000205442,protein_coding,IZUMO3
ENSG00000205457,protein_coding,TP53TG3C
ENSG00000205464,protein_coding,ATP6AP1L
ENSG00000205476,protein_coding,CCDC85C
ENSG00000205517,protein_coding,RGL3
ENSG00000205531,protein_coding,NAP1L4
ENSG00000205542,protein_coding,TMSB4X
ENSG00000205549,protein_coding,C9orf92
ENSG00000205562,lncRNA,AL049775.1
ENSG00000205581,protein_coding,HMGN1
ENSG00000205592,protein_coding,MUC19
ENSG00000205593,protein_coding,DENND6B
ENSG00000205622,lncRNA,AP001042.1
ENSG00000205628,lncRNA,LINC01446
ENSG00000205629,protein_coding,LCMT1
ENSG00000205639,protein_coding,MFSD2B
ENSG00000205643,protein_coding,CDPF1
ENSG00000205659,protein_coding,LIN52
ENSG00000205669,protein_coding,ACOT6
ENSG00000205670,protein_coding,SMIM11A
ENSG00000205682,lncRNA,AC020741.1
ENSG00000205683,protein_coding,DPF3
ENSG00000205696,lncRNA,ADARB2-AS1
ENSG00000205707,protein_coding,ETFRF1
ENSG00000205726,protein_coding,ITSN1
ENSG00000205740,lncRNA,AL359878.1
ENSG00000205765,protein_coding,C5orf51
ENSG00000205791,lncRNA,LOH12CR2
ENSG00000205795,protein_coding,CYS1
ENSG00000205808,protein_coding,PLPP6
ENSG00000205832,protein_coding,C16orf96
ENSG00000205835,protein_coding,GMNC
ENSG00000205838,protein_coding,TTC23L
ENSG00000205863,protein_coding,C1QTNF9B
ENSG00000205885,lncRNA,C1RL-AS1
ENSG00000205913,lncRNA,SRRM2-AS1
ENSG00000205927,protein_coding,OLIG2
ENSG00000205929,protein_coding,C21orf62
ENSG00000205930,lncRNA,C21orf62-AS1
ENSG00000205937,protein_coding,RNPS1
ENSG00000205959,lncRNA,AC105345.1
ENSG00000205978,protein_coding,NYNRIN
ENSG00000205981,protein_coding,DNAJC19
ENSG00000206028,lncRNA,Z99774.1
ENSG00000206052,protein_coding,DOK6
ENSG00000206053,protein_coding,JPT2
ENSG00000206075,protein_coding,SERPINB5
ENSG00000206113,protein_coding,CFAP99
ENSG00000206129,lncRNA,AC006305.1
ENSG00000206140,protein_coding,TMEM191C
ENSG00000206172,protein_coding,HBA1
ENSG00000206187,lncRNA,LINC02346
ENSG00000206190,protein_coding,ATP10A
ENSG00000206199,protein_coding,ANKUB1
ENSG00000206344,lncRNA,HCG27
ENSG00000206384,protein_coding,COL6A6
ENSG00000206417,lncRNA,H1FX-AS1
ENSG00000206418,protein_coding,RAB12
ENSG00000206432,protein_coding,TMEM200C
ENSG00000206503,protein_coding,HLA-A
ENSG00000206527,protein_coding,HACD2
ENSG00000206530,protein_coding,CFAP44
ENSG00000206535,protein_coding,LNP1
ENSG00000206538,protein_coding,VGLL3
ENSG00000206557,protein_coding,TRIM71
ENSG00000206559,protein_coding,ZCWPW2
ENSG00000206560,protein_coding,ANKRD28
ENSG00000206561,protein_coding,COLQ
ENSG00000206562,protein_coding,METTL6
ENSG00000206573,lncRNA,THUMPD3-AS1
ENSG00000206579,protein_coding,XKR4
ENSG00000207955,lncRNA,AL359091.1
ENSG00000211445,protein_coding,GPX3
ENSG00000211448,protein_coding,DIO2
ENSG00000211452,protein_coding,DIO1
ENSG00000211455,protein_coding,STK38L
ENSG00000211456,protein_coding,SACM1L
ENSG00000211460,protein_coding,TSN
ENSG00000211584,protein_coding,SLC48A1
ENSG00000212123,protein_coding,PRR22
ENSG00000212710,protein_coding,CTAGE1
ENSG00000212719,lncRNA,LINC02693
ENSG00000212747,protein_coding,RTL8B
ENSG00000212864,protein_coding,RNF208
ENSG00000212916,protein_coding,MAP10
ENSG00000213020,protein_coding,ZNF611
ENSG00000213023,protein_coding,SYT3
ENSG00000213047,protein_coding,DENND1B
ENSG00000213064,protein_coding,SFT2D2
ENSG00000213066,protein_coding,FGFR1OP
ENSG00000213079,protein_coding,SCAF8
ENSG00000213088,protein_coding,ACKR1
ENSG00000213096,protein_coding,ZNF254
ENSG00000213121,lncRNA,AL590867.1
ENSG00000213139,protein_coding,CRYGS
ENSG00000213160,protein_coding,KLHL23
ENSG00000213186,protein_coding,TRIM59
ENSG00000213190,protein_coding,MLLT11
ENSG00000213199,protein_coding,ASIC3
ENSG00000213213,protein_coding,CCDC183
ENSG00000213246,protein_coding,SUPT4H1
ENSG00000213281,protein_coding,NRAS
ENSG00000213339,protein_coding,QTRT1
ENSG00000213341,protein_coding,CHUK
ENSG00000213347,protein_coding,MXD3
ENSG00000213366,protein_coding,GSTM2
ENSG00000213380,protein_coding,COG8
ENSG00000213398,protein_coding,LCAT
ENSG00000213445,protein_coding,SIPA1
ENSG00000213463,protein_coding,SYNJ2BP
ENSG00000213468,lncRNA,FIRRE
ENSG00000213523,protein_coding,SRA1
ENSG00000213551,protein_coding,DNAJC9
ENSG00000213578,protein_coding,CPLX3
ENSG00000213585,protein_coding,VDAC1
ENSG00000213614,protein_coding,HEXA
ENSG00000213619,protein_coding,NDUFS3
ENSG00000213626,protein_coding,LBH
ENSG00000213639,protein_coding,PPP1CB
ENSG00000213658,protein_coding,LAT
ENSG00000213672,protein_coding,NCKIPSD
ENSG00000213676,protein_coding,ATF6B
ENSG00000213689,protein_coding,TREX1
ENSG00000213694,protein_coding,S1PR3
ENSG00000213719,protein_coding,CLIC1
ENSG00000213722,protein_coding,DDAH2
ENSG00000213742,lncRNA,ZNF337-AS1
ENSG00000213762,protein_coding,ZNF134
ENSG00000213799,protein_coding,ZNF845
ENSG00000213853,protein_coding,EMP2
ENSG00000213889,protein_coding,PPM1N
ENSG00000213904,lncRNA,LIPE-AS1
ENSG00000213918,protein_coding,DNASE1
ENSG00000213923,protein_coding,CSNK1E
ENSG00000213930,protein_coding,GALT
ENSG00000213937,protein_coding,CLDN9
ENSG00000213949,protein_coding,ITGA1
ENSG00000213965,protein_coding,NUDT19
ENSG00000213967,protein_coding,ZNF726
ENSG00000213973,protein_coding,ZNF99
ENSG00000213977,protein_coding,TAX1BP3
ENSG00000213981,lncRNA,AC007277.1
ENSG00000213983,protein_coding,AP1G2
ENSG00000213988,protein_coding,ZNF90
ENSG00000213994,lncRNA,AL157395.1
ENSG00000213995,protein_coding,NAXD
ENSG00000213996,protein_coding,TM6SF2
ENSG00000214013,protein_coding,GANC
ENSG00000214021,protein_coding,TTLL3
ENSG00000214026,protein_coding,MRPL23
ENSG00000214029,protein_coding,ZNF891
ENSG00000214043,lncRNA,LINC02347
ENSG00000214050,protein_coding,FBXO16
ENSG00000214063,protein_coding,TSPAN4
ENSG00000214078,protein_coding,CPNE1
ENSG00000214087,protein_coding,ARL16
ENSG00000214106,lncRNA,PAXIP1-AS2
ENSG00000214113,protein_coding,LYRM4
ENSG00000214128,protein_coding,TMEM213
ENSG00000214140,protein_coding,PRCD
ENSG00000214145,lncRNA,LINC00887
ENSG00000214160,protein_coding,ALG3
ENSG00000214184,lncRNA,GCC2-AS1
ENSG00000214193,protein_coding,SH3D21
ENSG00000214194,protein_coding,SMIM30
ENSG00000214212,protein_coding,C19orf38
ENSG00000214226,protein_coding,C17orf67
ENSG00000214253,protein_coding,FIS1
ENSG00000214265,protein_coding,AC124312.1
ENSG00000214290,protein_coding,COLCA2
ENSG00000214293,lncRNA,APTR
ENSG00000214300,protein_coding,SPDYE3
ENSG00000214309,protein_coding,MBLAC1
ENSG00000214353,lncRNA,VAC14-AS1
ENSG00000214357,protein_coding,NEURL1B
ENSG00000214376,protein_coding,VSTM5
ENSG00000214401,lncRNA,KANSL1-AS1
ENSG00000214402,protein_coding,LCNL1
ENSG00000214413,protein_coding,BBIP1
ENSG00000214414,protein_coding,TRIM77
ENSG00000214456,protein_coding,PLIN5
ENSG00000214491,protein_coding,SEC14L6
ENSG00000214511,protein_coding,HIGD1C
ENSG00000214517,protein_coding,PPME1
ENSG00000214548,lncRNA,MEG3
ENSG00000214559,lncRNA,AC019077.1
ENSG00000214575,protein_coding,CPEB1
ENSG00000214595,protein_coding,EML6
ENSG00000214655,protein_coding,ZSWIM8
ENSG00000214694,protein_coding,ARHGEF33
ENSG00000214706,protein_coding,IFRD2
ENSG00000214711,protein_coding,CAPN14
ENSG00000214725,transcribed_unitary_pseudogene,CDIPTOSP
ENSG00000214756,protein_coding,CSKMT
ENSG00000214772,lncRNA,AC010168.1
ENSG00000214787,protein_coding,MS4A4E
ENSG00000214803,lncRNA,AC090921.1
ENSG00000214814,protein_coding,FER1L6
ENSG00000214827,protein_coding,MTCP1
ENSG00000214842,protein_coding,RAD51AP2
ENSG00000214870,lncRNA,AC004540.1
ENSG00000214940,protein_coding,NPIPA8
ENSG00000214941,protein_coding,ZSWIM7
ENSG00000214944,protein_coding,ARHGEF28
ENSG00000214954,protein_coding,LRRC69
ENSG00000214955,lncRNA,AP000317.1
ENSG00000214960,protein_coding,CRPPA
ENSG00000214978,protein_coding,GSG1L2
ENSG00000215009,protein_coding,ACSM4
ENSG00000215014,lncRNA,AL645728.1
ENSG00000215018,protein_coding,COL28A1
ENSG00000215021,protein_coding,PHB2
ENSG00000215039,lncRNA,CD27-AS1
ENSG00000215045,protein_coding,GRID2IP
ENSG00000215067,lncRNA,ALOX12-AS1
ENSG00000215114,protein_coding,UBXN2B
ENSG00000215159,lncRNA,AC025262.1
ENSG00000215193,protein_coding,PEX26
ENSG00000215196,lncRNA,BASP1-AS1
ENSG00000215217,protein_coding,C5orf49
ENSG00000215218,protein_coding,UBE2QL1
ENSG00000215241,lncRNA,LINC02449
ENSG00000215244,lncRNA,LINC02649
ENSG00000215271,protein_coding,HOMEZ
ENSG00000215277,protein_coding,RNF212B
ENSG00000215301,protein_coding,DDX3X
ENSG00000215305,protein_coding,VPS16
ENSG00000215374,lncRNA,FAM66B
ENSG00000215375,protein_coding,MYL5
ENSG00000215386,lncRNA,MIR99AHG
ENSG00000215421,protein_coding,ZNF407
ENSG00000215424,lncRNA,MCM3AP-AS1
ENSG00000215440,protein_coding,NPEPL1
ENSG00000215475,protein_coding,SIAH3
ENSG00000215529,protein_coding,EFCAB8
ENSG00000215704,protein_coding,CELA2B
ENSG00000215712,protein_coding,TMEM242
ENSG00000215717,protein_coding,TMEM167B
ENSG00000215788,protein_coding,TNFRSF25
ENSG00000215790,protein_coding,SLC35E2A
ENSG00000215859,transcribed_unprocessed_pseudogene,PDZK1P1
ENSG00000215866,lncRNA,LINC01356
ENSG00000215908,transcribed_unprocessed_pseudogene,CROCCP2
ENSG00000215912,protein_coding,TTC34
ENSG00000215915,protein_coding,ATAD3C
ENSG00000216863,lncRNA,LY86-AS1
ENSG00000216895,lncRNA,AC009403.1
ENSG00000216937,protein_coding,CCDC7
ENSG00000217236,protein_coding,SP9
ENSG00000217455,lncRNA,AC073316.1
ENSG00000217930,protein_coding,PAM16
ENSG00000218018,lncRNA,AL109955.1
ENSG00000218336,protein_coding,TENM3
ENSG00000218510,lncRNA,LINC00339
ENSG00000218739,protein_coding,CEBPZOS
ENSG00000218891,protein_coding,ZNF579
ENSG00000219435,protein_coding,CATSPERZ
ENSG00000219438,protein_coding,TAFA5
ENSG00000219481,protein_coding,NBPF1
ENSG00000219545,protein_coding,UMAD1
ENSG00000219626,protein_coding,FAM228B
ENSG00000220008,protein_coding,LINGO3
ENSG00000220201,protein_coding,ZGLP1
ENSG00000220256,lncRNA,AC093802.1
ENSG00000220575,lncRNA,HTR5A-AS1
ENSG00000221821,protein_coding,C6orf226
ENSG00000221829,protein_coding,FANCG
ENSG00000221838,protein_coding,AP4M1
ENSG00000221866,protein_coding,PLXNA4
ENSG00000221869,protein_coding,CEBPD
ENSG00000221883,protein_coding,ARIH2OS
ENSG00000221886,protein_coding,ZBED8
ENSG00000221890,protein_coding,NPTXR
ENSG00000221909,protein_coding,FAM200A
ENSG00000221914,protein_coding,PPP2R2A
ENSG00000221916,protein_coding,C19orf73
ENSG00000221923,protein_coding,ZNF880
ENSG00000221926,protein_coding,TRIM16
ENSG00000221932,protein_coding,HEPN1
ENSG00000221944,protein_coding,TIGD1
ENSG00000221946,protein_coding,FXYD7
ENSG00000221947,protein_coding,XKR9
ENSG00000221955,protein_coding,SLC12A8
ENSG00000221963,protein_coding,APOL6
ENSG00000221968,protein_coding,FADS3
ENSG00000221978,protein_coding,CCNL2
ENSG00000221983,protein_coding,UBA52
ENSG00000221986,protein_coding,MYBPHL
ENSG00000221990,lncRNA,EXOC3-AS1
ENSG00000221994,protein_coding,ZNF630
ENSG00000222009,protein_coding,BTBD19
ENSG00000222011,protein_coding,FAM185A
ENSG00000222017,lncRNA,AC011997.1
ENSG00000222020,lncRNA,HDAC4-AS1
ENSG00000222030,lncRNA,LINC01793
ENSG00000222041,lncRNA,CYTOR
ENSG00000222042,lncRNA,AP001341.1
ENSG00000222046,protein_coding,DCDC2B
ENSG00000223351,lncRNA,ZNF385D-AS2
ENSG00000223379,lncRNA,AL391987.3
ENSG00000223390,lncRNA,AL445685.1
ENSG00000223392,lncRNA,CLDN10-AS1
ENSG00000223403,lncRNA,MEG9
ENSG00000223417,protein_coding,TRIM49D1
ENSG00000223442,lncRNA,TH2LCRR
ENSG00000223482,lncRNA,NUTM2A-AS1
ENSG00000223492,lncRNA,AL391097.1
ENSG00000223496,protein_coding,EXOSC6
ENSG00000223501,protein_coding,VPS52
ENSG00000223546,lncRNA,LINC00630
ENSG00000223547,protein_coding,ZNF844
ENSG00000223561,lncRNA,AC005165.1
ENSG00000223563,lncRNA,AP001599.1
ENSG00000223572,protein_coding,CKMT1A
ENSG00000223573,protein_coding,TINCR
ENSG00000223576,lncRNA,AL355001.1
ENSG00000223598,lncRNA,AL138733.1
ENSG00000223653,lncRNA,AL078459.1
ENSG00000223685,lncRNA,LINC00571
ENSG00000223695,lncRNA,FO393418.1
ENSG00000223711,lncRNA,AC069213.1
ENSG00000223725,lncRNA,AC009226.1
ENSG00000223727,lncRNA,AC034195.1
ENSG00000223732,lncRNA,AL359706.1
ENSG00000223749,lncRNA,MIR503HG
ENSG00000223768,lncRNA,LINC00205
ENSG00000223774,lncRNA,AL513217.1
ENSG00000223779,unprocessed_pseudogene,AC239800.1
ENSG00000223786,lncRNA,AL357507.1
ENSG00000223797,lncRNA,ENTPD3-AS1
ENSG00000223804,transcribed_unprocessed_pseudogene,AC244669.1
ENSG00000223812,lncRNA,AC073365.1
ENSG00000223813,lncRNA,AC007255.1
ENSG00000223838,lncRNA,AC007091.1
ENSG00000223843,lncRNA,EFCAB6-AS1
ENSG00000223855,lncRNA,AC147651.1
ENSG00000223865,protein_coding,HLA-DPB1
ENSG00000223883,lncRNA,LINC01707
ENSG00000223884,lncRNA,AC068481.1
ENSG00000223891,lncRNA,OSER1-DT
ENSG00000223930,lncRNA,AC117453.1
ENSG00000223935,lncRNA,LGALSL-DT
ENSG00000223944,lncRNA,AL353604.1
ENSG00000223960,lncRNA,CHROMR
ENSG00000224020,lncRNA,MIR181A2HG
ENSG00000224023,lncRNA,EDRF1-DT
ENSG00000224032,lncRNA,EPB41L4A-AS1
ENSG00000224043,lncRNA,CCNT2-AS1
ENSG00000224051,protein_coding,CPTP
ENSG00000224063,lncRNA,AC007319.1
ENSG00000224081,transcribed_processed_pseudogene,SLC44A3-AS1
ENSG00000224086,lncRNA,AC245452.1
ENSG00000224101,lncRNA,ELMO1-AS1
ENSG00000224116,lncRNA,INHBA-AS1
ENSG00000224141,lncRNA,MIR548XHG
ENSG00000224165,lncRNA,DNAJC27-AS1
ENSG00000224167,lncRNA,LINC01357
ENSG00000224184,lncRNA,MIR3681HG
ENSG00000224186,lncRNA,C5orf66
ENSG00000224189,lncRNA,HAGLR
ENSG00000224204,lncRNA,PHEX-AS1
ENSG00000224209,lncRNA,LINC00466
ENSG00000224218,lncRNA,AC107072.1
ENSG00000224220,lncRNA,AC104699.1
ENSG00000224222,lncRNA,LINC02636
ENSG00000224228,lncRNA,AL031599.1
ENSG00000224247,lncRNA,AJ009632.1
ENSG00000224271,lncRNA,AL117329.1
ENSG00000224272,lncRNA,AC131097.2
ENSG00000224310,lncRNA,LINC01567
ENSG00000224328,lncRNA,MDC1-AS1
ENSG00000224342,lncRNA,AC007879.1
ENSG00000224384,lncRNA,AL033379.1
ENSG00000224391,lncRNA,LINC01280
ENSG00000224429,lncRNA,LINC00539
ENSG00000224467,lncRNA,AC009313.1
ENSG00000224505,lncRNA,AC138150.1
ENSG00000224509,lncRNA,AC010884.1
ENSG00000224514,lncRNA,LINC00620
ENSG00000224531,protein_coding,SMIM13
ENSG00000224533,lncRNA,TMLHE-AS1
ENSG00000224541,lncRNA,AP001439.1
ENSG00000224565,lncRNA,LINC01754
ENSG00000224568,lncRNA,LINC01886
ENSG00000224577,lncRNA,LINC01117
ENSG00000224592,lncRNA,MIR3659HG
ENSG00000224596,lncRNA,ZMIZ1-AS1
ENSG00000224597,transcribed_unprocessed_pseudogene,SVIL-AS1
ENSG00000224613,lncRNA,AC095032.1
ENSG00000224652,lncRNA,LINC00885
ENSG00000224658,lncRNA,AL513164.1
ENSG00000224660,lncRNA,SH3BP5-AS1
ENSG00000224675,lncRNA,AC009227.1
ENSG00000224699,lncRNA,LAMTOR5-AS1
ENSG00000224712,protein_coding,NPIPA3
ENSG00000224714,lncRNA,LINC02671
ENSG00000224731,lncRNA,AC016716.2
ENSG00000224738,lncRNA,AC099850.1
ENSG00000224739,lncRNA,AC016735.1
ENSG00000224743,lncRNA,TEX26-AS1
ENSG00000224764,lncRNA,AL353768.1
ENSG00000224789,lncRNA,AC012363.1
ENSG00000224790,lncRNA,AP000704.1
ENSG00000224795,lncRNA,NTM-AS1
ENSG00000224812,lncRNA,TMEM72-AS1
ENSG00000224818,lncRNA,AC096677.2
ENSG00000224825,lncRNA,RORB-AS1
ENSG00000224843,lncRNA,LINC00240
ENSG00000224848,lncRNA,AL589843.1
ENSG00000224853,lncRNA,LINC00393
ENSG00000224870,lncRNA,MRPL20-AS1
ENSG00000224875,lncRNA,AC083949.1
ENSG00000224877,protein_coding,NDUFAF8
ENSG00000224897,lncRNA,POT1-AS1
ENSG00000224905,lncRNA,AP001347.1
ENSG00000224914,lncRNA,LINC00863
ENSG00000224919,lncRNA,AL591684.1
ENSG00000224924,lncRNA,LINC00320
ENSG00000224932,lncRNA,LINC02262
ENSG00000224934,lncRNA,AL391684.1
ENSG00000224940,protein_coding,PRRT4
ENSG00000224944,lncRNA,CASC6
ENSG00000224957,lncRNA,LINC01266
ENSG00000224982,protein_coding,TMEM233
ENSG00000225076,lncRNA,WWC3-AS1
ENSG00000225087,lncRNA,AL583808.1
ENSG00000225106,lncRNA,AL162457.2
ENSG00000225127,lncRNA,LINC00237
ENSG00000225140,lncRNA,AL358216.1
ENSG00000225146,lncRNA,AC073957.1
ENSG00000225174,lncRNA,OSTM1-AS1
ENSG00000225177,lncRNA,AL590617.2
ENSG00000225179,lncRNA,LINC00457
ENSG00000225180,protein_coding,PVALEF
ENSG00000225190,protein_coding,PLEKHM1
ENSG00000225205,lncRNA,AC078883.1
ENSG00000225206,lncRNA,MIR137HG
ENSG00000225210,transcribed_processed_pseudogene,DUXAP9
ENSG00000225214,lncRNA,AC079790.1
ENSG00000225218,lncRNA,AP001628.1
ENSG00000225231,lncRNA,LINC02470
ENSG00000225233,lncRNA,AL592402.1
ENSG00000225258,lncRNA,AC009478.1
ENSG00000225263,lncRNA,PCDH9-AS3
ENSG00000225331,lncRNA,LINC01678
ENSG00000225334,lncRNA,LINC02813
ENSG00000225339,lncRNA,AL354740.1
ENSG00000225342,lncRNA,AC079630.1
ENSG00000225361,lncRNA,PPP1R26-AS1
ENSG00000225376,lncRNA,TMEM246-AS1
ENSG00000225377,lncRNA,NRSN2-AS1
ENSG00000225383,lncRNA,SFTA1P
ENSG00000225421,lncRNA,AC019330.1
ENSG00000225439,lncRNA,BOLA3-AS1
ENSG00000225442,lncRNA,MPRIP-AS1
ENSG00000225446,lncRNA,LINC01763
ENSG00000225450,lncRNA,AL021707.1
ENSG00000225458,lncRNA,AL049812.2
ENSG00000225465,lncRNA,RFPL1S
ENSG00000225470,lncRNA,JPX
ENSG00000225472,lncRNA,AL136366.1
ENSG00000225484,lncRNA,NUTM2B-AS1
ENSG00000225498,lncRNA,AC002064.1
ENSG00000225506,lncRNA,CYP4A22-AS1
ENSG00000225518,lncRNA,LINC01703
ENSG00000225521,lncRNA,AC005237.1
ENSG00000225526,protein_coding,MKRN2OS
ENSG00000225539,lncRNA,LINC01821
ENSG00000225564,lncRNA,LINC01492
ENSG00000225614,protein_coding,ZNF469
ENSG00000225675,lncRNA,LINC01771
ENSG00000225683,lncRNA,PACRG-AS3
ENSG00000225689,lncRNA,AL008633.1
ENSG00000225697,protein_coding,SLC26A6
ENSG00000225706,lncRNA,PTPRD-AS1
ENSG00000225718,lncRNA,AC092100.1
ENSG00000225725,lncRNA,FAM66E
ENSG00000225733,lncRNA,FGD5-AS1
ENSG00000225746,lncRNA,MEG8
ENSG00000225751,lncRNA,AC087501.1
ENSG00000225752,lncRNA,AL023581.1
ENSG00000225762,lncRNA,LINC01389
ENSG00000225764,lncRNA,P3H2-AS1
ENSG00000225775,lncRNA,AL137220.1
ENSG00000225783,lncRNA,MIAT
ENSG00000225791,lncRNA,TRAM2-AS1
ENSG00000225793,lncRNA,AL080250.1
ENSG00000225811,lncRNA,AL354771.1
ENSG00000225826,lncRNA,LINC00626
ENSG00000225828,protein_coding,FAM229A
ENSG00000225830,protein_coding,ERCC6
ENSG00000225850,lncRNA,AL355490.1
ENSG00000225872,transcribed_unitary_pseudogene,LINC01529
ENSG00000225877,lncRNA,PSG8-AS1
ENSG00000225880,lncRNA,LINC00115
ENSG00000225882,lncRNA,LINC01456
ENSG00000225885,lncRNA,AC023590.1
ENSG00000225889,lncRNA,AC012368.1
ENSG00000225891,lncRNA,AL513365.2
ENSG00000225913,lncRNA,AL138767.3
ENSG00000225921,protein_coding,NOL7
ENSG00000225940,protein_coding,C5orf67
ENSG00000225953,lncRNA,SATB2-AS1
ENSG00000225963,lncRNA,AC009950.1
ENSG00000225964,lncRNA,NRIR
ENSG00000225968,protein_coding,ELFN1
ENSG00000225978,lncRNA,HAR1A
ENSG00000226009,lncRNA,KCNIP2-AS1
ENSG00000226022,lncRNA,AC026167.1
ENSG00000226026,lncRNA,AC092802.1
ENSG00000226043,lncRNA,AP000561.1
ENSG00000226051,lncRNA,ZNF503-AS1
ENSG00000226053,lncRNA,LINC01776
ENSG00000226070,lncRNA,AL139275.1
ENSG00000226091,lncRNA,LINC00937
ENSG00000226113,transcribed_unprocessed_pseudogene,AL133217.1
ENSG00000226124,protein_coding,FTCDNL1
ENSG00000226137,lncRNA,BAIAP2-DT
ENSG00000226149,lncRNA,AL356124.1
ENSG00000226167,lncRNA,AP4B1-AS1
ENSG00000226174,protein_coding,TEX22
ENSG00000226179,lncRNA,LINC00685
ENSG00000226194,lncRNA,LINC02519
ENSG00000226200,lncRNA,SGMS1-AS1
ENSG00000226209,processed_pseudogene,RBISP1
ENSG00000226237,lncRNA,GAS1RR
ENSG00000226258,lncRNA,GRM7-AS3
ENSG00000226266,lncRNA,AC009961.1
ENSG00000226272,lncRNA,ARHGAP26-AS1
ENSG00000226312,lncRNA,CFLAR-AS1
ENSG00000226317,lncRNA,LINC00351
ENSG00000226320,lncRNA,LINC01811
ENSG00000226328,lncRNA,NUP50-DT
ENSG00000226330,lncRNA,AL606489.1
ENSG00000226367,lncRNA,ST7-AS2
ENSG00000226380,lncRNA,AC016831.1
ENSG00000226398,lncRNA,AC013480.1
ENSG00000226409,lncRNA,AL450332.1
ENSG00000226419,lncRNA,SLC16A1-AS1
ENSG00000226438,lncRNA,AL442071.1
ENSG00000226440,lncRNA,AL365214.2
ENSG00000226445,lncRNA,BX322234.1
ENSG00000226471,lncRNA,Z93930.2
ENSG00000226476,lncRNA,LINC01748
ENSG00000226486,lncRNA,LINC01035
ENSG00000226490,protein_coding,AC138647.1
ENSG00000226519,lncRNA,LINC00390
ENSG00000226526,lncRNA,AL049569.1
ENSG00000226530,lncRNA,AL158055.1
ENSG00000226562,lncRNA,CYP4F26P
ENSG00000226571,lncRNA,AL592429.2
ENSG00000226578,lncRNA,AL132657.1
ENSG00000226581,lncRNA,LINC02848
ENSG00000226605,lncRNA,AC092567.1
ENSG00000226640,lncRNA,AL357793.1
ENSG00000226644,lncRNA,AL121899.1
ENSG00000226647,lncRNA,AL365356.1
ENSG00000226648,lncRNA,PLCG1-AS1
ENSG00000226674,lncRNA,TEX41
ENSG00000226686,lncRNA,LINC01535
ENSG00000226688,lncRNA,ENTPD1-AS1
ENSG00000226696,lncRNA,LENG8-AS1
ENSG00000226711,lncRNA,FAM66C
ENSG00000226717,lncRNA,PTPRD-AS2
ENSG00000226742,protein_coding,HSBP1L1
ENSG00000226746,lncRNA,SMCR5
ENSG00000226747,lncRNA,FSIP2-AS2
ENSG00000226752,transcribed_unitary_pseudogene,CUTALP
ENSG00000226762,lncRNA,LINC02668
ENSG00000226763,protein_coding,SRRM5
ENSG00000226764,lncRNA,AC010145.1
ENSG00000226779,lncRNA,NAALADL2-AS2
ENSG00000226782,lncRNA,AC117465.1
ENSG00000226803,lncRNA,ZNF451-AS1
ENSG00000226819,lncRNA,MEIS1-AS3
ENSG00000226828,lncRNA,LINC02774
ENSG00000226829,lncRNA,AC093655.1
ENSG00000226846,lncRNA,LINC00348
ENSG00000226849,lncRNA,AL109811.1
ENSG00000226851,lncRNA,AC004112.1
ENSG00000226856,lncRNA,THORLNC
ENSG00000226864,transcribed_unitary_pseudogene,ATE1-AS1
ENSG00000226868,lncRNA,AC096637.1
ENSG00000226883,lncRNA,AL035416.1
ENSG00000226887,protein_coding,ERVMER34-1
ENSG00000226891,lncRNA,LINC01359
ENSG00000226899,lncRNA,AL731577.1
ENSG00000226939,lncRNA,AC062021.1
ENSG00000226953,lncRNA,NCKAP5-AS2
ENSG00000226965,lncRNA,AC073114.1
ENSG00000226976,processed_pseudogene,COX6A1P2
ENSG00000226983,lncRNA,LINC01692
ENSG00000226994,lncRNA,AC079352.1
ENSG00000226995,lncRNA,LINC00658
ENSG00000227006,lncRNA,AL136988.2
ENSG00000227014,lncRNA,AC007285.1
ENSG00000227016,lncRNA,LINC02796
ENSG00000227028,lncRNA,SLC8A1-AS1
ENSG00000227033,lncRNA,AC019130.1
ENSG00000227036,lncRNA,LINC00511
ENSG00000227039,lncRNA,ITGB2-AS1
ENSG00000227042,lncRNA,AC003666.1
ENSG00000227051,protein_coding,C14orf132
ENSG00000227053,lncRNA,AC105446.1
ENSG00000227057,protein_coding,WDR46
ENSG00000227060,lncRNA,LINC00629
ENSG00000227070,lncRNA,AC104170.1
ENSG00000227082,lncRNA,LINC02798
ENSG00000227110,lncRNA,LMCD1-AS1
ENSG00000227115,lncRNA,LINC01630
ENSG00000227117,lncRNA,HORMAD2-AS1
ENSG00000227124,protein_coding,ZNF717
ENSG00000227165,lncRNA,WDR11-AS1
ENSG00000227220,lncRNA,AL133346.1
ENSG00000227227,lncRNA,AC017101.1
ENSG00000227240,lncRNA,AL136456.1
ENSG00000227252,lncRNA,AC012063.1
ENSG00000227258,lncRNA,SMIM2-AS1
ENSG00000227274,lncRNA,AC005358.1
ENSG00000227303,lncRNA,AC239727.1
ENSG00000227345,protein_coding,PARG
ENSG00000227354,lncRNA,RBM26-AS1
ENSG00000227355,lncRNA,AL359644.1
ENSG00000227356,lncRNA,LINC00866
ENSG00000227372,transcribed_unitary_pseudogene,TP73-AS1
ENSG00000227373,lncRNA,RABGAP1L-DT
ENSG00000227388,lncRNA,AL133410.1
ENSG00000227392,lncRNA,HPN-AS1
ENSG00000227398,lncRNA,KIF9-AS1
ENSG00000227409,lncRNA,ZMYM4-AS1
ENSG00000227480,lncRNA,CCDC148-AS1
ENSG00000227486,lncRNA,AL050309.1
ENSG00000227496,lncRNA,AC099066.2
ENSG00000227500,protein_coding,SCAMP4
ENSG00000227502,lncRNA,LINC01268
ENSG00000227507,protein_coding,LTB
ENSG00000227517,lncRNA,LINC01483
ENSG00000227531,lncRNA,AL162414.1
ENSG00000227533,lncRNA,SLC2A1-AS1
ENSG00000227544,lncRNA,AC018647.1
ENSG00000227579,lncRNA,AL136114.1
ENSG00000227588,lncRNA,CNTN4-AS2
ENSG00000227591,lncRNA,HSD11B1-AS1
ENSG00000227598,lncRNA,Z94721.1
ENSG00000227606,lncRNA,AC005392.1
ENSG00000227627,lncRNA,AL080276.2
ENSG00000227640,lncRNA,SOX21-AS1
ENSG00000227681,lncRNA,AL033504.1
ENSG00000227683,lncRNA,AL358394.1
ENSG00000227695,lncRNA,DNMBP-AS1
ENSG00000227704,lncRNA,AL354892.1
ENSG00000227705,lncRNA,AL391097.2
ENSG00000227712,lncRNA,AL359915.1
ENSG00000227713,lncRNA,AC092159.1
ENSG00000227740,lncRNA,LINC02803
ENSG00000227757,lncRNA,AP000282.1
ENSG00000227803,lncRNA,AL158198.1
ENSG00000227811,lncRNA,INKA2-AS1
ENSG00000227848,lncRNA,SUCLA2-AS1
ENSG00000227863,lncRNA,AC002383.1
ENSG00000227868,protein_coding,TEX46
ENSG00000227877,protein_coding,MRLN
ENSG00000227896,lncRNA,AL731569.1
ENSG00000227906,lncRNA,SNAP25-AS1
ENSG00000227908,lncRNA,AC016596.1
ENSG00000227945,lncRNA,AL590006.1
ENSG00000227954,lncRNA,TARID
ENSG00000227958,lncRNA,AL390778.1
ENSG00000227963,lncRNA,RBM15-AS1
ENSG00000227964,lncRNA,LINC01429
ENSG00000228010,lncRNA,AC073343.2
ENSG00000228013,lncRNA,IL6R-AS1
ENSG00000228016,lncRNA,RAPGEF4-AS1
ENSG00000228021,lncRNA,AL158835.1
ENSG00000228033,lncRNA,AC010967.1
ENSG00000228043,lncRNA,AC114763.1
ENSG00000228044,lncRNA,AL160408.1
ENSG00000228058,lncRNA,LINC01736
ENSG00000228061,lncRNA,AC131571.1
ENSG00000228063,lncRNA,LYPLAL1-DT
ENSG00000228065,lncRNA,LINC01515
ENSG00000228108,lncRNA,AC092839.1
ENSG00000228109,lncRNA,MELTF-AS1
ENSG00000228113,lncRNA,AC003991.1
ENSG00000228126,lncRNA,FALEC
ENSG00000228135,lncRNA,LINC01494
ENSG00000228142,lncRNA,AL354861.2
ENSG00000228162,lncRNA,AC097713.1
ENSG00000228170,lncRNA,AL031963.1
ENSG00000228204,lncRNA,AC004830.2
ENSG00000228215,lncRNA,LINC02770
ENSG00000228221,lncRNA,LINC00578
ENSG00000228222,lncRNA,AC073050.1
ENSG00000228223,lncRNA,HCG11
ENSG00000228255,lncRNA,AC096639.1
ENSG00000228262,lncRNA,LINC01320
ENSG00000228288,lncRNA,PCAT6
ENSG00000228300,protein_coding,FAM174C
ENSG00000228302,lncRNA,AL512770.1
ENSG00000228323,lncRNA,AC008440.1
ENSG00000228340,lncRNA,MIR646HG
ENSG00000228352,lncRNA,AL354989.1
ENSG00000228358,lncRNA,LINC02263
ENSG00000228363,lncRNA,AC015971.1
ENSG00000228392,lncRNA,AL162391.1
ENSG00000228393,lncRNA,LINC01004
ENSG00000228395,lncRNA,AL356481.1
ENSG00000228400,lncRNA,AC079154.1
ENSG00000228414,lncRNA,LINC01185
ENSG00000228427,lncRNA,AL590764.1
ENSG00000228430,transcribed_unprocessed_pseudogene,AL162726.3
ENSG00000228434,lncRNA,AC004951.1
ENSG00000228436,lncRNA,AL139260.1
ENSG00000228459,lncRNA,LINC01546
ENSG00000228463,transcribed_processed_pseudogene,AP006222.1
ENSG00000228467,lncRNA,AL845311.1
ENSG00000228474,protein_coding,OST4
ENSG00000228484,lncRNA,AL137025.1
ENSG00000228486,protein_coding,C2orf92
ENSG00000228495,lncRNA,LINC01013
ENSG00000228506,lncRNA,AL513550.1
ENSG00000228526,lncRNA,MIR34AHG
ENSG00000228532,processed_pseudogene,AC005000.1
ENSG00000228543,lncRNA,AC003684.1
ENSG00000228548,lncRNA,ITPKB-AS1
ENSG00000228553,lncRNA,AL389885.1
ENSG00000228566,lncRNA,AC013287.1
ENSG00000228594,protein_coding,FNDC10
ENSG00000228613,lncRNA,AC141930.1
ENSG00000228623,transcribed_unprocessed_pseudogene,ZNF883
ENSG00000228624,lncRNA,HDAC2-AS2
ENSG00000228625,lncRNA,AL451047.1
ENSG00000228677,lncRNA,TTC3-AS1
ENSG00000228679,lncRNA,AL034347.1
ENSG00000228696,protein_coding,ARL17B
ENSG00000228716,protein_coding,DHFR
ENSG00000228737,lncRNA,AC008781.1
ENSG00000228775,lncRNA,WEE2-AS1
ENSG00000228789,lncRNA,HCG22
ENSG00000228793,lncRNA,AL033523.1
ENSG00000228801,lncRNA,AC064807.1
ENSG00000228824,lncRNA,MIR4500HG
ENSG00000228839,lncRNA,PIK3IP1-AS1
ENSG00000228842,lncRNA,PCDH9-AS2
ENSG00000228852,lncRNA,AC092802.2
ENSG00000228857,lncRNA,AC104653.1
ENSG00000228877,lncRNA,AL669970.3
ENSG00000228878,lncRNA,SEPTIN7-AS1
ENSG00000228888,lncRNA,LINC01428
ENSG00000228918,lncRNA,LINC01344
ENSG00000228925,lncRNA,AC016722.2
ENSG00000228933,lncRNA,AC107419.1
ENSG00000228944,lncRNA,AC004485.1
ENSG00000228971,lncRNA,LINC02607
ENSG00000229017,lncRNA,LINC01277
ENSG00000229036,transcribed_processed_pseudogene,VDAC1P8
ENSG00000229043,lncRNA,AC091729.3
ENSG00000229044,lncRNA,AL451070.1
ENSG00000229051,lncRNA,LINC01788
ENSG00000229066,lncRNA,AC093459.1
ENSG00000229102,lncRNA,AC076966.2
ENSG00000229105,lncRNA,ASTN2-AS1
ENSG00000229117,protein_coding,RPL41
ENSG00000229127,lncRNA,AC007038.1
ENSG00000229140,lncRNA,CCDC26
ENSG00000229153,lncRNA,EPHA1-AS1
ENSG00000229178,lncRNA,AC233280.1
ENSG00000229180,transcribed_unprocessed_pseudogene,AC006001.3
ENSG00000229195,lncRNA,AC009495.1
ENSG00000229227,lncRNA,AL356056.1
ENSG00000229236,lncRNA,TTTY10
ENSG00000229267,lncRNA,SNHG31
ENSG00000229269,lncRNA,AL451048.1
ENSG00000229294,lncRNA,AL139294.1
ENSG00000229306,lncRNA,AP001464.1
ENSG00000229312,lncRNA,AL353693.1
ENSG00000229321,lncRNA,AC008269.1
ENSG00000229327,lncRNA,AL391839.1
ENSG00000229334,lncRNA,AC046143.1
ENSG00000229337,lncRNA,AC079305.3
ENSG00000229388,lncRNA,LINC01715
ENSG00000229425,lncRNA,AJ009632.2
ENSG00000229444,lncRNA,AL451062.1
ENSG00000229453,protein_coding,SPINK8
ENSG00000229457,lncRNA,LINC01789
ENSG00000229474,protein_coding,PATL2
ENSG00000229487,lncRNA,ALG13-AS1
ENSG00000229491,lncRNA,AC136489.1
ENSG00000229494,lncRNA,AC012494.2
ENSG00000229531,lncRNA,Z99127.1
ENSG00000229539,lncRNA,AL353194.1
ENSG00000229613,lncRNA,LINC01501
ENSG00000229618,lncRNA,AC011287.1
ENSG00000229619,lncRNA,MBNL1-AS1
ENSG00000229642,lncRNA,AC087857.1
ENSG00000229656,lncRNA,ITGB1-DT
ENSG00000229672,lncRNA,AL450322.2
ENSG00000229688,lncRNA,CRPPA-AS1
ENSG00000229694,lncRNA,AL158071.1
ENSG00000229697,lncRNA,FAM242E
ENSG00000229703,transcribed_unitary_pseudogene,LYPD9P
ENSG00000229751,lncRNA,AC044781.1
ENSG00000229766,lncRNA,AL021396.1
ENSG00000229807,lncRNA,XIST
ENSG00000229809,protein_coding,ZNF688
ENSG00000229833,protein_coding,PET100
ENSG00000229839,lncRNA,AC018462.1
ENSG00000229846,lncRNA,AC099788.1
ENSG00000229847,lncRNA,EMX2OS
ENSG00000229852,lncRNA,AC019205.1
ENSG00000229855,lncRNA,AC008568.1
ENSG00000229862,lncRNA,AL121972.1
ENSG00000229891,lncRNA,LINC01315
ENSG00000229924,protein_coding,FAM90A26
ENSG00000229960,lncRNA,AL590483.1
ENSG00000229972,protein_coding,IQCF3
ENSG00000229976,lncRNA,AL118523.1
ENSG00000229981,lncRNA,LINC01435
ENSG00000229989,lncRNA,MIR181A1HG
ENSG00000229999,lncRNA,AL022238.2
ENSG00000230021,transcribed_processed_pseudogene,AL669831.3
ENSG00000230051,lncRNA,AL020994.2
ENSG00000230054,protein_coding,TEX53
ENSG00000230074,lncRNA,AL162231.2
ENSG00000230082,lncRNA,PRRT3-AS1
ENSG00000230084,lncRNA,AC006059.1
ENSG00000230091,lncRNA,TMEM254-AS1
ENSG00000230124,protein_coding,ACBD6
ENSG00000230131,lncRNA,LINC02641
ENSG00000230133,lncRNA,LINC01721
ENSG00000230155,lncRNA,FO393401.1
ENSG00000230156,lncRNA,LINC00443
ENSG00000230185,lncRNA,C9orf147
ENSG00000230215,lncRNA,LINC01840
ENSG00000230258,lncRNA,AC005208.1
ENSG00000230260,lncRNA,AL136322.1
ENSG00000230262,lncRNA,LINC02603
ENSG00000230269,lncRNA,LINC02525
ENSG00000230286,lncRNA,AC013472.2
ENSG00000230303,lncRNA,AL353743.2
ENSG00000230317,lncRNA,LINC01284
ENSG00000230323,lncRNA,LINC00159
ENSG00000230325,lncRNA,AL359921.1
ENSG00000230379,lncRNA,AP000146.1
ENSG00000230387,lncRNA,AL118508.1
ENSG00000230393,lncRNA,AC092667.1
ENSG00000230408,lncRNA,AC007163.1
ENSG00000230417,lncRNA,LINC00595
ENSG00000230424,lncRNA,EMC1-AS1
ENSG00000230438,lncRNA,SERPINB9P1
ENSG00000230448,lncRNA,LINC00276
ENSG00000230453,protein_coding,ANKRD18B
ENSG00000230454,lncRNA,U73166.1
ENSG00000230461,lncRNA,PROX1-AS1
ENSG00000230479,lncRNA,AP000695.1
ENSG00000230487,lncRNA,PSMG3-AS1
ENSG00000230490,lncRNA,AL139383.1
ENSG00000230498,lncRNA,AL035409.1
ENSG00000230506,lncRNA,AL354824.1
ENSG00000230510,protein_coding,PPP5D1
ENSG00000230513,lncRNA,THAP7-AS1
ENSG00000230532,lncRNA,AC091133.1
ENSG00000230534,lncRNA,AL392046.1
ENSG00000230552,lncRNA,AC092162.2
ENSG00000230561,protein_coding,CCDC192
ENSG00000230590,lncRNA,FTX
ENSG00000230606,lncRNA,AC092683.1
ENSG00000230612,lncRNA,AC004039.1
ENSG00000230615,lncRNA,AL139220.2
ENSG00000230648,lncRNA,AL138831.1
ENSG00000230649,lncRNA,AC024084.1
ENSG00000230747,lncRNA,AC021188.1
ENSG00000230768,lncRNA,LINC01676
ENSG00000230773,lncRNA,AC092650.1
ENSG00000230782,lncRNA,AL807761.4
ENSG00000230806,lncRNA,SRGAP2-AS1
ENSG00000230817,lncRNA,LINC01362
ENSG00000230826,lncRNA,AL390774.2
ENSG00000230844,lncRNA,ZNF674-AS1
ENSG00000230876,lncRNA,LINC00486
ENSG00000230910,lncRNA,AL391807.1
ENSG00000230955,lncRNA,AL929472.2
ENSG00000230989,protein_coding,HSBP1
ENSG00000231023,lncRNA,LINC00326
ENSG00000231028,lncRNA,LINC00271
ENSG00000231039,lncRNA,AL355303.1
ENSG00000231046,lncRNA,AL360227.1
ENSG00000231064,lncRNA,AC234582.1
ENSG00000231079,lncRNA,AC105402.3
ENSG00000231104,lncRNA,AC022395.1
ENSG00000231106,lncRNA,LINC01436
ENSG00000231107,lncRNA,LINC01508
ENSG00000231113,lncRNA,AL035587.1
ENSG00000231114,lncRNA,AC078842.2
ENSG00000231133,lncRNA,HAR1B
ENSG00000231160,lncRNA,KLF3-AS1
ENSG00000231170,lncRNA,AC002451.1
ENSG00000231171,lncRNA,LINC01098
ENSG00000231185,lncRNA,SPRY4-AS1
ENSG00000231187,lncRNA,AL356056.2
ENSG00000231201,lncRNA,AF127577.2
ENSG00000231236,lncRNA,AP001605.1
ENSG00000231246,lncRNA,AL445426.1
ENSG00000231249,lncRNA,ITPR1-DT
ENSG00000231252,lncRNA,AC099792.1
ENSG00000231312,lncRNA,MAP4K3-DT
ENSG00000231329,lncRNA,AL031772.1
ENSG00000231365,lncRNA,WARS2-AS1
ENSG00000231367,lncRNA,LINC02613
ENSG00000231373,lncRNA,GNA14-AS1
ENSG00000231383,lncRNA,FGF12-AS1
ENSG00000231389,protein_coding,HLA-DPA1
ENSG00000231407,lncRNA,GORAB-AS1
ENSG00000231437,lncRNA,LINC01750
ENSG00000231439,lncRNA,WASIR2
ENSG00000231441,lncRNA,AL512422.1
ENSG00000231453,lncRNA,LINC01305
ENSG00000231496,lncRNA,AL136369.2
ENSG00000231527,lncRNA,FAM27C
ENSG00000231535,lncRNA,LINC00278
ENSG00000231538,lncRNA,DPP10-AS3
ENSG00000231557,lncRNA,AC020718.1
ENSG00000231566,lncRNA,LINC02595
ENSG00000231574,lncRNA,LINC02015
ENSG00000231609,lncRNA,AC007098.1
ENSG00000231616,lncRNA,AL354733.2
ENSG00000231646,lncRNA,FSIP2-AS1
ENSG00000231652,lncRNA,AL590428.1
ENSG00000231662,lncRNA,AL357052.1
ENSG00000231663,lncRNA,COA6-AS1
ENSG00000231672,lncRNA,DIRC3
ENSG00000231680,lncRNA,LINC02723
ENSG00000231689,lncRNA,LINC01090
ENSG00000231690,lncRNA,LINC00574
ENSG00000231721,lncRNA,LINC-PINT
ENSG00000231724,lncRNA,AC112907.1
ENSG00000231738,protein_coding,TSPAN19
ENSG00000231742,lncRNA,LINC01273
ENSG00000231764,lncRNA,DLX6-AS1
ENSG00000231769,lncRNA,AL035701.1
ENSG00000231770,lncRNA,TMEM44-AS1
ENSG00000231772,lncRNA,Z93403.1
ENSG00000231824,protein_coding,AKAIN1
ENSG00000231829,lncRNA,AL157834.1
ENSG00000231840,lncRNA,AC073342.1
ENSG00000231846,lncRNA,AC092832.2
ENSG00000231863,lncRNA,AL139393.1
ENSG00000231871,lncRNA,IPO9-AS1
ENSG00000231876,lncRNA,AC009158.1
ENSG00000231889,lncRNA,TRAF3IP2-AS1
ENSG00000231918,lncRNA,AC007402.1
ENSG00000231920,lncRNA,NEBL-AS1
ENSG00000231925,protein_coding,TAPBP
ENSG00000231934,lncRNA,FAM242A
ENSG00000231955,lncRNA,AC007383.3
ENSG00000231969,lncRNA,AC007364.1
ENSG00000231970,lncRNA,AL355490.2
ENSG00000231971,lncRNA,CT69
ENSG00000231985,lncRNA,AL354949.1
ENSG00000231999,lncRNA,LRRC8C-DT
ENSG00000232023,lncRNA,LINC01807
ENSG00000232040,protein_coding,ZBED9
ENSG00000232046,lncRNA,LINC01798
ENSG00000232053,lncRNA,AC078845.1
ENSG00000232063,lncRNA,AL691447.2
ENSG00000232077,lncRNA,LINC01031
ENSG00000232098,lncRNA,AC012313.1
ENSG00000232104,lncRNA,RFX3-AS1
ENSG00000232110,lncRNA,AL353751.1
ENSG00000232112,protein_coding,TMA7
ENSG00000232119,protein_coding,MCTS1
ENSG00000232125,protein_coding,DYTN
ENSG00000232131,lncRNA,NCOA7-AS1
ENSG00000232160,lncRNA,RAP2C-AS1
ENSG00000232192,lncRNA,KIF26B-AS1
ENSG00000232200,lncRNA,AL158090.1
ENSG00000232220,lncRNA,AC008440.2
ENSG00000232225,lncRNA,LINC01047
ENSG00000232229,lncRNA,LINC00865
ENSG00000232233,lncRNA,LINC02043
ENSG00000232265,lncRNA,LINC02805
ENSG00000232271,lncRNA,AL096799.1
ENSG00000232284,lncRNA,GNG12-AS1
ENSG00000232287,lncRNA,SLC6A1-AS1
ENSG00000232295,lncRNA,AL589935.1
ENSG00000232310,lncRNA,AL078590.2
ENSG00000232347,lncRNA,AL390728.5
ENSG00000232354,lncRNA,VIPR1-AS1
ENSG00000232377,lncRNA,AC016910.1
ENSG00000232388,protein_coding,SMIM26
ENSG00000232406,lncRNA,AL121895.1
ENSG00000232442,lncRNA,MHENCR
ENSG00000232451,lncRNA,AC018467.1
ENSG00000232453,lncRNA,LINC02777
ENSG00000232455,lncRNA,LARS2-AS1
ENSG00000232490,lncRNA,OSBPL10-AS1
ENSG00000232520,lncRNA,GCSIR
ENSG00000232527,lncRNA,LINC02802
ENSG00000232533,lncRNA,AC093673.1
ENSG00000232555,lncRNA,AC104088.1
ENSG00000232560,lncRNA,LINC01549
ENSG00000232591,lncRNA,LINC02642
ENSG00000232593,protein_coding,KANTR
ENSG00000232611,lncRNA,AL683813.1
ENSG00000232613,lncRNA,LINC02576
ENSG00000232618,lncRNA,AL355304.1
ENSG00000232633,lncRNA,AC079465.1
ENSG00000232648,lncRNA,AC107214.1
ENSG00000232656,lncRNA,IDI2-AS1
ENSG00000232667,lncRNA,AC004862.1
ENSG00000232677,lncRNA,LINC00665
ENSG00000232712,lncRNA,KIZ-AS1
ENSG00000232725,lncRNA,U52111.1
ENSG00000232790,lncRNA,LINC01162
ENSG00000232811,lncRNA,AL360270.1
ENSG00000232825,lncRNA,AL445433.2
ENSG00000232828,lncRNA,AC231533.1
ENSG00000232838,protein_coding,PET117
ENSG00000232855,lncRNA,AF165147.1
ENSG00000232878,lncRNA,DPYD-AS1
ENSG00000232892,lncRNA,AL499616.1
ENSG00000232903,lncRNA,LINC01166
ENSG00000232907,lncRNA,DLGAP4-AS1
ENSG00000232912,lncRNA,RERE-AS1
ENSG00000232931,lncRNA,LINC00342
ENSG00000232940,lncRNA,HCG25
ENSG00000232956,lncRNA,SNHG15
ENSG00000232973,lncRNA,CYP1B1-AS1
ENSG00000232977,lncRNA,LINC00327
ENSG00000233005,lncRNA,AC018742.1
ENSG00000233008,lncRNA,LINC01725
ENSG00000233009,lncRNA,NALCN-AS1
ENSG00000233013,transcribed_unprocessed_pseudogene,FAM157B
ENSG00000233016,lncRNA,SNHG7
ENSG00000233024,protein_coding,NPIPA9
ENSG00000233048,lncRNA,LINC01722
ENSG00000233058,lncRNA,LINC00884
ENSG00000233064,lncRNA,AL136307.1
ENSG00000233067,lncRNA,PTCHD1-AS
ENSG00000233070,lncRNA,ZFY-AS1
ENSG00000233073,lncRNA,AC005009.2
ENSG00000233080,transcribed_processed_pseudogene,LINC01399
ENSG00000233098,lncRNA,CCDC144NL-AS1
ENSG00000233117,lncRNA,LINC00702
ENSG00000233123,lncRNA,LINC01007
ENSG00000233143,lncRNA,DIRC3-AS1
ENSG00000233154,lncRNA,LINC01762
ENSG00000233175,lncRNA,AC008105.1
ENSG00000233178,lncRNA,AL161457.2
ENSG00000233184,lncRNA,AC093157.1
ENSG00000233208,lncRNA,LINC00642
ENSG00000233215,lncRNA,LINC01687
ENSG00000233223,lncRNA,AC016876.1
ENSG00000233237,lncRNA,LINC00472
ENSG00000233246,lncRNA,AL513327.2
ENSG00000233251,lncRNA,AC007743.1
ENSG00000233276,polymorphic_pseudogene,GPX1
ENSG00000233290,lncRNA,AL157944.1
ENSG00000233321,lncRNA,LINC02669
ENSG00000233334,lncRNA,FAM53B-AS1
ENSG00000233358,lncRNA,AL035401.1
ENSG00000233359,lncRNA,AC114485.1
ENSG00000233360,lncRNA,Z83844.2
ENSG00000233367,lncRNA,AL133480.1
ENSG00000233393,lncRNA,AP000688.2
ENSG00000233396,lncRNA,LINC01719
ENSG00000233410,lncRNA,LINC01222
ENSG00000233420,lncRNA,AC002069.2
ENSG00000233423,lncRNA,AC005482.1
ENSG00000233429,lncRNA,HOTAIRM1
ENSG00000233452,lncRNA,STXBP5-AS1
ENSG00000233461,lncRNA,AL445524.1
ENSG00000233478,lncRNA,AL031280.1
ENSG00000233485,lncRNA,AL031283.2
ENSG00000233521,lncRNA,LINC01638
ENSG00000233527,lncRNA,ZNF529-AS1
ENSG00000233539,lncRNA,AC011294.1
ENSG00000233559,lncRNA,LINC00513
ENSG00000233571,lncRNA,AL592043.1
ENSG00000233593,lncRNA,LINC02609
ENSG00000233608,protein_coding,TWIST2
ENSG00000233611,lncRNA,AC019068.1
ENSG00000233621,lncRNA,LINC01137
ENSG00000233635,lncRNA,AC015923.1
ENSG00000233639,lncRNA,PANTR1
ENSG00000233642,lncRNA,GPR158-AS1
ENSG00000233654,lncRNA,AC108047.1
ENSG00000233656,lncRNA,AL445430.1
ENSG00000233672,lncRNA,RNASEH2B-AS1
ENSG00000233684,lncRNA,LINC01865
ENSG00000233695,lncRNA,GAS6-AS1
ENSG00000233705,lncRNA,SLC26A4-AS1
ENSG00000233723,lncRNA,LINC01122
ENSG00000233725,lncRNA,NRAD1
ENSG00000233729,lncRNA,NCKAP5-AS1
ENSG00000233739,lncRNA,AL031587.2
ENSG00000233757,protein_coding,AC092835.1
ENSG00000233766,lncRNA,AC098617.1
ENSG00000233797,lncRNA,UFL1-AS1
ENSG00000233806,lncRNA,LINC01237
ENSG00000233822,protein_coding,HIST1H2BN
ENSG00000233840,lncRNA,PCDH9-AS4
ENSG00000233848,lncRNA,AL513188.1
ENSG00000233854,lncRNA,POU6F2-AS2
ENSG00000233862,lncRNA,AC016907.2
ENSG00000233871,lncRNA,DLG5-AS1
ENSG00000233882,lncRNA,LINC01680
ENSG00000233901,lncRNA,LINC01503
ENSG00000233912,lncRNA,AC026202.2
ENSG00000233926,lncRNA,AL591368.1
ENSG00000233928,lncRNA,AL591501.1
ENSG00000233930,lncRNA,KRTAP5-AS1
ENSG00000233937,lncRNA,AC008443.1
ENSG00000233967,lncRNA,AL359715.1
ENSG00000234021,lncRNA,AL596451.1
ENSG00000234056,lncRNA,LINC00463
ENSG00000234083,lncRNA,AJ006995.1
ENSG00000234091,lncRNA,AL157392.2
ENSG00000234111,lncRNA,LINC02433
ENSG00000234127,protein_coding,TRIM26
ENSG00000234129,lncRNA,AC073529.1
ENSG00000234139,lncRNA,AL035420.1
ENSG00000234149,lncRNA,AC018511.2
ENSG00000234156,lncRNA,AL359636.2
ENSG00000234161,lncRNA,PABPC5-AS1
ENSG00000234170,lncRNA,LINC02645
ENSG00000234171,lncRNA,RNASEH1-AS1
ENSG00000234173,lncRNA,AL353784.1
ENSG00000234177,lncRNA,LINC01114
ENSG00000234184,lncRNA,LINC01781
ENSG00000234185,lncRNA,AC068533.3
ENSG00000234207,lncRNA,AC096570.2
ENSG00000234222,lncRNA,LIX1L-AS1
ENSG00000234224,protein_coding,TMEM229A
ENSG00000234229,lncRNA,LINC01505
ENSG00000234232,transcribed_unprocessed_pseudogene,AC243772.3
ENSG00000234255,lncRNA,AC012370.2
ENSG00000234261,lncRNA,AL138720.1
ENSG00000234263,lncRNA,AL024508.1
ENSG00000234264,lncRNA,DEPDC1-AS1
ENSG00000234281,lncRNA,LANCL1-AS1
ENSG00000234284,protein_coding,ZNF879
ENSG00000234323,lncRNA,LINC01505
ENSG00000234336,lncRNA,JAZF1-AS1
ENSG00000234350,lncRNA,AC007405.1
ENSG00000234352,lncRNA,AC009264.1
ENSG00000234377,lncRNA,OBI1-AS1
ENSG00000234396,lncRNA,AL590822.1
ENSG00000234418,lncRNA,AC015983.2
ENSG00000234423,lncRNA,LINC01250
ENSG00000234428,lncRNA,AC023051.1
ENSG00000234432,lncRNA,AC092171.3
ENSG00000234444,protein_coding,ZNF736
ENSG00000234465,protein_coding,PINLYP
ENSG00000234477,lncRNA,AC004231.1
ENSG00000234492,lncRNA,RPL34-AS1
ENSG00000234494,lncRNA,SP2-AS1
ENSG00000234497,lncRNA,ERICH3-AS1
ENSG00000234509,lncRNA,AP000253.1
ENSG00000234527,lncRNA,PCDH9-AS1
ENSG00000234545,protein_coding,FAM133B
ENSG00000234608,lncRNA,MAPKAPK5-AS1
ENSG00000234614,lncRNA,C2CD4D-AS1
ENSG00000234636,lncRNA,MED14OS
ENSG00000234653,lncRNA,AC079117.1
ENSG00000234663,lncRNA,LINC01934
ENSG00000234665,lncRNA,LERFS
ENSG00000234684,lncRNA,SDCBP2-AS1
ENSG00000234688,lncRNA,AL049749.1
ENSG00000234690,lncRNA,EPCAM-DT
ENSG00000234694,lncRNA,AL139289.2
ENSG00000234715,lncRNA,AC005064.1
ENSG00000234717,lncRNA,TMEM212-AS1
ENSG00000234719,protein_coding,NPIPB2
ENSG00000234745,protein_coding,HLA-B
ENSG00000234769,unprocessed_pseudogene,WASH4P
ENSG00000234773,transcribed_unprocessed_pseudogene,AC012618.3
ENSG00000234781,lncRNA,LINC01103
ENSG00000234807,lncRNA,LINC01135
ENSG00000234828,protein_coding,IQCM
ENSG00000234840,lncRNA,LINC01239
ENSG00000234848,lncRNA,AC008758.2
ENSG00000234883,lncRNA,MIR155HG
ENSG00000234915,lncRNA,AL360091.3
ENSG00000234919,lncRNA,LINC01827
ENSG00000234948,lncRNA,LINC01524
ENSG00000234949,lncRNA,AC104667.2
ENSG00000234953,lncRNA,AL138799.4
ENSG00000234998,lncRNA,AC244453.3
ENSG00000235021,lncRNA,AL591848.2
ENSG00000235024,lncRNA,AC097468.2
ENSG00000235026,lncRNA,DPP10-AS1
ENSG00000235034,protein_coding,C19orf81
ENSG00000235035,lncRNA,AC005234.1
ENSG00000235056,lncRNA,AC010983.1
ENSG00000235072,lncRNA,AC012074.1
ENSG00000235077,lncRNA,AC073842.1
ENSG00000235078,lncRNA,AC231981.1
ENSG00000235085,lncRNA,AC091153.2
ENSG00000235098,protein_coding,ANKRD65
ENSG00000235100,lncRNA,AL157400.3
ENSG00000235106,protein_coding,BRD3OS
ENSG00000235109,protein_coding,ZSCAN31
ENSG00000235118,protein_coding,FAM237A
ENSG00000235127,lncRNA,AC068286.1
ENSG00000235160,lncRNA,LINC02248
ENSG00000235162,protein_coding,C12orf75
ENSG00000235180,lncRNA,LINC00601
ENSG00000235189,lncRNA,AL034405.1
ENSG00000235191,lncRNA,NUCB1-AS1
ENSG00000235194,protein_coding,PPP1R3E
ENSG00000235244,lncRNA,DANT2
ENSG00000235271,lncRNA,Z97353.2
ENSG00000235280,lncRNA,MCF2L-AS1
ENSG00000235281,lncRNA,AL713851.1
ENSG00000235288,lncRNA,AC099329.1
ENSG00000235296,lncRNA,AC145207.1
ENSG00000235314,lncRNA,LINC00957
ENSG00000235335,lncRNA,AC016723.1
ENSG00000235358,lncRNA,AC093151.3
ENSG00000235397,lncRNA,EPN2-AS1
ENSG00000235419,lncRNA,AC010149.1
ENSG00000235448,lncRNA,LURAP1L-AS1
ENSG00000235450,lncRNA,AC079760.1
ENSG00000235453,protein_coding,SMIM27
ENSG00000235478,lncRNA,LINC01664
ENSG00000235491,lncRNA,LINC01889
ENSG00000235492,lncRNA,LINC01221
ENSG00000235501,lncRNA,AC105942.1
ENSG00000235513,lncRNA,AL035681.1
ENSG00000235527,lncRNA,HIPK1-AS1
ENSG00000235530,lncRNA,AC087294.1
ENSG00000235531,lncRNA,MSC-AS1
ENSG00000235535,lncRNA,TRDN-AS1
ENSG00000235545,lncRNA,AC103923.1
ENSG00000235560,lncRNA,AC002310.1
ENSG00000235575,lncRNA,Z99758.1
ENSG00000235590,lncRNA,GNAS-AS1
ENSG00000235597,lncRNA,LINC01102
ENSG00000235609,lncRNA,AF127577.4
ENSG00000235615,lncRNA,AJ239322.1
ENSG00000235652,lncRNA,AL356599.1
ENSG00000235663,lncRNA,SAPCD1-AS1
ENSG00000235665,lncRNA,LINC00298
ENSG00000235703,lncRNA,LINC00894
ENSG00000235706,lncRNA,DICER1-AS1
ENSG00000235711,protein_coding,ANKRD34C
ENSG00000235725,lncRNA,AC007389.3
ENSG00000235731,lncRNA,LINC02250
ENSG00000235736,lncRNA,AL031275.1
ENSG00000235749,lncRNA,AL390860.1
ENSG00000235750,protein_coding,KIAA0040
ENSG00000235770,lncRNA,LINC00607
ENSG00000235820,lncRNA,AL109935.1
ENSG00000235831,lncRNA,BHLHE40-AS1
ENSG00000235837,lncRNA,AC073333.1
ENSG00000235848,lncRNA,RMDN2-AS1
ENSG00000235863,protein_coding,B3GALT4
ENSG00000235903,lncRNA,CPB2-AS1
ENSG00000235904,lncRNA,RBMS3-AS3
ENSG00000235910,lncRNA,APOA1-AS
ENSG00000235914,lncRNA,MACROD2-AS1
ENSG00000235927,lncRNA,NEXN-AS1
ENSG00000235939,lncRNA,AL138760.1
ENSG00000235958,lncRNA,UBOX5-AS1
ENSG00000235978,lncRNA,AC018816.1
ENSG00000235979,lncRNA,AC004448.2
ENSG00000235989,lncRNA,MORC2-AS1
ENSG00000236017,lncRNA,ASMTL-AS1
ENSG00000236021,lncRNA,AL591043.2
ENSG00000236051,lncRNA,MYCBP2-AS1
ENSG00000236052,lncRNA,LINC01643
ENSG00000236064,lncRNA,AL109946.1
ENSG00000236065,lncRNA,AL020995.1
ENSG00000236104,protein_coding,ZBTB22
ENSG00000236107,lncRNA,SCN1A-AS1
ENSG00000236197,lncRNA,AC002429.2
ENSG00000236200,lncRNA,KDM4A-AS1
ENSG00000236202,lncRNA,GRM7-AS1
ENSG00000236204,lncRNA,LINC01376
ENSG00000236212,lncRNA,AC009262.1
ENSG00000236213,lncRNA,AC006369.1
ENSG00000236230,lncRNA,AL356108.1
ENSG00000236234,lncRNA,AC091132.2
ENSG00000236242,lncRNA,MYO16-AS1
ENSG00000236255,lncRNA,AC009404.1
ENSG00000236256,lncRNA,DIAPH2-AS1
ENSG00000236268,lncRNA,LINC01361
ENSG00000236279,protein_coding,CLEC2L
ENSG00000236283,lncRNA,AC019197.1
ENSG00000236287,protein_coding,ZBED5
ENSG00000236305,lncRNA,SLC12A9-AS1
ENSG00000236311,lncRNA,TLX1NB
ENSG00000236318,lncRNA,AC019117.2
ENSG00000236324,lncRNA,AL035634.1
ENSG00000236332,lncRNA,AP001604.1
ENSG00000236334,protein_coding,PPIAL4G
ENSG00000236347,lncRNA,AL513123.1
ENSG00000236356,lncRNA,AC079584.1
ENSG00000236358,lncRNA,AL355472.2
ENSG00000236373,lncRNA,LINC02653
ENSG00000236404,lncRNA,VLDLR-AS1
ENSG00000236432,lncRNA,AC097662.1
ENSG00000236438,transcribed_unprocessed_pseudogene,FAM157A
ENSG00000236449,lncRNA,AC010894.3
ENSG00000236451,lncRNA,AC067956.1
ENSG00000236466,lncRNA,AL035670.1
ENSG00000236467,lncRNA,KCNMA1-AS1
ENSG00000236485,lncRNA,LINC01945
ENSG00000236494,lncRNA,AC008080.4
ENSG00000236498,lncRNA,AC107081.2
ENSG00000236501,lncRNA,AC074286.1
ENSG00000236528,lncRNA,AL033528.2
ENSG00000236532,lncRNA,LINC01695
ENSG00000236540,lncRNA,AC006547.1
ENSG00000236548,lncRNA,RNF217-AS1
ENSG00000236556,lncRNA,AC025038.1
ENSG00000236559,lncRNA,AL117381.1
ENSG00000236609,protein_coding,ZNF853
ENSG00000236618,lncRNA,PITPNA-AS1
ENSG00000236627,lncRNA,AL590302.2
ENSG00000236635,lncRNA,LINC02540
ENSG00000236653,lncRNA,LINC01923
ENSG00000236668,lncRNA,AC006450.3
ENSG00000236671,lncRNA,PRKG1-AS1
ENSG00000236676,lncRNA,AC117944.1
ENSG00000236678,lncRNA,LINC00347
ENSG00000236682,lncRNA,MAP3K2-DT
ENSG00000236699,protein_coding,ARHGEF38
ENSG00000236700,lncRNA,LINC01010
ENSG00000236723,lncRNA,AL606760.2
ENSG00000236756,lncRNA,DNAJC9-AS1
ENSG00000236760,lncRNA,AC019118.2
ENSG00000236778,lncRNA,INTS6-AS1
ENSG00000236780,lncRNA,LINC01829
ENSG00000236790,lncRNA,LINC00299
ENSG00000236795,lncRNA,AC006004.1
ENSG00000236810,lncRNA,ELOA-AS1
ENSG00000236819,lncRNA,LINC01563
ENSG00000236823,lncRNA,AL035691.1
ENSG00000236824,scRNA,BCYRN1
ENSG00000236859,lncRNA,NIFK-AS1
ENSG00000236869,lncRNA,ZKSCAN7-AS1
ENSG00000236871,lncRNA,LINC00106
ENSG00000236886,lncRNA,AC007563.2
ENSG00000236915,lncRNA,CLCA4-AS1
ENSG00000236922,lncRNA,LINC01378
ENSG00000236924,lncRNA,AL162411.1
ENSG00000236935,lncRNA,AP003774.2
ENSG00000236939,lncRNA,BAALC-AS2
ENSG00000236948,lncRNA,AL365255.1
ENSG00000236963,lncRNA,LINC01141
ENSG00000236986,lncRNA,AL157938.2
ENSG00000237019,lncRNA,AC004470.1
ENSG00000237031,lncRNA,AC008067.1
ENSG00000237074,lncRNA,AL596218.1
ENSG00000237094,transcribed_unprocessed_pseudogene,AL732372.2
ENSG00000237128,lncRNA,LINC02652
ENSG00000237133,lncRNA,AC020594.1
ENSG00000237136,protein_coding,C4orf51
ENSG00000237159,lncRNA,CNTFR-AS1
ENSG00000237166,lncRNA,LINC01792
ENSG00000237172,protein_coding,B3GNT9
ENSG00000237188,lncRNA,AC242426.2
ENSG00000237190,protein_coding,CDKN2AIPNL
ENSG00000237233,lncRNA,TMEM26-AS1
ENSG00000237248,lncRNA,LINC00987
ENSG00000237250,lncRNA,AL359924.1
ENSG00000237281,lncRNA,CATIP-AS2
ENSG00000237289,protein_coding,CKMT1B
ENSG00000237298,lncRNA,TTN-AS1
ENSG00000237310,lncRNA,AC008267.5
ENSG00000237316,lncRNA,Z82196.2
ENSG00000237356,lncRNA,AL365295.1
ENSG00000237365,lncRNA,AL512330.1
ENSG00000237422,lncRNA,AL158071.4
ENSG00000237436,lncRNA,CAMTA1-DT
ENSG00000237438,transcribed_unprocessed_pseudogene,CECR7
ENSG00000237440,protein_coding,ZNF737
ENSG00000237441,protein_coding,RGL2
ENSG00000237461,lncRNA,AL359710.1
ENSG00000237476,lncRNA,LINC01637
ENSG00000237484,lncRNA,LINC01684
ENSG00000237489,protein_coding,C10orf143
ENSG00000237491,lncRNA,LINC01409
ENSG00000237499,lncRNA,WAKMAR2
ENSG00000237505,lncRNA,PKN2-AS1
ENSG00000237515,protein_coding,SHISA9
ENSG00000237517,transcribed_unprocessed_pseudogene,DGCR5
ENSG00000237531,lncRNA,AL672277.1
ENSG00000237574,lncRNA,LINC01856
ENSG00000237585,lncRNA,LINC00407
ENSG00000237596,lncRNA,AL138828.1
ENSG00000237637,lncRNA,FRY-AS1
ENSG00000237640,lncRNA,AC004522.3
ENSG00000237654,lncRNA,AP003025.1
ENSG00000237667,lncRNA,LINC01115
ENSG00000237686,lncRNA,AL109615.3
ENSG00000237705,lncRNA,AC008937.2
ENSG00000237714,lncRNA,P4HA2-AS1
ENSG00000237735,lncRNA,AF130359.1
ENSG00000237737,lncRNA,DCTN1-AS1
ENSG00000237742,lncRNA,AL365259.1
ENSG00000237750,lncRNA,AC011900.1
ENSG00000237753,lncRNA,AC079922.2
ENSG00000237765,protein_coding,FAM200B
ENSG00000237773,lncRNA,AC073332.1
ENSG00000237797,lncRNA,MACORIS
ENSG00000237807,lncRNA,AC022034.1
ENSG00000237813,lncRNA,AC002066.1
ENSG00000237819,lncRNA,AC002454.1
ENSG00000237838,lncRNA,AC092422.1
ENSG00000237844,lncRNA,AC016766.1
ENSG00000237877,lncRNA,LINC01473
ENSG00000237880,lncRNA,LINC01885
ENSG00000237883,lncRNA,DGUOK-AS1
ENSG00000237919,lncRNA,AL158840.1
ENSG00000237928,lncRNA,NFIA-AS2
ENSG00000237943,lncRNA,PRKCQ-AS1
ENSG00000237945,lncRNA,LINC00649
ENSG00000237949,lncRNA,LINC00844
ENSG00000237950,lncRNA,AL357079.1
ENSG00000237975,lncRNA,FLG-AS1
ENSG00000237978,lncRNA,KCNMB2-AS1
ENSG00000237990,lncRNA,CNTN4-AS1
ENSG00000238009,lncRNA,AL627309.1
ENSG00000238035,lncRNA,AC138035.1
ENSG00000238057,lncRNA,ZEB2-AS1
ENSG00000238058,lncRNA,AL355574.1
ENSG00000238083,protein_coding,LRRC37A2
ENSG00000238113,lncRNA,LINC01410
ENSG00000238117,lncRNA,AP000844.2
ENSG00000238121,lncRNA,LINC00426
ENSG00000238142,lncRNA,BX284668.5
ENSG00000238197,lncRNA,PAXBP1-AS1
ENSG00000238198,lncRNA,LRIG2-DT
ENSG00000238207,lncRNA,AC009312.1
ENSG00000238217,lncRNA,LINC01877
ENSG00000238221,lncRNA,AL139095.4
ENSG00000238227,protein_coding,TMEM250
ENSG00000238243,protein_coding,OR2W3
ENSG00000238287,lncRNA,AL603839.3
ENSG00000238290,lncRNA,AL034417.2
ENSG00000239213,lncRNA,NCK1-DT
ENSG00000239265,lncRNA,CLRN1-AS1
ENSG00000239268,lncRNA,AC092691.1
ENSG00000239282,protein_coding,CASTOR1
ENSG00000239300,lncRNA,AC080162.1
ENSG00000239332,lncRNA,LINC01119
ENSG00000239382,protein_coding,ALKBH6
ENSG00000239388,protein_coding,ASB14
ENSG00000239407,lncRNA,Z68871.1
ENSG00000239440,lncRNA,LINC02008
ENSG00000239445,lncRNA,ST3GAL6-AS1
ENSG00000239453,lncRNA,SIDT1-AS1
ENSG00000239462,lncRNA,AC091212.1
ENSG00000239467,lncRNA,AC007405.3
ENSG00000239482,lncRNA,AC112487.1
ENSG00000239498,lncRNA,AC019211.1
ENSG00000239519,lncRNA,CADM2-AS1
ENSG00000239523,lncRNA,MYLK-AS1
ENSG00000239569,lncRNA,KMT2E-AS1
ENSG00000239572,lncRNA,AC108749.1
ENSG00000239605,protein_coding,STPG4
ENSG00000239653,lncRNA,PSMD6-AS2
ENSG00000239665,lncRNA,AL157392.3
ENSG00000239713,protein_coding,APOBEC3G
ENSG00000239791,lncRNA,AC002310.2
ENSG00000239801,lncRNA,DENND6A-AS1
ENSG00000239828,lncRNA,AC063944.1
ENSG00000239887,protein_coding,C1orf226
ENSG00000239900,protein_coding,ADSL
ENSG00000239911,lncRNA,PRKAG2-AS1
ENSG00000239921,lncRNA,LINC01471
ENSG00000239922,lncRNA,AC092958.1
ENSG00000240038,protein_coding,AMY2B
ENSG00000240057,lncRNA,AC078785.1
ENSG00000240065,protein_coding,PSMB9
ENSG00000240137,lncRNA,ERICH6-AS1
ENSG00000240204,protein_coding,SMKR1
ENSG00000240230,protein_coding,COX19
ENSG00000240240,lncRNA,BX664727.3
ENSG00000240254,lncRNA,B4GALT4-AS1
ENSG00000240291,lncRNA,AL450384.2
ENSG00000240344,protein_coding,PPIL3
ENSG00000240401,lncRNA,AC012358.3
ENSG00000240423,lncRNA,LINC00636
ENSG00000240498,lncRNA,CDKN2B-AS1
ENSG00000240499,lncRNA,AC004594.1
ENSG00000240541,lncRNA,TM4SF1-AS1
ENSG00000240553,lncRNA,AL031428.1
ENSG00000240567,lncRNA,LINC02067
ENSG00000240571,lncRNA,AC087071.2
ENSG00000240583,protein_coding,AQP1
ENSG00000240661,transcribed_unitary_pseudogene,AC063952.1
ENSG00000240687,lncRNA,AC082651.1
ENSG00000240694,protein_coding,PNMA2
ENSG00000240710,lncRNA,AL512306.3
ENSG00000240720,protein_coding,LRRD1
ENSG00000240770,lncRNA,C21orf91-OT1
ENSG00000240771,protein_coding,ARHGEF25
ENSG00000240857,protein_coding,RDH14
ENSG00000240875,lncRNA,LINC00886
ENSG00000240889,lncRNA,NDUFB2-AS1
ENSG00000240891,protein_coding,PLCXD2
ENSG00000240922,lncRNA,LSAMP-AS1
ENSG00000240963,lncRNA,AL645465.1
ENSG00000241058,protein_coding,NSUN6
ENSG00000241073,lncRNA,AC093019.2
ENSG00000241098,lncRNA,LINC01994
ENSG00000241111,lncRNA,AC092040.1
ENSG00000241127,protein_coding,YAE1
ENSG00000241158,lncRNA,ADAMTS9-AS1
ENSG00000241163,lncRNA,LINC00877
ENSG00000241168,lncRNA,AC128685.1
ENSG00000241231,lncRNA,AC068308.1
ENSG00000241258,protein_coding,CRCP
ENSG00000241288,lncRNA,LINC02614
ENSG00000241295,lncRNA,ZBTB20-AS2
ENSG00000241316,lncRNA,SUCLG2-AS1
ENSG00000241345,lncRNA,AC004690.2
ENSG00000241359,lncRNA,SYNPR-AS1
ENSG00000241369,lncRNA,LINC01192
ENSG00000241397,lncRNA,LINC00903
ENSG00000241449,lncRNA,AC092666.1
ENSG00000241505,lncRNA,AL391645.1
ENSG00000241560,lncRNA,ZBTB20-AS1
ENSG00000241648,lncRNA,CADM2-AS2
ENSG00000241669,lncRNA,LINC01327
ENSG00000241679,lncRNA,AC018450.1
ENSG00000241684,lncRNA,ADAMTS9-AS2
ENSG00000241685,protein_coding,ARPC1A
ENSG00000241743,lncRNA,XACT
ENSG00000241764,lncRNA,AC002467.1
ENSG00000241767,lncRNA,LINC01324
ENSG00000241769,lncRNA,LINC00893
ENSG00000241837,protein_coding,ATP5PO
ENSG00000241878,protein_coding,PISD
ENSG00000241945,protein_coding,PWP2
ENSG00000241956,lncRNA,AC109466.1
ENSG00000241962,protein_coding,AC079447.1
ENSG00000241973,protein_coding,PI4KA
ENSG00000242021,lncRNA,AC112493.1
ENSG00000242028,protein_coding,HYPK
ENSG00000242029,lncRNA,AC078980.1
ENSG00000242082,lncRNA,SLC5A4-AS1
ENSG00000242086,lncRNA,MUC20-OT1
ENSG00000242107,lncRNA,LINC01100
ENSG00000242173,protein_coding,ARHGDIG
ENSG00000242221,protein_coding,PSG2
ENSG00000242242,lncRNA,NECTIN3-AS1
ENSG00000242247,protein_coding,ARFGAP3
ENSG00000242258,lncRNA,LINC00996
ENSG00000242265,protein_coding,PEG10
ENSG00000242268,lncRNA,LINC02082
ENSG00000242290,lncRNA,ZBTB20-AS5
ENSG00000242317,lncRNA,AC121764.1
ENSG00000242375,lncRNA,AL590705.3
ENSG00000242428,lncRNA,C3orf67-AS1
ENSG00000242440,lncRNA,LINC02046
ENSG00000242485,protein_coding,MRPL20
ENSG00000242512,lncRNA,LINC01206
ENSG00000242553,lncRNA,AP001432.1
ENSG00000242574,protein_coding,HLA-DMB
ENSG00000242593,lncRNA,AC006148.1
ENSG00000242612,protein_coding,DECR2
ENSG00000242622,lncRNA,AC092910.3
ENSG00000242628,lncRNA,AC009228.1
ENSG00000242641,lncRNA,LINC00971
ENSG00000242686,lncRNA,AC107464.1
ENSG00000242732,protein_coding,RTL5
ENSG00000242759,lncRNA,LINC00882
ENSG00000242798,lncRNA,AC073842.2
ENSG00000242802,protein_coding,AP5Z1
ENSG00000242861,lncRNA,AL591895.1
ENSG00000242866,protein_coding,STRC
ENSG00000242880,lncRNA,AC026341.1
ENSG00000242908,lncRNA,AADACL2-AS1
ENSG00000242973,lncRNA,AL591242.1
ENSG00000243055,lncRNA,GK-AS1
ENSG00000243083,lncRNA,LINC00870
ENSG00000243130,protein_coding,PSG11
ENSG00000243137,protein_coding,PSG4
ENSG00000243144,lncRNA,AC079760.2
ENSG00000243147,protein_coding,MRPL33
ENSG00000243150,lncRNA,AC106707.1
ENSG00000243156,protein_coding,MICAL3
ENSG00000243193,lncRNA,AC006387.1
ENSG00000243276,lncRNA,AC068633.1
ENSG00000243279,protein_coding,PRAF2
ENSG00000243295,lncRNA,AC126121.3
ENSG00000243305,lncRNA,AC026347.1
ENSG00000243317,protein_coding,STMP1
ENSG00000243335,protein_coding,KCTD7
ENSG00000243415,lncRNA,AC107021.1
ENSG00000243449,protein_coding,C4orf48
ENSG00000243491,lncRNA,AC082651.3
ENSG00000243501,protein_coding,AL365232.1
ENSG00000243566,protein_coding,UPK3B
ENSG00000243620,lncRNA,AC092957.1
ENSG00000243646,protein_coding,IL10RB
ENSG00000243660,protein_coding,ZNF487
ENSG00000243667,protein_coding,WDR92
ENSG00000243694,lncRNA,LINC02027
ENSG00000243701,lncRNA,DUBR
ENSG00000243710,protein_coding,CFAP57
ENSG00000243715,lncRNA,CACNA2D3-AS1
ENSG00000243716,protein_coding,NPIPB5
ENSG00000243810,lncRNA,AL121721.1
ENSG00000243849,lncRNA,CFAP44-AS1
ENSG00000243927,protein_coding,MRPS6
ENSG00000243943,protein_coding,ZNF512
ENSG00000243944,lncRNA,AC117386.2
ENSG00000243955,protein_coding,GSTA1
ENSG00000243978,protein_coding,RTL9
ENSG00000244005,protein_coding,NFS1
ENSG00000244036,lncRNA,AC073320.1
ENSG00000244038,protein_coding,DDOST
ENSG00000244040,lncRNA,IL12A-AS1
ENSG00000244041,lncRNA,LINC01011
ENSG00000244045,protein_coding,TMEM199
ENSG00000244055,lncRNA,AC007566.1
ENSG00000244128,lncRNA,LINC01322
ENSG00000244165,protein_coding,P2RY11
ENSG00000244198,lncRNA,AC004889.1
ENSG00000244242,protein_coding,IFITM10
ENSG00000244260,lncRNA,AC082651.4
ENSG00000244286,lncRNA,ITGB5-AS1
ENSG00000244306,transcribed_processed_pseudogene,DUXAP10
ENSG00000244342,lncRNA,LINC00698
ENSG00000244383,lncRNA,FAM3D-AS1
ENSG00000244405,protein_coding,ETV5
ENSG00000244486,protein_coding,SCARF2
ENSG00000244513,lncRNA,AC109587.1
ENSG00000244558,lncRNA,KCNK15-AS1
ENSG00000244588,protein_coding,RAD21L1
ENSG00000244607,protein_coding,CCDC13
ENSG00000244617,protein_coding,ASPRV1
ENSG00000244625,lncRNA,MIATNB
ENSG00000244694,protein_coding,PTCHD4
ENSG00000244701,lncRNA,AC004918.1
ENSG00000244734,protein_coding,HBB
ENSG00000244752,protein_coding,CRYBB2
ENSG00000244754,protein_coding,N4BP2L2
ENSG00000244757,lncRNA,AL137024.1
ENSG00000244945,lncRNA,AC136604.2
ENSG00000244968,lncRNA,LIFR-AS1
ENSG00000245060,lncRNA,LINC00847
ENSG00000245067,lncRNA,IGFBP7-AS1
ENSG00000245146,lncRNA,MALINC1
ENSG00000245149,lncRNA,RNF139-AS1
ENSG00000245164,lncRNA,LINC00861
ENSG00000245213,lncRNA,AC105285.1
ENSG00000245248,lncRNA,USP2-AS1
ENSG00000245275,lncRNA,SAP30L-AS1
ENSG00000245281,lncRNA,AC124242.1
ENSG00000245293,lncRNA,AC096564.1
ENSG00000245311,lncRNA,ARNTL2-AS1
ENSG00000245317,lncRNA,AC008393.1
ENSG00000245322,lncRNA,AC097460.1
ENSG00000245384,lncRNA,CXXC4-AS1
ENSG00000245468,lncRNA,LINC02447
ENSG00000245498,lncRNA,AP000866.1
ENSG00000245526,lncRNA,LINC00461
ENSG00000245532,lncRNA,NEAT1
ENSG00000245534,lncRNA,RORA-AS1
ENSG00000245552,lncRNA,AP000787.1
ENSG00000245556,lncRNA,SCAMP1-AS1
ENSG00000245571,lncRNA,FAM111A-DT
ENSG00000245573,lncRNA,BDNF-AS
ENSG00000245598,lncRNA,DACT3-AS1
ENSG00000245614,lncRNA,DDX11-AS1
ENSG00000245648,lncRNA,AC022075.1
ENSG00000245662,lncRNA,LINC02211
ENSG00000245680,protein_coding,ZNF585B
ENSG00000245685,lncRNA,FRG1-DT
ENSG00000245729,lncRNA,LINC02226
ENSG00000245750,lncRNA,DRAIC
ENSG00000245768,lncRNA,AC106793.1
ENSG00000245832,lncRNA,MIR4300HG
ENSG00000245848,protein_coding,CEBPA
ENSG00000245864,lncRNA,MEF2C-AS2
ENSG00000245888,lncRNA,NSMCE1-DT
ENSG00000245904,lncRNA,AC025164.1
ENSG00000245937,lncRNA,LINC01184
ENSG00000246022,lncRNA,ALDH1L1-AS2
ENSG00000246067,lncRNA,RAB30-DT
ENSG00000246089,lncRNA,AC016065.1
ENSG00000246090,lncRNA,AP002026.1
ENSG00000246174,lncRNA,KCTD21-AS1
ENSG00000246214,lncRNA,AC024588.1
ENSG00000246223,lncRNA,LINC01550
ENSG00000246225,lncRNA,AC006299.1
ENSG00000246250,lncRNA,AC087521.2
ENSG00000246263,lncRNA,UBR5-AS1
ENSG00000246273,lncRNA,SBF2-AS1
ENSG00000246308,lncRNA,AC116535.1
ENSG00000246316,lncRNA,AC010230.1
ENSG00000246331,lncRNA,AC010198.1
ENSG00000246363,lncRNA,LINC02458
ENSG00000246366,lncRNA,LACTB2-AS1
ENSG00000246375,lncRNA,PPM1K-DT
ENSG00000246379,lncRNA,AC040168.1
ENSG00000246422,lncRNA,AC008781.2
ENSG00000246451,lncRNA,AL049840.2
ENSG00000246523,lncRNA,FZD4-DT
ENSG00000246528,lncRNA,AC079089.1
ENSG00000246548,lncRNA,LINC02288
ENSG00000246560,lncRNA,UBE2D3-AS1
ENSG00000246627,lncRNA,CACNA1C-AS1
ENSG00000246662,lncRNA,LINC00535
ENSG00000246695,lncRNA,RASSF8-AS1
ENSG00000246705,protein_coding,H2AFJ
ENSG00000246851,lncRNA,AL157938.3
ENSG00000246859,lncRNA,STARD4-AS1
ENSG00000246877,lncRNA,DNM1P35
ENSG00000246889,lncRNA,AP000487.1
ENSG00000246922,protein_coding,UBAP1L
ENSG00000246982,lncRNA,Z84485.1
ENSG00000247077,protein_coding,PGAM5
ENSG00000247081,lncRNA,BAALC-AS1
ENSG00000247092,lncRNA,SNHG10
ENSG00000247121,lncRNA,AC009126.1
ENSG00000247131,lncRNA,AC025263.1
ENSG00000247134,lncRNA,AC090204.1
ENSG00000247151,lncRNA,CSTF3-DT
ENSG00000247157,lncRNA,LINC01252
ENSG00000247199,lncRNA,AC011346.1
ENSG00000247228,lncRNA,AC009060.1
ENSG00000247240,lncRNA,UBL7-AS1
ENSG00000247271,lncRNA,ZBED5-AS1
ENSG00000247317,lncRNA,LY6E-DT
ENSG00000247345,lncRNA,AC092343.1
ENSG00000247381,lncRNA,PLUT
ENSG00000247400,lncRNA,DNAJC3-DT
ENSG00000247416,lncRNA,AP000802.1
ENSG00000247498,lncRNA,GPRC5D-AS1
ENSG00000247516,lncRNA,MIR4458HG
ENSG00000247572,lncRNA,CKMT2-AS1
ENSG00000247624,lncRNA,CPEB2-DT
ENSG00000247675,lncRNA,LRP4-AS1
ENSG00000247679,lncRNA,AC139795.2
ENSG00000247708,lncRNA,STX18-AS1
ENSG00000247728,lncRNA,AC091057.2
ENSG00000247746,protein_coding,USP51
ENSG00000247765,lncRNA,AC068446.2
ENSG00000247796,lncRNA,AC008966.1
ENSG00000247809,lncRNA,NR2F2-AS1
ENSG00000247828,lncRNA,TMEM161B-AS1
ENSG00000247853,lncRNA,AC006064.2
ENSG00000247877,lncRNA,AC021086.1
ENSG00000247925,lncRNA,AL139807.1
ENSG00000247934,lncRNA,AC022364.1
ENSG00000247950,lncRNA,SEC24B-AS1
ENSG00000247970,lncRNA,AL160313.1
ENSG00000247982,lncRNA,LINC00926
ENSG00000248008,lncRNA,NRAV
ENSG00000248019,lncRNA,FAM13A-AS1
ENSG00000248049,lncRNA,UBA6-AS1
ENSG00000248079,lncRNA,DPH6-DT
ENSG00000248092,lncRNA,NNT-AS1
ENSG00000248115,lncRNA,AC023154.1
ENSG00000248131,lncRNA,LINC01194
ENSG00000248138,lncRNA,AC097515.1
ENSG00000248150,lncRNA,LINC02150
ENSG00000248152,lncRNA,AC093879.1
ENSG00000248174,lncRNA,LINC02268
ENSG00000248176,lncRNA,AC109349.1
ENSG00000248184,lncRNA,LINC02283
ENSG00000248197,lncRNA,LINC00290
ENSG00000248202,lncRNA,LINC02234
ENSG00000248210,lncRNA,LINC02355
ENSG00000248211,lncRNA,TRPC7-AS1
ENSG00000248215,lncRNA,LINC02505
ENSG00000248242,lncRNA,AC004053.1
ENSG00000248245,lncRNA,AC010307.2
ENSG00000248256,lncRNA,OCIAD1-AS1
ENSG00000248265,lncRNA,AC023794.1
ENSG00000248268,lncRNA,AC010275.1
ENSG00000248296,lncRNA,AC025465.1
ENSG00000248300,lncRNA,LINC02360
ENSG00000248307,lncRNA,LINC00616
ENSG00000248309,lncRNA,MEF2C-AS1
ENSG00000248319,lncRNA,LINC02275
ENSG00000248323,lncRNA,LUCAT1
ENSG00000248333,protein_coding,CDK11B
ENSG00000248343,lncRNA,AC096576.2
ENSG00000248360,lncRNA,LINC00504
ENSG00000248367,lncRNA,AC008610.1
ENSG00000248371,lncRNA,LINC02056
ENSG00000248373,lncRNA,AC096577.1
ENSG00000248397,lncRNA,LINC00498
ENSG00000248429,lncRNA,FAM198B-AS1
ENSG00000248441,lncRNA,LINC01197
ENSG00000248445,lncRNA,SEMA6A-AS1
ENSG00000248455,lncRNA,LINC02217
ENSG00000248457,lncRNA,LINC02220
ENSG00000248458,lncRNA,AL139147.1
ENSG00000248464,lncRNA,FGF10-AS1
ENSG00000248469,lncRNA,AC139491.1
ENSG00000248475,lncRNA,AC016642.1
ENSG00000248485,protein_coding,PCP4L1
ENSG00000248487,protein_coding,ABHD14A
ENSG00000248489,lncRNA,LINC02062
ENSG00000248508,lncRNA,SRP14-AS1
ENSG00000248510,lncRNA,LINC02267
ENSG00000248515,lncRNA,AC024230.1
ENSG00000248528,lncRNA,LINC02058
ENSG00000248529,lncRNA,AC026746.1
ENSG00000248533,lncRNA,AC034226.1
ENSG00000248540,lncRNA,AC010931.2
ENSG00000248550,lncRNA,OTX2-AS1
ENSG00000248551,lncRNA,AC095050.1
ENSG00000248559,lncRNA,AC109454.2
ENSG00000248587,lncRNA,GDNF-AS1
ENSG00000248596,lncRNA,AC139491.2
ENSG00000248636,lncRNA,AC002070.1
ENSG00000248646,lncRNA,AC096759.1
ENSG00000248663,lncRNA,LINC00992
ENSG00000248664,lncRNA,AC010273.2
ENSG00000248673,lncRNA,LINC01331
ENSG00000248676,lncRNA,AC083902.1
ENSG00000248677,lncRNA,LINC02102
ENSG00000248685,lncRNA,LINC02484
ENSG00000248690,lncRNA,HAS2-AS1
ENSG00000248692,lncRNA,ADGRL3-AS1
ENSG00000248693,lncRNA,LINC02100
ENSG00000248698,transcribed_processed_pseudogene,LINC01085
ENSG00000248710,protein_coding,AC079594.2
ENSG00000248713,protein_coding,C4orf54
ENSG00000248714,lncRNA,AC091180.2
ENSG00000248724,lncRNA,NPHP3-AS1
ENSG00000248727,lncRNA,LINC01948
ENSG00000248738,lncRNA,AC037441.1
ENSG00000248752,lncRNA,AC116362.1
ENSG00000248774,lncRNA,AC097534.1
ENSG00000248801,lncRNA,C8orf34-AS1
ENSG00000248816,lncRNA,AC079226.2
ENSG00000248837,lncRNA,AC097512.1
ENSG00000248844,lncRNA,LINC02753
ENSG00000248859,lncRNA,LINC01574
ENSG00000248869,lncRNA,LINC02511
ENSG00000248874,lncRNA,C5orf17
ENSG00000248890,lncRNA,HHIP-AS1
ENSG00000248896,lncRNA,AC105001.1
ENSG00000248898,lncRNA,AC022126.1
ENSG00000248905,protein_coding,FMN1
ENSG00000248927,lncRNA,AC114284.1
ENSG00000248932,lncRNA,AC046134.2
ENSG00000248954,lncRNA,AC027801.1
ENSG00000248969,lncRNA,AC137810.1
ENSG00000248973,lncRNA,AC106799.2
ENSG00000248975,lncRNA,AL133372.2
ENSG00000248980,lncRNA,AC019163.1
ENSG00000248994,lncRNA,AC124852.1
ENSG00000248995,lncRNA,LINC02231
ENSG00000249001,lncRNA,AC093895.1
ENSG00000249035,lncRNA,CLMAT3
ENSG00000249042,lncRNA,AC008771.1
ENSG00000249061,lncRNA,AC109492.1
ENSG00000249069,lncRNA,LINC01033
ENSG00000249085,lncRNA,AC035140.1
ENSG00000249087,lncRNA,ZNF436-AS1
ENSG00000249096,lncRNA,LINC02362
ENSG00000249109,lncRNA,AC140125.2
ENSG00000249112,lncRNA,AC112196.1
ENSG00000249115,protein_coding,HAUS5
ENSG00000249141,protein_coding,AL159163.1
ENSG00000249150,lncRNA,AC010267.1
ENSG00000249175,lncRNA,AC008534.1
ENSG00000249203,lncRNA,LINC02224
ENSG00000249209,protein_coding,AP000311.1
ENSG00000249240,protein_coding,AC069368.1
ENSG00000249242,protein_coding,TMEM150C
ENSG00000249249,lncRNA,AC010226.1
ENSG00000249252,lncRNA,AC098829.1
ENSG00000249258,lncRNA,AC079193.2
ENSG00000249306,lncRNA,LINC01411
ENSG00000249307,lncRNA,LINC01088
ENSG00000249319,protein_coding,AC068533.4
ENSG00000249328,lncRNA,AC036214.1
ENSG00000249330,lncRNA,AC095060.1
ENSG00000249335,lncRNA,AC093523.1
ENSG00000249345,lncRNA,LINC02405
ENSG00000249348,lncRNA,UGDH-AS1
ENSG00000249352,lncRNA,LINC02198
ENSG00000249364,lncRNA,AC112206.2
ENSG00000249375,lncRNA,CASC11
ENSG00000249378,lncRNA,LINC01060
ENSG00000249381,lncRNA,LINC00500
ENSG00000249395,lncRNA,CASC9
ENSG00000249407,lncRNA,IL20RB-AS1
ENSG00000249413,lncRNA,AC116049.2
ENSG00000249417,lncRNA,AC117383.1
ENSG00000249419,lncRNA,AC023136.1
ENSG00000249425,lncRNA,LINC02477
ENSG00000249426,lncRNA,AC093206.1
ENSG00000249429,lncRNA,AC016598.1
ENSG00000249436,lncRNA,AC008780.1
ENSG00000249437,protein_coding,NAIP
ENSG00000249451,lncRNA,AC021491.1
ENSG00000249458,lncRNA,AC092673.1
ENSG00000249459,transcribed_unprocessed_pseudogene,ZNF286B
ENSG00000249464,lncRNA,LINC01091
ENSG00000249483,lncRNA,AC026726.1
ENSG00000249484,lncRNA,LINC01470
ENSG00000249487,lncRNA,LINC01586
ENSG00000249494,lncRNA,AC008629.1
ENSG00000249500,lncRNA,LINC01179
ENSG00000249502,lncRNA,AC006160.1
ENSG00000249509,lncRNA,AC023886.1
ENSG00000249526,lncRNA,AC008667.1
ENSG00000249534,lncRNA,LINC01258
ENSG00000249547,lncRNA,AC092440.1
ENSG00000249550,lncRNA,LINC01234
ENSG00000249592,lncRNA,AC139887.2
ENSG00000249593,lncRNA,AC011405.1
ENSG00000249618,lncRNA,LINC02465
ENSG00000249631,lncRNA,AC005699.1
ENSG00000249635,lncRNA,AC109361.1
ENSG00000249637,lncRNA,AC008438.1
ENSG00000249662,protein_coding,LINC02218
ENSG00000249673,lncRNA,NOP14-AS1
ENSG00000249675,lncRNA,AC097487.1
ENSG00000249678,lncRNA,AC097716.1
ENSG00000249693,protein_coding,THEGL
ENSG00000249740,lncRNA,OSMR-AS1
ENSG00000249743,lncRNA,AC116345.1
ENSG00000249753,lncRNA,AC084357.2
ENSG00000249773,protein_coding,AC092647.5
ENSG00000249776,lncRNA,AC124854.1
ENSG00000249781,lncRNA,LINC02112
ENSG00000249786,lncRNA,EAF1-AS1
ENSG00000249797,lncRNA,LINC02147
ENSG00000249806,lncRNA,AC139720.1
ENSG00000249815,lncRNA,AC004704.1
ENSG00000249816,lncRNA,LINC00964
ENSG00000249825,lncRNA,AC012636.1
ENSG00000249835,lncRNA,VCAN-AS1
ENSG00000249846,lncRNA,LINC02021
ENSG00000249849,lncRNA,AC138819.1
ENSG00000249853,protein_coding,HS3ST5
ENSG00000249854,lncRNA,CDH18-AS1
ENSG00000249856,lncRNA,AC116337.3
ENSG00000249867,lncRNA,LINC02742
ENSG00000249870,lncRNA,AC005920.2
ENSG00000249875,lncRNA,AC116616.1
ENSG00000249883,lncRNA,AC104803.1
ENSG00000249896,transcribed_unprocessed_pseudogene,LINC02495
ENSG00000249898,lncRNA,MCPH1-AS1
ENSG00000249899,lncRNA,AC025180.1
ENSG00000249906,lncRNA,AC006487.1
ENSG00000249915,protein_coding,PDCD6
ENSG00000249916,lncRNA,AC119150.1
ENSG00000249917,lncRNA,LINC00536
ENSG00000249937,lncRNA,LINC02223
ENSG00000249961,protein_coding,TERB1
ENSG00000249984,lncRNA,AC026780.2
ENSG00000249988,lncRNA,AC092546.1
ENSG00000249992,protein_coding,TMEM158
ENSG00000249993,lncRNA,BFSP2-AS1
ENSG00000249998,lncRNA,AC106894.1
ENSG00000250007,lncRNA,AC087457.1
ENSG00000250012,lncRNA,AC079848.1
ENSG00000250015,lncRNA,AC018752.1
ENSG00000250021,protein_coding,ARPIN-AP3S2
ENSG00000250039,lncRNA,AC096719.1
ENSG00000250049,lncRNA,AC114316.1
ENSG00000250056,lncRNA,LINC01018
ENSG00000250062,lncRNA,AC104827.1
ENSG00000250064,lncRNA,AC097480.1
ENSG00000250067,protein_coding,YJEFN3
ENSG00000250072,lncRNA,SH3TC2-DT
ENSG00000250075,lncRNA,AC104806.2
ENSG00000250092,lncRNA,AC096576.3
ENSG00000250095,lncRNA,NREP-AS1
ENSG00000250101,lncRNA,AC106795.3
ENSG00000250116,lncRNA,AC018682.1
ENSG00000250125,lncRNA,LINC02232
ENSG00000250127,lncRNA,LINC02108
ENSG00000250131,lncRNA,AC078881.1
ENSG00000250137,lncRNA,AC093607.1
ENSG00000250155,lncRNA,AC008957.1
ENSG00000250156,lncRNA,LINC02060
ENSG00000250159,lncRNA,AC106791.1
ENSG00000250167,lncRNA,AC034206.1
ENSG00000250190,lncRNA,LINC02364
ENSG00000250195,lncRNA,AC109927.1
ENSG00000250198,lncRNA,LINC02199
ENSG00000250220,lncRNA,AC053527.2
ENSG00000250222,lncRNA,AC008443.5
ENSG00000250241,lncRNA,AC105383.1
ENSG00000250243,lncRNA,AC110296.1
ENSG00000250244,lncRNA,AC010307.4
ENSG00000250295,lncRNA,RDH10-AS1
ENSG00000250302,lncRNA,LINC01618
ENSG00000250305,protein_coding,TRMT9B
ENSG00000250312,protein_coding,ZNF718
ENSG00000250317,protein_coding,SMIM20
ENSG00000250320,lncRNA,AC113383.1
ENSG00000250326,lncRNA,AC104596.1
ENSG00000250328,lncRNA,AC022101.1
ENSG00000250331,lncRNA,LINC01340
ENSG00000250334,lncRNA,LINC00989
ENSG00000250343,lncRNA,STK32A-AS1
ENSG00000250349,protein_coding,AF241726.2
ENSG00000250354,lncRNA,AC069272.1
ENSG00000250361,protein_coding,GYPB
ENSG00000250366,protein_coding,TUNAR
ENSG00000250377,lncRNA,AC008525.1
ENSG00000250383,lncRNA,AC008871.1
ENSG00000250387,lncRNA,LINC02197
ENSG00000250390,lncRNA,AP001790.1
ENSG00000250397,lncRNA,AP006623.1
ENSG00000250407,lncRNA,AC008728.1
ENSG00000250410,lncRNA,AC112722.1
ENSG00000250421,lncRNA,AC106798.1
ENSG00000250448,lncRNA,AC092335.1
ENSG00000250479,protein_coding,CHCHD10
ENSG00000250486,protein_coding,FAM218A
ENSG00000250490,lncRNA,LINC02145
ENSG00000250493,lncRNA,AP004147.1
ENSG00000250510,protein_coding,GPR162
ENSG00000250565,protein_coding,ATP6V1E2
ENSG00000250571,protein_coding,GLI4
ENSG00000250579,lncRNA,AC022424.1
ENSG00000250590,lncRNA,LINC02492
ENSG00000250592,lncRNA,AC055733.2
ENSG00000250602,lncRNA,AC093535.1
ENSG00000250603,lncRNA,AC068658.1
ENSG00000250616,lncRNA,AC012645.1
ENSG00000250634,lncRNA,LINC01182
ENSG00000250643,lncRNA,AC083906.3
ENSG00000250697,lncRNA,AC010343.3
ENSG00000250699,lncRNA,AP000892.1
ENSG00000250706,lncRNA,AC079340.1
ENSG00000250722,protein_coding,SELENOP
ENSG00000250723,lncRNA,AC016687.2
ENSG00000250751,lncRNA,AC015795.1
ENSG00000250754,lncRNA,LINC02436
ENSG00000250761,lncRNA,AC093305.1
ENSG00000250764,lncRNA,AC025178.1
ENSG00000250802,lncRNA,ZBED3-AS1
ENSG00000250842,lncRNA,AC137770.1
ENSG00000250846,lncRNA,EPHA5-AS1
ENSG00000250891,lncRNA,LINC02208
ENSG00000250903,lncRNA,GMDS-DT
ENSG00000250905,lncRNA,AC093893.1
ENSG00000250909,lncRNA,AC138956.1
ENSG00000250910,lncRNA,AC097467.3
ENSG00000250938,lncRNA,AC073475.1
ENSG00000250954,lncRNA,AC016687.3
ENSG00000250961,lncRNA,AC025470.2
ENSG00000250974,lncRNA,LINC02196
ENSG00000250981,lncRNA,AC016650.1
ENSG00000250988,lncRNA,SNHG21
ENSG00000250994,lncRNA,AC005355.1
ENSG00000251027,lncRNA,LINC01950
ENSG00000251033,lncRNA,AC113347.4
ENSG00000251034,lncRNA,AC087854.1
ENSG00000251059,lncRNA,AC139722.1
ENSG00000251072,lncRNA,LMNB1-DT
ENSG00000251075,lncRNA,HTT-AS
ENSG00000251076,lncRNA,AC104126.1
ENSG00000251095,lncRNA,AC093866.1
ENSG00000251129,lncRNA,LINC02506
ENSG00000251131,lncRNA,AC025171.3
ENSG00000251136,lncRNA,AF117829.1
ENSG00000251138,lncRNA,AC090015.1
ENSG00000251139,lncRNA,AC084871.1
ENSG00000251141,lncRNA,MRPS30-DT
ENSG00000251148,lncRNA,AL158068.2
ENSG00000251165,lncRNA,F11-AS1
ENSG00000251170,lncRNA,AC004052.1
ENSG00000251173,lncRNA,UCHL1-AS1
ENSG00000251182,lncRNA,LINC02497
ENSG00000251185,lncRNA,AC025244.1
ENSG00000251192,protein_coding,ZNF674
ENSG00000251209,lncRNA,LINC00923
ENSG00000251210,lncRNA,LINC02270
ENSG00000251221,lncRNA,LINC01337
ENSG00000251226,lncRNA,LINC02714
ENSG00000251247,protein_coding,ZNF345
ENSG00000251279,lncRNA,SMIM15-AS1
ENSG00000251293,lncRNA,AC008574.1
ENSG00000251294,lncRNA,AC091885.2
ENSG00000251301,lncRNA,LINC02384
ENSG00000251307,lncRNA,AC026704.1
ENSG00000251309,lncRNA,AP002075.1
ENSG00000251314,lncRNA,AC104123.1
ENSG00000251322,protein_coding,SHANK3
ENSG00000251339,lncRNA,AC017091.1
ENSG00000251357,protein_coding,AP000350.4
ENSG00000251361,lncRNA,AC012625.1
ENSG00000251364,lncRNA,AC107884.1
ENSG00000251369,protein_coding,ZNF550
ENSG00000251372,lncRNA,LINC00499
ENSG00000251381,lncRNA,LINC00958
ENSG00000251388,lncRNA,AC079380.1
ENSG00000251396,lncRNA,LINC01301
ENSG00000251398,lncRNA,LINC01256
ENSG00000251423,lncRNA,AC016576.1
ENSG00000251432,lncRNA,LINC02615
ENSG00000251438,lncRNA,AC104078.2
ENSG00000251442,lncRNA,LINC01094
ENSG00000251450,lncRNA,RASGRF2-AS1
ENSG00000251471,lncRNA,AC016933.1
ENSG00000251488,lncRNA,AC115622.1
ENSG00000251504,lncRNA,LINC01099
ENSG00000251555,lncRNA,AC096711.2
ENSG00000251556,lncRNA,AC091887.1
ENSG00000251562,lncRNA,MALAT1
ENSG00000251567,lncRNA,AC018680.1
ENSG00000251574,lncRNA,AC099520.1
ENSG00000251580,lncRNA,LINC02482
ENSG00000251600,lncRNA,AC107223.1
ENSG00000251602,lncRNA,AL928654.1
ENSG00000251613,lncRNA,AC063979.2
ENSG00000251615,lncRNA,AC104825.1
ENSG00000251620,lncRNA,STPG2-AS1
ENSG00000251629,lncRNA,LINC02241
ENSG00000251637,lncRNA,LINC02754
ENSG00000251652,lncRNA,AC092535.4
ENSG00000251654,lncRNA,AC099499.1
ENSG00000251655,protein_coding,PRB1
ENSG00000251661,lncRNA,AC136475.1
ENSG00000251670,lncRNA,AC113346.2
ENSG00000251675,lncRNA,AC010260.1
ENSG00000251680,lncRNA,AC008591.1
ENSG00000251867,lncRNA,AC009812.1
ENSG00000253103,lncRNA,LINC01609
ENSG00000253108,lncRNA,AC090993.1
ENSG00000253116,lncRNA,AC027698.1
ENSG00000253122,lncRNA,AC025366.1
ENSG00000253133,lncRNA,AC009630.1
ENSG00000253154,lncRNA,AC100801.1
ENSG00000253161,lncRNA,LINC01605
ENSG00000253184,lncRNA,AC011586.1
ENSG00000253194,lncRNA,AL137009.1
ENSG00000253197,lncRNA,AC117834.1
ENSG00000253199,lncRNA,LINC02153
ENSG00000253200,lncRNA,AC037459.2
ENSG00000253230,lncRNA,LINC00599
ENSG00000253236,lncRNA,LINC02143
ENSG00000253238,lncRNA,AC034114.2
ENSG00000253250,protein_coding,C8orf88
ENSG00000253276,protein_coding,CCDC71L
ENSG00000253288,lncRNA,AC046195.1
ENSG00000253301,lncRNA,LINC01606
ENSG00000253309,protein_coding,SERPINE3
ENSG00000253320,lncRNA,AZIN1-AS1
ENSG00000253331,lncRNA,AC008662.1
ENSG00000253347,lncRNA,AC040934.1
ENSG00000253352,lncRNA,TUG1
ENSG00000253356,lncRNA,AC084024.3
ENSG00000253361,lncRNA,AC069120.1
ENSG00000253368,protein_coding,TRNP1
ENSG00000253392,lncRNA,AC119403.1
ENSG00000253394,lncRNA,LINC00534
ENSG00000253420,lncRNA,AC103853.1
ENSG00000253434,lncRNA,LINC02237
ENSG00000253438,lncRNA,PCAT1
ENSG00000253452,lncRNA,AC124290.1
ENSG00000253457,protein_coding,SMIM18
ENSG00000253477,lncRNA,AC012213.1
ENSG00000253496,lncRNA,AC011586.2
ENSG00000253500,lncRNA,AF121898.1
ENSG00000253503,lncRNA,AC060765.1
ENSG00000253506,protein_coding,NACA2
ENSG00000253524,lncRNA,AC124290.2
ENSG00000253535,lncRNA,AC120193.1
ENSG00000253553,lncRNA,AC090578.1
ENSG00000253554,lncRNA,LINC01414
ENSG00000253557,lncRNA,AC100849.1
ENSG00000253559,lncRNA,OSGEPL1-AS1
ENSG00000253567,lncRNA,AC025871.1
ENSG00000253582,lncRNA,AC090579.1
ENSG00000253607,lncRNA,AC104316.1
ENSG00000253608,lncRNA,AC022915.2
ENSG00000253618,lncRNA,GRPEL2-AS1
ENSG00000253626,protein_coding,EIF5AL1
ENSG00000253627,lncRNA,AC105180.1
ENSG00000253633,lncRNA,AP002852.1
ENSG00000253636,lncRNA,AC022893.1
ENSG00000253641,lncRNA,AC104964.1
ENSG00000253642,lncRNA,AF279873.3
ENSG00000253649,protein_coding,PRSS51
ENSG00000253653,lncRNA,AC009185.1
ENSG00000253661,lncRNA,ZFHX4-AS1
ENSG00000253686,lncRNA,LINC01484
ENSG00000253690,lncRNA,AC021678.2
ENSG00000253693,lncRNA,AC008415.1
ENSG00000253704,lncRNA,AC023632.2
ENSG00000253706,lncRNA,AC011632.1
ENSG00000253710,protein_coding,ALG11
ENSG00000253716,lncRNA,MINCR
ENSG00000253719,protein_coding,ATXN7L3B
ENSG00000253720,lncRNA,AC022973.3
ENSG00000253729,protein_coding,PRKDC
ENSG00000253733,lncRNA,LZTS1-AS1
ENSG00000253734,lncRNA,LINC01289
ENSG00000253736,lncRNA,AC022217.3
ENSG00000253738,lncRNA,OTUD6B-AS1
ENSG00000253741,lncRNA,LNCOC1
ENSG00000253762,lncRNA,AC069133.1
ENSG00000253766,lncRNA,AC091946.1
ENSG00000253773,lncRNA,C8orf37-AS1
ENSG00000253784,lncRNA,AC090735.1
ENSG00000253796,lncRNA,AC104248.1
ENSG00000253797,protein_coding,UTP14C
ENSG00000253799,lncRNA,LINC01030
ENSG00000253807,lncRNA,LINC01170
ENSG00000253836,lncRNA,AC105031.2
ENSG00000253844,lncRNA,AC064807.2
ENSG00000253853,lncRNA,AC246817.1
ENSG00000253868,lncRNA,FER1L6-AS2
ENSG00000253875,lncRNA,AC013643.2
ENSG00000253877,lncRNA,LINC01608
ENSG00000253880,lncRNA,AC009435.1
ENSG00000253893,lncRNA,FAM85B
ENSG00000253901,lncRNA,AC103409.1
ENSG00000253925,lncRNA,AC011369.1
ENSG00000253944,lncRNA,AC027117.2
ENSG00000253948,lncRNA,VPS13B-DT
ENSG00000253965,lncRNA,AC008438.2
ENSG00000253967,lncRNA,AC022730.4
ENSG00000253973,lncRNA,AC079296.1
ENSG00000253976,lncRNA,AC022679.2
ENSG00000253980,lncRNA,AC010609.1
ENSG00000253982,lncRNA,AC100810.1
ENSG00000253988,lncRNA,AC079015.1
ENSG00000253992,lncRNA,AC103726.2
ENSG00000254004,protein_coding,ZNF260
ENSG00000254031,lncRNA,AC022858.1
ENSG00000254033,lncRNA,AC087855.1
ENSG00000254035,lncRNA,AC104117.3
ENSG00000254064,lncRNA,AC105206.2
ENSG00000254081,lncRNA,LINC01299
ENSG00000254083,lncRNA,LINC01591
ENSG00000254087,protein_coding,LYN
ENSG00000254092,lncRNA,AC021613.1
ENSG00000254099,lncRNA,AC005740.3
ENSG00000254101,lncRNA,LINC02055
ENSG00000254119,lncRNA,LINC02842
ENSG00000254123,lncRNA,LINC02839
ENSG00000254129,lncRNA,AC108449.1
ENSG00000254130,lncRNA,LINC01947
ENSG00000254138,lncRNA,AC113386.1
ENSG00000254171,lncRNA,AC114321.1
ENSG00000254186,lncRNA,AC113414.1
ENSG00000254187,lncRNA,AC008708.2
ENSG00000254202,lncRNA,AC015522.1
ENSG00000254206,protein_coding,NPIPB11
ENSG00000254222,lncRNA,AC023866.2
ENSG00000254226,lncRNA,LINC01933
ENSG00000254237,lncRNA,AC021242.2
ENSG00000254248,lncRNA,AC068189.1
ENSG00000254251,lncRNA,AC103770.1
ENSG00000254266,lncRNA,PKIA-AS1
ENSG00000254300,lncRNA,LINC01111
ENSG00000254303,lncRNA,AC037486.1
ENSG00000254319,lncRNA,AC246817.2
ENSG00000254333,lncRNA,NDST1-AS1
ENSG00000254343,lncRNA,AC091563.1
ENSG00000254349,lncRNA,MIR2052HG
ENSG00000254361,lncRNA,AC046195.2
ENSG00000254365,lncRNA,AC091820.2
ENSG00000254366,lncRNA,AC062004.1
ENSG00000254377,lncRNA,MIR124-2HG
ENSG00000254394,lncRNA,AC060765.2
ENSG00000254397,lncRNA,AC132192.1
ENSG00000254402,protein_coding,LRRC24
ENSG00000254404,lncRNA,AP003306.1
ENSG00000254420,lncRNA,AP003086.1
ENSG00000254427,lncRNA,LINC02696
ENSG00000254428,lncRNA,AP003392.1
ENSG00000254456,lncRNA,LINC02699
ENSG00000254459,lncRNA,AP002812.2
ENSG00000254469,protein_coding,AP002495.1
ENSG00000254470,protein_coding,AP5B1
ENSG00000254489,lncRNA,MPPED2-AS1
ENSG00000254528,lncRNA,AP000757.1
ENSG00000254530,lncRNA,LINC02755
ENSG00000254531,lncRNA,AP001816.1
ENSG00000254532,lncRNA,AL358944.1
ENSG00000254538,lncRNA,AC027018.1
ENSG00000254539,lncRNA,AC239804.1
ENSG00000254542,lncRNA,NAV2-AS3
ENSG00000254553,protein_coding,AL033529.1
ENSG00000254560,lncRNA,BBOX1-AS1
ENSG00000254561,lncRNA,AP003393.1
ENSG00000254571,lncRNA,AL358937.1
ENSG00000254585,protein_coding,MAGEL2
ENSG00000254587,lncRNA,AP003066.1
ENSG00000254604,lncRNA,AP002336.2
ENSG00000254607,lncRNA,AP001783.1
ENSG00000254610,transcribed_unprocessed_pseudogene,AC004923.1
ENSG00000254614,lncRNA,AP003068.2
ENSG00000254631,lncRNA,AP001372.1
ENSG00000254635,lncRNA,WAC-AS1
ENSG00000254659,lncRNA,LINC02715
ENSG00000254682,lncRNA,AP002387.2
ENSG00000254687,lncRNA,AC009646.2
ENSG00000254690,lncRNA,AC233992.1
ENSG00000254705,lncRNA,AP000722.1
ENSG00000254726,protein_coding,MEX3A
ENSG00000254731,lncRNA,AP003059.1
ENSG00000254733,lncRNA,AP001831.1
ENSG00000254734,lncRNA,AC107973.1
ENSG00000254757,lncRNA,AC127526.1
ENSG00000254768,lncRNA,AC104009.1
ENSG00000254777,lncRNA,AC022182.1
ENSG00000254787,lncRNA,AP001825.1
ENSG00000254806,protein_coding,SYS1-DBNDD2
ENSG00000254813,lncRNA,AC123777.1
ENSG00000254827,protein_coding,SLC22A18AS
ENSG00000254837,lncRNA,AP001372.2
ENSG00000254842,lncRNA,LINC02551
ENSG00000254858,protein_coding,MPV17L2
ENSG00000254860,lncRNA,TMEM9B-AS1
ENSG00000254862,lncRNA,AC100771.2
ENSG00000254865,lncRNA,AC100763.1
ENSG00000254870,protein_coding,ATP6V1G2-DDX39B
ENSG00000254907,lncRNA,AC087276.2
ENSG00000254966,lncRNA,AC103974.1
ENSG00000254968,lncRNA,LINC02763
ENSG00000254972,lncRNA,AP003498.1
ENSG00000254973,lncRNA,AC105219.4
ENSG00000254986,protein_coding,DPP3
ENSG00000254987,lncRNA,AP002989.1
ENSG00000254995,protein_coding,STX16-NPEPL1
ENSG00000254999,protein_coding,BRK1
ENSG00000255027,lncRNA,AP000842.2
ENSG00000255028,lncRNA,AP003049.2
ENSG00000255041,lncRNA,AC103855.3
ENSG00000255046,lncRNA,AC069185.1
ENSG00000255052,lncRNA,FAM66D
ENSG00000255062,lncRNA,AP001318.2
ENSG00000255082,lncRNA,GRM5-AS1
ENSG00000255084,lncRNA,AP003110.1
ENSG00000255087,lncRNA,AP001993.1
ENSG00000255101,lncRNA,AC103843.1
ENSG00000255109,lncRNA,LINC02740
ENSG00000255135,lncRNA,AP002360.1
ENSG00000255136,lncRNA,AP001972.3
ENSG00000255145,lncRNA,STX17-AS1
ENSG00000255153,lncRNA,TOLLIP-AS1
ENSG00000255158,lncRNA,AC131934.1
ENSG00000255159,lncRNA,AC026894.1
ENSG00000255171,lncRNA,LINC01499
ENSG00000255175,lncRNA,LINC02759
ENSG00000255178,lncRNA,LINC02720
ENSG00000255191,lncRNA,AP003555.2
ENSG00000255193,lncRNA,LINC02726
ENSG00000255198,lncRNA,SNHG9
ENSG00000255201,lncRNA,AC087623.1
ENSG00000255202,lncRNA,AL049629.1
ENSG00000255209,lncRNA,AP001978.1
ENSG00000255229,lncRNA,AC069287.3
ENSG00000255234,lncRNA,AP000446.1
ENSG00000255240,lncRNA,AP001636.3
ENSG00000255250,lncRNA,AP003059.2
ENSG00000255274,protein_coding,SMIM35
ENSG00000255284,lncRNA,AP006621.3
ENSG00000255292,protein_coding,AP002884.2
ENSG00000255300,lncRNA,LINC02745
ENSG00000255302,protein_coding,EID1
ENSG00000255308,lncRNA,CSRP3-AS1
ENSG00000255311,lncRNA,AP002370.2
ENSG00000255326,lncRNA,AP001922.5
ENSG00000255346,protein_coding,NOX5
ENSG00000255366,lncRNA,AC120036.4
ENSG00000255388,lncRNA,LINC02741
ENSG00000255389,lncRNA,Z97989.1
ENSG00000255418,lncRNA,LINC02718
ENSG00000255422,lncRNA,AP002954.1
ENSG00000255435,lncRNA,AP001267.3
ENSG00000255439,protein_coding,AC135050.2
ENSG00000255455,lncRNA,AP003486.1
ENSG00000255467,lncRNA,AP002433.1
ENSG00000255468,lncRNA,AP001107.9
ENSG00000255471,lncRNA,AP001528.1
ENSG00000255474,lncRNA,GAU1
ENSG00000255476,lncRNA,AC011092.2
ENSG00000255495,lncRNA,AC145124.1
ENSG00000255503,lncRNA,AP001767.3
ENSG00000255506,lncRNA,AP003718.1
ENSG00000255520,lncRNA,AC090589.2
ENSG00000255526,protein_coding,NEDD8-MDP1
ENSG00000255529,protein_coding,POLR2M
ENSG00000255537,lncRNA,AP000708.1
ENSG00000255557,lncRNA,AP001266.2
ENSG00000255571,lncRNA,MIR9-3HG
ENSG00000255580,lncRNA,AP000462.1
ENSG00000255618,lncRNA,LINC02440
ENSG00000255621,lncRNA,AC023790.2
ENSG00000255639,protein_coding,AC005833.1
ENSG00000255650,lncRNA,FAM222A-AS1
ENSG00000255652,lncRNA,AC140847.2
ENSG00000255670,lncRNA,AC007619.1
ENSG00000255689,lncRNA,AP003174.1
ENSG00000255693,lncRNA,LINC02389
ENSG00000255733,lncRNA,IFNG-AS1
ENSG00000255819,protein_coding,KLRC4-KLRK1
ENSG00000255823,protein_coding,MTRNR2L8
ENSG00000255835,protein_coding,AL117348.2
ENSG00000255856,lncRNA,AC069503.1
ENSG00000255857,lncRNA,PXN-AS1
ENSG00000255867,lncRNA,DENND5B-AS1
ENSG00000255872,protein_coding,AL138752.2
ENSG00000255886,lncRNA,AC020611.2
ENSG00000255910,lncRNA,AC024901.1
ENSG00000255929,lncRNA,AP000943.2
ENSG00000255931,lncRNA,AP003108.1
ENSG00000255946,lncRNA,AC069234.1
ENSG00000255968,lncRNA,AC024145.1
ENSG00000255980,lncRNA,AP000439.2
ENSG00000255983,lncRNA,AC007848.1
ENSG00000256008,lncRNA,AC125616.1
ENSG00000256043,protein_coding,CTSO
ENSG00000256061,protein_coding,DNAAF4
ENSG00000256073,lncRNA,URB1-AS1
ENSG00000256087,protein_coding,ZNF432
ENSG00000256092,lncRNA,SBNO1-AS1
ENSG00000256101,lncRNA,AC092745.1
ENSG00000256116,lncRNA,AP001453.1
ENSG00000256124,lncRNA,LINC01152
ENSG00000256150,lncRNA,ITFG2-AS1
ENSG00000256193,lncRNA,LINC00507
ENSG00000256226,lncRNA,AC092747.1
ENSG00000256229,protein_coding,ZNF486
ENSG00000256234,lncRNA,AC022509.2
ENSG00000256237,lncRNA,AC007450.1
ENSG00000256249,lncRNA,AC026333.3
ENSG00000256250,lncRNA,AC073912.1
ENSG00000256269,protein_coding,HMBS
ENSG00000256278,lncRNA,AC048382.1
ENSG00000256287,lncRNA,LINC02398
ENSG00000256311,lncRNA,AC084880.2
ENSG00000256321,lncRNA,AC087235.2
ENSG00000256417,lncRNA,AC006206.2
ENSG00000256422,lncRNA,LINC02552
ENSG00000256427,lncRNA,AC010175.1
ENSG00000256448,lncRNA,AP000763.3
ENSG00000256452,lncRNA,AP003170.3
ENSG00000256453,protein_coding,DND1
ENSG00000256463,protein_coding,SALL3
ENSG00000256494,lncRNA,LINC02825
ENSG00000256525,protein_coding,POLG2
ENSG00000256566,protein_coding,AL049650.1
ENSG00000256577,lncRNA,AC007406.4
ENSG00000256591,protein_coding,AP003108.2
ENSG00000256618,protein_coding,MTRNR2L1
ENSG00000256637,lncRNA,LINC01965
ENSG00000256654,lncRNA,AC005906.2
ENSG00000256661,lncRNA,A2ML1-AS1
ENSG00000256683,protein_coding,ZNF350
ENSG00000256690,lncRNA,AP001160.1
ENSG00000256717,lncRNA,LINC02698
ENSG00000256742,lncRNA,KDM2B-DT
ENSG00000256771,protein_coding,ZNF253
ENSG00000256802,lncRNA,AC022613.1
ENSG00000256824,lncRNA,AP000721.2
ENSG00000256862,lncRNA,AC005842.1
ENSG00000256870,protein_coding,SLC5A8
ENSG00000256947,lncRNA,AP002518.2
ENSG00000256948,lncRNA,AC026369.3
ENSG00000256955,lncRNA,AC131009.2
ENSG00000256967,lncRNA,AC018653.3
ENSG00000256971,lncRNA,LINC00508
ENSG00000256982,lncRNA,AC135782.1
ENSG00000256994,lncRNA,LINC02378
ENSG00000256995,lncRNA,AC084816.1
ENSG00000257002,lncRNA,AP000438.1
ENSG00000257004,lncRNA,AC008115.2
ENSG00000257023,lncRNA,AC087241.2
ENSG00000257057,protein_coding,C11orf97
ENSG00000257060,lncRNA,AC091078.1
ENSG00000257093,protein_coding,DENND11
ENSG00000257095,lncRNA,AC084361.1
ENSG00000257103,protein_coding,LSM14A
ENSG00000257126,lncRNA,FOXG1-AS1
ENSG00000257139,lncRNA,LINC02821
ENSG00000257165,lncRNA,AC079362.1
ENSG00000257176,lncRNA,AC009318.1
ENSG00000257191,lncRNA,AC090709.1
ENSG00000257194,lncRNA,AC126178.1
ENSG00000257207,protein_coding,AC112229.3
ENSG00000257218,protein_coding,GATC
ENSG00000257228,lncRNA,AC090531.1
ENSG00000257239,lncRNA,AC090630.1
ENSG00000257242,lncRNA,LINC01619
ENSG00000257252,lncRNA,AC124947.1
ENSG00000257259,lncRNA,LINC02388
ENSG00000257261,lncRNA,AC008014.1
ENSG00000257271,lncRNA,KIRREL3-AS1
ENSG00000257277,lncRNA,AC092652.2
ENSG00000257279,lncRNA,AC127164.1
ENSG00000257283,lncRNA,AC012464.1
ENSG00000257285,lncRNA,AL132780.1
ENSG00000257303,lncRNA,AC073896.2
ENSG00000257319,lncRNA,AC008127.1
ENSG00000257322,lncRNA,AC138123.1
ENSG00000257335,protein_coding,MGAM
ENSG00000257337,lncRNA,AC068888.1
ENSG00000257342,lncRNA,AC025165.2
ENSG00000257354,lncRNA,AC048341.1
ENSG00000257365,protein_coding,FNTB
ENSG00000257398,lncRNA,AC126177.3
ENSG00000257429,lncRNA,AC074031.1
ENSG00000257434,lncRNA,AC073525.1
ENSG00000257443,lncRNA,AC068305.2
ENSG00000257452,lncRNA,AC004551.1
ENSG00000257458,lncRNA,AC069437.1
ENSG00000257467,lncRNA,PPFIA2-AS1
ENSG00000257526,lncRNA,AC107032.2
ENSG00000257545,lncRNA,AC079385.1
ENSG00000257551,lncRNA,HLX-AS1
ENSG00000257557,lncRNA,PPP1R12A-AS1
ENSG00000257585,lncRNA,LINC00609
ENSG00000257595,lncRNA,LINC02356
ENSG00000257596,lncRNA,SCAT2
ENSG00000257599,lncRNA,OVCH1-AS1
ENSG00000257636,lncRNA,G2E3-AS1
ENSG00000257657,lncRNA,AC079950.1
ENSG00000257681,lncRNA,AC025265.1
ENSG00000257698,lncRNA,GIHCG
ENSG00000257703,lncRNA,AC068643.1
ENSG00000257704,protein_coding,INAFM1
ENSG00000257735,lncRNA,AC090115.1
ENSG00000257737,lncRNA,AC025265.2
ENSG00000257747,lncRNA,LINC02426
ENSG00000257748,lncRNA,LINC02281
ENSG00000257759,lncRNA,AL357153.2
ENSG00000257767,protein_coding,AC002996.1
ENSG00000257771,lncRNA,LINC02395
ENSG00000257809,lncRNA,AC034102.5
ENSG00000257815,lncRNA,AC025159.1
ENSG00000257817,lncRNA,AC026765.3
ENSG00000257831,lncRNA,AL136418.1
ENSG00000257842,lncRNA,LINC02588
ENSG00000257859,lncRNA,CASC18
ENSG00000257869,lncRNA,AL139023.1
ENSG00000257894,lncRNA,AC027288.3
ENSG00000257913,lncRNA,DDN-AS1
ENSG00000257923,protein_coding,CUX1
ENSG00000257924,lncRNA,LINC02416
ENSG00000257925,lncRNA,AC008083.2
ENSG00000257949,protein_coding,TEN1
ENSG00000257986,lncRNA,LINC02306
ENSG00000258017,lncRNA,AC011603.2
ENSG00000258038,lncRNA,LINC02327
ENSG00000258048,lncRNA,AC073569.2
ENSG00000258053,lncRNA,AC025575.2
ENSG00000258057,lncRNA,BCDIN3D-AS1
ENSG00000258066,lncRNA,AC138331.1
ENSG00000258077,lncRNA,AC078923.1
ENSG00000258081,lncRNA,AL110292.1
ENSG00000258084,lncRNA,AC128707.1
ENSG00000258107,lncRNA,AL158058.1
ENSG00000258123,lncRNA,LINC02444
ENSG00000258131,lncRNA,AC007656.2
ENSG00000258137,lncRNA,AC079313.2
ENSG00000258162,lncRNA,AC069228.1
ENSG00000258168,lncRNA,AC025569.1
ENSG00000258170,lncRNA,AC089998.4
ENSG00000258175,lncRNA,LINC02300
ENSG00000258181,lncRNA,AC008083.3
ENSG00000258216,lncRNA,AC009522.1
ENSG00000258220,lncRNA,LINC02424
ENSG00000258225,lncRNA,AC073571.1
ENSG00000258231,lncRNA,AC020637.1
ENSG00000258234,lncRNA,AC024257.1
ENSG00000258240,lncRNA,AC002351.1
ENSG00000258272,lncRNA,AC007513.1
ENSG00000258274,lncRNA,AC012085.2
ENSG00000258285,lncRNA,TESC-AS1
ENSG00000258301,lncRNA,VASH1-AS1
ENSG00000258302,lncRNA,AC025034.1
ENSG00000258308,lncRNA,AC079907.2
ENSG00000258312,lncRNA,AC016152.1
ENSG00000258317,lncRNA,AC034102.6
ENSG00000258325,lncRNA,ITFG2-AS1
ENSG00000258378,lncRNA,AL139021.1
ENSG00000258380,lncRNA,AL356805.1
ENSG00000258386,lncRNA,AL352984.1
ENSG00000258399,lncRNA,AL117190.1
ENSG00000258400,lncRNA,AL591767.1
ENSG00000258404,lncRNA,LINC02320
ENSG00000258405,protein_coding,ZNF578
ENSG00000258410,lncRNA,AC087386.1
ENSG00000258414,lncRNA,AL121790.1
ENSG00000258416,lncRNA,AF123462.1
ENSG00000258422,lncRNA,AL160191.1
ENSG00000258455,lncRNA,AL158801.3
ENSG00000258472,protein_coding,AC005726.1
ENSG00000258473,lncRNA,AC007686.2
ENSG00000258476,lncRNA,LINC02207
ENSG00000258484,protein_coding,SPESP1
ENSG00000258487,lncRNA,LINC02277
ENSG00000258498,lncRNA,DIO3OS
ENSG00000258517,lncRNA,AC004817.1
ENSG00000258520,lncRNA,AL359317.1
ENSG00000258525,lncRNA,AL049830.3
ENSG00000258526,lncRNA,AL049828.1
ENSG00000258537,lncRNA,FRMD6-AS2
ENSG00000258545,lncRNA,RHOXF1-AS1
ENSG00000258551,lncRNA,AC104035.1
ENSG00000258553,lncRNA,AL157911.1
ENSG00000258558,lncRNA,AL121852.1
ENSG00000258560,lncRNA,AL157912.1
ENSG00000258561,lncRNA,AL359232.1
ENSG00000258569,lncRNA,AC007376.2
ENSG00000258580,lncRNA,AL136298.1
ENSG00000258583,lncRNA,LINC01500
ENSG00000258603,lncRNA,AC005225.2
ENSG00000258631,lncRNA,AC110023.1
ENSG00000258636,lncRNA,AL121821.2
ENSG00000258637,lncRNA,AC008056.1
ENSG00000258643,protein_coding,BCL2L2-PABPN1
ENSG00000258646,lncRNA,AL049780.1
ENSG00000258655,lncRNA,ARHGAP5-AS1
ENSG00000258658,lncRNA,AL139021.2
ENSG00000258663,lncRNA,AL117190.2
ENSG00000258666,lncRNA,AL157871.4
ENSG00000258667,lncRNA,HIF1A-AS3
ENSG00000258677,protein_coding,AC022826.2
ENSG00000258695,lncRNA,AC005225.3
ENSG00000258698,lncRNA,AL139317.1
ENSG00000258700,lncRNA,LINC00871
ENSG00000258702,lncRNA,AL137786.1
ENSG00000258710,lncRNA,LINC01193
ENSG00000258725,lncRNA,PRC1-AS1
ENSG00000258727,lncRNA,AL135999.1
ENSG00000258731,lncRNA,AL356020.1
ENSG00000258733,lncRNA,LINC02328
ENSG00000258740,lncRNA,AL691403.1
ENSG00000258743,lncRNA,LINC02301
ENSG00000258751,lncRNA,AL358335.2
ENSG00000258754,lncRNA,LINC01579
ENSG00000258757,lncRNA,AL133453.1
ENSG00000258760,lncRNA,AL355076.2
ENSG00000258766,lncRNA,DIO2-AS1
ENSG00000258773,lncRNA,AC087636.1
ENSG00000258776,lncRNA,AL161757.4
ENSG00000258777,lncRNA,HIF1A-AS1
ENSG00000258779,lncRNA,LINC01568
ENSG00000258784,lncRNA,AL355773.1
ENSG00000258785,lncRNA,LINC01580
ENSG00000258807,lncRNA,AL359237.1
ENSG00000258824,lncRNA,AL122035.1
ENSG00000258839,protein_coding,MC1R
ENSG00000258844,lncRNA,AL162511.1
ENSG00000258847,lncRNA,AL391261.2
ENSG00000258850,lncRNA,AL450442.1
ENSG00000258851,lncRNA,AL139300.2
ENSG00000258859,lncRNA,LINC02296
ENSG00000258864,protein_coding,AC008575.1
ENSG00000258871,lncRNA,AC004828.1
ENSG00000258881,protein_coding,AC007040.2
ENSG00000258890,protein_coding,CEP95
ENSG00000258891,lncRNA,AC005480.1
ENSG00000258902,lncRNA,AL049775.2
ENSG00000258903,lncRNA,AL390816.2
ENSG00000258912,lncRNA,LINC02316
ENSG00000258913,lncRNA,LINC02691
ENSG00000258921,lncRNA,AC009779.5
ENSG00000258938,lncRNA,AL162311.3
ENSG00000258947,protein_coding,TUBB3
ENSG00000258949,lncRNA,AL049870.3
ENSG00000258957,lncRNA,AL359317.2
ENSG00000258959,transcribed_unitary_pseudogene,AL118558.1
ENSG00000258969,lncRNA,LINC02307
ENSG00000258984,protein_coding,UBE2F-SCLY
ENSG00000258986,protein_coding,TMEM179
ENSG00000259001,lncRNA,AL355075.4
ENSG00000259035,lncRNA,AL355838.1
ENSG00000259048,lncRNA,AL392023.2
ENSG00000259065,lncRNA,AC005520.2
ENSG00000259066,protein_coding,AL110118.2
ENSG00000259070,lncRNA,LINC00639
ENSG00000259071,lncRNA,AL359397.2
ENSG00000259072,lncRNA,AL355835.1
ENSG00000259076,lncRNA,AL049869.2
ENSG00000259088,lncRNA,AL137779.2
ENSG00000259103,lncRNA,AF107885.2
ENSG00000259104,lncRNA,PTCSC3
ENSG00000259106,lncRNA,AC008056.2
ENSG00000259112,protein_coding,NDUFC2-KCTD14
ENSG00000259116,lncRNA,AL049869.3
ENSG00000259118,lncRNA,AL139022.1
ENSG00000259120,protein_coding,SMIM6
ENSG00000259124,lncRNA,AC008050.1
ENSG00000259129,lncRNA,LINC00648
ENSG00000259133,lncRNA,AL161757.5
ENSG00000259134,lncRNA,LINC00924
ENSG00000259138,lncRNA,AL049780.2
ENSG00000259146,lncRNA,AC005476.2
ENSG00000259153,lncRNA,AC004816.1
ENSG00000259168,lncRNA,AC104002.3
ENSG00000259172,lncRNA,AC023024.1
ENSG00000259175,lncRNA,AC108451.1
ENSG00000259199,lncRNA,AC022523.1
ENSG00000259200,lncRNA,AC068722.1
ENSG00000259201,lncRNA,AC090971.2
ENSG00000259215,lncRNA,AC027237.2
ENSG00000259221,lncRNA,AC023905.1
ENSG00000259225,lncRNA,LINC02345
ENSG00000259234,lncRNA,ANKRD34C-AS1
ENSG00000259235,lncRNA,AC066612.1
ENSG00000259240,lncRNA,MIR4713HG
ENSG00000259248,lncRNA,USP3-AS1
ENSG00000259255,lncRNA,AC073941.1
ENSG00000259287,lncRNA,AC010809.1
ENSG00000259291,lncRNA,ZNF710-AS1
ENSG00000259296,lncRNA,AC020892.2
ENSG00000259319,lncRNA,AF111167.2
ENSG00000259327,lncRNA,AC023906.3
ENSG00000259330,protein_coding,INAFM2
ENSG00000259336,lncRNA,AC021231.1
ENSG00000259343,lncRNA,TMC3-AS1
ENSG00000259345,lncRNA,AC013652.1
ENSG00000259347,lncRNA,AC087482.1
ENSG00000259349,lncRNA,AC011921.1
ENSG00000259354,lncRNA,AC025580.2
ENSG00000259363,lncRNA,AC090825.1
ENSG00000259367,lncRNA,AC087286.2
ENSG00000259376,lncRNA,AC090907.1
ENSG00000259380,lncRNA,AC087473.1
ENSG00000259383,lncRNA,AC012414.3
ENSG00000259403,lncRNA,AC020704.1
ENSG00000259417,protein_coding,CTXND1
ENSG00000259426,lncRNA,AC027237.3
ENSG00000259434,lncRNA,AC068875.1
ENSG00000259437,lncRNA,AC093334.1
ENSG00000259439,lncRNA,LINC01833
ENSG00000259442,lncRNA,AC105339.3
ENSG00000259446,lncRNA,AC055874.1
ENSG00000259448,lncRNA,LINC02352
ENSG00000259456,lncRNA,ADNP-AS1
ENSG00000259458,lncRNA,AC100839.1
ENSG00000259460,lncRNA,AC078909.1
ENSG00000259462,lncRNA,CPEB1-AS1
ENSG00000259463,lncRNA,AC020661.2
ENSG00000259475,lncRNA,AC036108.1
ENSG00000259481,lncRNA,AC012404.1
ENSG00000259485,lncRNA,LINC02253
ENSG00000259488,lncRNA,AC023355.1
ENSG00000259494,protein_coding,MRPL46
ENSG00000259495,lncRNA,AC016705.2
ENSG00000259511,protein_coding,UBE2Q2L
ENSG00000259515,lncRNA,AL117209.1
ENSG00000259519,lncRNA,AC051619.4
ENSG00000259520,lncRNA,AC051619.5
ENSG00000259521,lncRNA,INO80-AS1
ENSG00000259536,lncRNA,AC091045.1
ENSG00000259539,lncRNA,AC051619.6
ENSG00000259543,lncRNA,AC060809.1
ENSG00000259560,lncRNA,AC020687.1
ENSG00000259577,lncRNA,CERNA1
ENSG00000259579,lncRNA,AC087762.1
ENSG00000259583,lncRNA,AC015712.2
ENSG00000259589,lncRNA,AC073167.1
ENSG00000259595,lncRNA,AC025043.1
ENSG00000259616,lncRNA,AC104574.2
ENSG00000259617,lncRNA,AC020661.3
ENSG00000259620,lncRNA,AC016987.1
ENSG00000259635,lncRNA,AC100830.1
ENSG00000259639,lncRNA,AC021351.1
ENSG00000259647,lncRNA,AC111152.2
ENSG00000259664,lncRNA,LINC02254
ENSG00000259672,lncRNA,AC087612.1
ENSG00000259673,lncRNA,IQCH-AS1
ENSG00000259675,lncRNA,AC018618.1
ENSG00000259678,lncRNA,AC066613.2
ENSG00000259685,lncRNA,IDH2-DT
ENSG00000259692,lncRNA,AC104041.1
ENSG00000259709,lncRNA,AC023906.4
ENSG00000259712,lncRNA,AC023906.5
ENSG00000259715,lncRNA,AC022087.1
ENSG00000259723,lncRNA,AL354993.2
ENSG00000259736,lncRNA,CRTC3-AS1
ENSG00000259754,lncRNA,AC092078.2
ENSG00000259755,lncRNA,AC090907.2
ENSG00000259768,lncRNA,AC004943.2
ENSG00000259775,lncRNA,AL138976.2
ENSG00000259805,lncRNA,AC022558.2
ENSG00000259821,lncRNA,AC018845.1
ENSG00000259834,lncRNA,AL365361.1
ENSG00000259846,lncRNA,AC092131.1
ENSG00000259865,lncRNA,AL390728.6
ENSG00000259867,lncRNA,AC105411.1
ENSG00000259877,lncRNA,AC009113.1
ENSG00000259891,lncRNA,AC107375.1
ENSG00000259899,lncRNA,AC010333.2
ENSG00000259905,lncRNA,PWRN1
ENSG00000259929,lncRNA,AC010601.1
ENSG00000259941,lncRNA,AC084782.1
ENSG00000259943,lncRNA,AL050341.2
ENSG00000259946,lncRNA,BX005019.1
ENSG00000259954,lncRNA,IL21R-AS1
ENSG00000259959,lncRNA,AC107068.1
ENSG00000259964,lncRNA,THSD4-AS1
ENSG00000259972,lncRNA,AC009120.2
ENSG00000259976,lncRNA,AC093010.3
ENSG00000259986,lncRNA,AC103876.1
ENSG00000259995,lncRNA,AC106729.1
ENSG00000260000,lncRNA,AL133338.1
ENSG00000260001,protein_coding,TGFBR3L
ENSG00000260011,lncRNA,AC132938.1
ENSG00000260018,lncRNA,AC040169.1
ENSG00000260025,lncRNA,CRIM1-DT
ENSG00000260032,lncRNA,NORAD
ENSG00000260041,lncRNA,AC007495.1
ENSG00000260042,lncRNA,AC025810.1
ENSG00000260071,lncRNA,AC012178.1
ENSG00000260077,lncRNA,AC104794.3
ENSG00000260081,transcribed_processed_pseudogene,AF274858.1
ENSG00000260083,lncRNA,MIR762HG
ENSG00000260084,lncRNA,AC126773.3
ENSG00000260086,lncRNA,AC007611.1
ENSG00000260088,lncRNA,DDX59-AS1
ENSG00000260092,protein_coding,AC009163.3
ENSG00000260093,lncRNA,AC034111.1
ENSG00000260115,lncRNA,AC012174.1
ENSG00000260118,lncRNA,AL157700.1
ENSG00000260141,lncRNA,AC145350.2
ENSG00000260163,lncRNA,AC012508.1
ENSG00000260167,lncRNA,AC093249.2
ENSG00000260170,protein_coding,AC090527.2
ENSG00000260173,lncRNA,AC020779.2
ENSG00000260177,lncRNA,AC126696.1
ENSG00000260185,lncRNA,AC009097.1
ENSG00000260192,lncRNA,LINC02240
ENSG00000260196,lncRNA,AC124798.1
ENSG00000260209,lncRNA,AP000842.3
ENSG00000260228,lncRNA,AC009119.1
ENSG00000260230,protein_coding,FRRS1L
ENSG00000260231,lncRNA,KDM7A-DT
ENSG00000260232,lncRNA,PWRN4
ENSG00000260236,lncRNA,AC099778.1
ENSG00000260257,lncRNA,AL035071.1
ENSG00000260260,lncRNA,SNHG19
ENSG00000260305,lncRNA,NTRK3-AS1
ENSG00000260328,lncRNA,AC104024.2
ENSG00000260329,lncRNA,AC007541.1
ENSG00000260340,lncRNA,LINC02176
ENSG00000260349,lncRNA,AC087190.1
ENSG00000260364,lncRNA,AC009055.1
ENSG00000260371,protein_coding,AC026464.3
ENSG00000260372,lncRNA,AQP4-AS1
ENSG00000260378,lncRNA,AC109597.1
ENSG00000260404,transcribed_unprocessed_pseudogene,AC110079.1
ENSG00000260409,lncRNA,AC012414.5
ENSG00000260418,lncRNA,AL023284.4
ENSG00000260448,lncRNA,LCMT1-AS1
ENSG00000260455,lncRNA,NBAT1
ENSG00000260456,protein_coding,C16orf95
ENSG00000260460,lncRNA,AL365181.1
ENSG00000260473,lncRNA,AC068987.2
ENSG00000260495,lncRNA,AC009148.1
ENSG00000260507,lncRNA,AC133919.1
ENSG00000260517,lncRNA,AC009093.2
ENSG00000260526,lncRNA,AC109347.1
ENSG00000260536,lncRNA,AL035071.2
ENSG00000260537,protein_coding,AC012184.2
ENSG00000260548,protein_coding,AL035425.2
ENSG00000260563,lncRNA,AC132872.1
ENSG00000260581,lncRNA,AC011374.1
ENSG00000260585,lncRNA,AL359851.1
ENSG00000260589,lncRNA,STAM-AS1
ENSG00000260618,lncRNA,AC025917.1
ENSG00000260621,lncRNA,AC092140.1
ENSG00000260626,lncRNA,AC136944.1
ENSG00000260630,lncRNA,SNAI3-AS1
ENSG00000260634,lncRNA,AC012508.2
ENSG00000260641,lncRNA,AC114811.2
ENSG00000260657,lncRNA,AC107871.2
ENSG00000260658,lncRNA,AC138305.1
ENSG00000260661,lncRNA,AC116903.2
ENSG00000260664,lncRNA,AC004158.1
ENSG00000260682,misc_RNA,RN7SKP176
ENSG00000260708,lncRNA,AL118516.1
ENSG00000260733,lncRNA,AC046158.1
ENSG00000260750,lncRNA,AC092720.1
ENSG00000260780,lncRNA,AC087463.1
ENSG00000260785,lncRNA,CASC17
ENSG00000260788,lncRNA,AC009063.2
ENSG00000260790,lncRNA,AC092338.2
ENSG00000260793,lncRNA,AC003102.1
ENSG00000260804,lncRNA,LINC01963
ENSG00000260832,lncRNA,AC125793.1
ENSG00000260838,lncRNA,AC022893.2
ENSG00000260848,lncRNA,AC092114.1
ENSG00000260851,protein_coding,AC010542.3
ENSG00000260853,lncRNA,AC109460.2
ENSG00000260855,lncRNA,AL591848.4
ENSG00000260867,lncRNA,AC009107.1
ENSG00000260876,lncRNA,LINC01229
ENSG00000260896,lncRNA,ARLNC1
ENSG00000260899,lncRNA,AC106886.2
ENSG00000260903,protein_coding,XKR7
ENSG00000260911,lncRNA,AC135050.3
ENSG00000260916,protein_coding,CCPG1
ENSG00000260923,lncRNA,LINC02193
ENSG00000260927,lncRNA,AC009107.2
ENSG00000260930,lncRNA,LINC01416
ENSG00000260942,lncRNA,CAPN10-DT
ENSG00000260976,lncRNA,LINC01633
ENSG00000260981,lncRNA,AC091932.1
ENSG00000260983,lncRNA,AC010528.1
ENSG00000260989,lncRNA,AL133297.2
ENSG00000260990,lncRNA,Z94057.1
ENSG00000260999,lncRNA,AC009137.1
ENSG00000261008,lncRNA,LINC01572
ENSG00000261028,lncRNA,AC012322.1
ENSG00000261033,lncRNA,AC005730.2
ENSG00000261037,lncRNA,AC010266.2
ENSG00000261052,protein_coding,SULT1A3
ENSG00000261058,lncRNA,AC099508.2
ENSG00000261063,lncRNA,AC009139.2
ENSG00000261064,lncRNA,LINC02256
ENSG00000261070,lncRNA,AP003071.2
ENSG00000261087,lncRNA,AP003469.4
ENSG00000261098,lncRNA,AP000766.1
ENSG00000261105,lncRNA,LMO7-AS1
ENSG00000261115,protein_coding,TMEM178B
ENSG00000261118,lncRNA,AC092123.1
ENSG00000261121,lncRNA,LINC02473
ENSG00000261124,lncRNA,AC135050.4
ENSG00000261130,protein_coding,AC140504.1
ENSG00000261140,lncRNA,AC093525.4
ENSG00000261141,lncRNA,AC092718.5
ENSG00000261170,lncRNA,AC009053.3
ENSG00000261172,lncRNA,AC133919.2
ENSG00000261188,lncRNA,Z95115.1
ENSG00000261191,lncRNA,AC013640.1
ENSG00000261193,lncRNA,AC134312.4
ENSG00000261195,lncRNA,AC027130.1
ENSG00000261216,lncRNA,AC007216.2
ENSG00000261220,lncRNA,AC103706.1
ENSG00000261221,protein_coding,ZNF865
ENSG00000261227,lncRNA,AC140912.1
ENSG00000261231,lncRNA,LINC02133
ENSG00000261235,lncRNA,AC092142.1
ENSG00000261248,lncRNA,AC009120.4
ENSG00000261251,lncRNA,Z97055.2
ENSG00000261273,lncRNA,AC138512.1
ENSG00000261302,lncRNA,AC106779.1
ENSG00000261313,lncRNA,AC105430.1
ENSG00000261318,lncRNA,AC055855.2
ENSG00000261325,lncRNA,LINC02192
ENSG00000261326,lncRNA,LINC01355
ENSG00000261329,lncRNA,AC016597.1
ENSG00000261340,lncRNA,LINC01616
ENSG00000261351,lncRNA,AC116913.1
ENSG00000261357,lncRNA,AC099518.2
ENSG00000261360,lncRNA,AC010491.1
ENSG00000261366,lncRNA,MANEA-DT
ENSG00000261367,lncRNA,AC012645.2
ENSG00000261369,lncRNA,AC007533.1
ENSG00000261373,lncRNA,VPS9D1-AS1
ENSG00000261386,lncRNA,AC027682.4
ENSG00000261402,lncRNA,AL591222.1
ENSG00000261404,lncRNA,AC138627.1
ENSG00000261416,lncRNA,AC012645.3
ENSG00000261420,lncRNA,AL022069.1
ENSG00000261423,lncRNA,TMEM202-AS1
ENSG00000261427,lncRNA,AC099518.3
ENSG00000261436,lncRNA,AC009081.2
ENSG00000261448,lncRNA,AC109446.3
ENSG00000261455,lncRNA,LINC01003
ENSG00000261460,lncRNA,AC009690.2
ENSG00000261472,lncRNA,AC084064.1
ENSG00000261474,lncRNA,AC026471.4
ENSG00000261517,lncRNA,LINC00558
ENSG00000261520,lncRNA,DLGAP1-AS5
ENSG00000261526,lncRNA,AC012615.1
ENSG00000261542,lncRNA,AC011978.2
ENSG00000261543,lncRNA,AC010931.3
ENSG00000261570,lncRNA,AC073878.1
ENSG00000261584,lncRNA,AL513548.1
ENSG00000261600,lncRNA,AC233266.2
ENSG00000261609,protein_coding,GAN
ENSG00000261613,lncRNA,AC093525.6
ENSG00000261616,lncRNA,AC036108.3
ENSG00000261617,lncRNA,LINC02177
ENSG00000261632,lncRNA,AC022872.1
ENSG00000261652,protein_coding,C15orf65
ENSG00000261669,lncRNA,AC008731.1
ENSG00000261710,lncRNA,AC104417.2
ENSG00000261717,protein_coding,AC009163.5
ENSG00000261722,lncRNA,AC092376.1
ENSG00000261737,lncRNA,AL049597.2
ENSG00000261738,lncRNA,MIR3976HG
ENSG00000261740,protein_coding,BOLA2-SMG1P6
ENSG00000261742,lncRNA,LINC00922
ENSG00000261744,lncRNA,AC116552.1
ENSG00000261760,transcribed_unprocessed_pseudogene,AC140479.4
ENSG00000261766,lncRNA,AC133550.3
ENSG00000261775,lncRNA,AC012435.3
ENSG00000261786,lncRNA,AC006058.1
ENSG00000261787,protein_coding,TCF24
ENSG00000261807,lncRNA,LINC02141
ENSG00000261810,lncRNA,AC133565.1
ENSG00000261824,lncRNA,LINC00662
ENSG00000261840,lncRNA,AC093249.6
ENSG00000261848,lncRNA,AC090282.1
ENSG00000261873,protein_coding,SMIM36
ENSG00000261879,lncRNA,AC087500.1
ENSG00000261971,lncRNA,MMP25-AS1
ENSG00000262020,lncRNA,AC007014.1
ENSG00000262039,lncRNA,AC091180.5
ENSG00000262049,lncRNA,AC139530.1
ENSG00000262136,lncRNA,AC092115.3
ENSG00000262151,lncRNA,AC133065.1
ENSG00000262213,lncRNA,AC144836.1
ENSG00000262223,lncRNA,AC110285.1
ENSG00000262267,lncRNA,U95743.1
ENSG00000262304,protein_coding,AC027796.3
ENSG00000262454,lncRNA,MIR193BHG
ENSG00000262482,lncRNA,AC004034.1
ENSG00000262484,protein_coding,CCER2
ENSG00000262529,lncRNA,AC130650.1
ENSG00000262560,protein_coding,AC018512.1
ENSG00000262580,lncRNA,AC087741.1
ENSG00000262619,lncRNA,LINC00621
ENSG00000262633,protein_coding,AC005670.2
ENSG00000262668,lncRNA,AJ003147.2
ENSG00000262728,lncRNA,AC123768.3
ENSG00000262732,lncRNA,AC010401.1
ENSG00000262769,lncRNA,AC025627.1
ENSG00000262801,lncRNA,U91319.1
ENSG00000262810,lncRNA,AC090617.4
ENSG00000262823,lncRNA,AC127521.1
ENSG00000262837,lncRNA,AC027801.4
ENSG00000262877,lncRNA,AC110285.2
ENSG00000262967,lncRNA,AC005921.2
ENSG00000263002,protein_coding,ZNF234
ENSG00000263033,lncRNA,AC007220.1
ENSG00000263069,lncRNA,RNF213-AS1
ENSG00000263072,lncRNA,ZNF213-AS1
ENSG00000263089,lncRNA,AC007114.2
ENSG00000263146,lncRNA,LINC01896
ENSG00000263257,lncRNA,AC040173.1
ENSG00000263264,protein_coding,AC119396.1
ENSG00000263272,lncRNA,AC004148.1
ENSG00000263293,lncRNA,AC068234.2
ENSG00000263300,lncRNA,AC015853.3
ENSG00000263307,lncRNA,AC007216.4
ENSG00000263317,lncRNA,LINC01982
ENSG00000263327,lncRNA,TAPT1-AS1
ENSG00000263331,lncRNA,AC008551.1
ENSG00000263400,lncRNA,TMEM220-AS1
ENSG00000263417,lncRNA,GTSCR1
ENSG00000263424,lncRNA,AC110597.3
ENSG00000263494,lncRNA,AC004702.1
ENSG00000263508,lncRNA,AC015908.2
ENSG00000263551,lncRNA,AP000829.1
ENSG00000263563,transcribed_unprocessed_pseudogene,UBBP4
ENSG00000263603,lncRNA,AC127024.2
ENSG00000263644,lncRNA,AC005828.3
ENSG00000263655,lncRNA,AC090125.1
ENSG00000263657,lncRNA,AC023389.1
ENSG00000263708,lncRNA,AC005695.2
ENSG00000263709,lncRNA,AC024619.3
ENSG00000263711,lncRNA,AC079062.1
ENSG00000263724,lncRNA,DLGAP1-AS3
ENSG00000263745,lncRNA,AP005230.1
ENSG00000263753,lncRNA,LINC00667
ENSG00000263766,lncRNA,AC025682.1
ENSG00000263874,protein_coding,LINC00672
ENSG00000263878,lncRNA,DLGAP1-AS4
ENSG00000263923,lncRNA,AC019131.1
ENSG00000263958,lncRNA,AC091138.1
ENSG00000263990,lncRNA,AC004253.1
ENSG00000264000,lncRNA,AP005059.1
ENSG00000264015,lncRNA,AC124254.2
ENSG00000264031,lncRNA,ABHD15-AS1
ENSG00000264058,protein_coding,AC073508.2
ENSG00000264083,lncRNA,AC005899.1
ENSG00000264151,lncRNA,AC090403.1
ENSG00000264187,protein_coding,AC055811.2
ENSG00000264207,lncRNA,AC239868.1
ENSG00000264247,lncRNA,LINC00909
ENSG00000264278,lncRNA,ZNF236-DT
ENSG00000264324,protein_coding,AC006030.1
ENSG00000264345,lncRNA,LINC01894
ENSG00000264364,protein_coding,DYNLL2
ENSG00000264365,lncRNA,AC023983.1
ENSG00000264449,lncRNA,AP001021.1
ENSG00000264458,lncRNA,AC025211.1
ENSG00000264513,lncRNA,AC006270.1
ENSG00000264545,protein_coding,AL359922.1
ENSG00000264589,lncRNA,MAPT-AS1
ENSG00000264630,lncRNA,PRKCA-AS1
ENSG00000264666,lncRNA,AC020558.1
ENSG00000264668,protein_coding,AC138696.1
ENSG00000264672,lncRNA,SEPTIN4-AS1
ENSG00000264808,lncRNA,AC068025.1
ENSG00000264924,lncRNA,AC090772.1
ENSG00000264956,lncRNA,AC138761.1
ENSG00000264968,lncRNA,AC090844.2
ENSG00000265091,lncRNA,AP001496.2
ENSG00000265125,lncRNA,AC011824.2
ENSG00000265128,lncRNA,AC016866.2
ENSG00000265139,lncRNA,AC005899.3
ENSG00000265148,lncRNA,TSPOAP1-AS1
ENSG00000265204,lncRNA,AC090772.2
ENSG00000265218,lncRNA,AC103810.2
ENSG00000265287,lncRNA,AC005726.5
ENSG00000265313,lncRNA,LINC01476
ENSG00000265334,lncRNA,AC130324.2
ENSG00000265349,lncRNA,AC118755.2
ENSG00000265352,lncRNA,LINC01899
ENSG00000265393,lncRNA,AC084125.4
ENSG00000265394,lncRNA,AC104984.2
ENSG00000265399,lncRNA,AP005329.2
ENSG00000265484,lncRNA,AC091691.2
ENSG00000265485,lncRNA,LINC01915
ENSG00000265533,lncRNA,AC114689.3
ENSG00000265542,lncRNA,AC015845.2
ENSG00000265555,lncRNA,LINC01903
ENSG00000265643,lncRNA,AC119868.2
ENSG00000265666,lncRNA,RARA-AS1
ENSG00000265671,lncRNA,AP000894.3
ENSG00000265688,lncRNA,MAFG-DT
ENSG00000265702,lncRNA,AC005821.1
ENSG00000265728,lncRNA,AP001099.1
ENSG00000265737,lncRNA,AP006565.1
ENSG00000265739,lncRNA,AC104984.3
ENSG00000265751,lncRNA,AC015878.1
ENSG00000265758,lncRNA,LINC01900
ENSG00000265787,transcribed_unprocessed_pseudogene,CYP4F35P
ENSG00000265844,lncRNA,AC100863.1
ENSG00000265888,lncRNA,DSCAS
ENSG00000265907,lncRNA,AP000919.2
ENSG00000265943,lncRNA,AC090912.1
ENSG00000265962,lncRNA,GACAT2
ENSG00000265987,lncRNA,AC011933.4
ENSG00000266049,lncRNA,AP001011.1
ENSG00000266053,lncRNA,NDUFV2-AS1
ENSG00000266076,protein_coding,AC004805.1
ENSG00000266086,protein_coding,AC015813.2
ENSG00000266111,lncRNA,AC068025.2
ENSG00000266202,protein_coding,AC005697.1
ENSG00000266248,lncRNA,AC011474.2
ENSG00000266256,lncRNA,LINC00683
ENSG00000266258,lncRNA,LINC01909
ENSG00000266268,lncRNA,AP005203.1
ENSG00000266288,lncRNA,AP005671.1
ENSG00000266357,lncRNA,LINC02074
ENSG00000266368,lncRNA,AC005410.2
ENSG00000266385,lncRNA,AC005899.5
ENSG00000266402,lncRNA,SNHG25
ENSG00000266490,lncRNA,AC127024.5
ENSG00000266527,lncRNA,AC005697.2
ENSG00000266554,lncRNA,LINC01443
ENSG00000266573,lncRNA,AC018697.1
ENSG00000266578,lncRNA,AP001025.1
ENSG00000266599,lncRNA,AC079336.4
ENSG00000266602,lncRNA,AP005262.2
ENSG00000266667,lncRNA,AC005703.4
ENSG00000266677,lncRNA,AC087164.1
ENSG00000266696,lncRNA,AC044840.1
ENSG00000266714,protein_coding,MYO15B
ENSG00000266729,lncRNA,DSG1-AS1
ENSG00000266744,lncRNA,AC005304.3
ENSG00000266846,lncRNA,AP001021.3
ENSG00000266877,lncRNA,AC007923.4
ENSG00000266903,lncRNA,AC243964.3
ENSG00000266913,lncRNA,LINC01841
ENSG00000266916,lncRNA,ZNF793-AS1
ENSG00000266947,lncRNA,AC022916.1
ENSG00000266950,lncRNA,AC008752.1
ENSG00000266953,protein_coding,AC092073.1
ENSG00000266957,lncRNA,AC012254.1
ENSG00000266962,lncRNA,AC067852.2
ENSG00000266964,protein_coding,FXYD1
ENSG00000266977,lncRNA,AC006504.2
ENSG00000266978,lncRNA,AC011511.2
ENSG00000266983,lncRNA,AC011444.1
ENSG00000267001,protein_coding,AC006538.2
ENSG00000267002,lncRNA,AC060780.1
ENSG00000267011,lncRNA,AC011498.1
ENSG00000267022,protein_coding,AC067968.1
ENSG00000267028,lncRNA,TCF4-AS1
ENSG00000267034,lncRNA,AC010980.1
ENSG00000267039,lncRNA,AC016493.1
ENSG00000267041,protein_coding,ZNF850
ENSG00000267042,lncRNA,AC100793.2
ENSG00000267058,lncRNA,AC006213.2
ENSG00000267065,lncRNA,LINC02080
ENSG00000267070,lncRNA,AC026458.2
ENSG00000267080,lncRNA,ASB16-AS1
ENSG00000267082,lncRNA,AC011472.1
ENSG00000267097,lncRNA,SLC14A2-AS1
ENSG00000267098,lncRNA,AC113137.1
ENSG00000267100,lncRNA,ILF3-DT
ENSG00000267104,lncRNA,TBC1D3P1-DHX40P1
ENSG00000267106,lncRNA,ZNF561-AS1
ENSG00000267107,lncRNA,PCAT19
ENSG00000267109,lncRNA,AC011990.1
ENSG00000267121,lncRNA,AC008105.3
ENSG00000267127,protein_coding,AC090360.1
ENSG00000267131,lncRNA,AC005746.2
ENSG00000267134,lncRNA,LINC01924
ENSG00000267152,lncRNA,AC093227.1
ENSG00000267169,lncRNA,AC022098.1
ENSG00000267173,protein_coding,AC245748.1
ENSG00000267175,lncRNA,AC105094.2
ENSG00000267191,lncRNA,AC006213.3
ENSG00000267193,lncRNA,AC023421.2
ENSG00000267198,lncRNA,AC091132.4
ENSG00000267199,lncRNA,AP001029.2
ENSG00000267207,lncRNA,AC005884.1
ENSG00000267216,lncRNA,ZNF8-ERVK3-1
ENSG00000267219,lncRNA,AC010504.1
ENSG00000267243,lncRNA,AC005381.1
ENSG00000267251,lncRNA,AC139100.1
ENSG00000267254,lncRNA,ZNF790-AS1
ENSG00000267265,lncRNA,AC011476.3
ENSG00000267270,lncRNA,PARD6G-AS1
ENSG00000267275,lncRNA,AC020911.2
ENSG00000267284,lncRNA,AC022031.2
ENSG00000267291,lncRNA,AC008649.1
ENSG00000267299,lncRNA,AC011444.3
ENSG00000267302,lncRNA,RNFT1-DT
ENSG00000267313,lncRNA,AC021504.1
ENSG00000267318,protein_coding,AC005702.1
ENSG00000267321,lncRNA,SNHG30
ENSG00000267322,lncRNA,SNHG22
ENSG00000267337,lncRNA,LINC01478
ENSG00000267345,lncRNA,AC010632.1
ENSG00000267348,lncRNA,GEMIN7-AS1
ENSG00000267360,protein_coding,AC012309.1
ENSG00000267374,lncRNA,MIR924HG
ENSG00000267379,lncRNA,AC008569.1
ENSG00000267383,lncRNA,AC011447.3
ENSG00000267390,lncRNA,AC036176.1
ENSG00000267409,lncRNA,AC068473.4
ENSG00000267436,lncRNA,AC005786.3
ENSG00000267475,lncRNA,AC008736.1
ENSG00000267476,lncRNA,AC104365.1
ENSG00000267489,lncRNA,LINC01837
ENSG00000267506,lncRNA,AC021683.2
ENSG00000267522,lncRNA,LINC01864
ENSG00000267549,lncRNA,AC006116.8
ENSG00000267552,protein_coding,AC093227.2
ENSG00000267571,lncRNA,AC104532.2
ENSG00000267575,lncRNA,AC006504.5
ENSG00000267581,lncRNA,AC011477.4
ENSG00000267586,lncRNA,LINC00907
ENSG00000267605,lncRNA,AC016590.1
ENSG00000267618,protein_coding,AC004223.3
ENSG00000267640,transcribed_unprocessed_pseudogene,AC016582.3
ENSG00000267653,lncRNA,AC002546.1
ENSG00000267659,lncRNA,LINC01482
ENSG00000267662,lncRNA,AC025809.1
ENSG00000267665,lncRNA,AC021683.3
ENSG00000267680,protein_coding,ZNF224
ENSG00000267698,lncRNA,AC002116.2
ENSG00000267707,lncRNA,AC015961.2
ENSG00000267710,protein_coding,EDDM13
ENSG00000267723,lncRNA,AC011509.2
ENSG00000267748,protein_coding,AC011479.1
ENSG00000267750,lncRNA,RUNDC3A-AS1
ENSG00000267761,lncRNA,MIR4527HG
ENSG00000267765,lncRNA,AC100793.3
ENSG00000267780,lncRNA,AC021594.2
ENSG00000267786,lncRNA,AF038458.3
ENSG00000267811,lncRNA,AP001160.2
ENSG00000267858,lncRNA,MZF1-AS1
ENSG00000267868,lncRNA,AL356740.1
ENSG00000267871,lncRNA,ZNF460-AS1
ENSG00000267881,protein_coding,AC243967.1
ENSG00000267890,lncRNA,AC010624.2
ENSG00000267922,lncRNA,AC007785.1
ENSG00000267924,lncRNA,AC139769.2
ENSG00000267939,lncRNA,AC008946.1
ENSG00000267940,lncRNA,AC022762.2
ENSG00000268006,lncRNA,PTOV1-AS1
ENSG00000268015,lncRNA,AC010320.2
ENSG00000268055,lncRNA,AC067969.1
ENSG00000268056,lncRNA,AC020913.1
ENSG00000268061,lncRNA,NAPA-AS1
ENSG00000268081,lncRNA,AC123912.1
ENSG00000268093,lncRNA,AC022154.1
ENSG00000268095,lncRNA,ZNF649-AS1
ENSG00000268107,protein_coding,AC003005.1
ENSG00000268112,lncRNA,AC008761.1
ENSG00000268129,lncRNA,AC026304.1
ENSG00000268163,protein_coding,AC004076.1
ENSG00000268182,protein_coding,SMIM17
ENSG00000268205,lncRNA,AC005261.1
ENSG00000268289,lncRNA,AC020908.1
ENSG00000268364,lncRNA,SMC5-AS1
ENSG00000268401,lncRNA,AC007785.3
ENSG00000268412,processed_pseudogene,TRMT112P6
ENSG00000268458,lncRNA,AC011468.3
ENSG00000268516,lncRNA,AC020915.2
ENSG00000268518,lncRNA,AC020909.2
ENSG00000268533,protein_coding,AC003002.2
ENSG00000268592,lncRNA,AL355312.3
ENSG00000268621,lncRNA,IGFL2-AS1
ENSG00000268654,lncRNA,MIMT1
ENSG00000268673,lncRNA,AC004597.1
ENSG00000268713,lncRNA,AC005261.3
ENSG00000268744,lncRNA,AC008758.4
ENSG00000268797,protein_coding,AC008537.1
ENSG00000268833,lncRNA,AC243967.2
ENSG00000268870,protein_coding,AC008758.5
ENSG00000268895,lncRNA,A1BG-AS1
ENSG00000268945,lncRNA,AC010422.2
ENSG00000268981,lncRNA,AC024563.1
ENSG00000269026,protein_coding,AC003006.1
ENSG00000269028,protein_coding,MTRNR2L12
ENSG00000269038,lncRNA,AP001462.1
ENSG00000269054,lncRNA,AC012313.6
ENSG00000269102,lncRNA,AC010320.3
ENSG00000269103,misc_RNA,Metazoa_SRP
ENSG00000269107,lncRNA,AC092329.1
ENSG00000269110,lncRNA,AC010636.2
ENSG00000269124,lncRNA,AC007193.2
ENSG00000269145,lncRNA,AC007192.2
ENSG00000269172,lncRNA,AC011443.1
ENSG00000269190,protein_coding,FBXO17
ENSG00000269235,lncRNA,ZNF350-AS1
ENSG00000269237,protein_coding,AC010615.4
ENSG00000269293,lncRNA,ZSCAN16-AS1
ENSG00000269386,lncRNA,RAB11B-AS1
ENSG00000269427,lncRNA,AC024075.3
ENSG00000269439,lncRNA,AC010618.3
ENSG00000269476,protein_coding,AC010326.2
ENSG00000269481,lncRNA,AC010319.4
ENSG00000269534,lncRNA,AC011466.3
ENSG00000269535,lncRNA,AC010320.4
ENSG00000269621,lncRNA,AL589765.7
ENSG00000269656,lncRNA,NOP53-AS1
ENSG00000269693,protein_coding,AC010422.6
ENSG00000269696,lncRNA,AC005498.3
ENSG00000269699,protein_coding,ZIM2
ENSG00000269729,lncRNA,AC006262.2
ENSG00000269755,protein_coding,AC008758.6
ENSG00000269793,lncRNA,ZIM2-AS1
ENSG00000269806,lncRNA,BICRA-AS1
ENSG00000269807,lncRNA,AC007292.3
ENSG00000269821,lncRNA,KCNQ1OT1
ENSG00000269843,lncRNA,AC008537.2
ENSG00000269893,lncRNA,SNHG8
ENSG00000269927,lncRNA,AC004817.3
ENSG00000269930,lncRNA,AC091057.3
ENSG00000269935,lncRNA,AC092720.2
ENSG00000269939,lncRNA,PCF11-AS1
ENSG00000269956,lncRNA,MKNK1-AS1
ENSG00000269957,lncRNA,AL353811.1
ENSG00000269964,protein_coding,MEI4
ENSG00000269967,lncRNA,AL136115.2
ENSG00000269968,lncRNA,AC006064.4
ENSG00000269973,lncRNA,AC010969.2
ENSG00000269983,lncRNA,AC146944.4
ENSG00000270050,lncRNA,AL035427.1
ENSG00000270069,lncRNA,MIR222HG
ENSG00000270071,lncRNA,AP001172.1
ENSG00000270074,lncRNA,AC087203.3
ENSG00000270087,lncRNA,AC010997.3
ENSG00000270091,lncRNA,AC015726.1
ENSG00000270099,protein_coding,AL365273.2
ENSG00000270106,protein_coding,TSNAX-DISC1
ENSG00000270111,lncRNA,CELF2-DT
ENSG00000270127,lncRNA,AC027020.2
ENSG00000270149,protein_coding,AL591806.4
ENSG00000270164,lncRNA,LINC01480
ENSG00000270170,protein_coding,NCBP2AS2
ENSG00000270174,lncRNA,AL022097.1
ENSG00000270181,protein_coding,BIVM-ERCC5
ENSG00000270249,protein_coding,AC093668.1
ENSG00000270316,protein_coding,BORCS7-ASMT
ENSG00000270321,lncRNA,AC007953.2
ENSG00000270344,lncRNA,POC1B-AS1
ENSG00000270362,lncRNA,HMGN3-AS1
ENSG00000270419,lncRNA,CAHM
ENSG00000270562,lncRNA,AC097634.1
ENSG00000270571,lncRNA,AC007681.1
ENSG00000270604,lncRNA,HCG17
ENSG00000270607,lncRNA,AC009549.1
ENSG00000270725,lncRNA,AL356580.1
ENSG00000270757,protein_coding,HSPE1-MOB4
ENSG00000270792,lncRNA,AL050403.2
ENSG00000270820,lncRNA,AC016727.1
ENSG00000270953,lncRNA,AC007938.3
ENSG00000271092,protein_coding,TLCD4-RWDD3
ENSG00000271122,lncRNA,AC018647.2
ENSG00000271200,lncRNA,AC099791.2
ENSG00000271204,lncRNA,AC016831.5
ENSG00000271218,lncRNA,AL033384.2
ENSG00000271270,lncRNA,TMCC1-AS1
ENSG00000271335,lncRNA,AL117336.2
ENSG00000271344,lncRNA,AC018638.6
ENSG00000271474,lncRNA,AC106881.1
ENSG00000271538,lncRNA,LINC02427
ENSG00000271554,lncRNA,AL138787.2
ENSG00000271576,lncRNA,AL359504.2
ENSG00000271614,lncRNA,ATP2B1-AS1
ENSG00000271717,lncRNA,AC022146.2
ENSG00000271723,protein_coding,MROH7-TTC4
ENSG00000271727,lncRNA,AL357054.2
ENSG00000271730,lncRNA,AL390208.1
ENSG00000271737,lncRNA,AC008608.2
ENSG00000271755,lncRNA,AL031118.1
ENSG00000271774,lncRNA,AL109930.1
ENSG00000271780,lncRNA,AL118558.3
ENSG00000271793,protein_coding,AL589666.1
ENSG00000271806,lncRNA,AL590822.2
ENSG00000271824,protein_coding,SMIM32
ENSG00000271826,lncRNA,PLS3-AS1
ENSG00000271848,lncRNA,AC073389.2
ENSG00000271849,lncRNA,AC012603.1
ENSG00000271850,lncRNA,LINC02343
ENSG00000271855,lncRNA,AC073195.1
ENSG00000271857,lncRNA,AL096865.1
ENSG00000271858,lncRNA,CYB561D2
ENSG00000271860,lncRNA,AL589740.1
ENSG00000271869,lncRNA,AC026979.2
ENSG00000271870,lncRNA,AC024060.2
ENSG00000271892,lncRNA,AC026790.1
ENSG00000271893,lncRNA,AC064834.1
ENSG00000271895,lncRNA,AL109811.2
ENSG00000271904,lncRNA,AC091826.2
ENSG00000271911,lncRNA,AL357054.3
ENSG00000271913,lncRNA,AL035530.2
ENSG00000271918,lncRNA,AC034236.2
ENSG00000271947,lncRNA,AC017076.1
ENSG00000271949,protein_coding,AC093423.3
ENSG00000271955,lncRNA,AC007100.1
ENSG00000271976,lncRNA,AC012467.2
ENSG00000271978,lncRNA,AL359643.2
ENSG00000271993,lncRNA,AC126118.1
ENSG00000272009,lncRNA,AL121944.1
ENSG00000272010,lncRNA,AC100814.1
ENSG00000272047,protein_coding,GTF2H5
ENSG00000272056,lncRNA,AC013472.3
ENSG00000272077,lncRNA,AC124045.1
ENSG00000272097,lncRNA,AL024498.1
ENSG00000272106,lncRNA,AL691432.2
ENSG00000272108,lncRNA,AC244517.1
ENSG00000272112,lncRNA,AC011374.2
ENSG00000272121,lncRNA,AC006058.3
ENSG00000272123,lncRNA,AC008966.2
ENSG00000272140,lncRNA,AC022400.4
ENSG00000272157,lncRNA,AC107373.2
ENSG00000272163,lncRNA,AF106564.1
ENSG00000272168,lncRNA,CASC15
ENSG00000272180,lncRNA,AC011306.1
ENSG00000272182,lncRNA,AC135507.1
ENSG00000272189,lncRNA,AL024508.2
ENSG00000272211,lncRNA,AC114760.2
ENSG00000272243,lncRNA,AL356277.3
ENSG00000272273,lncRNA,IER3-AS1
ENSG00000272288,lncRNA,AL451165.2
ENSG00000272297,protein_coding,AC018709.1
ENSG00000272305,protein_coding,AC096887.1
ENSG00000272316,lncRNA,AL021368.2
ENSG00000272321,lncRNA,AP003355.2
ENSG00000272325,protein_coding,NUDT3
ENSG00000272333,protein_coding,KMT2B
ENSG00000272335,lncRNA,AC093297.2
ENSG00000272341,lncRNA,AL137003.2
ENSG00000272343,lncRNA,AC107952.2
ENSG00000272361,lncRNA,AC005014.2
ENSG00000272369,lncRNA,AC008035.1
ENSG00000272375,lncRNA,AC026979.3
ENSG00000272381,lncRNA,LINC02664
ENSG00000272405,lncRNA,AL365181.3
ENSG00000272442,protein_coding,AL353588.1
ENSG00000272447,lncRNA,AL135925.1
ENSG00000272449,lncRNA,AL139246.5
ENSG00000272459,lncRNA,AC139795.3
ENSG00000272462,lncRNA,U91328.1
ENSG00000272479,lncRNA,AC010857.1
ENSG00000272501,lncRNA,AL662844.4
ENSG00000272505,lncRNA,AC104964.4
ENSG00000272523,lncRNA,LINC01023
ENSG00000272525,lncRNA,AC099522.2
ENSG00000272541,lncRNA,AL021368.3
ENSG00000272551,lncRNA,AC017048.3
ENSG00000272564,lncRNA,AC012511.1
ENSG00000272568,lncRNA,AC005162.3
ENSG00000272572,lncRNA,AL138762.1
ENSG00000272593,lncRNA,AL359091.3
ENSG00000272597,lncRNA,AC063944.3
ENSG00000272619,lncRNA,AC093673.2
ENSG00000272620,lncRNA,AFAP1-AS1
ENSG00000272622,lncRNA,AC010735.2
ENSG00000272630,lncRNA,AL731563.3
ENSG00000272642,lncRNA,AP003121.1
ENSG00000272645,transcribed_unprocessed_pseudogene,GTF2IP20
ENSG00000272661,lncRNA,AC021097.1
ENSG00000272663,lncRNA,AC093635.1
ENSG00000272677,lncRNA,AC124016.1
ENSG00000272686,lncRNA,AC006333.2
ENSG00000272690,lncRNA,LINC02018
ENSG00000272710,transcribed_unprocessed_pseudogene,AC133041.1
ENSG00000272733,lncRNA,AP000345.2
ENSG00000272741,protein_coding,AC069257.3
ENSG00000272744,lncRNA,AC107214.2
ENSG00000272754,lncRNA,AL133245.1
ENSG00000272758,lncRNA,AC083798.2
ENSG00000272769,lncRNA,AC097532.2
ENSG00000272772,protein_coding,AC104109.3
ENSG00000272777,lncRNA,AC019131.2
ENSG00000272807,lncRNA,AC007038.2
ENSG00000272821,lncRNA,U62317.2
ENSG00000272822,protein_coding,AC073610.2
ENSG00000272831,lncRNA,AC027644.3
ENSG00000272840,lncRNA,AC092902.2
ENSG00000272843,lncRNA,AC211476.2
ENSG00000272853,lncRNA,AC069544.1
ENSG00000272854,lncRNA,AC004839.2
ENSG00000272865,lncRNA,AL591686.2
ENSG00000272870,lncRNA,AC097534.2
ENSG00000272871,lncRNA,AL159169.2
ENSG00000272894,lncRNA,AC004982.2
ENSG00000272918,lncRNA,AC005070.3
ENSG00000272921,protein_coding,AC005832.4
ENSG00000272944,lncRNA,AC079834.2
ENSG00000272953,lncRNA,AC092171.4
ENSG00000272968,protein_coding,RBAK-RBAKDN
ENSG00000272971,lncRNA,AL365181.4
ENSG00000272973,lncRNA,AP000350.5
ENSG00000272975,lncRNA,MYHAS
ENSG00000272989,lncRNA,LINC02012
ENSG00000272990,lncRNA,AC084036.1
ENSG00000272994,lncRNA,AC012360.3
ENSG00000273001,lncRNA,AL731533.2
ENSG00000273015,lncRNA,AC008124.1
ENSG00000273025,protein_coding,AC009690.3
ENSG00000273033,lncRNA,LINC02035
ENSG00000273064,lncRNA,AC017083.1
ENSG00000273079,protein_coding,GRIN2B
ENSG00000273088,protein_coding,AL713999.1
ENSG00000273108,lncRNA,AL121929.2
ENSG00000273125,lncRNA,LINC01990
ENSG00000273143,lncRNA,AL355512.1
ENSG00000273148,lncRNA,LINC00653
ENSG00000273156,lncRNA,AC124016.2
ENSG00000273230,lncRNA,AC102953.2
ENSG00000273238,protein_coding,TMEM271
ENSG00000273244,lncRNA,AC005301.1
ENSG00000273247,lncRNA,AC097376.3
ENSG00000273253,lncRNA,AL022328.4
ENSG00000273270,lncRNA,AC090114.2
ENSG00000273291,protein_coding,AC092042.3
ENSG00000273294,protein_coding,C1QTNF3-AMACR
ENSG00000273301,lncRNA,AC016717.2
ENSG00000273319,lncRNA,AC058791.1
ENSG00000273325,lncRNA,AL008723.2
ENSG00000273329,lncRNA,AC078846.1
ENSG00000273338,lncRNA,AC103591.3
ENSG00000273344,lncRNA,PAXIP1-AS1
ENSG00000273367,lncRNA,AL355472.3
ENSG00000273372,lncRNA,SFTPD-AS1
ENSG00000273373,lncRNA,AL355488.1
ENSG00000273382,lncRNA,AL356488.3
ENSG00000273388,lncRNA,AC005291.2
ENSG00000273396,lncRNA,LINC01396
ENSG00000273398,protein_coding,AC017083.3
ENSG00000273409,lncRNA,LINC02712
ENSG00000273416,lncRNA,AL732292.2
ENSG00000273437,lncRNA,AC108673.3
ENSG00000273448,lncRNA,AC006480.2
ENSG00000273456,lncRNA,AC064836.3
ENSG00000273472,lncRNA,AC096733.2
ENSG00000273487,lncRNA,AC104836.1
ENSG00000273492,lncRNA,AP000229.1
